Train_ID,Train_Number,Train_Name,Train_Type,Source_Station,Destination_Station,Distance_KM,Service_Frequency,Zone_Code,Start_Time,End_Time
1,12001,Mumbai Superfast Express,Superfast,CR01,CR06,287,Weekly,CR,17:39,10:25
2,12002,Kolkata Mail Express,Mail,CR04,ER01,2071,Bi-weekly,ER,01:41,04:05
3,12003,Hajipur Passenger Express,Passenger,CR07,ER04,1301,Daily,ECR,22:44,17:43
4,12004,Bhubaneswar Vande Bharat Express,Vande Bharat,ER02,ER07,1903,Weekly,ECoR,11:07,19:27
5,12005,New Delhi Express Express,Express,ER05,EC02,1240,Bi-weekly,NR,08:10,21:46
6,12006,Prayagraj Superfast Express,Superfast,ER08,EC05,1573,Daily,NCR,09:49,12:26
7,12007,Gorakhpur Mail Express,Mail,EC03,EC08,1125,Weekly,NER,05:05,12:53
8,12008,Guwahati Passenger Express,Passenger,EC06,EC03,228,Bi-weekly,NFR,19:49,06:37
9,12009,Jaipur Vande Bharat Express,Vande Bharat,EC01,EC06,463,Daily,NWR,17:42,08:04
10,12010,Secunderabad Express Express,Express,EC04,NR01,2332,Weekly,SCR,10:53,15:46
11,12011,Bilaspur Superfast Express,Superfast,EC07,NR04,1842,Bi-weekly,SECR,04:21,10:29
12,12012,Kolkata Mail Express,Mail,NR02,NR07,181,Daily,SER,12:09,17:40
13,12013,Hubballi Passenger Express,Passenger,NR05,NC02,2220,Weekly,SWR,17:21,22:24
14,12014,Chennai Vande Bharat Express,Vande Bharat,NR08,NC05,835,Bi-weekly,SR,20:22,01:28
15,12015,Jabalpur Express Express,Express,NC03,NC08,1925,Daily,WCR,04:27,02:41
16,12016,Mumbai Superfast Express,Superfast,NC06,NE03,1183,Weekly,WR,07:13,12:40
17,12017,Mumbai Mail Express,Mail,NE01,NE06,2261,Bi-weekly,CR,10:09,19:37
18,12018,Kolkata Passenger Express,Passenger,NE04,NF01,1704,Daily,ER,02:18,17:49
19,12019,Hajipur Vande Bharat Express,Vande Bharat,NE07,NF04,1089,Weekly,ECR,18:50,08:53
20,12020,Bhubaneswar Express Express,Express,NF02,NF07,748,Bi-weekly,ECoR,05:40,14:08
21,12021,New Delhi Superfast Express,Superfast,NF05,NW02,2011,Daily,NR,04:48,00:47
22,12022,Prayagraj Mail Express,Mail,NF08,NW05,1905,Weekly,NCR,17:39,10:42
23,12023,Gorakhpur Passenger Express,Passenger,NW03,NW08,722,Bi-weekly,NER,17:33,10:30
24,12024,Guwahati Vande Bharat Express,Vande Bharat,NW06,SC03,1399,Daily,NFR,00:08,05:06
25,12025,Jaipur Express Express,Express,SC01,SC06,1099,Weekly,NWR,15:39,10:51
26,12026,Secunderabad Superfast Express,Superfast,SC04,SE01,1391,Bi-weekly,SCR,01:45,13:38
27,12027,Bilaspur Mail Express,Mail,SC07,SE04,1391,Daily,SECR,12:05,12:47
28,12028,Kolkata Passenger Express,Passenger,SE02,SE07,785,Weekly,SER,13:01,07:26
29,12029,Hubballi Vande Bharat Express,Vande Bharat,SE05,SE02,2359,Bi-weekly,SWR,04:16,09:59
30,12030,Chennai Express Express,Express,SE08,SE05,2059,Daily,SR,00:14,18:03
31,12031,Jabalpur Superfast Express,Superfast,SE03,SE08,2065,Weekly,WCR,06:55,06:26
32,12032,Mumbai Mail Express,Mail,SE06,SW03,1615,Bi-weekly,WR,02:33,11:47
33,12033,Mumbai Passenger Express,Passenger,SW01,SW06,2390,Daily,CR,15:24,09:25
34,12034,Kolkata Vande Bharat Express,Vande Bharat,SW04,SR01,1968,Weekly,ER,07:10,07:01
35,12035,Hajipur Express Express,Express,SW07,SR04,326,Bi-weekly,ECR,02:46,16:41
36,12036,Bhubaneswar Superfast Express,Superfast,SR02,SR07,1151,Daily,ECoR,16:09,20:30
37,12037,New Delhi Mail Express,Mail,SR05,WC02,2256,Weekly,NR,03:29,16:29
38,12038,Prayagraj Passenger Express,Passenger,SR08,WC05,1115,Bi-weekly,NCR,03:22,05:18
39,12039,Gorakhpur Vande Bharat Express,Vande Bharat,WC03,WC08,1666,Daily,NER,14:36,08:57
40,12040,Guwahati Express Express,Express,WC06,WR03,283,Weekly,NFR,07:07,07:57
41,12041,Jaipur Superfast Express,Superfast,WR01,WR06,929,Bi-weekly,NWR,20:29,16:27
42,12042,Secunderabad Mail Express,Mail,WR04,CR01,696,Daily,SCR,17:58,06:46
43,12043,Bilaspur Passenger Express,Passenger,WR07,CR04,685,Weekly,SECR,16:47,10:44
44,12044,Kolkata Vande Bharat Express,Vande Bharat,CR02,CR07,711,Bi-weekly,SER,01:05,10:54
45,12045,Hubballi Express Express,Express,CR05,ER02,375,Daily,SWR,10:42,04:43
46,12046,Chennai Superfast Express,Superfast,CR08,ER05,789,Weekly,SR,18:34,12:10
47,12047,Jabalpur Mail Express,Mail,ER03,ER08,1154,Bi-weekly,WCR,19:01,17:29
48,12048,Mumbai Passenger Express,Passenger,ER06,EC03,1749,Daily,WR,15:25,07:37
49,12049,Mumbai Vande Bharat Express,Vande Bharat,EC01,EC06,405,Weekly,CR,13:05,14:37
50,12050,Kolkata Express Express,Express,EC04,EC01,275,Bi-weekly,ER,17:24,18:02
51,12051,Hajipur Superfast Express,Superfast,EC07,EC04,496,Daily,ECR,11:11,07:39
52,12052,Bhubaneswar Mail Express,Mail,EC02,EC07,415,Weekly,ECoR,15:06,04:35
53,12053,New Delhi Passenger Express,Passenger,EC05,NR02,1920,Bi-weekly,NR,03:17,21:59
54,12054,Prayagraj Vande Bharat Express,Vande Bharat,EC08,NR05,1428,Daily,NCR,10:20,14:35
55,12055,Gorakhpur Express Express,Express,NR03,NR08,763,Weekly,NER,00:09,22:25
56,12056,Guwahati Superfast Express,Superfast,NR06,NC03,1198,Bi-weekly,NFR,10:46,01:04
57,12057,Jaipur Mail Express,Mail,NC01,NC06,719,Daily,NWR,11:40,11:26
58,12058,Secunderabad Passenger Express,Passenger,NC04,NE01,2255,Weekly,SCR,03:34,12:28
59,12059,Bilaspur Vande Bharat Express,Vande Bharat,NC07,NE04,1953,Bi-weekly,SECR,06:57,07:32
60,12060,Kolkata Express Express,Express,NE02,NE07,1287,Daily,SER,19:26,06:01
61,12061,Hubballi Superfast Express,Superfast,NE05,NF02,923,Weekly,SWR,19:00,20:32
62,12062,Chennai Mail Express,Mail,NE08,NF05,405,Bi-weekly,SR,06:33,07:06
63,12063,Jabalpur Passenger Express,Passenger,NF03,NF08,1625,Daily,WCR,15:07,06:14
64,12064,Mumbai Vande Bharat Express,Vande Bharat,NF06,NW03,1609,Weekly,WR,16:43,21:46
65,12065,Mumbai Express Express,Express,NW01,NW06,823,Bi-weekly,CR,02:36,21:58
66,12066,Kolkata Superfast Express,Superfast,NW04,SC01,614,Daily,ER,05:02,03:33
67,12067,Hajipur Mail Express,Mail,NW07,SC04,1348,Weekly,ECR,08:18,19:27
68,12068,Bhubaneswar Passenger Express,Passenger,SC02,SC07,1955,Bi-weekly,ECoR,22:19,04:57
69,12069,New Delhi Vande Bharat Express,Vande Bharat,SC05,SE02,1552,Daily,NR,06:37,11:54
70,12070,Prayagraj Express Express,Express,SC08,SE05,673,Weekly,NCR,22:56,04:09
71,12071,Gorakhpur Superfast Express,Superfast,SE03,SE08,1316,Bi-weekly,NER,01:17,10:58
72,12072,Guwahati Mail Express,Mail,SE06,SE03,2382,Daily,NFR,03:53,02:44
73,12073,Jaipur Passenger Express,Passenger,SE01,SE06,2041,Weekly,NWR,20:13,20:06
74,12074,Secunderabad Vande Bharat Express,Vande Bharat,SE04,SW01,1283,Bi-weekly,SCR,10:18,00:46
75,12075,Bilaspur Express Express,Express,SE07,SW04,858,Daily,SECR,15:24,08:53
76,12076,Kolkata Superfast Express,Superfast,SW02,SW07,299,Weekly,SER,16:44,08:15
77,12077,Hubballi Mail Express,Mail,SW05,SR02,92,Bi-weekly,SWR,21:56,05:01
78,12078,Chennai Passenger Express,Passenger,SW08,SR05,364,Daily,SR,01:49,20:09
79,12079,Jabalpur Vande Bharat Express,Vande Bharat,SR03,SR08,1812,Weekly,WCR,04:22,13:43
80,12080,Mumbai Express Express,Express,SR06,WC03,2108,Bi-weekly,WR,01:11,06:18
81,12081,Mumbai Superfast Express,Superfast,WC01,WC06,2395,Daily,CR,17:19,22:29
82,12082,Kolkata Mail Express,Mail,WC04,WR01,1241,Weekly,ER,09:08,21:00
83,12083,Hajipur Passenger Express,Passenger,WC07,WR04,484,Bi-weekly,ECR,05:16,03:01
84,12084,Bhubaneswar Vande Bharat Express,Vande Bharat,WR02,WR07,1652,Daily,ECoR,22:07,06:30
85,12085,New Delhi Express Express,Express,WR05,CR02,2231,Weekly,NR,15:45,13:25
86,12086,Prayagraj Superfast Express,Superfast,WR08,CR05,543,Bi-weekly,NCR,19:48,00:42
87,12087,Gorakhpur Mail Express,Mail,CR03,CR08,275,Daily,NER,16:49,03:26
88,12088,Guwahati Passenger Express,Passenger,CR06,ER03,367,Weekly,NFR,13:55,01:23
89,12089,Jaipur Vande Bharat Express,Vande Bharat,ER01,ER06,2337,Bi-weekly,NWR,06:07,11:30
90,12090,Secunderabad Express Express,Express,ER04,EC01,1617,Daily,SCR,07:57,11:17
91,12091,Bilaspur Superfast Express,Superfast,ER07,EC04,2307,Weekly,SECR,21:29,00:35
92,12092,Kolkata Mail Express,Mail,EC02,EC07,1368,Bi-weekly,SER,03:38,19:06
93,12093,Hubballi Passenger Express,Passenger,EC05,EC02,1758,Daily,SWR,03:44,09:00
94,12094,Chennai Vande Bharat Express,Vande Bharat,EC08,EC05,2321,Weekly,SR,03:35,04:55
95,12095,Jabalpur Express Express,Express,EC03,EC08,1792,Bi-weekly,WCR,18:25,10:38
96,12096,Mumbai Superfast Express,Superfast,EC06,NR03,1900,Daily,WR,19:01,15:06
97,12097,Mumbai Mail Express,Mail,NR01,NR06,748,Weekly,CR,19:15,18:27
98,12098,Kolkata Passenger Express,Passenger,NR04,NC01,619,Bi-weekly,ER,07:31,17:36
99,12099,Hajipur Vande Bharat Express,Vande Bharat,NR07,NC04,2245,Daily,ECR,19:45,13:17
100,12100,Bhubaneswar Express Express,Express,NC02,NC07,1037,Weekly,ECoR,02:22,21:25
101,12101,New Delhi Superfast Express,Superfast,NC05,NE02,343,Bi-weekly,NR,14:57,19:16
102,12102,Prayagraj Mail Express,Mail,NC08,NE05,1133,Daily,NCR,12:14,06:14
103,12103,Gorakhpur Passenger Express,Passenger,NE03,NE08,2387,Weekly,NER,17:50,18:57
104,12104,Guwahati Vande Bharat Express,Vande Bharat,NE06,NF03,324,Bi-weekly,NFR,20:03,10:35
105,12105,Jaipur Express Express,Express,NF01,NF06,910,Daily,NWR,03:11,18:19
106,12106,Secunderabad Superfast Express,Superfast,NF04,NW01,799,Weekly,SCR,21:08,21:55
107,12107,Bilaspur Mail Express,Mail,NF07,NW04,1468,Bi-weekly,SECR,03:09,06:34
108,12108,Kolkata Passenger Express,Passenger,NW02,NW07,436,Daily,SER,10:06,12:01
109,12109,Hubballi Vande Bharat Express,Vande Bharat,NW05,SC02,1724,Weekly,SWR,01:11,04:49
110,12110,Chennai Express Express,Express,NW08,SC05,203,Bi-weekly,SR,09:35,11:40
111,12111,Jabalpur Superfast Express,Superfast,SC03,SC08,1943,Daily,WCR,09:49,07:59
112,12112,Mumbai Mail Express,Mail,SC06,SE03,1250,Weekly,WR,16:52,18:51
113,12113,Mumbai Passenger Express,Passenger,SE01,SE06,1324,Bi-weekly,CR,00:29,04:53
114,12114,Kolkata Vande Bharat Express,Vande Bharat,SE04,SE01,629,Daily,ER,05:14,14:34
115,12115,Hajipur Express Express,Express,SE07,SE04,2281,Weekly,ECR,09:16,01:00
116,12116,Bhubaneswar Superfast Express,Superfast,SE02,SE07,946,Bi-weekly,ECoR,21:31,20:06
117,12117,New Delhi Mail Express,Mail,SE05,SW02,296,Daily,NR,19:06,01:24
118,12118,Prayagraj Passenger Express,Passenger,SE08,SW05,2225,Weekly,NCR,15:05,19:50
119,12119,Gorakhpur Vande Bharat Express,Vande Bharat,SW03,SW08,1937,Bi-weekly,NER,20:14,22:19
120,12120,Guwahati Express Express,Express,SW06,SR03,1940,Daily,NFR,13:46,14:38
121,12121,Jaipur Superfast Express,Superfast,SR01,SR06,1509,Weekly,NWR,17:44,03:49
122,12122,Secunderabad Mail Express,Mail,SR04,WC01,1323,Bi-weekly,SCR,07:30,22:51
123,12123,Bilaspur Passenger Express,Passenger,SR07,WC04,2014,Daily,SECR,10:47,08:41
124,12124,Kolkata Vande Bharat Express,Vande Bharat,WC02,WC07,1563,Weekly,SER,05:15,01:08
125,12125,Hubballi Express Express,Express,WC05,WR02,1085,Bi-weekly,SWR,10:09,09:36
126,12126,Chennai Superfast Express,Superfast,WC08,WR05,619,Daily,SR,07:22,11:21
127,12127,Jabalpur Mail Express,Mail,WR03,WR08,1789,Weekly,WCR,07:26,08:10
128,12128,Mumbai Passenger Express,Passenger,WR06,CR03,1670,Bi-weekly,WR,05:17,18:56
129,12129,Mumbai Vande Bharat Express,Vande Bharat,CR01,CR06,1636,Daily,CR,21:51,11:46
130,12130,Kolkata Express Express,Express,CR04,ER01,841,Weekly,ER,10:32,22:50
131,12131,Hajipur Superfast Express,Superfast,CR07,ER04,1215,Bi-weekly,ECR,15:12,18:33
132,12132,Bhubaneswar Mail Express,Mail,ER02,ER07,1315,Daily,ECoR,17:37,01:17
133,12133,New Delhi Passenger Express,Passenger,ER05,EC02,489,Weekly,NR,16:02,04:35
134,12134,Prayagraj Vande Bharat Express,Vande Bharat,ER08,EC05,1691,Bi-weekly,NCR,11:51,21:07
135,12135,Gorakhpur Express Express,Express,EC03,EC08,2289,Daily,NER,14:38,02:37
136,12136,Guwahati Superfast Express,Superfast,EC06,EC03,1763,Weekly,NFR,13:05,12:56
137,12137,Jaipur Mail Express,Mail,EC01,EC06,1758,Bi-weekly,NWR,03:57,22:10
138,12138,Secunderabad Passenger Express,Passenger,EC04,NR01,1938,Daily,SCR,09:35,10:46
139,12139,Bilaspur Vande Bharat Express,Vande Bharat,EC07,NR04,2392,Weekly,SECR,18:55,21:05
140,12140,Kolkata Express Express,Express,NR02,NR07,667,Bi-weekly,SER,16:35,01:05
141,12141,Hubballi Superfast Express,Superfast,NR05,NC02,1287,Daily,SWR,14:10,03:07
142,12142,Chennai Mail Express,Mail,NR08,NC05,1390,Weekly,SR,00:34,10:27
143,12143,Jabalpur Passenger Express,Passenger,NC03,NC08,1655,Bi-weekly,WCR,12:43,17:55
144,12144,Mumbai Vande Bharat Express,Vande Bharat,NC06,NE03,1934,Daily,WR,11:29,05:35
145,12145,Mumbai Express Express,Express,NE01,NE06,402,Weekly,CR,21:50,02:47
146,12146,Kolkata Superfast Express,Superfast,NE04,NF01,351,Bi-weekly,ER,16:05,11:39
147,12147,Hajipur Mail Express,Mail,NE07,NF04,1770,Daily,ECR,09:55,17:12
148,12148,Bhubaneswar Passenger Express,Passenger,NF02,NF07,1637,Weekly,ECoR,16:20,16:53
149,12149,New Delhi Vande Bharat Express,Vande Bharat,NF05,NW02,1975,Bi-weekly,NR,17:38,06:47
150,12150,Prayagraj Express Express,Express,NF08,NW05,924,Daily,NCR,12:18,07:09
151,12151,Gorakhpur Superfast Express,Superfast,NW03,NW08,2310,Weekly,NER,03:05,21:33
152,12152,Guwahati Mail Express,Mail,NW06,SC03,1095,Bi-weekly,NFR,16:22,02:43
153,12153,Jaipur Passenger Express,Passenger,SC01,SC06,488,Daily,NWR,12:56,21:21
154,12154,Secunderabad Vande Bharat Express,Vande Bharat,SC04,SE01,1890,Weekly,SCR,14:28,03:22
155,12155,Bilaspur Express Express,Express,SC07,SE04,1592,Bi-weekly,SECR,22:00,16:50
156,12156,Kolkata Superfast Express,Superfast,SE02,SE07,2286,Daily,SER,09:07,06:51
157,12157,Hubballi Mail Express,Mail,SE05,SE02,2116,Weekly,SWR,14:07,02:28
158,12158,Chennai Passenger Express,Passenger,SE08,SE05,1444,Bi-weekly,SR,00:41,12:00
159,12159,Jabalpur Vande Bharat Express,Vande Bharat,SE03,SE08,301,Daily,WCR,10:43,18:25
160,12160,Mumbai Express Express,Express,SE06,SW03,765,Weekly,WR,22:27,07:26
161,12161,Mumbai Superfast Express,Superfast,SW01,SW06,108,Bi-weekly,CR,06:30,21:44
162,12162,Kolkata Mail Express,Mail,SW04,SR01,1892,Daily,ER,12:06,08:59
163,12163,Hajipur Passenger Express,Passenger,SW07,SR04,182,Weekly,ECR,20:41,06:46
164,12164,Bhubaneswar Vande Bharat Express,Vande Bharat,SR02,SR07,2021,Bi-weekly,ECoR,00:06,15:59
165,12165,New Delhi Express Express,Express,SR05,WC02,135,Daily,NR,15:08,14:37
166,12166,Prayagraj Superfast Express,Superfast,SR08,WC05,289,Weekly,NCR,15:53,19:01
167,12167,Gorakhpur Mail Express,Mail,WC03,WC08,650,Bi-weekly,NER,05:27,03:51
168,12168,Guwahati Passenger Express,Passenger,WC06,WR03,1882,Daily,NFR,18:11,00:54
169,12169,Jaipur Vande Bharat Express,Vande Bharat,WR01,WR06,750,Weekly,NWR,15:54,00:00
170,12170,Secunderabad Express Express,Express,WR04,CR01,92,Bi-weekly,SCR,03:03,18:36
171,12171,Bilaspur Superfast Express,Superfast,WR07,CR04,2353,Daily,SECR,18:57,05:17
172,12172,Kolkata Mail Express,Mail,CR02,CR07,2050,Weekly,SER,05:03,15:48
173,12173,Hubballi Passenger Express,Passenger,CR05,ER02,2326,Bi-weekly,SWR,21:07,17:50
174,12174,Chennai Vande Bharat Express,Vande Bharat,CR08,ER05,1699,Daily,SR,18:50,10:02
175,12175,Jabalpur Express Express,Express,ER03,ER08,1138,Weekly,WCR,04:06,02:41
176,12176,Mumbai Superfast Express,Superfast,ER06,EC03,1250,Bi-weekly,WR,12:44,12:37
177,12177,Mumbai Mail Express,Mail,EC01,EC06,279,Daily,CR,19:26,03:48
178,12178,Kolkata Passenger Express,Passenger,EC04,EC01,1784,Weekly,ER,01:11,00:16
179,12179,Hajipur Vande Bharat Express,Vande Bharat,EC07,EC04,311,Bi-weekly,ECR,16:31,22:44
180,12180,Bhubaneswar Express Express,Express,EC02,EC07,1498,Daily,ECoR,11:03,01:36
181,12181,New Delhi Superfast Express,Superfast,EC05,NR02,90,Weekly,NR,00:13,20:27
182,12182,Prayagraj Mail Express,Mail,EC08,NR05,1726,Bi-weekly,NCR,09:10,08:05
183,12183,Gorakhpur Passenger Express,Passenger,NR03,NR08,1866,Daily,NER,04:22,22:35
184,12184,Guwahati Vande Bharat Express,Vande Bharat,NR06,NC03,1143,Weekly,NFR,12:47,05:38
185,12185,Jaipur Express Express,Express,NC01,NC06,2104,Bi-weekly,NWR,13:26,03:14
186,12186,Secunderabad Superfast Express,Superfast,NC04,NE01,2274,Daily,SCR,12:18,09:34
187,12187,Bilaspur Mail Express,Mail,NC07,NE04,1327,Weekly,SECR,16:15,14:26
188,12188,Kolkata Passenger Express,Passenger,NE02,NE07,2262,Bi-weekly,SER,03:08,10:30
189,12189,Hubballi Vande Bharat Express,Vande Bharat,NE05,NF02,1682,Daily,SWR,09:54,10:07
190,12190,Chennai Express Express,Express,NE08,NF05,356,Weekly,SR,22:08,21:16
191,12191,Jabalpur Superfast Express,Superfast,NF03,NF08,296,Bi-weekly,WCR,07:36,09:47
192,12192,Mumbai Mail Express,Mail,NF06,NW03,1497,Daily,WR,09:38,22:24
193,12193,Mumbai Passenger Express,Passenger,NW01,NW06,435,Weekly,CR,09:50,05:56
194,12194,Kolkata Vande Bharat Express,Vande Bharat,NW04,SC01,1444,Bi-weekly,ER,13:19,21:02
195,12195,Hajipur Express Express,Express,NW07,SC04,772,Daily,ECR,09:28,10:08
196,12196,Bhubaneswar Superfast Express,Superfast,SC02,SC07,603,Weekly,ECoR,02:34,08:33
197,12197,New Delhi Mail Express,Mail,SC05,SE02,1448,Bi-weekly,NR,16:32,14:35
198,12198,Prayagraj Passenger Express,Passenger,SC08,SE05,1593,Daily,NCR,14:18,05:47
199,12199,Gorakhpur Vande Bharat Express,Vande Bharat,SE03,SE08,875,Weekly,NER,12:11,09:31
200,12200,Guwahati Express Express,Express,SE06,SE03,1532,Bi-weekly,NFR,12:21,22:30
201,12201,Jaipur Superfast Express,Superfast,SE01,SE06,1955,Daily,NWR,16:33,20:07
202,12202,Secunderabad Mail Express,Mail,SE04,SW01,2216,Weekly,SCR,19:30,16:31
203,12203,Bilaspur Passenger Express,Passenger,SE07,SW04,703,Bi-weekly,SECR,18:14,07:31
204,12204,Kolkata Vande Bharat Express,Vande Bharat,SW02,SW07,2022,Daily,SER,08:29,00:06
205,12205,Hubballi Express Express,Express,SW05,SR02,209,Weekly,SWR,01:52,19:49
206,12206,Chennai Superfast Express,Superfast,SW08,SR05,208,Bi-weekly,SR,01:16,13:20
207,12207,Jabalpur Mail Express,Mail,SR03,SR08,1211,Daily,WCR,03:43,07:03
208,12208,Mumbai Passenger Express,Passenger,SR06,WC03,1803,Weekly,WR,20:00,10:49
209,12209,Mumbai Vande Bharat Express,Vande Bharat,WC01,WC06,1718,Bi-weekly,CR,19:24,08:42
210,12210,Kolkata Express Express,Express,WC04,WR01,436,Daily,ER,05:36,15:07
211,12211,Hajipur Superfast Express,Superfast,WC07,WR04,1259,Weekly,ECR,08:30,22:04
212,12212,Bhubaneswar Mail Express,Mail,WR02,WR07,2389,Bi-weekly,ECoR,10:46,09:18
213,12213,New Delhi Passenger Express,Passenger,WR05,CR02,1867,Daily,NR,15:08,16:45
214,12214,Prayagraj Vande Bharat Express,Vande Bharat,WR08,CR05,979,Weekly,NCR,21:38,07:00
215,12215,Gorakhpur Express Express,Express,CR03,CR08,1645,Bi-weekly,NER,04:45,12:28
216,12216,Guwahati Superfast Express,Superfast,CR06,ER03,459,Daily,NFR,16:09,09:50
217,12217,Jaipur Mail Express,Mail,ER01,ER06,2215,Weekly,NWR,22:57,12:12
218,12218,Secunderabad Passenger Express,Passenger,ER04,EC01,2026,Bi-weekly,SCR,18:59,14:08
219,12219,Bilaspur Vande Bharat Express,Vande Bharat,ER07,EC04,1246,Daily,SECR,10:50,09:19
220,12220,Kolkata Express Express,Express,EC02,EC07,265,Weekly,SER,19:45,00:26
221,12221,Hubballi Superfast Express,Superfast,EC05,EC02,1192,Bi-weekly,SWR,10:55,03:18
222,12222,Chennai Mail Express,Mail,EC08,EC05,499,Daily,SR,05:54,21:02
223,12223,Jabalpur Passenger Express,Passenger,EC03,EC08,1546,Weekly,WCR,05:11,06:11
224,12224,Mumbai Vande Bharat Express,Vande Bharat,EC06,NR03,1217,Bi-weekly,WR,22:35,16:29
225,12225,Mumbai Express Express,Express,NR01,NR06,112,Daily,CR,01:16,05:50
226,12226,Kolkata Superfast Express,Superfast,NR04,NC01,2037,Weekly,ER,19:38,12:38
227,12227,Hajipur Mail Express,Mail,NR07,NC04,1023,Bi-weekly,ECR,15:47,17:36
228,12228,Bhubaneswar Passenger Express,Passenger,NC02,NC07,214,Daily,ECoR,16:21,17:32
229,12229,New Delhi Vande Bharat Express,Vande Bharat,NC05,NE02,2124,Weekly,NR,07:55,19:19
230,12230,Prayagraj Express Express,Express,NC08,NE05,1199,Bi-weekly,NCR,12:46,15:51
231,12231,Gorakhpur Superfast Express,Superfast,NE03,NE08,938,Daily,NER,11:25,20:18
232,12232,Guwahati Mail Express,Mail,NE06,NF03,1442,Weekly,NFR,02:51,08:20
233,12233,Jaipur Passenger Express,Passenger,NF01,NF06,1432,Bi-weekly,NWR,11:50,12:31
234,12234,Secunderabad Vande Bharat Express,Vande Bharat,NF04,NW01,323,Daily,SCR,00:23,22:55
235,12235,Bilaspur Express Express,Express,NF07,NW04,1539,Weekly,SECR,14:23,04:00
236,12236,Kolkata Superfast Express,Superfast,NW02,NW07,866,Bi-weekly,SER,07:11,05:01
237,12237,Hubballi Mail Express,Mail,NW05,SC02,1490,Daily,SWR,21:41,10:25
238,12238,Chennai Passenger Express,Passenger,NW08,SC05,793,Weekly,SR,03:35,13:00
239,12239,Jabalpur Vande Bharat Express,Vande Bharat,SC03,SC08,1044,Bi-weekly,WCR,06:10,16:31
240,12240,Mumbai Express Express,Express,SC06,SE03,1550,Daily,WR,16:58,18:37
241,12241,Mumbai Superfast Express,Superfast,SE01,SE06,2119,Weekly,CR,10:59,17:39
242,12242,Kolkata Mail Express,Mail,SE04,SE01,2175,Bi-weekly,ER,11:43,06:57
243,12243,Hajipur Passenger Express,Passenger,SE07,SE04,1526,Daily,ECR,17:27,19:04
244,12244,Bhubaneswar Vande Bharat Express,Vande Bharat,SE02,SE07,344,Weekly,ECoR,11:43,18:26
245,12245,New Delhi Express Express,Express,SE05,SW02,1587,Bi-weekly,NR,12:57,15:25
246,12246,Prayagraj Superfast Express,Superfast,SE08,SW05,2329,Daily,NCR,02:59,03:17
247,12247,Gorakhpur Mail Express,Mail,SW03,SW08,1985,Weekly,NER,16:58,17:38
248,12248,Guwahati Passenger Express,Passenger,SW06,SR03,883,Bi-weekly,NFR,00:07,06:02
249,12249,Jaipur Vande Bharat Express,Vande Bharat,SR01,SR06,1258,Daily,NWR,17:57,11:52
250,12250,Secunderabad Express Express,Express,SR04,WC01,2366,Weekly,SCR,19:27,07:58
251,12251,Bilaspur Superfast Express,Superfast,SR07,WC04,641,Bi-weekly,SECR,09:04,18:38
252,12252,Kolkata Mail Express,Mail,WC02,WC07,276,Daily,SER,05:33,12:48
253,12253,Hubballi Passenger Express,Passenger,WC05,WR02,697,Weekly,SWR,21:26,18:14
254,12254,Chennai Vande Bharat Express,Vande Bharat,WC08,WR05,165,Bi-weekly,SR,01:22,21:02
255,12255,Jabalpur Express Express,Express,WR03,WR08,936,Daily,WCR,02:55,15:45
256,12256,Mumbai Superfast Express,Superfast,WR06,CR03,1734,Weekly,WR,15:46,00:51
257,12257,Mumbai Mail Express,Mail,CR01,CR06,1796,Bi-weekly,CR,17:23,18:22
258,12258,Kolkata Passenger Express,Passenger,CR04,ER01,193,Daily,ER,20:14,02:37
259,12259,Hajipur Vande Bharat Express,Vande Bharat,CR07,ER04,622,Weekly,ECR,19:26,00:57
260,12260,Bhubaneswar Express Express,Express,ER02,ER07,1273,Bi-weekly,ECoR,06:40,12:01
261,12261,New Delhi Superfast Express,Superfast,ER05,EC02,1842,Daily,NR,09:41,20:36
262,12262,Prayagraj Mail Express,Mail,ER08,EC05,1638,Weekly,NCR,05:14,09:51
263,12263,Gorakhpur Passenger Express,Passenger,EC03,EC08,1296,Bi-weekly,NER,08:46,19:54
264,12264,Guwahati Vande Bharat Express,Vande Bharat,EC06,EC03,773,Daily,NFR,16:35,10:23
265,12265,Jaipur Express Express,Express,EC01,EC06,345,Weekly,NWR,06:32,20:51
266,12266,Secunderabad Superfast Express,Superfast,EC04,NR01,515,Bi-weekly,SCR,15:05,15:20
267,12267,Bilaspur Mail Express,Mail,EC07,NR04,1123,Daily,SECR,16:25,18:32
268,12268,Kolkata Passenger Express,Passenger,NR02,NR07,2397,Weekly,SER,14:17,17:24
269,12269,Hubballi Vande Bharat Express,Vande Bharat,NR05,NC02,1319,Bi-weekly,SWR,03:07,13:11
270,12270,Chennai Express Express,Express,NR08,NC05,2394,Daily,SR,19:42,16:35
271,12271,Jabalpur Superfast Express,Superfast,NC03,NC08,219,Weekly,WCR,09:29,21:13
272,12272,Mumbai Mail Express,Mail,NC06,NE03,1232,Bi-weekly,WR,07:08,02:21
273,12273,Mumbai Passenger Express,Passenger,NE01,NE06,271,Daily,CR,01:21,04:33
274,12274,Kolkata Vande Bharat Express,Vande Bharat,NE04,NF01,120,Weekly,ER,06:27,22:38
275,12275,Hajipur Express Express,Express,NE07,NF04,2123,Bi-weekly,ECR,07:26,09:53
276,12276,Bhubaneswar Superfast Express,Superfast,NF02,NF07,2305,Daily,ECoR,22:45,11:32
277,12277,New Delhi Mail Express,Mail,NF05,NW02,2354,Weekly,NR,06:20,20:23
278,12278,Prayagraj Passenger Express,Passenger,NF08,NW05,625,Bi-weekly,NCR,12:19,20:54
279,12279,Gorakhpur Vande Bharat Express,Vande Bharat,NW03,NW08,789,Daily,NER,12:59,17:12
280,12280,Guwahati Express Express,Express,NW06,SC03,1450,Weekly,NFR,14:39,00:17
281,12281,Jaipur Superfast Express,Superfast,SC01,SC06,2062,Bi-weekly,NWR,05:17,07:10
282,12282,Secunderabad Mail Express,Mail,SC04,SE01,440,Daily,SCR,07:52,00:16
283,12283,Bilaspur Passenger Express,Passenger,SC07,SE04,220,Weekly,SECR,12:15,18:35
284,12284,Kolkata Vande Bharat Express,Vande Bharat,SE02,SE07,1898,Bi-weekly,SER,14:26,19:28
285,12285,Hubballi Express Express,Express,SE05,SE02,2283,Daily,SWR,22:35,15:15
286,12286,Chennai Superfast Express,Superfast,SE08,SE05,1969,Weekly,SR,15:54,06:47
287,12287,Jabalpur Mail Express,Mail,SE03,SE08,1171,Bi-weekly,WCR,04:10,12:19
288,12288,Mumbai Passenger Express,Passenger,SE06,SW03,316,Daily,WR,09:39,07:57
289,12289,Mumbai Vande Bharat Express,Vande Bharat,SW01,SW06,1888,Weekly,CR,11:56,09:08
290,12290,Kolkata Express Express,Express,SW04,SR01,163,Bi-weekly,ER,21:57,17:06
291,12291,Hajipur Superfast Express,Superfast,SW07,SR04,761,Daily,ECR,00:03,05:34
292,12292,Bhubaneswar Mail Express,Mail,SR02,SR07,232,Weekly,ECoR,22:27,06:30
293,12293,New Delhi Passenger Express,Passenger,SR05,WC02,1913,Bi-weekly,NR,07:02,01:51
294,12294,Prayagraj Vande Bharat Express,Vande Bharat,SR08,WC05,338,Daily,NCR,14:23,17:03
295,12295,Gorakhpur Express Express,Express,WC03,WC08,2162,Weekly,NER,16:26,04:58
296,12296,Guwahati Superfast Express,Superfast,WC06,WR03,780,Bi-weekly,NFR,11:23,05:24
297,12297,Jaipur Mail Express,Mail,WR01,WR06,431,Daily,NWR,00:17,02:24
298,12298,Secunderabad Passenger Express,Passenger,WR04,CR01,2081,Weekly,SCR,03:00,02:30
299,12299,Bilaspur Vande Bharat Express,Vande Bharat,WR07,CR04,717,Bi-weekly,SECR,11:01,07:24
300,12300,Kolkata Express Express,Express,CR02,CR07,1080,Daily,SER,12:46,10:50
301,12301,Hubballi Superfast Express,Superfast,CR05,ER02,1308,Weekly,SWR,05:13,07:35
302,12302,Chennai Mail Express,Mail,CR08,ER05,642,Bi-weekly,SR,21:28,19:40
303,12303,Jabalpur Passenger Express,Passenger,ER03,ER08,853,Daily,WCR,05:44,07:14
304,12304,Mumbai Vande Bharat Express,Vande Bharat,ER06,EC03,2238,Weekly,WR,11:02,11:27
305,12305,Mumbai Express Express,Express,EC01,EC06,2084,Bi-weekly,CR,16:11,03:36
306,12306,Kolkata Superfast Express,Superfast,EC04,EC01,189,Daily,ER,07:08,00:55
307,12307,Hajipur Mail Express,Mail,EC07,EC04,288,Weekly,ECR,00:55,04:48
308,12308,Bhubaneswar Passenger Express,Passenger,EC02,EC07,152,Bi-weekly,ECoR,03:06,16:37
309,12309,New Delhi Vande Bharat Express,Vande Bharat,EC05,NR02,1183,Daily,NR,05:05,13:13
310,12310,Prayagraj Express Express,Express,EC08,NR05,1449,Weekly,NCR,15:50,11:00
311,12311,Gorakhpur Superfast Express,Superfast,NR03,NR08,731,Bi-weekly,NER,19:31,14:27
312,12312,Guwahati Mail Express,Mail,NR06,NC03,457,Daily,NFR,20:46,22:51
313,12313,Jaipur Passenger Express,Passenger,NC01,NC06,755,Weekly,NWR,05:14,21:33
314,12314,Secunderabad Vande Bharat Express,Vande Bharat,NC04,NE01,1134,Bi-weekly,SCR,22:36,20:59
315,12315,Bilaspur Express Express,Express,NC07,NE04,264,Daily,SECR,08:44,18:08
316,12316,Kolkata Superfast Express,Superfast,NE02,NE07,818,Weekly,SER,12:47,02:36
317,12317,Hubballi Mail Express,Mail,NE05,NF02,767,Bi-weekly,SWR,04:30,09:38
318,12318,Chennai Passenger Express,Passenger,NE08,NF05,816,Daily,SR,18:04,19:01
319,12319,Jabalpur Vande Bharat Express,Vande Bharat,NF03,NF08,1787,Weekly,WCR,07:23,00:42
320,12320,Mumbai Express Express,Express,NF06,NW03,463,Bi-weekly,WR,15:43,19:42
321,12321,Mumbai Superfast Express,Superfast,NW01,NW06,779,Daily,CR,16:49,07:07
322,12322,Kolkata Mail Express,Mail,NW04,SC01,2144,Weekly,ER,03:35,05:07
323,12323,Hajipur Passenger Express,Passenger,NW07,SC04,1881,Bi-weekly,ECR,03:40,15:03
324,12324,Bhubaneswar Vande Bharat Express,Vande Bharat,SC02,SC07,481,Daily,ECoR,18:30,02:59
325,12325,New Delhi Express Express,Express,SC05,SE02,694,Weekly,NR,00:55,00:33
326,12326,Prayagraj Superfast Express,Superfast,SC08,SE05,2383,Bi-weekly,NCR,13:35,08:07
327,12327,Gorakhpur Mail Express,Mail,SE03,SE08,1408,Daily,NER,20:05,20:24
328,12328,Guwahati Passenger Express,Passenger,SE06,SE03,1323,Weekly,NFR,03:37,04:16
329,12329,Jaipur Vande Bharat Express,Vande Bharat,SE01,SE06,1754,Bi-weekly,NWR,01:26,13:07
330,12330,Secunderabad Express Express,Express,SE04,SW01,763,Daily,SCR,07:39,22:50
331,12331,Bilaspur Superfast Express,Superfast,SE07,SW04,520,Weekly,SECR,00:03,13:09
332,12332,Kolkata Mail Express,Mail,SW02,SW07,616,Bi-weekly,SER,19:52,19:15
333,12333,Hubballi Passenger Express,Passenger,SW05,SR02,1517,Daily,SWR,14:11,12:31
334,12334,Chennai Vande Bharat Express,Vande Bharat,SW08,SR05,999,Weekly,SR,17:40,12:43
335,12335,Jabalpur Express Express,Express,SR03,SR08,1850,Bi-weekly,WCR,13:16,17:43
336,12336,Mumbai Superfast Express,Superfast,SR06,WC03,2361,Daily,WR,03:25,21:30
337,12337,Mumbai Mail Express,Mail,WC01,WC06,2266,Weekly,CR,00:02,18:21
338,12338,Kolkata Passenger Express,Passenger,WC04,WR01,1286,Bi-weekly,ER,09:24,21:05
339,12339,Hajipur Vande Bharat Express,Vande Bharat,WC07,WR04,1871,Daily,ECR,20:39,09:09
340,12340,Bhubaneswar Express Express,Express,WR02,WR07,1663,Weekly,ECoR,10:08,08:57
341,12341,New Delhi Superfast Express,Superfast,WR05,CR02,695,Bi-weekly,NR,04:40,04:55
342,12342,Prayagraj Mail Express,Mail,WR08,CR05,2072,Daily,NCR,22:54,05:12
343,12343,Gorakhpur Passenger Express,Passenger,CR03,CR08,874,Weekly,NER,10:52,16:38
344,12344,Guwahati Vande Bharat Express,Vande Bharat,CR06,ER03,2117,Bi-weekly,NFR,14:22,09:31
345,12345,Jaipur Express Express,Express,ER01,ER06,285,Daily,NWR,17:39,16:32
346,12346,Secunderabad Superfast Express,Superfast,ER04,EC01,1896,Weekly,SCR,21:34,10:06
347,12347,Bilaspur Mail Express,Mail,ER07,EC04,1886,Bi-weekly,SECR,20:41,19:51
348,12348,Kolkata Passenger Express,Passenger,EC02,EC07,1931,Daily,SER,11:05,00:12
349,12349,Hubballi Vande Bharat Express,Vande Bharat,EC05,EC02,1079,Weekly,SWR,17:27,00:12
350,12350,Chennai Express Express,Express,EC08,EC05,2351,Bi-weekly,SR,22:22,18:43
351,12351,Jabalpur Superfast Express,Superfast,EC03,EC08,2240,Daily,WCR,20:37,09:37
352,12352,Mumbai Mail Express,Mail,EC06,NR03,820,Weekly,WR,08:36,13:34
353,12353,Mumbai Passenger Express,Passenger,NR01,NR06,972,Bi-weekly,CR,09:00,13:34
354,12354,Kolkata Vande Bharat Express,Vande Bharat,NR04,NC01,2250,Daily,ER,11:28,01:11
355,12355,Hajipur Express Express,Express,NR07,NC04,864,Weekly,ECR,08:21,09:46
356,12356,Bhubaneswar Superfast Express,Superfast,NC02,NC07,384,Bi-weekly,ECoR,07:09,07:41
357,12357,New Delhi Mail Express,Mail,NC05,NE02,188,Daily,NR,07:01,21:43
358,12358,Prayagraj Passenger Express,Passenger,NC08,NE05,645,Weekly,NCR,04:05,10:45
359,12359,Gorakhpur Vande Bharat Express,Vande Bharat,NE03,NE08,1435,Bi-weekly,NER,20:20,06:28
360,12360,Guwahati Express Express,Express,NE06,NF03,548,Daily,NFR,22:11,11:31
361,12361,Jaipur Superfast Express,Superfast,NF01,NF06,212,Weekly,NWR,10:27,05:07
362,12362,Secunderabad Mail Express,Mail,NF04,NW01,184,Bi-weekly,SCR,00:28,02:57
363,12363,Bilaspur Passenger Express,Passenger,NF07,NW04,647,Daily,SECR,15:40,11:53
364,12364,Kolkata Vande Bharat Express,Vande Bharat,NW02,NW07,336,Weekly,SER,05:15,03:17
365,12365,Hubballi Express Express,Express,NW05,SC02,805,Bi-weekly,SWR,17:18,20:46
366,12366,Chennai Superfast Express,Superfast,NW08,SC05,2171,Daily,SR,02:59,14:58
367,12367,Jabalpur Mail Express,Mail,SC03,SC08,903,Weekly,WCR,21:35,01:24
368,12368,Mumbai Passenger Express,Passenger,SC06,SE03,399,Bi-weekly,WR,21:18,05:33
369,12369,Mumbai Vande Bharat Express,Vande Bharat,SE01,SE06,1066,Daily,CR,02:48,19:44
370,12370,Kolkata Express Express,Express,SE04,SE01,1510,Weekly,ER,09:32,11:09
371,12371,Hajipur Superfast Express,Superfast,SE07,SE04,269,Bi-weekly,ECR,05:27,03:06
372,12372,Bhubaneswar Mail Express,Mail,SE02,SE07,2056,Daily,ECoR,08:35,12:44
373,12373,New Delhi Passenger Express,Passenger,SE05,SW02,1796,Weekly,NR,06:50,08:50
374,12374,Prayagraj Vande Bharat Express,Vande Bharat,SE08,SW05,1019,Bi-weekly,NCR,02:45,00:46
375,12375,Gorakhpur Express Express,Express,SW03,SW08,180,Daily,NER,04:36,21:24
376,12376,Guwahati Superfast Express,Superfast,SW06,SR03,359,Weekly,NFR,05:53,16:06
377,12377,Jaipur Mail Express,Mail,SR01,SR06,972,Bi-weekly,NWR,06:10,19:37
378,12378,Secunderabad Passenger Express,Passenger,SR04,WC01,496,Daily,SCR,14:24,01:26
379,12379,Bilaspur Vande Bharat Express,Vande Bharat,SR07,WC04,509,Weekly,SECR,05:52,16:08
380,12380,Kolkata Express Express,Express,WC02,WC07,2055,Bi-weekly,SER,13:52,17:20
381,12381,Hubballi Superfast Express,Superfast,WC05,WR02,1320,Daily,SWR,12:43,05:19
382,12382,Chennai Mail Express,Mail,WC08,WR05,647,Weekly,SR,06:09,00:56
383,12383,Jabalpur Passenger Express,Passenger,WR03,WR08,252,Bi-weekly,WCR,20:00,17:19
384,12384,Mumbai Vande Bharat Express,Vande Bharat,WR06,CR03,1280,Daily,WR,06:29,10:31
385,12385,Mumbai Express Express,Express,CR01,CR06,992,Weekly,CR,12:49,09:21
386,12386,Kolkata Superfast Express,Superfast,CR04,ER01,385,Bi-weekly,ER,08:07,04:57
387,12387,Hajipur Mail Express,Mail,CR07,ER04,287,Daily,ECR,11:50,21:08
388,12388,Bhubaneswar Passenger Express,Passenger,ER02,ER07,459,Weekly,ECoR,08:33,22:12
389,12389,New Delhi Vande Bharat Express,Vande Bharat,ER05,EC02,461,Bi-weekly,NR,05:52,00:22
390,12390,Prayagraj Express Express,Express,ER08,EC05,355,Daily,NCR,03:55,00:19
391,12391,Gorakhpur Superfast Express,Superfast,EC03,EC08,2203,Weekly,NER,13:04,10:58
392,12392,Guwahati Mail Express,Mail,EC06,EC03,1009,Bi-weekly,NFR,12:31,15:11
393,12393,Jaipur Passenger Express,Passenger,EC01,EC06,2028,Daily,NWR,22:08,18:49
394,12394,Secunderabad Vande Bharat Express,Vande Bharat,EC04,NR01,1800,Weekly,SCR,08:28,19:09
395,12395,Bilaspur Express Express,Express,EC07,NR04,2002,Bi-weekly,SECR,21:40,07:33
396,12396,Kolkata Superfast Express,Superfast,NR02,NR07,196,Daily,SER,21:20,01:47
397,12397,Hubballi Mail Express,Mail,NR05,NC02,1605,Weekly,SWR,14:03,17:38
398,12398,Chennai Passenger Express,Passenger,NR08,NC05,1921,Bi-weekly,SR,19:12,04:55
399,12399,Jabalpur Vande Bharat Express,Vande Bharat,NC03,NC08,1311,Daily,WCR,10:17,14:45
400,12400,Mumbai Express Express,Express,NC06,NE03,85,Weekly,WR,12:59,06:16
401,12401,Mumbai Superfast Express,Superfast,NE01,NE06,2117,Bi-weekly,CR,01:23,10:47
402,12402,Kolkata Mail Express,Mail,NE04,NF01,379,Daily,ER,09:09,18:37
403,12403,Hajipur Passenger Express,Passenger,NE07,NF04,1232,Weekly,ECR,09:09,21:38
404,12404,Bhubaneswar Vande Bharat Express,Vande Bharat,NF02,NF07,820,Bi-weekly,ECoR,09:43,16:27
405,12405,New Delhi Express Express,Express,NF05,NW02,782,Daily,NR,15:39,13:04
406,12406,Prayagraj Superfast Express,Superfast,NF08,NW05,1176,Weekly,NCR,14:57,12:20
407,12407,Gorakhpur Mail Express,Mail,NW03,NW08,1369,Bi-weekly,NER,04:05,15:59
408,12408,Guwahati Passenger Express,Passenger,NW06,SC03,2042,Daily,NFR,13:02,22:26
409,12409,Jaipur Vande Bharat Express,Vande Bharat,SC01,SC06,752,Weekly,NWR,20:44,17:16
410,12410,Secunderabad Express Express,Express,SC04,SE01,2380,Bi-weekly,SCR,10:31,17:39
411,12411,Bilaspur Superfast Express,Superfast,SC07,SE04,479,Daily,SECR,06:21,21:42
412,12412,Kolkata Mail Express,Mail,SE02,SE07,929,Weekly,SER,16:44,09:24
413,12413,Hubballi Passenger Express,Passenger,SE05,SE02,2154,Bi-weekly,SWR,12:08,16:35
414,12414,Chennai Vande Bharat Express,Vande Bharat,SE08,SE05,1260,Daily,SR,16:54,07:25
415,12415,Jabalpur Express Express,Express,SE03,SE08,519,Weekly,WCR,14:24,07:41
416,12416,Mumbai Superfast Express,Superfast,SE06,SW03,1026,Bi-weekly,WR,10:26,05:07
417,12417,Mumbai Mail Express,Mail,SW01,SW06,1999,Daily,CR,02:19,15:07
418,12418,Kolkata Passenger Express,Passenger,SW04,SR01,1600,Weekly,ER,16:39,07:01
419,12419,Hajipur Vande Bharat Express,Vande Bharat,SW07,SR04,2138,Bi-weekly,ECR,07:48,04:09
420,12420,Bhubaneswar Express Express,Express,SR02,SR07,1885,Daily,ECoR,21:51,17:14
421,12421,New Delhi Superfast Express,Superfast,SR05,WC02,2198,Weekly,NR,15:10,02:52
422,12422,Prayagraj Mail Express,Mail,SR08,WC05,718,Bi-weekly,NCR,17:08,06:17
423,12423,Gorakhpur Passenger Express,Passenger,WC03,WC08,732,Daily,NER,15:54,20:44
424,12424,Guwahati Vande Bharat Express,Vande Bharat,WC06,WR03,549,Weekly,NFR,22:32,12:42
425,12425,Jaipur Express Express,Express,WR01,WR06,1864,Bi-weekly,NWR,21:34,14:44
426,12426,Secunderabad Superfast Express,Superfast,WR04,CR01,671,Daily,SCR,07:37,01:19
427,12427,Bilaspur Mail Express,Mail,WR07,CR04,1745,Weekly,SECR,22:31,09:26
428,12428,Kolkata Passenger Express,Passenger,CR02,CR07,1670,Bi-weekly,SER,12:01,12:24
429,12429,Hubballi Vande Bharat Express,Vande Bharat,CR05,ER02,1705,Daily,SWR,20:57,14:21
430,12430,Chennai Express Express,Express,CR08,ER05,1109,Weekly,SR,04:56,19:51
431,12431,Jabalpur Superfast Express,Superfast,ER03,ER08,841,Bi-weekly,WCR,07:51,12:42
432,12432,Mumbai Mail Express,Mail,ER06,EC03,1216,Daily,WR,10:37,18:20
433,12433,Mumbai Passenger Express,Passenger,EC01,EC06,1957,Weekly,CR,05:24,20:57
434,12434,Kolkata Vande Bharat Express,Vande Bharat,EC04,EC01,2223,Bi-weekly,ER,07:50,21:58
435,12435,Hajipur Express Express,Express,EC07,EC04,128,Daily,ECR,17:59,17:13
436,12436,Bhubaneswar Superfast Express,Superfast,EC02,EC07,1849,Weekly,ECoR,02:28,14:27
437,12437,New Delhi Mail Express,Mail,EC05,NR02,1703,Bi-weekly,NR,05:36,14:38
438,12438,Prayagraj Passenger Express,Passenger,EC08,NR05,751,Daily,NCR,07:15,10:35
439,12439,Gorakhpur Vande Bharat Express,Vande Bharat,NR03,NR08,921,Weekly,NER,09:17,05:39
440,12440,Guwahati Express Express,Express,NR06,NC03,1973,Bi-weekly,NFR,06:51,13:10
441,12441,Jaipur Superfast Express,Superfast,NC01,NC06,929,Daily,NWR,00:02,07:27
442,12442,Secunderabad Mail Express,Mail,NC04,NE01,1930,Weekly,SCR,03:50,05:08
443,12443,Bilaspur Passenger Express,Passenger,NC07,NE04,1703,Bi-weekly,SECR,17:36,02:06
444,12444,Kolkata Vande Bharat Express,Vande Bharat,NE02,NE07,984,Daily,SER,10:59,06:11
445,12445,Hubballi Express Express,Express,NE05,NF02,2274,Weekly,SWR,03:01,09:24
446,12446,Chennai Superfast Express,Superfast,NE08,NF05,1517,Bi-weekly,SR,20:55,06:58
447,12447,Jabalpur Mail Express,Mail,NF03,NF08,1547,Daily,WCR,01:56,03:35
448,12448,Mumbai Passenger Express,Passenger,NF06,NW03,1914,Weekly,WR,05:16,10:53
449,12449,Mumbai Vande Bharat Express,Vande Bharat,NW01,NW06,598,Bi-weekly,CR,15:27,02:42
450,12450,Kolkata Express Express,Express,NW04,SC01,2011,Daily,ER,13:10,03:25
451,12451,Hajipur Superfast Express,Superfast,NW07,SC04,1254,Weekly,ECR,12:14,11:17
452,12452,Bhubaneswar Mail Express,Mail,SC02,SC07,1671,Bi-weekly,ECoR,18:39,00:59
453,12453,New Delhi Passenger Express,Passenger,SC05,SE02,135,Daily,NR,22:01,11:06
454,12454,Prayagraj Vande Bharat Express,Vande Bharat,SC08,SE05,300,Weekly,NCR,15:43,02:58
455,12455,Gorakhpur Express Express,Express,SE03,SE08,823,Bi-weekly,NER,07:17,10:10
456,12456,Guwahati Superfast Express,Superfast,SE06,SE03,1065,Daily,NFR,04:03,08:40
457,12457,Jaipur Mail Express,Mail,SE01,SE06,1850,Weekly,NWR,08:19,18:40
458,12458,Secunderabad Passenger Express,Passenger,SE04,SW01,2010,Bi-weekly,SCR,20:49,21:24
459,12459,Bilaspur Vande Bharat Express,Vande Bharat,SE07,SW04,995,Daily,SECR,07:14,17:42
460,12460,Kolkata Express Express,Express,SW02,SW07,1939,Weekly,SER,03:29,05:53
461,12461,Hubballi Superfast Express,Superfast,SW05,SR02,700,Bi-weekly,SWR,03:34,20:54
462,12462,Chennai Mail Express,Mail,SW08,SR05,302,Daily,SR,07:09,07:32
463,12463,Jabalpur Passenger Express,Passenger,SR03,SR08,730,Weekly,WCR,01:30,01:13
464,12464,Mumbai Vande Bharat Express,Vande Bharat,SR06,WC03,81,Bi-weekly,WR,01:26,19:46
465,12465,Mumbai Express Express,Express,WC01,WC06,309,Daily,CR,00:20,15:44
466,12466,Kolkata Superfast Express,Superfast,WC04,WR01,1989,Weekly,ER,07:10,00:08
467,12467,Hajipur Mail Express,Mail,WC07,WR04,231,Bi-weekly,ECR,19:16,18:33
468,12468,Bhubaneswar Passenger Express,Passenger,WR02,WR07,1330,Daily,ECoR,10:49,00:05
469,12469,New Delhi Vande Bharat Express,Vande Bharat,WR05,CR02,1062,Weekly,NR,09:32,16:35
470,12470,Prayagraj Express Express,Express,WR08,CR05,677,Bi-weekly,NCR,07:45,04:30
471,12471,Gorakhpur Superfast Express,Superfast,CR03,CR08,1329,Daily,NER,17:42,10:18
472,12472,Guwahati Mail Express,Mail,CR06,ER03,933,Weekly,NFR,09:13,14:12
473,12473,Jaipur Passenger Express,Passenger,ER01,ER06,1584,Bi-weekly,NWR,17:57,02:45
474,12474,Secunderabad Vande Bharat Express,Vande Bharat,ER04,EC01,279,Daily,SCR,07:10,03:10
475,12475,Bilaspur Express Express,Express,ER07,EC04,181,Weekly,SECR,18:03,09:41
476,12476,Kolkata Superfast Express,Superfast,EC02,EC07,2377,Bi-weekly,SER,19:08,22:39
477,12477,Hubballi Mail Express,Mail,EC05,EC02,496,Daily,SWR,10:55,09:11
478,12478,Chennai Passenger Express,Passenger,EC08,EC05,2110,Weekly,SR,21:58,21:52
479,12479,Jabalpur Vande Bharat Express,Vande Bharat,EC03,EC08,1134,Bi-weekly,WCR,04:37,05:28
480,12480,Mumbai Express Express,Express,EC06,NR03,1602,Daily,WR,21:17,05:44
481,12481,Mumbai Superfast Express,Superfast,NR01,NR06,94,Weekly,CR,13:44,12:23
482,12482,Kolkata Mail Express,Mail,NR04,NC01,2002,Bi-weekly,ER,08:42,10:01
483,12483,Hajipur Passenger Express,Passenger,NR07,NC04,1310,Daily,ECR,01:55,13:22
484,12484,Bhubaneswar Vande Bharat Express,Vande Bharat,NC02,NC07,1207,Weekly,ECoR,14:15,06:25
485,12485,New Delhi Express Express,Express,NC05,NE02,679,Bi-weekly,NR,17:06,19:20
486,12486,Prayagraj Superfast Express,Superfast,NC08,NE05,1382,Daily,NCR,03:23,17:16
487,12487,Gorakhpur Mail Express,Mail,NE03,NE08,386,Weekly,NER,12:09,07:27
488,12488,Guwahati Passenger Express,Passenger,NE06,NF03,1388,Bi-weekly,NFR,14:40,19:03
489,12489,Jaipur Vande Bharat Express,Vande Bharat,NF01,NF06,920,Daily,NWR,00:00,04:35
490,12490,Secunderabad Express Express,Express,NF04,NW01,2155,Weekly,SCR,17:38,17:10
491,12491,Bilaspur Superfast Express,Superfast,NF07,NW04,2028,Bi-weekly,SECR,20:05,10:49
492,12492,Kolkata Mail Express,Mail,NW02,NW07,1184,Daily,SER,19:56,10:03
493,12493,Hubballi Passenger Express,Passenger,NW05,SC02,868,Weekly,SWR,04:28,13:27
494,12494,Chennai Vande Bharat Express,Vande Bharat,NW08,SC05,533,Bi-weekly,SR,06:40,00:12
495,12495,Jabalpur Express Express,Express,SC03,SC08,2150,Daily,WCR,02:24,04:06
496,12496,Mumbai Superfast Express,Superfast,SC06,SE03,1060,Weekly,WR,11:10,01:08
497,12497,Mumbai Mail Express,Mail,SE01,SE06,1591,Bi-weekly,CR,19:10,07:20
498,12498,Kolkata Passenger Express,Passenger,SE04,SE01,916,Daily,ER,05:03,12:21
499,12499,Hajipur Vande Bharat Express,Vande Bharat,SE07,SE04,874,Weekly,ECR,06:55,14:25
500,12500,Bhubaneswar Express Express,Express,SE02,SE07,556,Bi-weekly,ECoR,18:53,00:55
501,12501,New Delhi Superfast Express,Superfast,SE05,SW02,1702,Daily,NR,02:45,02:03
502,12502,Prayagraj Mail Express,Mail,SE08,SW05,347,Weekly,NCR,10:37,09:07
503,12503,Gorakhpur Passenger Express,Passenger,SW03,SW08,542,Bi-weekly,NER,19:57,17:06
504,12504,Guwahati Vande Bharat Express,Vande Bharat,SW06,SR03,1981,Daily,NFR,15:31,03:59
505,12505,Jaipur Express Express,Express,SR01,SR06,1106,Weekly,NWR,01:12,09:03
506,12506,Secunderabad Superfast Express,Superfast,SR04,WC01,831,Bi-weekly,SCR,10:56,01:34
507,12507,Bilaspur Mail Express,Mail,SR07,WC04,2204,Daily,SECR,18:55,03:48
508,12508,Kolkata Passenger Express,Passenger,WC02,WC07,2350,Weekly,SER,07:29,12:29
509,12509,Hubballi Vande Bharat Express,Vande Bharat,WC05,WR02,752,Bi-weekly,SWR,22:57,08:48
510,12510,Chennai Express Express,Express,WC08,WR05,1002,Daily,SR,18:35,10:07
511,12511,Jabalpur Superfast Express,Superfast,WR03,WR08,1598,Weekly,WCR,07:13,04:58
512,12512,Mumbai Mail Express,Mail,WR06,CR03,319,Bi-weekly,WR,18:51,00:35
513,12513,Mumbai Passenger Express,Passenger,CR01,CR06,1419,Daily,CR,08:40,09:26
514,12514,Kolkata Vande Bharat Express,Vande Bharat,CR04,ER01,1081,Weekly,ER,18:37,08:55
515,12515,Hajipur Express Express,Express,CR07,ER04,1940,Bi-weekly,ECR,21:43,09:46
516,12516,Bhubaneswar Superfast Express,Superfast,ER02,ER07,843,Daily,ECoR,06:27,22:34
517,12517,New Delhi Mail Express,Mail,ER05,EC02,970,Weekly,NR,10:17,15:21
518,12518,Prayagraj Passenger Express,Passenger,ER08,EC05,1366,Bi-weekly,NCR,08:19,22:20
519,12519,Gorakhpur Vande Bharat Express,Vande Bharat,EC03,EC08,243,Daily,NER,08:31,02:18
520,12520,Guwahati Express Express,Express,EC06,EC03,465,Weekly,NFR,11:43,22:23
521,12521,Jaipur Superfast Express,Superfast,EC01,EC06,2082,Bi-weekly,NWR,04:46,12:45
522,12522,Secunderabad Mail Express,Mail,EC04,NR01,1832,Daily,SCR,12:15,12:49
523,12523,Bilaspur Passenger Express,Passenger,EC07,NR04,2331,Weekly,SECR,21:10,13:06
524,12524,Kolkata Vande Bharat Express,Vande Bharat,NR02,NR07,1631,Bi-weekly,SER,22:03,15:56
525,12525,Hubballi Express Express,Express,NR05,NC02,2045,Daily,SWR,09:06,21:55
526,12526,Chennai Superfast Express,Superfast,NR08,NC05,1423,Weekly,SR,22:00,14:02
527,12527,Jabalpur Mail Express,Mail,NC03,NC08,2250,Bi-weekly,WCR,15:54,12:04
528,12528,Mumbai Passenger Express,Passenger,NC06,NE03,141,Daily,WR,07:44,03:51
529,12529,Mumbai Vande Bharat Express,Vande Bharat,NE01,NE06,635,Weekly,CR,11:12,10:27
530,12530,Kolkata Express Express,Express,NE04,NF01,92,Bi-weekly,ER,13:47,21:19
531,12531,Hajipur Superfast Express,Superfast,NE07,NF04,2122,Daily,ECR,20:59,08:51
532,12532,Bhubaneswar Mail Express,Mail,NF02,NF07,1390,Weekly,ECoR,01:16,15:09
533,12533,New Delhi Passenger Express,Passenger,NF05,NW02,1088,Bi-weekly,NR,17:08,11:12
534,12534,Prayagraj Vande Bharat Express,Vande Bharat,NF08,NW05,1324,Daily,NCR,05:57,01:57
535,12535,Gorakhpur Express Express,Express,NW03,NW08,1917,Weekly,NER,19:51,04:55
536,12536,Guwahati Superfast Express,Superfast,NW06,SC03,1458,Bi-weekly,NFR,22:52,13:22
537,12537,Jaipur Mail Express,Mail,SC01,SC06,352,Daily,NWR,02:23,18:30
538,12538,Secunderabad Passenger Express,Passenger,SC04,SE01,1197,Weekly,SCR,05:33,14:58
539,12539,Bilaspur Vande Bharat Express,Vande Bharat,SC07,SE04,1772,Bi-weekly,SECR,13:54,09:56
540,12540,Kolkata Express Express,Express,SE02,SE07,938,Daily,SER,02:25,02:07
541,12541,Hubballi Superfast Express,Superfast,SE05,SE02,2124,Weekly,SWR,18:13,19:04
542,12542,Chennai Mail Express,Mail,SE08,SE05,739,Bi-weekly,SR,16:18,16:52
543,12543,Jabalpur Passenger Express,Passenger,SE03,SE08,233,Daily,WCR,00:56,11:30
544,12544,Mumbai Vande Bharat Express,Vande Bharat,SE06,SW03,1155,Weekly,WR,09:41,13:09
545,12545,Mumbai Express Express,Express,SW01,SW06,1533,Bi-weekly,CR,15:06,08:47
546,12546,Kolkata Superfast Express,Superfast,SW04,SR01,1515,Daily,ER,03:02,13:27
547,12547,Hajipur Mail Express,Mail,SW07,SR04,2309,Weekly,ECR,12:55,04:26
548,12548,Bhubaneswar Passenger Express,Passenger,SR02,SR07,403,Bi-weekly,ECoR,13:11,11:20
549,12549,New Delhi Vande Bharat Express,Vande Bharat,SR05,WC02,510,Daily,NR,02:30,21:11
550,12550,Prayagraj Express Express,Express,SR08,WC05,1019,Weekly,NCR,05:48,09:58
551,12551,Gorakhpur Superfast Express,Superfast,WC03,WC08,648,Bi-weekly,NER,01:34,14:59
552,12552,Guwahati Mail Express,Mail,WC06,WR03,2101,Daily,NFR,20:38,08:25
553,12553,Jaipur Passenger Express,Passenger,WR01,WR06,390,Weekly,NWR,09:21,00:12
554,12554,Secunderabad Vande Bharat Express,Vande Bharat,WR04,CR01,1320,Bi-weekly,SCR,08:59,11:57
555,12555,Bilaspur Express Express,Express,WR07,CR04,1612,Daily,SECR,00:12,16:32
556,12556,Kolkata Superfast Express,Superfast,CR02,CR07,780,Weekly,SER,12:54,08:02
557,12557,Hubballi Mail Express,Mail,CR05,ER02,801,Bi-weekly,SWR,21:45,19:54
558,12558,Chennai Passenger Express,Passenger,CR08,ER05,352,Daily,SR,06:03,00:50
559,12559,Jabalpur Vande Bharat Express,Vande Bharat,ER03,ER08,2253,Weekly,WCR,03:43,12:04
560,12560,Mumbai Express Express,Express,ER06,EC03,2204,Bi-weekly,WR,20:34,16:23
561,12561,Mumbai Superfast Express,Superfast,EC01,EC06,1919,Daily,CR,10:59,01:10
562,12562,Kolkata Mail Express,Mail,EC04,EC01,2327,Weekly,ER,06:18,18:11
563,12563,Hajipur Passenger Express,Passenger,EC07,EC04,1271,Bi-weekly,ECR,06:11,22:11
564,12564,Bhubaneswar Vande Bharat Express,Vande Bharat,EC02,EC07,298,Daily,ECoR,15:52,02:42
565,12565,New Delhi Express Express,Express,EC05,NR02,1334,Weekly,NR,19:07,22:37
566,12566,Prayagraj Superfast Express,Superfast,EC08,NR05,2033,Bi-weekly,NCR,08:56,14:07
567,12567,Gorakhpur Mail Express,Mail,NR03,NR08,2221,Daily,NER,18:18,12:23
568,12568,Guwahati Passenger Express,Passenger,NR06,NC03,1340,Weekly,NFR,22:53,04:58
569,12569,Jaipur Vande Bharat Express,Vande Bharat,NC01,NC06,1096,Bi-weekly,NWR,16:45,11:27
570,12570,Secunderabad Express Express,Express,NC04,NE01,1138,Daily,SCR,19:23,06:21
571,12571,Bilaspur Superfast Express,Superfast,NC07,NE04,532,Weekly,SECR,09:06,02:43
572,12572,Kolkata Mail Express,Mail,NE02,NE07,259,Bi-weekly,SER,13:46,16:26
573,12573,Hubballi Passenger Express,Passenger,NE05,NF02,529,Daily,SWR,21:50,14:05
574,12574,Chennai Vande Bharat Express,Vande Bharat,NE08,NF05,161,Weekly,SR,07:09,19:12
575,12575,Jabalpur Express Express,Express,NF03,NF08,735,Bi-weekly,WCR,22:49,05:23
576,12576,Mumbai Superfast Express,Superfast,NF06,NW03,1276,Daily,WR,15:56,20:58
577,12577,Mumbai Mail Express,Mail,NW01,NW06,174,Weekly,CR,05:33,01:21
578,12578,Kolkata Passenger Express,Passenger,NW04,SC01,436,Bi-weekly,ER,21:03,03:11
579,12579,Hajipur Vande Bharat Express,Vande Bharat,NW07,SC04,424,Daily,ECR,13:21,20:15
580,12580,Bhubaneswar Express Express,Express,SC02,SC07,1326,Weekly,ECoR,15:37,18:12
581,12581,New Delhi Superfast Express,Superfast,SC05,SE02,1257,Bi-weekly,NR,18:51,14:39
582,12582,Prayagraj Mail Express,Mail,SC08,SE05,2084,Daily,NCR,14:56,02:20
583,12583,Gorakhpur Passenger Express,Passenger,SE03,SE08,340,Weekly,NER,02:28,05:24
584,12584,Guwahati Vande Bharat Express,Vande Bharat,SE06,SE03,1095,Bi-weekly,NFR,14:56,19:22
585,12585,Jaipur Express Express,Express,SE01,SE06,835,Daily,NWR,17:07,12:25
586,12586,Secunderabad Superfast Express,Superfast,SE04,SW01,504,Weekly,SCR,14:19,04:39
587,12587,Bilaspur Mail Express,Mail,SE07,SW04,484,Bi-weekly,SECR,15:09,09:48
588,12588,Kolkata Passenger Express,Passenger,SW02,SW07,610,Daily,SER,17:43,20:10
589,12589,Hubballi Vande Bharat Express,Vande Bharat,SW05,SR02,1739,Weekly,SWR,21:45,04:49
590,12590,Chennai Express Express,Express,SW08,SR05,328,Bi-weekly,SR,13:29,12:31
591,12591,Jabalpur Superfast Express,Superfast,SR03,SR08,153,Daily,WCR,11:56,10:16
592,12592,Mumbai Mail Express,Mail,SR06,WC03,2387,Weekly,WR,02:29,11:28
593,12593,Mumbai Passenger Express,Passenger,WC01,WC06,2218,Bi-weekly,CR,09:58,01:44
594,12594,Kolkata Vande Bharat Express,Vande Bharat,WC04,WR01,1455,Daily,ER,05:13,16:38
595,12595,Hajipur Express Express,Express,WC07,WR04,1497,Weekly,ECR,01:35,22:01
596,12596,Bhubaneswar Superfast Express,Superfast,WR02,WR07,1168,Bi-weekly,ECoR,11:53,06:28
597,12597,New Delhi Mail Express,Mail,WR05,CR02,1743,Daily,NR,01:48,18:43
598,12598,Prayagraj Passenger Express,Passenger,WR08,CR05,1583,Weekly,NCR,17:46,20:25
599,12599,Gorakhpur Vande Bharat Express,Vande Bharat,CR03,CR08,1138,Bi-weekly,NER,14:11,19:46
600,12600,Guwahati Express Express,Express,CR06,ER03,1544,Daily,NFR,06:20,10:39
601,12601,Jaipur Superfast Express,Superfast,ER01,ER06,1885,Weekly,NWR,15:55,22:42
602,12602,Secunderabad Mail Express,Mail,ER04,EC01,940,Bi-weekly,SCR,13:25,14:48
603,12603,Bilaspur Passenger Express,Passenger,ER07,EC04,936,Daily,SECR,11:02,16:29
604,12604,Kolkata Vande Bharat Express,Vande Bharat,EC02,EC07,1146,Weekly,SER,12:12,13:44
605,12605,Hubballi Express Express,Express,EC05,EC02,891,Bi-weekly,SWR,03:23,04:22
606,12606,Chennai Superfast Express,Superfast,EC08,EC05,1534,Daily,SR,02:44,05:53
607,12607,Jabalpur Mail Express,Mail,EC03,EC08,1779,Weekly,WCR,06:33,02:05
608,12608,Mumbai Passenger Express,Passenger,EC06,NR03,2298,Bi-weekly,WR,18:09,06:11
609,12609,Mumbai Vande Bharat Express,Vande Bharat,NR01,NR06,996,Daily,CR,06:19,12:11
610,12610,Kolkata Express Express,Express,NR04,NC01,2128,Weekly,ER,16:45,03:42
611,12611,Hajipur Superfast Express,Superfast,NR07,NC04,2020,Bi-weekly,ECR,04:45,08:47
612,12612,Bhubaneswar Mail Express,Mail,NC02,NC07,1189,Daily,ECoR,18:08,08:16
613,12613,New Delhi Passenger Express,Passenger,NC05,NE02,656,Weekly,NR,07:22,02:42
614,12614,Prayagraj Vande Bharat Express,Vande Bharat,NC08,NE05,1356,Bi-weekly,NCR,19:42,03:04
615,12615,Gorakhpur Express Express,Express,NE03,NE08,1060,Daily,NER,11:14,17:34
616,12616,Guwahati Superfast Express,Superfast,NE06,NF03,1815,Weekly,NFR,02:48,04:26
617,12617,Jaipur Mail Express,Mail,NF01,NF06,1099,Bi-weekly,NWR,18:16,05:20
618,12618,Secunderabad Passenger Express,Passenger,NF04,NW01,917,Daily,SCR,04:10,05:28
619,12619,Bilaspur Vande Bharat Express,Vande Bharat,NF07,NW04,876,Weekly,SECR,09:43,05:54
620,12620,Kolkata Express Express,Express,NW02,NW07,1824,Bi-weekly,SER,04:18,04:16
621,12621,Hubballi Superfast Express,Superfast,NW05,SC02,927,Daily,SWR,03:00,10:42
622,12622,Chennai Mail Express,Mail,NW08,SC05,782,Weekly,SR,19:22,20:14
623,12623,Jabalpur Passenger Express,Passenger,SC03,SC08,1331,Bi-weekly,WCR,17:03,21:21
624,12624,Mumbai Vande Bharat Express,Vande Bharat,SC06,SE03,1235,Daily,WR,14:38,00:52
625,12625,Mumbai Express Express,Express,SE01,SE06,1526,Weekly,CR,22:28,14:26
626,12626,Kolkata Superfast Express,Superfast,SE04,SE01,2144,Bi-weekly,ER,19:54,11:47
627,12627,Hajipur Mail Express,Mail,SE07,SE04,912,Daily,ECR,10:45,01:42
628,12628,Bhubaneswar Passenger Express,Passenger,SE02,SE07,116,Weekly,ECoR,13:28,10:29
629,12629,New Delhi Vande Bharat Express,Vande Bharat,SE05,SW02,1221,Bi-weekly,NR,09:27,13:45
630,12630,Prayagraj Express Express,Express,SE08,SW05,1361,Daily,NCR,14:50,22:06
631,12631,Gorakhpur Superfast Express,Superfast,SW03,SW08,1733,Weekly,NER,05:11,18:04
632,12632,Guwahati Mail Express,Mail,SW06,SR03,2046,Bi-weekly,NFR,17:59,15:52
633,12633,Jaipur Passenger Express,Passenger,SR01,SR06,355,Daily,NWR,20:09,07:07
634,12634,Secunderabad Vande Bharat Express,Vande Bharat,SR04,WC01,1011,Weekly,SCR,17:16,18:36
635,12635,Bilaspur Express Express,Express,SR07,WC04,1539,Bi-weekly,SECR,21:25,07:59
636,12636,Kolkata Superfast Express,Superfast,WC02,WC07,1372,Daily,SER,14:17,04:10
637,12637,Hubballi Mail Express,Mail,WC05,WR02,598,Weekly,SWR,04:44,01:37
638,12638,Chennai Passenger Express,Passenger,WC08,WR05,2282,Bi-weekly,SR,17:24,01:50
639,12639,Jabalpur Vande Bharat Express,Vande Bharat,WR03,WR08,87,Daily,WCR,15:40,04:44
640,12640,Mumbai Express Express,Express,WR06,CR03,487,Weekly,WR,05:48,22:15
641,12641,Mumbai Superfast Express,Superfast,CR01,CR06,2217,Bi-weekly,CR,21:46,03:17
642,12642,Kolkata Mail Express,Mail,CR04,ER01,1652,Daily,ER,22:48,09:14
643,12643,Hajipur Passenger Express,Passenger,CR07,ER04,2307,Weekly,ECR,06:20,22:33
644,12644,Bhubaneswar Vande Bharat Express,Vande Bharat,ER02,ER07,693,Bi-weekly,ECoR,00:25,22:25
645,12645,New Delhi Express Express,Express,ER05,EC02,1702,Daily,NR,05:46,17:36
646,12646,Prayagraj Superfast Express,Superfast,ER08,EC05,1870,Weekly,NCR,13:22,16:50
647,12647,Gorakhpur Mail Express,Mail,EC03,EC08,2031,Bi-weekly,NER,04:40,00:34
648,12648,Guwahati Passenger Express,Passenger,EC06,EC03,1405,Daily,NFR,08:59,20:02
649,12649,Jaipur Vande Bharat Express,Vande Bharat,EC01,EC06,564,Weekly,NWR,04:53,11:43
650,12650,Secunderabad Express Express,Express,EC04,NR01,1959,Bi-weekly,SCR,17:05,03:23
651,12651,Bilaspur Superfast Express,Superfast,EC07,NR04,865,Daily,SECR,17:09,08:14
652,12652,Kolkata Mail Express,Mail,NR02,NR07,518,Weekly,SER,03:11,12:24
653,12653,Hubballi Passenger Express,Passenger,NR05,NC02,1089,Bi-weekly,SWR,11:44,19:31
654,12654,Chennai Vande Bharat Express,Vande Bharat,NR08,NC05,1570,Daily,SR,16:41,03:58
655,12655,Jabalpur Express Express,Express,NC03,NC08,462,Weekly,WCR,09:39,09:14
656,12656,Mumbai Superfast Express,Superfast,NC06,NE03,2222,Bi-weekly,WR,01:14,22:43
657,12657,Mumbai Mail Express,Mail,NE01,NE06,281,Daily,CR,17:58,02:24
658,12658,Kolkata Passenger Express,Passenger,NE04,NF01,1166,Weekly,ER,03:12,03:11
659,12659,Hajipur Vande Bharat Express,Vande Bharat,NE07,NF04,1016,Bi-weekly,ECR,10:14,06:11
660,12660,Bhubaneswar Express Express,Express,NF02,NF07,1926,Daily,ECoR,04:54,12:48
661,12661,New Delhi Superfast Express,Superfast,NF05,NW02,1556,Weekly,NR,06:36,06:07
662,12662,Prayagraj Mail Express,Mail,NF08,NW05,670,Bi-weekly,NCR,06:08,00:56
663,12663,Gorakhpur Passenger Express,Passenger,NW03,NW08,1271,Daily,NER,09:55,05:24
664,12664,Guwahati Vande Bharat Express,Vande Bharat,NW06,SC03,2044,Weekly,NFR,14:23,05:02
665,12665,Jaipur Express Express,Express,SC01,SC06,277,Bi-weekly,NWR,03:47,14:26
666,12666,Secunderabad Superfast Express,Superfast,SC04,SE01,1896,Daily,SCR,03:12,09:55
667,12667,Bilaspur Mail Express,Mail,SC07,SE04,1505,Weekly,SECR,19:14,19:04
668,12668,Kolkata Passenger Express,Passenger,SE02,SE07,608,Bi-weekly,SER,12:03,19:52
669,12669,Hubballi Vande Bharat Express,Vande Bharat,SE05,SE02,1336,Daily,SWR,07:05,14:32
670,12670,Chennai Express Express,Express,SE08,SE05,1843,Weekly,SR,13:07,02:46
671,12671,Jabalpur Superfast Express,Superfast,SE03,SE08,448,Bi-weekly,WCR,21:06,16:58
672,12672,Mumbai Mail Express,Mail,SE06,SW03,1103,Daily,WR,01:52,04:31
673,12673,Mumbai Passenger Express,Passenger,SW01,SW06,2364,Weekly,CR,17:02,18:09
674,12674,Kolkata Vande Bharat Express,Vande Bharat,SW04,SR01,1818,Bi-weekly,ER,14:17,09:07
675,12675,Hajipur Express Express,Express,SW07,SR04,2369,Daily,ECR,05:18,11:40
676,12676,Bhubaneswar Superfast Express,Superfast,SR02,SR07,1252,Weekly,ECoR,11:34,19:23
677,12677,New Delhi Mail Express,Mail,SR05,WC02,2010,Bi-weekly,NR,18:57,21:47
678,12678,Prayagraj Passenger Express,Passenger,SR08,WC05,652,Daily,NCR,17:44,06:40
679,12679,Gorakhpur Vande Bharat Express,Vande Bharat,WC03,WC08,666,Weekly,NER,12:47,04:20
680,12680,Guwahati Express Express,Express,WC06,WR03,1924,Bi-weekly,NFR,10:57,00:43
681,12681,Jaipur Superfast Express,Superfast,WR01,WR06,1968,Daily,NWR,21:09,22:23
682,12682,Secunderabad Mail Express,Mail,WR04,CR01,896,Weekly,SCR,08:38,15:28
683,12683,Bilaspur Passenger Express,Passenger,WR07,CR04,244,Bi-weekly,SECR,22:13,02:35
684,12684,Kolkata Vande Bharat Express,Vande Bharat,CR02,CR07,1036,Daily,SER,14:52,02:17
685,12685,Hubballi Express Express,Express,CR05,ER02,1278,Weekly,SWR,18:36,08:36
686,12686,Chennai Superfast Express,Superfast,CR08,ER05,2353,Bi-weekly,SR,11:53,17:18
687,12687,Jabalpur Mail Express,Mail,ER03,ER08,658,Daily,WCR,17:12,07:14
688,12688,Mumbai Passenger Express,Passenger,ER06,EC03,1486,Weekly,WR,06:39,21:49
689,12689,Mumbai Vande Bharat Express,Vande Bharat,EC01,EC06,2279,Bi-weekly,CR,00:27,05:55
690,12690,Kolkata Express Express,Express,EC04,EC01,1731,Daily,ER,07:33,13:29
691,12691,Hajipur Superfast Express,Superfast,EC07,EC04,1180,Weekly,ECR,01:27,08:49
692,12692,Bhubaneswar Mail Express,Mail,EC02,EC07,2087,Bi-weekly,ECoR,17:01,19:23
693,12693,New Delhi Passenger Express,Passenger,EC05,NR02,1045,Daily,NR,21:52,01:21
694,12694,Prayagraj Vande Bharat Express,Vande Bharat,EC08,NR05,1819,Weekly,NCR,12:15,12:51
695,12695,Gorakhpur Express Express,Express,NR03,NR08,598,Bi-weekly,NER,17:44,20:17
696,12696,Guwahati Superfast Express,Superfast,NR06,NC03,580,Daily,NFR,12:31,09:46
697,12697,Jaipur Mail Express,Mail,NC01,NC06,1933,Weekly,NWR,05:47,05:24
698,12698,Secunderabad Passenger Express,Passenger,NC04,NE01,143,Bi-weekly,SCR,07:57,10:42
699,12699,Bilaspur Vande Bharat Express,Vande Bharat,NC07,NE04,330,Daily,SECR,14:22,17:55
700,12700,Kolkata Express Express,Express,NE02,NE07,1313,Weekly,SER,02:28,02:26
701,12701,Hubballi Superfast Express,Superfast,NE05,NF02,221,Bi-weekly,SWR,14:18,04:01
702,12702,Chennai Mail Express,Mail,NE08,NF05,2140,Daily,SR,19:48,01:20
703,12703,Jabalpur Passenger Express,Passenger,NF03,NF08,2333,Weekly,WCR,13:07,03:15
704,12704,Mumbai Vande Bharat Express,Vande Bharat,NF06,NW03,2335,Bi-weekly,WR,03:54,15:55
705,12705,Mumbai Express Express,Express,NW01,NW06,1996,Daily,CR,07:49,03:17
706,12706,Kolkata Superfast Express,Superfast,NW04,SC01,571,Weekly,ER,03:05,04:07
707,12707,Hajipur Mail Express,Mail,NW07,SC04,962,Bi-weekly,ECR,01:03,22:05
708,12708,Bhubaneswar Passenger Express,Passenger,SC02,SC07,251,Daily,ECoR,00:07,12:49
709,12709,New Delhi Vande Bharat Express,Vande Bharat,SC05,SE02,1784,Weekly,NR,13:05,17:02
710,12710,Prayagraj Express Express,Express,SC08,SE05,1543,Bi-weekly,NCR,09:52,07:38
711,12711,Gorakhpur Superfast Express,Superfast,SE03,SE08,1100,Daily,NER,12:56,16:24
712,12712,Guwahati Mail Express,Mail,SE06,SE03,1117,Weekly,NFR,16:20,03:28
713,12713,Jaipur Passenger Express,Passenger,SE01,SE06,238,Bi-weekly,NWR,03:25,18:46
714,12714,Secunderabad Vande Bharat Express,Vande Bharat,SE04,SW01,684,Daily,SCR,09:09,17:14
715,12715,Bilaspur Express Express,Express,SE07,SW04,1934,Weekly,SECR,19:41,07:57
716,12716,Kolkata Superfast Express,Superfast,SW02,SW07,1671,Bi-weekly,SER,14:51,20:04
717,12717,Hubballi Mail Express,Mail,SW05,SR02,2125,Daily,SWR,17:12,07:45
718,12718,Chennai Passenger Express,Passenger,SW08,SR05,582,Weekly,SR,10:41,14:54
719,12719,Jabalpur Vande Bharat Express,Vande Bharat,SR03,SR08,338,Bi-weekly,WCR,06:59,13:14
720,12720,Mumbai Express Express,Express,SR06,WC03,752,Daily,WR,07:33,06:37
721,12721,Mumbai Superfast Express,Superfast,WC01,WC06,1113,Weekly,CR,14:09,14:55
722,12722,Kolkata Mail Express,Mail,WC04,WR01,393,Bi-weekly,ER,07:41,14:40
723,12723,Hajipur Passenger Express,Passenger,WC07,WR04,1378,Daily,ECR,15:36,01:45
724,12724,Bhubaneswar Vande Bharat Express,Vande Bharat,WR02,WR07,1116,Weekly,ECoR,01:24,10:05
725,12725,New Delhi Express Express,Express,WR05,CR02,2390,Bi-weekly,NR,05:19,10:49
726,12726,Prayagraj Superfast Express,Superfast,WR08,CR05,1803,Daily,NCR,17:14,19:49
727,12727,Gorakhpur Mail Express,Mail,CR03,CR08,1156,Weekly,NER,12:02,17:57
728,12728,Guwahati Passenger Express,Passenger,CR06,ER03,1176,Bi-weekly,NFR,12:29,01:37
729,12729,Jaipur Vande Bharat Express,Vande Bharat,ER01,ER06,1753,Daily,NWR,21:55,11:57
730,12730,Secunderabad Express Express,Express,ER04,EC01,1306,Weekly,SCR,14:36,22:44
731,12731,Bilaspur Superfast Express,Superfast,ER07,EC04,358,Bi-weekly,SECR,01:24,11:40
732,12732,Kolkata Mail Express,Mail,EC02,EC07,1197,Daily,SER,11:55,07:29
733,12733,Hubballi Passenger Express,Passenger,EC05,EC02,1373,Weekly,SWR,10:58,22:30
734,12734,Chennai Vande Bharat Express,Vande Bharat,EC08,EC05,1125,Bi-weekly,SR,13:10,09:13
735,12735,Jabalpur Express Express,Express,EC03,EC08,414,Daily,WCR,02:35,00:38
736,12736,Mumbai Superfast Express,Superfast,EC06,NR03,1082,Weekly,WR,08:46,12:44
737,12737,Mumbai Mail Express,Mail,NR01,NR06,1725,Bi-weekly,CR,00:12,13:58
738,12738,Kolkata Passenger Express,Passenger,NR04,NC01,437,Daily,ER,02:56,22:10
739,12739,Hajipur Vande Bharat Express,Vande Bharat,NR07,NC04,1011,Weekly,ECR,14:11,07:23
740,12740,Bhubaneswar Express Express,Express,NC02,NC07,1568,Bi-weekly,ECoR,07:24,06:45
741,12741,New Delhi Superfast Express,Superfast,NC05,NE02,435,Daily,NR,05:14,20:56
742,12742,Prayagraj Mail Express,Mail,NC08,NE05,1240,Weekly,NCR,03:45,11:50
743,12743,Gorakhpur Passenger Express,Passenger,NE03,NE08,915,Bi-weekly,NER,22:48,05:43
744,12744,Guwahati Vande Bharat Express,Vande Bharat,NE06,NF03,745,Daily,NFR,08:15,15:15
745,12745,Jaipur Express Express,Express,NF01,NF06,1562,Weekly,NWR,13:45,22:00
746,12746,Secunderabad Superfast Express,Superfast,NF04,NW01,2377,Bi-weekly,SCR,02:31,07:38
747,12747,Bilaspur Mail Express,Mail,NF07,NW04,1754,Daily,SECR,19:24,21:19
748,12748,Kolkata Passenger Express,Passenger,NW02,NW07,552,Weekly,SER,08:31,15:49
749,12749,Hubballi Vande Bharat Express,Vande Bharat,NW05,SC02,601,Bi-weekly,SWR,06:56,10:14
750,12750,Chennai Express Express,Express,NW08,SC05,2366,Daily,SR,10:59,21:54
751,12751,Jabalpur Superfast Express,Superfast,SC03,SC08,1429,Weekly,WCR,18:57,06:02
752,12752,Mumbai Mail Express,Mail,SC06,SE03,824,Bi-weekly,WR,14:32,01:33
753,12753,Mumbai Passenger Express,Passenger,SE01,SE06,484,Daily,CR,11:34,14:24
754,12754,Kolkata Vande Bharat Express,Vande Bharat,SE04,SE01,1027,Weekly,ER,15:44,18:20
755,12755,Hajipur Express Express,Express,SE07,SE04,1063,Bi-weekly,ECR,07:31,02:25
756,12756,Bhubaneswar Superfast Express,Superfast,SE02,SE07,517,Daily,ECoR,12:51,22:26
757,12757,New Delhi Mail Express,Mail,SE05,SW02,210,Weekly,NR,05:06,17:59
758,12758,Prayagraj Passenger Express,Passenger,SE08,SW05,1365,Bi-weekly,NCR,04:01,22:18
759,12759,Gorakhpur Vande Bharat Express,Vande Bharat,SW03,SW08,339,Daily,NER,04:15,15:53
760,12760,Guwahati Express Express,Express,SW06,SR03,718,Weekly,NFR,15:03,00:03
761,12761,Jaipur Superfast Express,Superfast,SR01,SR06,2221,Bi-weekly,NWR,13:48,00:01
762,12762,Secunderabad Mail Express,Mail,SR04,WC01,2049,Daily,SCR,02:09,11:36
763,12763,Bilaspur Passenger Express,Passenger,SR07,WC04,611,Weekly,SECR,10:40,10:22
764,12764,Kolkata Vande Bharat Express,Vande Bharat,WC02,WC07,246,Bi-weekly,SER,10:48,14:53
765,12765,Hubballi Express Express,Express,WC05,WR02,372,Daily,SWR,00:32,04:35
766,12766,Chennai Superfast Express,Superfast,WC08,WR05,2177,Weekly,SR,07:32,15:09
767,12767,Jabalpur Mail Express,Mail,WR03,WR08,2161,Bi-weekly,WCR,04:48,15:08
768,12768,Mumbai Passenger Express,Passenger,WR06,CR03,1761,Daily,WR,04:35,22:57
769,12769,Mumbai Vande Bharat Express,Vande Bharat,CR01,CR06,2101,Weekly,CR,11:33,06:55
770,12770,Kolkata Express Express,Express,CR04,ER01,1187,Bi-weekly,ER,17:21,17:13
771,12771,Hajipur Superfast Express,Superfast,CR07,ER04,1782,Daily,ECR,01:06,08:28
772,12772,Bhubaneswar Mail Express,Mail,ER02,ER07,1730,Weekly,ECoR,08:01,07:26
773,12773,New Delhi Passenger Express,Passenger,ER05,EC02,1341,Bi-weekly,NR,14:14,14:37
774,12774,Prayagraj Vande Bharat Express,Vande Bharat,ER08,EC05,1881,Daily,NCR,12:48,05:42
775,12775,Gorakhpur Express Express,Express,EC03,EC08,186,Weekly,NER,02:51,10:37
776,12776,Guwahati Superfast Express,Superfast,EC06,EC03,1479,Bi-weekly,NFR,15:14,04:02
777,12777,Jaipur Mail Express,Mail,EC01,EC06,2086,Daily,NWR,05:34,10:09
778,12778,Secunderabad Passenger Express,Passenger,EC04,NR01,1040,Weekly,SCR,01:10,03:49
779,12779,Bilaspur Vande Bharat Express,Vande Bharat,EC07,NR04,1396,Bi-weekly,SECR,21:26,04:36
780,12780,Kolkata Express Express,Express,NR02,NR07,2236,Daily,SER,12:01,06:55
781,12781,Hubballi Superfast Express,Superfast,NR05,NC02,1282,Weekly,SWR,21:30,00:52
782,12782,Chennai Mail Express,Mail,NR08,NC05,1850,Bi-weekly,SR,16:58,04:54
783,12783,Jabalpur Passenger Express,Passenger,NC03,NC08,619,Daily,WCR,22:11,12:47
784,12784,Mumbai Vande Bharat Express,Vande Bharat,NC06,NE03,261,Weekly,WR,01:50,01:36
785,12785,Mumbai Express Express,Express,NE01,NE06,2256,Bi-weekly,CR,14:28,09:38
786,12786,Kolkata Superfast Express,Superfast,NE04,NF01,1406,Daily,ER,11:09,15:44
787,12787,Hajipur Mail Express,Mail,NE07,NF04,1724,Weekly,ECR,01:42,16:11
788,12788,Bhubaneswar Passenger Express,Passenger,NF02,NF07,2049,Bi-weekly,ECoR,12:28,16:30
789,12789,New Delhi Vande Bharat Express,Vande Bharat,NF05,NW02,1343,Daily,NR,07:55,22:07
790,12790,Prayagraj Express Express,Express,NF08,NW05,1780,Weekly,NCR,00:22,22:10
791,12791,Gorakhpur Superfast Express,Superfast,NW03,NW08,954,Bi-weekly,NER,05:43,10:35
792,12792,Guwahati Mail Express,Mail,NW06,SC03,2266,Daily,NFR,11:44,02:12
793,12793,Jaipur Passenger Express,Passenger,SC01,SC06,2276,Weekly,NWR,19:39,08:11
794,12794,Secunderabad Vande Bharat Express,Vande Bharat,SC04,SE01,2055,Bi-weekly,SCR,18:14,13:37
795,12795,Bilaspur Express Express,Express,SC07,SE04,1187,Daily,SECR,21:07,05:05
796,12796,Kolkata Superfast Express,Superfast,SE02,SE07,1687,Weekly,SER,14:59,12:09
797,12797,Hubballi Mail Express,Mail,SE05,SE02,1126,Bi-weekly,SWR,02:40,15:51
798,12798,Chennai Passenger Express,Passenger,SE08,SE05,868,Daily,SR,07:04,09:28
799,12799,Jabalpur Vande Bharat Express,Vande Bharat,SE03,SE08,1830,Weekly,WCR,17:08,06:30
800,12800,Mumbai Express Express,Express,SE06,SW03,857,Bi-weekly,WR,00:50,16:31
801,12801,Mumbai Superfast Express,Superfast,SW01,SW06,816,Daily,CR,19:02,10:48
802,12802,Kolkata Mail Express,Mail,SW04,SR01,2290,Weekly,ER,05:39,04:06
803,12803,Hajipur Passenger Express,Passenger,SW07,SR04,899,Bi-weekly,ECR,20:41,11:16
804,12804,Bhubaneswar Vande Bharat Express,Vande Bharat,SR02,SR07,408,Daily,ECoR,06:09,04:41
805,12805,New Delhi Express Express,Express,SR05,WC02,387,Weekly,NR,01:32,06:27
806,12806,Prayagraj Superfast Express,Superfast,SR08,WC05,404,Bi-weekly,NCR,04:26,15:24
807,12807,Gorakhpur Mail Express,Mail,WC03,WC08,1336,Daily,NER,12:16,06:25
808,12808,Guwahati Passenger Express,Passenger,WC06,WR03,154,Weekly,NFR,15:36,07:22
809,12809,Jaipur Vande Bharat Express,Vande Bharat,WR01,WR06,842,Bi-weekly,NWR,14:45,02:24
810,12810,Secunderabad Express Express,Express,WR04,CR01,111,Daily,SCR,10:14,07:27
811,12811,Bilaspur Superfast Express,Superfast,WR07,CR04,831,Weekly,SECR,09:45,18:00
812,12812,Kolkata Mail Express,Mail,CR02,CR07,956,Bi-weekly,SER,19:31,04:35
813,12813,Hubballi Passenger Express,Passenger,CR05,ER02,416,Daily,SWR,00:37,11:45
814,12814,Chennai Vande Bharat Express,Vande Bharat,CR08,ER05,880,Weekly,SR,19:25,16:06
815,12815,Jabalpur Express Express,Express,ER03,ER08,305,Bi-weekly,WCR,18:50,21:19
816,12816,Mumbai Superfast Express,Superfast,ER06,EC03,131,Daily,WR,22:36,05:45
817,12817,Mumbai Mail Express,Mail,EC01,EC06,2177,Weekly,CR,06:46,18:30
818,12818,Kolkata Passenger Express,Passenger,EC04,EC01,1547,Bi-weekly,ER,06:55,22:58
819,12819,Hajipur Vande Bharat Express,Vande Bharat,EC07,EC04,1790,Daily,ECR,00:21,10:57
820,12820,Bhubaneswar Express Express,Express,EC02,EC07,1349,Weekly,ECoR,12:08,18:20
821,12821,New Delhi Superfast Express,Superfast,EC05,NR02,293,Bi-weekly,NR,22:11,00:04
822,12822,Prayagraj Mail Express,Mail,EC08,NR05,1129,Daily,NCR,02:50,11:19
823,12823,Gorakhpur Passenger Express,Passenger,NR03,NR08,87,Weekly,NER,11:09,22:17
824,12824,Guwahati Vande Bharat Express,Vande Bharat,NR06,NC03,1181,Bi-weekly,NFR,00:07,04:03
825,12825,Jaipur Express Express,Express,NC01,NC06,1764,Daily,NWR,21:59,06:47
826,12826,Secunderabad Superfast Express,Superfast,NC04,NE01,1249,Weekly,SCR,01:05,12:25
827,12827,Bilaspur Mail Express,Mail,NC07,NE04,99,Bi-weekly,SECR,21:43,11:59
828,12828,Kolkata Passenger Express,Passenger,NE02,NE07,2333,Daily,SER,22:15,20:30
829,12829,Hubballi Vande Bharat Express,Vande Bharat,NE05,NF02,1764,Weekly,SWR,19:09,10:07
830,12830,Chennai Express Express,Express,NE08,NF05,728,Bi-weekly,SR,09:51,19:23
831,12831,Jabalpur Superfast Express,Superfast,NF03,NF08,843,Daily,WCR,12:54,22:13
832,12832,Mumbai Mail Express,Mail,NF06,NW03,512,Weekly,WR,16:18,04:01
833,12833,Mumbai Passenger Express,Passenger,NW01,NW06,1015,Bi-weekly,CR,09:33,04:42
834,12834,Kolkata Vande Bharat Express,Vande Bharat,NW04,SC01,1657,Daily,ER,10:10,11:40
835,12835,Hajipur Express Express,Express,NW07,SC04,944,Weekly,ECR,06:30,08:24
836,12836,Bhubaneswar Superfast Express,Superfast,SC02,SC07,889,Bi-weekly,ECoR,06:43,10:27
837,12837,New Delhi Mail Express,Mail,SC05,SE02,1595,Daily,NR,08:06,19:03
838,12838,Prayagraj Passenger Express,Passenger,SC08,SE05,1406,Weekly,NCR,06:12,00:54
839,12839,Gorakhpur Vande Bharat Express,Vande Bharat,SE03,SE08,1075,Bi-weekly,NER,07:44,00:33
840,12840,Guwahati Express Express,Express,SE06,SE03,1227,Daily,NFR,12:07,21:14
841,12841,Jaipur Superfast Express,Superfast,SE01,SE06,1654,Weekly,NWR,17:20,03:17
842,12842,Secunderabad Mail Express,Mail,SE04,SW01,1952,Bi-weekly,SCR,20:56,05:36
843,12843,Bilaspur Passenger Express,Passenger,SE07,SW04,430,Daily,SECR,16:24,16:41
844,12844,Kolkata Vande Bharat Express,Vande Bharat,SW02,SW07,2383,Weekly,SER,11:20,12:09
845,12845,Hubballi Express Express,Express,SW05,SR02,339,Bi-weekly,SWR,11:49,12:46
846,12846,Chennai Superfast Express,Superfast,SW08,SR05,492,Daily,SR,10:36,07:00
847,12847,Jabalpur Mail Express,Mail,SR03,SR08,250,Weekly,WCR,21:36,06:15
848,12848,Mumbai Passenger Express,Passenger,SR06,WC03,171,Bi-weekly,WR,21:06,17:14
849,12849,Mumbai Vande Bharat Express,Vande Bharat,WC01,WC06,858,Daily,CR,06:49,00:21
850,12850,Kolkata Express Express,Express,WC04,WR01,728,Weekly,ER,06:11,20:22
851,12851,Hajipur Superfast Express,Superfast,WC07,WR04,1050,Bi-weekly,ECR,08:58,07:20
852,12852,Bhubaneswar Mail Express,Mail,WR02,WR07,840,Daily,ECoR,07:05,13:01
853,12853,New Delhi Passenger Express,Passenger,WR05,CR02,604,Weekly,NR,04:17,17:35
854,12854,Prayagraj Vande Bharat Express,Vande Bharat,WR08,CR05,2378,Bi-weekly,NCR,08:55,01:30
855,12855,Gorakhpur Express Express,Express,CR03,CR08,1933,Daily,NER,12:55,07:01
856,12856,Guwahati Superfast Express,Superfast,CR06,ER03,1875,Weekly,NFR,01:45,16:50
857,12857,Jaipur Mail Express,Mail,ER01,ER06,1191,Bi-weekly,NWR,20:10,09:07
858,12858,Secunderabad Passenger Express,Passenger,ER04,EC01,1859,Daily,SCR,16:48,17:18
859,12859,Bilaspur Vande Bharat Express,Vande Bharat,ER07,EC04,237,Weekly,SECR,21:29,02:55
860,12860,Kolkata Express Express,Express,EC02,EC07,2386,Bi-weekly,SER,10:46,00:05
861,12861,Hubballi Superfast Express,Superfast,EC05,EC02,721,Daily,SWR,15:08,00:40
862,12862,Chennai Mail Express,Mail,EC08,EC05,1866,Weekly,SR,17:47,18:36
863,12863,Jabalpur Passenger Express,Passenger,EC03,EC08,1285,Bi-weekly,WCR,19:20,02:45
864,12864,Mumbai Vande Bharat Express,Vande Bharat,EC06,NR03,720,Daily,WR,22:24,19:02
865,12865,Mumbai Express Express,Express,NR01,NR06,1609,Weekly,CR,10:27,06:58
866,12866,Kolkata Superfast Express,Superfast,NR04,NC01,991,Bi-weekly,ER,19:25,01:52
867,12867,Hajipur Mail Express,Mail,NR07,NC04,509,Daily,ECR,06:51,20:55
868,12868,Bhubaneswar Passenger Express,Passenger,NC02,NC07,1068,Weekly,ECoR,17:19,17:30
869,12869,New Delhi Vande Bharat Express,Vande Bharat,NC05,NE02,200,Bi-weekly,NR,09:28,05:22
870,12870,Prayagraj Express Express,Express,NC08,NE05,1246,Daily,NCR,01:09,17:21
871,12871,Gorakhpur Superfast Express,Superfast,NE03,NE08,1491,Weekly,NER,13:33,09:28
872,12872,Guwahati Mail Express,Mail,NE06,NF03,1991,Bi-weekly,NFR,22:15,15:58
873,12873,Jaipur Passenger Express,Passenger,NF01,NF06,97,Daily,NWR,18:29,22:34
874,12874,Secunderabad Vande Bharat Express,Vande Bharat,NF04,NW01,2024,Weekly,SCR,03:08,21:31
875,12875,Bilaspur Express Express,Express,NF07,NW04,1375,Bi-weekly,SECR,03:13,18:18
876,12876,Kolkata Superfast Express,Superfast,NW02,NW07,1435,Daily,SER,07:15,03:55
877,12877,Hubballi Mail Express,Mail,NW05,SC02,2260,Weekly,SWR,02:21,12:22
878,12878,Chennai Passenger Express,Passenger,NW08,SC05,1752,Bi-weekly,SR,05:03,07:35
879,12879,Jabalpur Vande Bharat Express,Vande Bharat,SC03,SC08,499,Daily,WCR,18:00,01:30
880,12880,Mumbai Express Express,Express,SC06,SE03,1268,Weekly,WR,06:15,01:39
881,12881,Mumbai Superfast Express,Superfast,SE01,SE06,959,Bi-weekly,CR,02:23,21:15
882,12882,Kolkata Mail Express,Mail,SE04,SE01,2155,Daily,ER,05:11,05:19
883,12883,Hajipur Passenger Express,Passenger,SE07,SE04,359,Weekly,ECR,13:20,16:29
884,12884,Bhubaneswar Vande Bharat Express,Vande Bharat,SE02,SE07,1106,Bi-weekly,ECoR,10:09,16:06
885,12885,New Delhi Express Express,Express,SE05,SW02,1753,Daily,NR,22:45,10:18
886,12886,Prayagraj Superfast Express,Superfast,SE08,SW05,2104,Weekly,NCR,05:28,17:55
887,12887,Gorakhpur Mail Express,Mail,SW03,SW08,2216,Bi-weekly,NER,02:53,02:35
888,12888,Guwahati Passenger Express,Passenger,SW06,SR03,2236,Daily,NFR,15:56,07:18
889,12889,Jaipur Vande Bharat Express,Vande Bharat,SR01,SR06,836,Weekly,NWR,08:40,10:44
890,12890,Secunderabad Express Express,Express,SR04,WC01,1045,Bi-weekly,SCR,07:11,12:53
891,12891,Bilaspur Superfast Express,Superfast,SR07,WC04,2072,Daily,SECR,05:28,16:36
892,12892,Kolkata Mail Express,Mail,WC02,WC07,235,Weekly,SER,13:02,02:39
893,12893,Hubballi Passenger Express,Passenger,WC05,WR02,317,Bi-weekly,SWR,07:35,15:26
894,12894,Chennai Vande Bharat Express,Vande Bharat,WC08,WR05,298,Daily,SR,18:56,20:44
895,12895,Jabalpur Express Express,Express,WR03,WR08,1013,Weekly,WCR,20:29,03:51
896,12896,Mumbai Superfast Express,Superfast,WR06,CR03,822,Bi-weekly,WR,21:22,19:32
897,12897,Mumbai Mail Express,Mail,CR01,CR06,1164,Daily,CR,06:50,01:28
898,12898,Kolkata Passenger Express,Passenger,CR04,ER01,935,Weekly,ER,12:15,15:23
899,12899,Hajipur Vande Bharat Express,Vande Bharat,CR07,ER04,516,Bi-weekly,ECR,04:41,06:18
900,12900,Bhubaneswar Express Express,Express,ER02,ER07,1534,Daily,ECoR,07:23,05:20
901,12901,New Delhi Superfast Express,Superfast,ER05,EC02,1687,Weekly,NR,12:59,17:01
902,12902,Prayagraj Mail Express,Mail,ER08,EC05,958,Bi-weekly,NCR,06:35,06:57
903,12903,Gorakhpur Passenger Express,Passenger,EC03,EC08,774,Daily,NER,12:07,20:54
904,12904,Guwahati Vande Bharat Express,Vande Bharat,EC06,EC03,1921,Weekly,NFR,08:03,16:25
905,12905,Jaipur Express Express,Express,EC01,EC06,2377,Bi-weekly,NWR,16:32,22:48
906,12906,Secunderabad Superfast Express,Superfast,EC04,NR01,1143,Daily,SCR,00:05,10:33
907,12907,Bilaspur Mail Express,Mail,EC07,NR04,149,Weekly,SECR,02:42,17:01
908,12908,Kolkata Passenger Express,Passenger,NR02,NR07,1257,Bi-weekly,SER,01:43,19:52
909,12909,Hubballi Vande Bharat Express,Vande Bharat,NR05,NC02,1467,Daily,SWR,14:55,14:26
910,12910,Chennai Express Express,Express,NR08,NC05,1830,Weekly,SR,13:50,12:52
911,12911,Jabalpur Superfast Express,Superfast,NC03,NC08,184,Bi-weekly,WCR,00:05,12:42
912,12912,Mumbai Mail Express,Mail,NC06,NE03,581,Daily,WR,03:51,17:38
913,12913,Mumbai Passenger Express,Passenger,NE01,NE06,1213,Weekly,CR,09:01,04:53
914,12914,Kolkata Vande Bharat Express,Vande Bharat,NE04,NF01,866,Bi-weekly,ER,16:42,07:12
915,12915,Hajipur Express Express,Express,NE07,NF04,1684,Daily,ECR,02:29,20:42
916,12916,Bhubaneswar Superfast Express,Superfast,NF02,NF07,1852,Weekly,ECoR,01:11,06:17
917,12917,New Delhi Mail Express,Mail,NF05,NW02,530,Bi-weekly,NR,22:09,16:35
918,12918,Prayagraj Passenger Express,Passenger,NF08,NW05,1496,Daily,NCR,04:18,13:17
919,12919,Gorakhpur Vande Bharat Express,Vande Bharat,NW03,NW08,1690,Weekly,NER,00:04,16:37
920,12920,Guwahati Express Express,Express,NW06,SC03,180,Bi-weekly,NFR,20:00,21:43
921,12921,Jaipur Superfast Express,Superfast,SC01,SC06,2372,Daily,NWR,21:18,17:12
922,12922,Secunderabad Mail Express,Mail,SC04,SE01,1174,Weekly,SCR,05:29,20:26
923,12923,Bilaspur Passenger Express,Passenger,SC07,SE04,294,Bi-weekly,SECR,07:47,11:33
924,12924,Kolkata Vande Bharat Express,Vande Bharat,SE02,SE07,1080,Daily,SER,06:35,14:53
925,12925,Hubballi Express Express,Express,SE05,SE02,1513,Weekly,SWR,22:49,01:23
926,12926,Chennai Superfast Express,Superfast,SE08,SE05,972,Bi-weekly,SR,00:10,17:21
927,12927,Jabalpur Mail Express,Mail,SE03,SE08,423,Daily,WCR,06:16,04:06
928,12928,Mumbai Passenger Express,Passenger,SE06,SW03,1852,Weekly,WR,18:29,14:55
929,12929,Mumbai Vande Bharat Express,Vande Bharat,SW01,SW06,2034,Bi-weekly,CR,00:57,01:01
930,12930,Kolkata Express Express,Express,SW04,SR01,1015,Daily,ER,17:04,06:15
931,12931,Hajipur Superfast Express,Superfast,SW07,SR04,1001,Weekly,ECR,22:19,04:07
932,12932,Bhubaneswar Mail Express,Mail,SR02,SR07,539,Bi-weekly,ECoR,03:34,09:29
933,12933,New Delhi Passenger Express,Passenger,SR05,WC02,2010,Daily,NR,13:09,08:18
934,12934,Prayagraj Vande Bharat Express,Vande Bharat,SR08,WC05,1998,Weekly,NCR,07:08,16:25
935,12935,Gorakhpur Express Express,Express,WC03,WC08,302,Bi-weekly,NER,15:12,19:49
936,12936,Guwahati Superfast Express,Superfast,WC06,WR03,937,Daily,NFR,12:34,15:04
937,12937,Jaipur Mail Express,Mail,WR01,WR06,833,Weekly,NWR,03:41,01:31
938,12938,Secunderabad Passenger Express,Passenger,WR04,CR01,1768,Bi-weekly,SCR,21:17,00:43
939,12939,Bilaspur Vande Bharat Express,Vande Bharat,WR07,CR04,83,Daily,SECR,01:59,19:42
940,12940,Kolkata Express Express,Express,CR02,CR07,2018,Weekly,SER,01:05,06:01
941,12941,Hubballi Superfast Express,Superfast,CR05,ER02,2140,Bi-weekly,SWR,01:32,19:44
942,12942,Chennai Mail Express,Mail,CR08,ER05,624,Daily,SR,10:32,17:25
943,12943,Jabalpur Passenger Express,Passenger,ER03,ER08,741,Weekly,WCR,18:53,11:01
944,12944,Mumbai Vande Bharat Express,Vande Bharat,ER06,EC03,1241,Bi-weekly,WR,20:59,09:09
945,12945,Mumbai Express Express,Express,EC01,EC06,1407,Daily,CR,19:56,01:17
946,12946,Kolkata Superfast Express,Superfast,EC04,EC01,1188,Weekly,ER,02:53,02:39
947,12947,Hajipur Mail Express,Mail,EC07,EC04,2211,Bi-weekly,ECR,15:45,06:49
948,12948,Bhubaneswar Passenger Express,Passenger,EC02,EC07,1051,Daily,ECoR,01:21,08:31
949,12949,New Delhi Vande Bharat Express,Vande Bharat,EC05,NR02,694,Weekly,NR,10:25,07:41
950,12950,Prayagraj Express Express,Express,EC08,NR05,788,Bi-weekly,NCR,17:15,19:21
951,12951,Gorakhpur Superfast Express,Superfast,NR03,NR08,174,Daily,NER,03:48,20:12
952,12952,Guwahati Mail Express,Mail,NR06,NC03,1476,Weekly,NFR,13:08,10:41
953,12953,Jaipur Passenger Express,Passenger,NC01,NC06,2323,Bi-weekly,NWR,19:05,05:26
954,12954,Secunderabad Vande Bharat Express,Vande Bharat,NC04,NE01,429,Daily,SCR,13:00,02:02
955,12955,Bilaspur Express Express,Express,NC07,NE04,765,Weekly,SECR,17:10,22:16
956,12956,Kolkata Superfast Express,Superfast,NE02,NE07,184,Bi-weekly,SER,07:44,02:04
957,12957,Hubballi Mail Express,Mail,NE05,NF02,2050,Daily,SWR,13:20,17:50
958,12958,Chennai Passenger Express,Passenger,NE08,NF05,913,Weekly,SR,12:00,07:35
959,12959,Jabalpur Vande Bharat Express,Vande Bharat,NF03,NF08,537,Bi-weekly,WCR,22:58,05:23
960,12960,Mumbai Express Express,Express,NF06,NW03,519,Daily,WR,11:07,08:33
961,12961,Mumbai Superfast Express,Superfast,NW01,NW06,1499,Weekly,CR,13:13,18:41
962,12962,Kolkata Mail Express,Mail,NW04,SC01,1827,Bi-weekly,ER,10:53,08:48
963,12963,Hajipur Passenger Express,Passenger,NW07,SC04,552,Daily,ECR,05:31,12:44
964,12964,Bhubaneswar Vande Bharat Express,Vande Bharat,SC02,SC07,769,Weekly,ECoR,20:19,12:55
965,12965,New Delhi Express Express,Express,SC05,SE02,1331,Bi-weekly,NR,15:54,22:29
966,12966,Prayagraj Superfast Express,Superfast,SC08,SE05,1047,Daily,NCR,04:32,21:29
967,12967,Gorakhpur Mail Express,Mail,SE03,SE08,888,Weekly,NER,02:23,05:58
968,12968,Guwahati Passenger Express,Passenger,SE06,SE03,1304,Bi-weekly,NFR,03:04,19:55
969,12969,Jaipur Vande Bharat Express,Vande Bharat,SE01,SE06,1850,Daily,NWR,02:05,04:45
970,12970,Secunderabad Express Express,Express,SE04,SW01,1855,Weekly,SCR,19:05,03:54
971,12971,Bilaspur Superfast Express,Superfast,SE07,SW04,2234,Bi-weekly,SECR,16:06,01:03
972,12972,Kolkata Mail Express,Mail,SW02,SW07,1685,Daily,SER,19:37,06:45
973,12973,Hubballi Passenger Express,Passenger,SW05,SR02,217,Weekly,SWR,19:53,16:52
974,12974,Chennai Vande Bharat Express,Vande Bharat,SW08,SR05,1439,Bi-weekly,SR,10:19,21:41
975,12975,Jabalpur Express Express,Express,SR03,SR08,521,Daily,WCR,22:03,13:11
976,12976,Mumbai Superfast Express,Superfast,SR06,WC03,1621,Weekly,WR,09:26,15:45
977,12977,Mumbai Mail Express,Mail,WC01,WC06,961,Bi-weekly,CR,22:29,03:00
978,12978,Kolkata Passenger Express,Passenger,WC04,WR01,549,Daily,ER,15:32,07:28
979,12979,Hajipur Vande Bharat Express,Vande Bharat,WC07,WR04,2024,Weekly,ECR,13:03,01:28
980,12980,Bhubaneswar Express Express,Express,WR02,WR07,1017,Bi-weekly,ECoR,19:34,17:35
981,12981,New Delhi Superfast Express,Superfast,WR05,CR02,881,Daily,NR,15:37,16:11
982,12982,Prayagraj Mail Express,Mail,WR08,CR05,1568,Weekly,NCR,06:47,18:37
983,12983,Gorakhpur Passenger Express,Passenger,CR03,CR08,2276,Bi-weekly,NER,12:01,13:46
984,12984,Guwahati Vande Bharat Express,Vande Bharat,CR06,ER03,314,Daily,NFR,02:16,19:31
985,12985,Jaipur Express Express,Express,ER01,ER06,2345,Weekly,NWR,20:33,15:19
986,12986,Secunderabad Superfast Express,Superfast,ER04,EC01,289,Bi-weekly,SCR,09:35,04:13
987,12987,Bilaspur Mail Express,Mail,ER07,EC04,114,Daily,SECR,16:53,19:22
988,12988,Kolkata Passenger Express,Passenger,EC02,EC07,1456,Weekly,SER,22:35,06:20
989,12989,Hubballi Vande Bharat Express,Vande Bharat,EC05,EC02,1766,Bi-weekly,SWR,10:50,19:02
990,12990,Chennai Express Express,Express,EC08,EC05,1758,Daily,SR,08:31,06:22
991,12991,Jabalpur Superfast Express,Superfast,EC03,EC08,846,Weekly,WCR,01:46,03:22
992,12992,Mumbai Mail Express,Mail,EC06,NR03,527,Bi-weekly,WR,03:22,21:56
993,12993,Mumbai Passenger Express,Passenger,NR01,NR06,965,Daily,CR,11:59,05:56
994,12994,Kolkata Vande Bharat Express,Vande Bharat,NR04,NC01,325,Weekly,ER,05:20,00:48
995,12995,Hajipur Express Express,Express,NR07,NC04,2064,Bi-weekly,ECR,08:50,17:48
996,12996,Bhubaneswar Superfast Express,Superfast,NC02,NC07,1942,Daily,ECoR,13:06,21:36
997,12997,New Delhi Mail Express,Mail,NC05,NE02,2170,Weekly,NR,22:11,09:11
998,12998,Prayagraj Passenger Express,Passenger,NC08,NE05,198,Bi-weekly,NCR,22:55,21:53
999,12999,Gorakhpur Vande Bharat Express,Vande Bharat,NE03,NE08,1585,Daily,NER,12:59,12:38
1000,13000,Guwahati Express Express,Express,NE06,NF03,571,Weekly,NFR,17:49,15:29
1001,13001,Jaipur Superfast Express,Superfast,NF01,NF06,539,Bi-weekly,NWR,00:37,15:46
1002,13002,Secunderabad Mail Express,Mail,NF04,NW01,2285,Daily,SCR,11:49,16:16
1003,13003,Bilaspur Passenger Express,Passenger,NF07,NW04,2040,Weekly,SECR,01:35,21:39
1004,13004,Kolkata Vande Bharat Express,Vande Bharat,NW02,NW07,2253,Bi-weekly,SER,01:31,17:38
1005,13005,Hubballi Express Express,Express,NW05,SC02,2122,Daily,SWR,10:40,09:52
1006,13006,Chennai Superfast Express,Superfast,NW08,SC05,357,Weekly,SR,05:05,16:13
1007,13007,Jabalpur Mail Express,Mail,SC03,SC08,815,Bi-weekly,WCR,19:21,03:01
1008,13008,Mumbai Passenger Express,Passenger,SC06,SE03,605,Daily,WR,21:32,22:12
1009,13009,Mumbai Vande Bharat Express,Vande Bharat,SE01,SE06,895,Weekly,CR,03:23,12:48
1010,13010,Kolkata Express Express,Express,SE04,SE01,933,Bi-weekly,ER,17:37,06:54
1011,13011,Hajipur Superfast Express,Superfast,SE07,SE04,1087,Daily,ECR,03:57,21:02
1012,13012,Bhubaneswar Mail Express,Mail,SE02,SE07,2173,Weekly,ECoR,21:49,05:37
1013,13013,New Delhi Passenger Express,Passenger,SE05,SW02,1328,Bi-weekly,NR,14:36,14:30
1014,13014,Prayagraj Vande Bharat Express,Vande Bharat,SE08,SW05,1681,Daily,NCR,12:00,00:57
1015,13015,Gorakhpur Express Express,Express,SW03,SW08,2189,Weekly,NER,13:10,17:08
1016,13016,Guwahati Superfast Express,Superfast,SW06,SR03,955,Bi-weekly,NFR,07:00,18:30
1017,13017,Jaipur Mail Express,Mail,SR01,SR06,813,Daily,NWR,11:00,10:31
1018,13018,Secunderabad Passenger Express,Passenger,SR04,WC01,868,Weekly,SCR,19:14,03:31
1019,13019,Bilaspur Vande Bharat Express,Vande Bharat,SR07,WC04,2138,Bi-weekly,SECR,08:02,22:26
1020,13020,Kolkata Express Express,Express,WC02,WC07,481,Daily,SER,14:19,21:17
1021,13021,Hubballi Superfast Express,Superfast,WC05,WR02,1356,Weekly,SWR,12:14,11:06
1022,13022,Chennai Mail Express,Mail,WC08,WR05,1573,Bi-weekly,SR,17:57,07:17
1023,13023,Jabalpur Passenger Express,Passenger,WR03,WR08,1353,Daily,WCR,15:59,00:14
1024,13024,Mumbai Vande Bharat Express,Vande Bharat,WR06,CR03,688,Weekly,WR,05:27,20:01
1025,13025,Mumbai Express Express,Express,CR01,CR06,1972,Bi-weekly,CR,14:36,15:06
1026,13026,Kolkata Superfast Express,Superfast,CR04,ER01,1812,Daily,ER,05:30,15:36
1027,13027,Hajipur Mail Express,Mail,CR07,ER04,829,Weekly,ECR,09:28,00:43
1028,13028,Bhubaneswar Passenger Express,Passenger,ER02,ER07,311,Bi-weekly,ECoR,10:39,01:59
1029,13029,New Delhi Vande Bharat Express,Vande Bharat,ER05,EC02,955,Daily,NR,00:39,12:38
1030,13030,Prayagraj Express Express,Express,ER08,EC05,1822,Weekly,NCR,10:49,08:32
1031,13031,Gorakhpur Superfast Express,Superfast,EC03,EC08,447,Bi-weekly,NER,14:15,16:48
1032,13032,Guwahati Mail Express,Mail,EC06,EC03,2072,Daily,NFR,21:07,03:55
1033,13033,Jaipur Passenger Express,Passenger,EC01,EC06,963,Weekly,NWR,00:17,19:21
1034,13034,Secunderabad Vande Bharat Express,Vande Bharat,EC04,NR01,258,Bi-weekly,SCR,16:11,08:00
1035,13035,Bilaspur Express Express,Express,EC07,NR04,1476,Daily,SECR,10:52,07:12
1036,13036,Kolkata Superfast Express,Superfast,NR02,NR07,465,Weekly,SER,04:27,02:24
1037,13037,Hubballi Mail Express,Mail,NR05,NC02,2062,Bi-weekly,SWR,17:38,20:46
1038,13038,Chennai Passenger Express,Passenger,NR08,NC05,1593,Daily,SR,19:07,18:17
1039,13039,Jabalpur Vande Bharat Express,Vande Bharat,NC03,NC08,1780,Weekly,WCR,21:29,02:22
1040,13040,Mumbai Express Express,Express,NC06,NE03,1023,Bi-weekly,WR,21:56,13:57
1041,13041,Mumbai Superfast Express,Superfast,NE01,NE06,1092,Daily,CR,09:50,15:31
1042,13042,Kolkata Mail Express,Mail,NE04,NF01,1139,Weekly,ER,16:45,11:01
1043,13043,Hajipur Passenger Express,Passenger,NE07,NF04,316,Bi-weekly,ECR,03:27,14:48
1044,13044,Bhubaneswar Vande Bharat Express,Vande Bharat,NF02,NF07,619,Daily,ECoR,18:39,01:21
1045,13045,New Delhi Express Express,Express,NF05,NW02,782,Weekly,NR,20:55,18:31
1046,13046,Prayagraj Superfast Express,Superfast,NF08,NW05,1223,Bi-weekly,NCR,07:46,01:16
1047,13047,Gorakhpur Mail Express,Mail,NW03,NW08,393,Daily,NER,11:17,04:22
1048,13048,Guwahati Passenger Express,Passenger,NW06,SC03,2077,Weekly,NFR,12:49,21:54
1049,13049,Jaipur Vande Bharat Express,Vande Bharat,SC01,SC06,894,Bi-weekly,NWR,20:54,22:21
1050,13050,Secunderabad Express Express,Express,SC04,SE01,609,Daily,SCR,13:55,20:34
1051,13051,Bilaspur Superfast Express,Superfast,SC07,SE04,426,Weekly,SECR,09:42,12:20
1052,13052,Kolkata Mail Express,Mail,SE02,SE07,874,Bi-weekly,SER,01:17,15:14
1053,13053,Hubballi Passenger Express,Passenger,SE05,SE02,2384,Daily,SWR,01:35,11:49
1054,13054,Chennai Vande Bharat Express,Vande Bharat,SE08,SE05,2139,Weekly,SR,12:37,16:31
1055,13055,Jabalpur Express Express,Express,SE03,SE08,508,Bi-weekly,WCR,09:14,10:36
1056,13056,Mumbai Superfast Express,Superfast,SE06,SW03,565,Daily,WR,05:49,08:11
1057,13057,Mumbai Mail Express,Mail,SW01,SW06,1734,Weekly,CR,16:49,17:59
1058,13058,Kolkata Passenger Express,Passenger,SW04,SR01,1413,Bi-weekly,ER,06:51,06:17
1059,13059,Hajipur Vande Bharat Express,Vande Bharat,SW07,SR04,2002,Daily,ECR,20:20,16:55
1060,13060,Bhubaneswar Express Express,Express,SR02,SR07,1933,Weekly,ECoR,00:39,03:50
1061,13061,New Delhi Superfast Express,Superfast,SR05,WC02,235,Bi-weekly,NR,22:10,09:14
1062,13062,Prayagraj Mail Express,Mail,SR08,WC05,1968,Daily,NCR,09:44,01:27
1063,13063,Gorakhpur Passenger Express,Passenger,WC03,WC08,2193,Weekly,NER,21:12,09:24
1064,13064,Guwahati Vande Bharat Express,Vande Bharat,WC06,WR03,1391,Bi-weekly,NFR,12:06,17:13
1065,13065,Jaipur Express Express,Express,WR01,WR06,810,Daily,NWR,19:41,09:54
1066,13066,Secunderabad Superfast Express,Superfast,WR04,CR01,994,Weekly,SCR,13:14,04:29
1067,13067,Bilaspur Mail Express,Mail,WR07,CR04,1386,Bi-weekly,SECR,18:23,20:36
1068,13068,Kolkata Passenger Express,Passenger,CR02,CR07,242,Daily,SER,16:34,08:28
1069,13069,Hubballi Vande Bharat Express,Vande Bharat,CR05,ER02,780,Weekly,SWR,14:34,10:17
1070,13070,Chennai Express Express,Express,CR08,ER05,1004,Bi-weekly,SR,11:28,07:34
1071,13071,Jabalpur Superfast Express,Superfast,ER03,ER08,605,Daily,WCR,11:07,10:47
1072,13072,Mumbai Mail Express,Mail,ER06,EC03,1977,Weekly,WR,15:44,01:20
1073,13073,Mumbai Passenger Express,Passenger,EC01,EC06,1597,Bi-weekly,CR,18:34,19:16
1074,13074,Kolkata Vande Bharat Express,Vande Bharat,EC04,EC01,436,Daily,ER,01:34,15:17
1075,13075,Hajipur Express Express,Express,EC07,EC04,1898,Weekly,ECR,17:21,05:44
1076,13076,Bhubaneswar Superfast Express,Superfast,EC02,EC07,1637,Bi-weekly,ECoR,03:15,11:30
1077,13077,New Delhi Mail Express,Mail,EC05,NR02,465,Daily,NR,21:23,08:03
1078,13078,Prayagraj Passenger Express,Passenger,EC08,NR05,2111,Weekly,NCR,05:59,11:52
1079,13079,Gorakhpur Vande Bharat Express,Vande Bharat,NR03,NR08,495,Bi-weekly,NER,03:48,18:32
1080,13080,Guwahati Express Express,Express,NR06,NC03,154,Daily,NFR,21:23,21:52
1081,13081,Jaipur Superfast Express,Superfast,NC01,NC06,2055,Weekly,NWR,15:40,12:01
1082,13082,Secunderabad Mail Express,Mail,NC04,NE01,979,Bi-weekly,SCR,16:48,12:42
1083,13083,Bilaspur Passenger Express,Passenger,NC07,NE04,130,Daily,SECR,10:30,20:18
1084,13084,Kolkata Vande Bharat Express,Vande Bharat,NE02,NE07,613,Weekly,SER,08:10,12:38
1085,13085,Hubballi Express Express,Express,NE05,NF02,1938,Bi-weekly,SWR,22:04,05:18
1086,13086,Chennai Superfast Express,Superfast,NE08,NF05,659,Daily,SR,19:08,00:51
1087,13087,Jabalpur Mail Express,Mail,NF03,NF08,2310,Weekly,WCR,05:19,11:31
1088,13088,Mumbai Passenger Express,Passenger,NF06,NW03,2378,Bi-weekly,WR,09:00,09:33
1089,13089,Mumbai Vande Bharat Express,Vande Bharat,NW01,NW06,1279,Daily,CR,11:55,18:15
1090,13090,Kolkata Express Express,Express,NW04,SC01,904,Weekly,ER,15:24,09:10
1091,13091,Hajipur Superfast Express,Superfast,NW07,SC04,670,Bi-weekly,ECR,17:50,18:18
1092,13092,Bhubaneswar Mail Express,Mail,SC02,SC07,397,Daily,ECoR,03:23,11:53
1093,13093,New Delhi Passenger Express,Passenger,SC05,SE02,2165,Weekly,NR,00:42,06:11
1094,13094,Prayagraj Vande Bharat Express,Vande Bharat,SC08,SE05,1367,Bi-weekly,NCR,00:20,12:16
1095,13095,Gorakhpur Express Express,Express,SE03,SE08,1456,Daily,NER,10:47,04:03
1096,13096,Guwahati Superfast Express,Superfast,SE06,SE03,1308,Weekly,NFR,05:42,02:34
1097,13097,Jaipur Mail Express,Mail,SE01,SE06,2376,Bi-weekly,NWR,02:18,19:32
1098,13098,Secunderabad Passenger Express,Passenger,SE04,SW01,485,Daily,SCR,04:45,19:21
1099,13099,Bilaspur Vande Bharat Express,Vande Bharat,SE07,SW04,1179,Weekly,SECR,18:10,04:46
1100,13100,Kolkata Express Express,Express,SW02,SW07,513,Bi-weekly,SER,17:29,22:01
1101,13101,Hubballi Superfast Express,Superfast,SW05,SR02,2274,Daily,SWR,05:02,16:31
1102,13102,Chennai Mail Express,Mail,SW08,SR05,2022,Weekly,SR,02:04,13:52
1103,13103,Jabalpur Passenger Express,Passenger,SR03,SR08,1021,Bi-weekly,WCR,18:54,20:30
1104,13104,Mumbai Vande Bharat Express,Vande Bharat,SR06,WC03,1700,Daily,WR,12:40,13:31
1105,13105,Mumbai Express Express,Express,WC01,WC06,1093,Weekly,CR,15:45,21:36
1106,13106,Kolkata Superfast Express,Superfast,WC04,WR01,313,Bi-weekly,ER,13:18,00:04
1107,13107,Hajipur Mail Express,Mail,WC07,WR04,1451,Daily,ECR,21:30,10:05
1108,13108,Bhubaneswar Passenger Express,Passenger,WR02,WR07,1646,Weekly,ECoR,01:50,18:59
1109,13109,New Delhi Vande Bharat Express,Vande Bharat,WR05,CR02,739,Bi-weekly,NR,03:17,18:13
1110,13110,Prayagraj Express Express,Express,WR08,CR05,2138,Daily,NCR,03:02,05:45
1111,13111,Gorakhpur Superfast Express,Superfast,CR03,CR08,1477,Weekly,NER,08:39,14:33
1112,13112,Guwahati Mail Express,Mail,CR06,ER03,1272,Bi-weekly,NFR,02:15,12:08
1113,13113,Jaipur Passenger Express,Passenger,ER01,ER06,1183,Daily,NWR,02:47,02:05
1114,13114,Secunderabad Vande Bharat Express,Vande Bharat,ER04,EC01,1559,Weekly,SCR,05:21,07:12
1115,13115,Bilaspur Express Express,Express,ER07,EC04,1847,Bi-weekly,SECR,15:14,15:42
1116,13116,Kolkata Superfast Express,Superfast,EC02,EC07,1330,Daily,SER,13:56,10:23
1117,13117,Hubballi Mail Express,Mail,EC05,EC02,1330,Weekly,SWR,19:42,01:27
1118,13118,Chennai Passenger Express,Passenger,EC08,EC05,1796,Bi-weekly,SR,05:59,18:50
1119,13119,Jabalpur Vande Bharat Express,Vande Bharat,EC03,EC08,269,Daily,WCR,13:31,14:51
1120,13120,Mumbai Express Express,Express,EC06,NR03,899,Weekly,WR,12:40,17:46
1121,13121,Mumbai Superfast Express,Superfast,NR01,NR06,861,Bi-weekly,CR,22:00,11:36
1122,13122,Kolkata Mail Express,Mail,NR04,NC01,222,Daily,ER,10:35,13:07
1123,13123,Hajipur Passenger Express,Passenger,NR07,NC04,723,Weekly,ECR,05:38,07:34
1124,13124,Bhubaneswar Vande Bharat Express,Vande Bharat,NC02,NC07,1775,Bi-weekly,ECoR,18:11,20:09
1125,13125,New Delhi Express Express,Express,NC05,NE02,130,Daily,NR,01:12,20:12
1126,13126,Prayagraj Superfast Express,Superfast,NC08,NE05,1688,Weekly,NCR,09:02,10:01
1127,13127,Gorakhpur Mail Express,Mail,NE03,NE08,1184,Bi-weekly,NER,12:31,06:45
1128,13128,Guwahati Passenger Express,Passenger,NE06,NF03,1464,Daily,NFR,05:26,02:55
1129,13129,Jaipur Vande Bharat Express,Vande Bharat,NF01,NF06,1827,Weekly,NWR,06:40,15:36
1130,13130,Secunderabad Express Express,Express,NF04,NW01,205,Bi-weekly,SCR,20:57,22:58
1131,13131,Bilaspur Superfast Express,Superfast,NF07,NW04,2234,Daily,SECR,16:03,10:14
1132,13132,Kolkata Mail Express,Mail,NW02,NW07,590,Weekly,SER,19:48,12:44
1133,13133,Hubballi Passenger Express,Passenger,NW05,SC02,380,Bi-weekly,SWR,05:51,10:32
1134,13134,Chennai Vande Bharat Express,Vande Bharat,NW08,SC05,1153,Daily,SR,04:49,17:41
1135,13135,Jabalpur Express Express,Express,SC03,SC08,899,Weekly,WCR,14:57,14:29
1136,13136,Mumbai Superfast Express,Superfast,SC06,SE03,707,Bi-weekly,WR,12:22,14:02
1137,13137,Mumbai Mail Express,Mail,SE01,SE06,521,Daily,CR,18:22,09:32
1138,13138,Kolkata Passenger Express,Passenger,SE04,SE01,1096,Weekly,ER,17:14,17:12
1139,13139,Hajipur Vande Bharat Express,Vande Bharat,SE07,SE04,939,Bi-weekly,ECR,13:53,05:35
1140,13140,Bhubaneswar Express Express,Express,SE02,SE07,228,Daily,ECoR,01:46,16:22
1141,13141,New Delhi Superfast Express,Superfast,SE05,SW02,1525,Weekly,NR,08:16,09:18
1142,13142,Prayagraj Mail Express,Mail,SE08,SW05,1970,Bi-weekly,NCR,09:19,12:45
1143,13143,Gorakhpur Passenger Express,Passenger,SW03,SW08,714,Daily,NER,21:27,15:57
1144,13144,Guwahati Vande Bharat Express,Vande Bharat,SW06,SR03,1081,Weekly,NFR,04:44,00:27
1145,13145,Jaipur Express Express,Express,SR01,SR06,2353,Bi-weekly,NWR,09:41,12:12
1146,13146,Secunderabad Superfast Express,Superfast,SR04,WC01,817,Daily,SCR,12:06,09:24
1147,13147,Bilaspur Mail Express,Mail,SR07,WC04,2016,Weekly,SECR,02:50,09:39
1148,13148,Kolkata Passenger Express,Passenger,WC02,WC07,1372,Bi-weekly,SER,06:55,05:02
1149,13149,Hubballi Vande Bharat Express,Vande Bharat,WC05,WR02,1820,Daily,SWR,14:53,10:01
1150,13150,Chennai Express Express,Express,WC08,WR05,127,Weekly,SR,09:14,21:07
1151,13151,Jabalpur Superfast Express,Superfast,WR03,WR08,2123,Bi-weekly,WCR,04:07,06:08
1152,13152,Mumbai Mail Express,Mail,WR06,CR03,1011,Daily,WR,07:31,12:00
1153,13153,Mumbai Passenger Express,Passenger,CR01,CR06,369,Weekly,CR,03:11,02:18
1154,13154,Kolkata Vande Bharat Express,Vande Bharat,CR04,ER01,1355,Bi-weekly,ER,07:19,10:32
1155,13155,Hajipur Express Express,Express,CR07,ER04,847,Daily,ECR,05:24,00:29
1156,13156,Bhubaneswar Superfast Express,Superfast,ER02,ER07,2263,Weekly,ECoR,09:06,16:07
1157,13157,New Delhi Mail Express,Mail,ER05,EC02,529,Bi-weekly,NR,03:53,22:34
1158,13158,Prayagraj Passenger Express,Passenger,ER08,EC05,1512,Daily,NCR,14:36,12:59
1159,13159,Gorakhpur Vande Bharat Express,Vande Bharat,EC03,EC08,1780,Weekly,NER,02:23,22:24
1160,13160,Guwahati Express Express,Express,EC06,EC03,553,Bi-weekly,NFR,19:37,12:25
1161,13161,Jaipur Superfast Express,Superfast,EC01,EC06,368,Daily,NWR,08:26,21:18
1162,13162,Secunderabad Mail Express,Mail,EC04,NR01,426,Weekly,SCR,09:59,11:22
1163,13163,Bilaspur Passenger Express,Passenger,EC07,NR04,1627,Bi-weekly,SECR,14:17,22:35
1164,13164,Kolkata Vande Bharat Express,Vande Bharat,NR02,NR07,213,Daily,SER,09:55,09:34
1165,13165,Hubballi Express Express,Express,NR05,NC02,1501,Weekly,SWR,16:52,03:31
1166,13166,Chennai Superfast Express,Superfast,NR08,NC05,1317,Bi-weekly,SR,03:40,02:27
1167,13167,Jabalpur Mail Express,Mail,NC03,NC08,846,Daily,WCR,03:49,05:15
1168,13168,Mumbai Passenger Express,Passenger,NC06,NE03,2062,Weekly,WR,20:02,06:42
1169,13169,Mumbai Vande Bharat Express,Vande Bharat,NE01,NE06,1885,Bi-weekly,CR,22:33,00:52
1170,13170,Kolkata Express Express,Express,NE04,NF01,453,Daily,ER,02:40,13:03
1171,13171,Hajipur Superfast Express,Superfast,NE07,NF04,472,Weekly,ECR,13:15,15:24
1172,13172,Bhubaneswar Mail Express,Mail,NF02,NF07,1444,Bi-weekly,ECoR,10:21,07:41
1173,13173,New Delhi Passenger Express,Passenger,NF05,NW02,1273,Daily,NR,13:34,04:54
1174,13174,Prayagraj Vande Bharat Express,Vande Bharat,NF08,NW05,1386,Weekly,NCR,16:52,21:40
1175,13175,Gorakhpur Express Express,Express,NW03,NW08,1906,Bi-weekly,NER,10:44,07:42
1176,13176,Guwahati Superfast Express,Superfast,NW06,SC03,279,Daily,NFR,21:14,15:00
1177,13177,Jaipur Mail Express,Mail,SC01,SC06,441,Weekly,NWR,22:50,05:07
1178,13178,Secunderabad Passenger Express,Passenger,SC04,SE01,1970,Bi-weekly,SCR,22:10,15:17
1179,13179,Bilaspur Vande Bharat Express,Vande Bharat,SC07,SE04,1806,Daily,SECR,09:07,07:32
1180,13180,Kolkata Express Express,Express,SE02,SE07,1932,Weekly,SER,00:57,14:52
1181,13181,Hubballi Superfast Express,Superfast,SE05,SE02,2237,Bi-weekly,SWR,03:05,17:11
1182,13182,Chennai Mail Express,Mail,SE08,SE05,423,Daily,SR,10:54,18:31
1183,13183,Jabalpur Passenger Express,Passenger,SE03,SE08,535,Weekly,WCR,07:41,03:31
1184,13184,Mumbai Vande Bharat Express,Vande Bharat,SE06,SW03,107,Bi-weekly,WR,07:14,15:54
1185,13185,Mumbai Express Express,Express,SW01,SW06,419,Daily,CR,18:39,22:54
1186,13186,Kolkata Superfast Express,Superfast,SW04,SR01,313,Weekly,ER,17:35,02:15
1187,13187,Hajipur Mail Express,Mail,SW07,SR04,2230,Bi-weekly,ECR,12:20,07:50
1188,13188,Bhubaneswar Passenger Express,Passenger,SR02,SR07,737,Daily,ECoR,03:34,22:10
1189,13189,New Delhi Vande Bharat Express,Vande Bharat,SR05,WC02,672,Weekly,NR,10:11,14:15
1190,13190,Prayagraj Express Express,Express,SR08,WC05,377,Bi-weekly,NCR,06:55,21:30
1191,13191,Gorakhpur Superfast Express,Superfast,WC03,WC08,1009,Daily,NER,18:11,15:40
1192,13192,Guwahati Mail Express,Mail,WC06,WR03,1727,Weekly,NFR,05:42,14:52
1193,13193,Jaipur Passenger Express,Passenger,WR01,WR06,484,Bi-weekly,NWR,14:49,06:44
1194,13194,Secunderabad Vande Bharat Express,Vande Bharat,WR04,CR01,310,Daily,SCR,16:36,04:03
1195,13195,Bilaspur Express Express,Express,WR07,CR04,1809,Weekly,SECR,05:29,01:57
1196,13196,Kolkata Superfast Express,Superfast,CR02,CR07,1353,Bi-weekly,SER,21:09,04:36
1197,13197,Hubballi Mail Express,Mail,CR05,ER02,1482,Daily,SWR,18:55,18:08
1198,13198,Chennai Passenger Express,Passenger,CR08,ER05,798,Weekly,SR,21:32,19:33
1199,13199,Jabalpur Vande Bharat Express,Vande Bharat,ER03,ER08,195,Bi-weekly,WCR,10:49,15:07
1200,13200,Mumbai Express Express,Express,ER06,EC03,567,Daily,WR,19:58,17:05
1201,13201,Mumbai Superfast Express,Superfast,EC01,EC06,1516,Weekly,CR,19:38,13:28
1202,13202,Kolkata Mail Express,Mail,EC04,EC01,648,Bi-weekly,ER,06:44,01:05
1203,13203,Hajipur Passenger Express,Passenger,EC07,EC04,1000,Daily,ECR,17:39,13:32
1204,13204,Bhubaneswar Vande Bharat Express,Vande Bharat,EC02,EC07,336,Weekly,ECoR,07:04,17:45
1205,13205,New Delhi Express Express,Express,EC05,NR02,678,Bi-weekly,NR,06:19,20:29
1206,13206,Prayagraj Superfast Express,Superfast,EC08,NR05,1848,Daily,NCR,10:41,12:16
1207,13207,Gorakhpur Mail Express,Mail,NR03,NR08,2113,Weekly,NER,16:46,21:14
1208,13208,Guwahati Passenger Express,Passenger,NR06,NC03,292,Bi-weekly,NFR,13:19,10:14
1209,13209,Jaipur Vande Bharat Express,Vande Bharat,NC01,NC06,1004,Daily,NWR,09:21,17:35
1210,13210,Secunderabad Express Express,Express,NC04,NE01,1180,Weekly,SCR,02:34,04:18
1211,13211,Bilaspur Superfast Express,Superfast,NC07,NE04,1042,Bi-weekly,SECR,03:23,06:50
1212,13212,Kolkata Mail Express,Mail,NE02,NE07,2074,Daily,SER,00:36,14:22
1213,13213,Hubballi Passenger Express,Passenger,NE05,NF02,1168,Weekly,SWR,18:22,01:22
1214,13214,Chennai Vande Bharat Express,Vande Bharat,NE08,NF05,669,Bi-weekly,SR,08:13,03:59
1215,13215,Jabalpur Express Express,Express,NF03,NF08,378,Daily,WCR,16:43,14:54
1216,13216,Mumbai Superfast Express,Superfast,NF06,NW03,91,Weekly,WR,06:11,13:38
1217,13217,Mumbai Mail Express,Mail,NW01,NW06,2163,Bi-weekly,CR,08:14,21:40
1218,13218,Kolkata Passenger Express,Passenger,NW04,SC01,1854,Daily,ER,10:26,08:44
1219,13219,Hajipur Vande Bharat Express,Vande Bharat,NW07,SC04,568,Weekly,ECR,22:10,10:18
1220,13220,Bhubaneswar Express Express,Express,SC02,SC07,1570,Bi-weekly,ECoR,15:55,18:14
1221,13221,New Delhi Superfast Express,Superfast,SC05,SE02,559,Daily,NR,20:29,02:49
1222,13222,Prayagraj Mail Express,Mail,SC08,SE05,1584,Weekly,NCR,00:46,13:36
1223,13223,Gorakhpur Passenger Express,Passenger,SE03,SE08,2086,Bi-weekly,NER,11:27,14:11
1224,13224,Guwahati Vande Bharat Express,Vande Bharat,SE06,SE03,431,Daily,NFR,19:12,11:16
1225,13225,Jaipur Express Express,Express,SE01,SE06,614,Weekly,NWR,13:48,10:08
1226,13226,Secunderabad Superfast Express,Superfast,SE04,SW01,647,Bi-weekly,SCR,03:52,07:22
1227,13227,Bilaspur Mail Express,Mail,SE07,SW04,244,Daily,SECR,10:54,09:39
1228,13228,Kolkata Passenger Express,Passenger,SW02,SW07,502,Weekly,SER,03:43,01:26
1229,13229,Hubballi Vande Bharat Express,Vande Bharat,SW05,SR02,814,Bi-weekly,SWR,00:31,22:04
1230,13230,Chennai Express Express,Express,SW08,SR05,1972,Daily,SR,12:43,02:52
1231,13231,Jabalpur Superfast Express,Superfast,SR03,SR08,106,Weekly,WCR,20:39,07:00
1232,13232,Mumbai Mail Express,Mail,SR06,WC03,1497,Bi-weekly,WR,02:36,17:16
1233,13233,Mumbai Passenger Express,Passenger,WC01,WC06,633,Daily,CR,05:13,02:14
1234,13234,Kolkata Vande Bharat Express,Vande Bharat,WC04,WR01,1609,Weekly,ER,06:46,18:45
1235,13235,Hajipur Express Express,Express,WC07,WR04,1331,Bi-weekly,ECR,07:55,04:27
1236,13236,Bhubaneswar Superfast Express,Superfast,WR02,WR07,1132,Daily,ECoR,17:32,18:55
1237,13237,New Delhi Mail Express,Mail,WR05,CR02,986,Weekly,NR,20:10,21:10
1238,13238,Prayagraj Passenger Express,Passenger,WR08,CR05,2052,Bi-weekly,NCR,08:57,02:27
1239,13239,Gorakhpur Vande Bharat Express,Vande Bharat,CR03,CR08,2172,Daily,NER,01:15,01:19
1240,13240,Guwahati Express Express,Express,CR06,ER03,985,Weekly,NFR,14:15,03:10
1241,13241,Jaipur Superfast Express,Superfast,ER01,ER06,2257,Bi-weekly,NWR,21:13,04:03
1242,13242,Secunderabad Mail Express,Mail,ER04,EC01,2305,Daily,SCR,16:45,06:38
1243,13243,Bilaspur Passenger Express,Passenger,ER07,EC04,218,Weekly,SECR,15:34,07:42
1244,13244,Kolkata Vande Bharat Express,Vande Bharat,EC02,EC07,1579,Bi-weekly,SER,10:11,00:56
1245,13245,Hubballi Express Express,Express,EC05,EC02,732,Daily,SWR,06:40,05:22
1246,13246,Chennai Superfast Express,Superfast,EC08,EC05,1729,Weekly,SR,13:39,00:27
1247,13247,Jabalpur Mail Express,Mail,EC03,EC08,1182,Bi-weekly,WCR,14:09,03:45
1248,13248,Mumbai Passenger Express,Passenger,EC06,NR03,1642,Daily,WR,18:16,22:16
1249,13249,Mumbai Vande Bharat Express,Vande Bharat,NR01,NR06,1590,Weekly,CR,03:55,07:48
1250,13250,Kolkata Express Express,Express,NR04,NC01,848,Bi-weekly,ER,18:27,01:11
1251,13251,Hajipur Superfast Express,Superfast,NR07,NC04,1665,Daily,ECR,04:16,12:15
1252,13252,Bhubaneswar Mail Express,Mail,NC02,NC07,378,Weekly,ECoR,14:41,16:56
1253,13253,New Delhi Passenger Express,Passenger,NC05,NE02,368,Bi-weekly,NR,09:14,20:32
1254,13254,Prayagraj Vande Bharat Express,Vande Bharat,NC08,NE05,308,Daily,NCR,15:02,06:43
1255,13255,Gorakhpur Express Express,Express,NE03,NE08,1253,Weekly,NER,17:34,19:33
1256,13256,Guwahati Superfast Express,Superfast,NE06,NF03,211,Bi-weekly,NFR,01:46,00:22
1257,13257,Jaipur Mail Express,Mail,NF01,NF06,117,Daily,NWR,06:35,03:27
1258,13258,Secunderabad Passenger Express,Passenger,NF04,NW01,2390,Weekly,SCR,01:03,06:49
1259,13259,Bilaspur Vande Bharat Express,Vande Bharat,NF07,NW04,1021,Bi-weekly,SECR,14:02,16:04
1260,13260,Kolkata Express Express,Express,NW02,NW07,1731,Daily,SER,03:51,06:11
1261,13261,Hubballi Superfast Express,Superfast,NW05,SC02,861,Weekly,SWR,00:09,13:18
1262,13262,Chennai Mail Express,Mail,NW08,SC05,900,Bi-weekly,SR,18:07,09:11
1263,13263,Jabalpur Passenger Express,Passenger,SC03,SC08,1200,Daily,WCR,07:02,01:51
1264,13264,Mumbai Vande Bharat Express,Vande Bharat,SC06,SE03,212,Weekly,WR,18:54,10:18
1265,13265,Mumbai Express Express,Express,SE01,SE06,1881,Bi-weekly,CR,22:07,22:56
1266,13266,Kolkata Superfast Express,Superfast,SE04,SE01,410,Daily,ER,01:42,01:36
1267,13267,Hajipur Mail Express,Mail,SE07,SE04,230,Weekly,ECR,15:13,02:03
1268,13268,Bhubaneswar Passenger Express,Passenger,SE02,SE07,517,Bi-weekly,ECoR,12:04,18:36
1269,13269,New Delhi Vande Bharat Express,Vande Bharat,SE05,SW02,769,Daily,NR,22:39,15:10
1270,13270,Prayagraj Express Express,Express,SE08,SW05,1728,Weekly,NCR,12:59,10:40
1271,13271,Gorakhpur Superfast Express,Superfast,SW03,SW08,871,Bi-weekly,NER,00:07,19:44
1272,13272,Guwahati Mail Express,Mail,SW06,SR03,926,Daily,NFR,16:00,00:30
1273,13273,Jaipur Passenger Express,Passenger,SR01,SR06,1529,Weekly,NWR,21:45,05:48
1274,13274,Secunderabad Vande Bharat Express,Vande Bharat,SR04,WC01,1220,Bi-weekly,SCR,18:10,00:03
1275,13275,Bilaspur Express Express,Express,SR07,WC04,2378,Daily,SECR,01:56,16:08
1276,13276,Kolkata Superfast Express,Superfast,WC02,WC07,2084,Weekly,SER,03:08,13:17
1277,13277,Hubballi Mail Express,Mail,WC05,WR02,754,Bi-weekly,SWR,04:36,00:14
1278,13278,Chennai Passenger Express,Passenger,WC08,WR05,1363,Daily,SR,11:41,04:38
1279,13279,Jabalpur Vande Bharat Express,Vande Bharat,WR03,WR08,1843,Weekly,WCR,08:15,12:34
1280,13280,Mumbai Express Express,Express,WR06,CR03,298,Bi-weekly,WR,12:09,13:55
1281,13281,Mumbai Superfast Express,Superfast,CR01,CR06,1326,Daily,CR,17:18,21:48
1282,13282,Kolkata Mail Express,Mail,CR04,ER01,2206,Weekly,ER,17:38,12:55
1283,13283,Hajipur Passenger Express,Passenger,CR07,ER04,2047,Bi-weekly,ECR,09:05,00:14
1284,13284,Bhubaneswar Vande Bharat Express,Vande Bharat,ER02,ER07,225,Daily,ECoR,04:06,22:05
1285,13285,New Delhi Express Express,Express,ER05,EC02,1534,Weekly,NR,08:10,16:58
1286,13286,Prayagraj Superfast Express,Superfast,ER08,EC05,1914,Bi-weekly,NCR,22:35,15:08
1287,13287,Gorakhpur Mail Express,Mail,EC03,EC08,2057,Daily,NER,17:15,08:36
1288,13288,Guwahati Passenger Express,Passenger,EC06,EC03,110,Weekly,NFR,18:16,01:19
1289,13289,Jaipur Vande Bharat Express,Vande Bharat,EC01,EC06,2018,Bi-weekly,NWR,06:32,18:02
1290,13290,Secunderabad Express Express,Express,EC04,NR01,1843,Daily,SCR,06:41,04:08
1291,13291,Bilaspur Superfast Express,Superfast,EC07,NR04,1908,Weekly,SECR,18:58,15:27
1292,13292,Kolkata Mail Express,Mail,NR02,NR07,532,Bi-weekly,SER,06:38,07:29
1293,13293,Hubballi Passenger Express,Passenger,NR05,NC02,469,Daily,SWR,10:14,02:07
1294,13294,Chennai Vande Bharat Express,Vande Bharat,NR08,NC05,1282,Weekly,SR,08:05,11:09
1295,13295,Jabalpur Express Express,Express,NC03,NC08,115,Bi-weekly,WCR,03:26,21:14
1296,13296,Mumbai Superfast Express,Superfast,NC06,NE03,740,Daily,WR,05:21,16:19
1297,13297,Mumbai Mail Express,Mail,NE01,NE06,1605,Weekly,CR,20:56,12:42
1298,13298,Kolkata Passenger Express,Passenger,NE04,NF01,2212,Bi-weekly,ER,18:17,03:06
1299,13299,Hajipur Vande Bharat Express,Vande Bharat,NE07,NF04,2126,Daily,ECR,12:17,07:16
1300,13300,Bhubaneswar Express Express,Express,NF02,NF07,1940,Weekly,ECoR,14:52,06:28
1301,13301,New Delhi Superfast Express,Superfast,NF05,NW02,362,Bi-weekly,NR,22:30,12:24
1302,13302,Prayagraj Mail Express,Mail,NF08,NW05,708,Daily,NCR,21:29,15:02
1303,13303,Gorakhpur Passenger Express,Passenger,NW03,NW08,720,Weekly,NER,18:05,02:48
1304,13304,Guwahati Vande Bharat Express,Vande Bharat,NW06,SC03,796,Bi-weekly,NFR,06:33,04:02
1305,13305,Jaipur Express Express,Express,SC01,SC06,90,Daily,NWR,01:09,16:17
1306,13306,Secunderabad Superfast Express,Superfast,SC04,SE01,246,Weekly,SCR,00:28,19:20
1307,13307,Bilaspur Mail Express,Mail,SC07,SE04,228,Bi-weekly,SECR,05:29,04:58
1308,13308,Kolkata Passenger Express,Passenger,SE02,SE07,1851,Daily,SER,07:57,07:08
1309,13309,Hubballi Vande Bharat Express,Vande Bharat,SE05,SE02,2256,Weekly,SWR,22:18,13:10
1310,13310,Chennai Express Express,Express,SE08,SE05,1568,Bi-weekly,SR,15:42,13:42
1311,13311,Jabalpur Superfast Express,Superfast,SE03,SE08,1367,Daily,WCR,18:10,11:24
1312,13312,Mumbai Mail Express,Mail,SE06,SW03,1317,Weekly,WR,03:19,21:06
1313,13313,Mumbai Passenger Express,Passenger,SW01,SW06,1553,Bi-weekly,CR,15:28,00:02
1314,13314,Kolkata Vande Bharat Express,Vande Bharat,SW04,SR01,719,Daily,ER,02:05,03:11
1315,13315,Hajipur Express Express,Express,SW07,SR04,2025,Weekly,ECR,14:01,14:08
1316,13316,Bhubaneswar Superfast Express,Superfast,SR02,SR07,1056,Bi-weekly,ECoR,00:05,03:26
1317,13317,New Delhi Mail Express,Mail,SR05,WC02,1154,Daily,NR,08:37,16:43
1318,13318,Prayagraj Passenger Express,Passenger,SR08,WC05,1423,Weekly,NCR,12:29,05:29
1319,13319,Gorakhpur Vande Bharat Express,Vande Bharat,WC03,WC08,103,Bi-weekly,NER,22:22,17:57
1320,13320,Guwahati Express Express,Express,WC06,WR03,1232,Daily,NFR,19:28,03:01
1321,13321,Jaipur Superfast Express,Superfast,WR01,WR06,394,Weekly,NWR,21:28,07:26
1322,13322,Secunderabad Mail Express,Mail,WR04,CR01,673,Bi-weekly,SCR,20:59,01:43
1323,13323,Bilaspur Passenger Express,Passenger,WR07,CR04,858,Daily,SECR,01:55,01:12
1324,13324,Kolkata Vande Bharat Express,Vande Bharat,CR02,CR07,139,Weekly,SER,10:35,07:04
1325,13325,Hubballi Express Express,Express,CR05,ER02,349,Bi-weekly,SWR,21:48,21:31
1326,13326,Chennai Superfast Express,Superfast,CR08,ER05,1346,Daily,SR,18:36,10:17
1327,13327,Jabalpur Mail Express,Mail,ER03,ER08,1206,Weekly,WCR,01:11,16:52
1328,13328,Mumbai Passenger Express,Passenger,ER06,EC03,316,Bi-weekly,WR,02:05,18:18
1329,13329,Mumbai Vande Bharat Express,Vande Bharat,EC01,EC06,838,Daily,CR,00:58,09:47
1330,13330,Kolkata Express Express,Express,EC04,EC01,1721,Weekly,ER,03:48,12:36
1331,13331,Hajipur Superfast Express,Superfast,EC07,EC04,544,Bi-weekly,ECR,19:55,09:05
1332,13332,Bhubaneswar Mail Express,Mail,EC02,EC07,2049,Daily,ECoR,20:30,13:13
1333,13333,New Delhi Passenger Express,Passenger,EC05,NR02,236,Weekly,NR,21:28,06:41
1334,13334,Prayagraj Vande Bharat Express,Vande Bharat,EC08,NR05,140,Bi-weekly,NCR,01:14,10:22
1335,13335,Gorakhpur Express Express,Express,NR03,NR08,514,Daily,NER,08:20,12:33
1336,13336,Guwahati Superfast Express,Superfast,NR06,NC03,2128,Weekly,NFR,18:17,20:31
1337,13337,Jaipur Mail Express,Mail,NC01,NC06,515,Bi-weekly,NWR,07:44,18:22
1338,13338,Secunderabad Passenger Express,Passenger,NC04,NE01,445,Daily,SCR,04:06,16:30
1339,13339,Bilaspur Vande Bharat Express,Vande Bharat,NC07,NE04,1126,Weekly,SECR,15:49,18:08
1340,13340,Kolkata Express Express,Express,NE02,NE07,1447,Bi-weekly,SER,20:46,07:23
1341,13341,Hubballi Superfast Express,Superfast,NE05,NF02,2145,Daily,SWR,00:31,02:53
1342,13342,Chennai Mail Express,Mail,NE08,NF05,169,Weekly,SR,00:19,04:29
1343,13343,Jabalpur Passenger Express,Passenger,NF03,NF08,775,Bi-weekly,WCR,08:33,12:56
1344,13344,Mumbai Vande Bharat Express,Vande Bharat,NF06,NW03,1195,Daily,WR,12:40,04:40
1345,13345,Mumbai Express Express,Express,NW01,NW06,2079,Weekly,CR,07:10,07:16
1346,13346,Kolkata Superfast Express,Superfast,NW04,SC01,1437,Bi-weekly,ER,19:35,02:18
1347,13347,Hajipur Mail Express,Mail,NW07,SC04,1679,Daily,ECR,07:35,15:19
1348,13348,Bhubaneswar Passenger Express,Passenger,SC02,SC07,1581,Weekly,ECoR,09:08,08:26
1349,13349,New Delhi Vande Bharat Express,Vande Bharat,SC05,SE02,85,Bi-weekly,NR,20:31,00:52
1350,13350,Prayagraj Express Express,Express,SC08,SE05,2063,Daily,NCR,00:09,08:30
1351,13351,Gorakhpur Superfast Express,Superfast,SE03,SE08,1763,Weekly,NER,09:36,00:39
1352,13352,Guwahati Mail Express,Mail,SE06,SE03,2203,Bi-weekly,NFR,12:27,06:57
1353,13353,Jaipur Passenger Express,Passenger,SE01,SE06,157,Daily,NWR,06:08,19:28
1354,13354,Secunderabad Vande Bharat Express,Vande Bharat,SE04,SW01,2219,Weekly,SCR,15:33,11:12
1355,13355,Bilaspur Express Express,Express,SE07,SW04,1383,Bi-weekly,SECR,15:57,12:56
1356,13356,Kolkata Superfast Express,Superfast,SW02,SW07,2271,Daily,SER,12:26,03:16
1357,13357,Hubballi Mail Express,Mail,SW05,SR02,2119,Weekly,SWR,03:23,16:14
1358,13358,Chennai Passenger Express,Passenger,SW08,SR05,2339,Bi-weekly,SR,14:01,05:44
1359,13359,Jabalpur Vande Bharat Express,Vande Bharat,SR03,SR08,2082,Daily,WCR,21:51,01:43
1360,13360,Mumbai Express Express,Express,SR06,WC03,335,Weekly,WR,01:41,10:38
1361,13361,Mumbai Superfast Express,Superfast,WC01,WC06,2055,Bi-weekly,CR,01:31,19:26
1362,13362,Kolkata Mail Express,Mail,WC04,WR01,1294,Daily,ER,11:54,01:52
1363,13363,Hajipur Passenger Express,Passenger,WC07,WR04,1974,Weekly,ECR,18:24,11:22
1364,13364,Bhubaneswar Vande Bharat Express,Vande Bharat,WR02,WR07,663,Bi-weekly,ECoR,20:30,16:06
1365,13365,New Delhi Express Express,Express,WR05,CR02,1910,Daily,NR,15:59,03:32
1366,13366,Prayagraj Superfast Express,Superfast,WR08,CR05,1265,Weekly,NCR,12:03,10:17
1367,13367,Gorakhpur Mail Express,Mail,CR03,CR08,1512,Bi-weekly,NER,05:26,14:03
1368,13368,Guwahati Passenger Express,Passenger,CR06,ER03,1905,Daily,NFR,16:03,01:51
1369,13369,Jaipur Vande Bharat Express,Vande Bharat,ER01,ER06,737,Weekly,NWR,19:29,07:16
1370,13370,Secunderabad Express Express,Express,ER04,EC01,1608,Bi-weekly,SCR,02:24,07:09
1371,13371,Bilaspur Superfast Express,Superfast,ER07,EC04,898,Daily,SECR,12:40,01:52
1372,13372,Kolkata Mail Express,Mail,EC02,EC07,2118,Weekly,SER,15:55,09:49
1373,13373,Hubballi Passenger Express,Passenger,EC05,EC02,1767,Bi-weekly,SWR,12:10,12:54
1374,13374,Chennai Vande Bharat Express,Vande Bharat,EC08,EC05,2364,Daily,SR,10:14,17:04
1375,13375,Jabalpur Express Express,Express,EC03,EC08,430,Weekly,WCR,12:59,07:26
1376,13376,Mumbai Superfast Express,Superfast,EC06,NR03,827,Bi-weekly,WR,10:00,13:35
1377,13377,Mumbai Mail Express,Mail,NR01,NR06,812,Daily,CR,06:45,04:02
1378,13378,Kolkata Passenger Express,Passenger,NR04,NC01,173,Weekly,ER,20:21,02:52
1379,13379,Hajipur Vande Bharat Express,Vande Bharat,NR07,NC04,424,Bi-weekly,ECR,07:01,15:41
1380,13380,Bhubaneswar Express Express,Express,NC02,NC07,1835,Daily,ECoR,06:19,21:49
1381,13381,New Delhi Superfast Express,Superfast,NC05,NE02,166,Weekly,NR,15:48,12:38
1382,13382,Prayagraj Mail Express,Mail,NC08,NE05,82,Bi-weekly,NCR,00:02,03:59
1383,13383,Gorakhpur Passenger Express,Passenger,NE03,NE08,1551,Daily,NER,17:17,21:11
1384,13384,Guwahati Vande Bharat Express,Vande Bharat,NE06,NF03,2173,Weekly,NFR,00:01,01:47
1385,13385,Jaipur Express Express,Express,NF01,NF06,677,Bi-weekly,NWR,10:28,18:20
1386,13386,Secunderabad Superfast Express,Superfast,NF04,NW01,95,Daily,SCR,08:17,16:45
1387,13387,Bilaspur Mail Express,Mail,NF07,NW04,293,Weekly,SECR,18:04,14:23
1388,13388,Kolkata Passenger Express,Passenger,NW02,NW07,778,Bi-weekly,SER,11:18,18:58
1389,13389,Hubballi Vande Bharat Express,Vande Bharat,NW05,SC02,1972,Daily,SWR,10:30,10:47
1390,13390,Chennai Express Express,Express,NW08,SC05,1361,Weekly,SR,10:24,08:33
1391,13391,Jabalpur Superfast Express,Superfast,SC03,SC08,1678,Bi-weekly,WCR,09:48,19:25
1392,13392,Mumbai Mail Express,Mail,SC06,SE03,2188,Daily,WR,03:55,06:33
1393,13393,Mumbai Passenger Express,Passenger,SE01,SE06,737,Weekly,CR,10:20,16:04
1394,13394,Kolkata Vande Bharat Express,Vande Bharat,SE04,SE01,2024,Bi-weekly,ER,20:33,12:41
1395,13395,Hajipur Express Express,Express,SE07,SE04,541,Daily,ECR,17:13,15:18
1396,13396,Bhubaneswar Superfast Express,Superfast,SE02,SE07,1811,Weekly,ECoR,18:12,14:29
1397,13397,New Delhi Mail Express,Mail,SE05,SW02,762,Bi-weekly,NR,13:59,00:57
1398,13398,Prayagraj Passenger Express,Passenger,SE08,SW05,2065,Daily,NCR,12:36,08:07
1399,13399,Gorakhpur Vande Bharat Express,Vande Bharat,SW03,SW08,1405,Weekly,NER,18:13,16:44
1400,13400,Guwahati Express Express,Express,SW06,SR03,1839,Bi-weekly,NFR,07:23,09:51
1401,13401,Jaipur Superfast Express,Superfast,SR01,SR06,2169,Daily,NWR,09:58,13:23
1402,13402,Secunderabad Mail Express,Mail,SR04,WC01,81,Weekly,SCR,14:38,22:43
1403,13403,Bilaspur Passenger Express,Passenger,SR07,WC04,148,Bi-weekly,SECR,13:44,11:25
1404,13404,Kolkata Vande Bharat Express,Vande Bharat,WC02,WC07,1959,Daily,SER,14:40,10:16
1405,13405,Hubballi Express Express,Express,WC05,WR02,1284,Weekly,SWR,22:36,16:07
1406,13406,Chennai Superfast Express,Superfast,WC08,WR05,2372,Bi-weekly,SR,05:58,10:55
1407,13407,Jabalpur Mail Express,Mail,WR03,WR08,2149,Daily,WCR,17:54,14:50
1408,13408,Mumbai Passenger Express,Passenger,WR06,CR03,479,Weekly,WR,01:32,18:45
1409,13409,Mumbai Vande Bharat Express,Vande Bharat,CR01,CR06,1304,Bi-weekly,CR,11:36,19:50
1410,13410,Kolkata Express Express,Express,CR04,ER01,334,Daily,ER,13:22,18:30
1411,13411,Hajipur Superfast Express,Superfast,CR07,ER04,2379,Weekly,ECR,09:40,02:55
1412,13412,Bhubaneswar Mail Express,Mail,ER02,ER07,436,Bi-weekly,ECoR,08:50,22:29
1413,13413,New Delhi Passenger Express,Passenger,ER05,EC02,1204,Daily,NR,01:58,00:01
1414,13414,Prayagraj Vande Bharat Express,Vande Bharat,ER08,EC05,1178,Weekly,NCR,00:09,14:42
1415,13415,Gorakhpur Express Express,Express,EC03,EC08,771,Bi-weekly,NER,18:36,05:42
1416,13416,Guwahati Superfast Express,Superfast,EC06,EC03,1453,Daily,NFR,18:09,05:18
1417,13417,Jaipur Mail Express,Mail,EC01,EC06,872,Weekly,NWR,20:43,12:32
1418,13418,Secunderabad Passenger Express,Passenger,EC04,NR01,2135,Bi-weekly,SCR,10:13,03:19
1419,13419,Bilaspur Vande Bharat Express,Vande Bharat,EC07,NR04,1595,Daily,SECR,10:25,11:58
1420,13420,Kolkata Express Express,Express,NR02,NR07,2394,Weekly,SER,03:06,05:51
1421,13421,Hubballi Superfast Express,Superfast,NR05,NC02,1146,Bi-weekly,SWR,19:38,12:16
1422,13422,Chennai Mail Express,Mail,NR08,NC05,878,Daily,SR,03:31,06:17
1423,13423,Jabalpur Passenger Express,Passenger,NC03,NC08,171,Weekly,WCR,18:56,11:32
1424,13424,Mumbai Vande Bharat Express,Vande Bharat,NC06,NE03,2227,Bi-weekly,WR,11:37,09:30
1425,13425,Mumbai Express Express,Express,NE01,NE06,1290,Daily,CR,16:36,11:04
1426,13426,Kolkata Superfast Express,Superfast,NE04,NF01,2178,Weekly,ER,20:11,06:58
1427,13427,Hajipur Mail Express,Mail,NE07,NF04,824,Bi-weekly,ECR,18:47,19:00
1428,13428,Bhubaneswar Passenger Express,Passenger,NF02,NF07,1200,Daily,ECoR,13:50,05:18
1429,13429,New Delhi Vande Bharat Express,Vande Bharat,NF05,NW02,497,Weekly,NR,17:59,03:13
1430,13430,Prayagraj Express Express,Express,NF08,NW05,792,Bi-weekly,NCR,20:26,06:19
1431,13431,Gorakhpur Superfast Express,Superfast,NW03,NW08,1467,Daily,NER,08:08,18:25
1432,13432,Guwahati Mail Express,Mail,NW06,SC03,675,Weekly,NFR,16:44,03:04
1433,13433,Jaipur Passenger Express,Passenger,SC01,SC06,185,Bi-weekly,NWR,17:37,18:37
1434,13434,Secunderabad Vande Bharat Express,Vande Bharat,SC04,SE01,1011,Daily,SCR,13:43,09:54
1435,13435,Bilaspur Express Express,Express,SC07,SE04,2167,Weekly,SECR,18:59,08:06
1436,13436,Kolkata Superfast Express,Superfast,SE02,SE07,1203,Bi-weekly,SER,17:46,08:17
1437,13437,Hubballi Mail Express,Mail,SE05,SE02,1113,Daily,SWR,18:03,07:13
1438,13438,Chennai Passenger Express,Passenger,SE08,SE05,1949,Weekly,SR,10:05,06:02
1439,13439,Jabalpur Vande Bharat Express,Vande Bharat,SE03,SE08,1183,Bi-weekly,WCR,22:34,19:44
1440,13440,Mumbai Express Express,Express,SE06,SW03,2128,Daily,WR,07:57,05:26
1441,13441,Mumbai Superfast Express,Superfast,SW01,SW06,1660,Weekly,CR,06:15,02:00
1442,13442,Kolkata Mail Express,Mail,SW04,SR01,1242,Bi-weekly,ER,22:13,10:56
1443,13443,Hajipur Passenger Express,Passenger,SW07,SR04,1871,Daily,ECR,00:30,03:14
1444,13444,Bhubaneswar Vande Bharat Express,Vande Bharat,SR02,SR07,651,Weekly,ECoR,14:11,05:13
1445,13445,New Delhi Express Express,Express,SR05,WC02,907,Bi-weekly,NR,15:23,07:31
1446,13446,Prayagraj Superfast Express,Superfast,SR08,WC05,1506,Daily,NCR,00:53,21:36
1447,13447,Gorakhpur Mail Express,Mail,WC03,WC08,1413,Weekly,NER,15:26,08:21
1448,13448,Guwahati Passenger Express,Passenger,WC06,WR03,450,Bi-weekly,NFR,19:19,06:57
1449,13449,Jaipur Vande Bharat Express,Vande Bharat,WR01,WR06,1255,Daily,NWR,14:14,06:43
1450,13450,Secunderabad Express Express,Express,WR04,CR01,1126,Weekly,SCR,03:50,09:40
1451,13451,Bilaspur Superfast Express,Superfast,WR07,CR04,871,Bi-weekly,SECR,12:46,20:12
1452,13452,Kolkata Mail Express,Mail,CR02,CR07,1640,Daily,SER,21:38,03:11
1453,13453,Hubballi Passenger Express,Passenger,CR05,ER02,550,Weekly,SWR,02:45,22:31
1454,13454,Chennai Vande Bharat Express,Vande Bharat,CR08,ER05,1469,Bi-weekly,SR,17:24,10:35
1455,13455,Jabalpur Express Express,Express,ER03,ER08,786,Daily,WCR,01:34,18:04
1456,13456,Mumbai Superfast Express,Superfast,ER06,EC03,582,Weekly,WR,06:48,11:32
1457,13457,Mumbai Mail Express,Mail,EC01,EC06,1577,Bi-weekly,CR,06:42,00:06
1458,13458,Kolkata Passenger Express,Passenger,EC04,EC01,1972,Daily,ER,15:10,10:03
1459,13459,Hajipur Vande Bharat Express,Vande Bharat,EC07,EC04,1638,Weekly,ECR,17:16,08:14
1460,13460,Bhubaneswar Express Express,Express,EC02,EC07,983,Bi-weekly,ECoR,06:14,09:51
1461,13461,New Delhi Superfast Express,Superfast,EC05,NR02,1849,Daily,NR,06:56,04:54
1462,13462,Prayagraj Mail Express,Mail,EC08,NR05,797,Weekly,NCR,12:12,17:19
1463,13463,Gorakhpur Passenger Express,Passenger,NR03,NR08,2104,Bi-weekly,NER,01:30,03:53
1464,13464,Guwahati Vande Bharat Express,Vande Bharat,NR06,NC03,1047,Daily,NFR,15:52,12:03
1465,13465,Jaipur Express Express,Express,NC01,NC06,592,Weekly,NWR,04:54,20:28
1466,13466,Secunderabad Superfast Express,Superfast,NC04,NE01,2144,Bi-weekly,SCR,05:40,09:14
1467,13467,Bilaspur Mail Express,Mail,NC07,NE04,660,Daily,SECR,09:20,04:20
1468,13468,Kolkata Passenger Express,Passenger,NE02,NE07,378,Weekly,SER,22:22,02:34
1469,13469,Hubballi Vande Bharat Express,Vande Bharat,NE05,NF02,2128,Bi-weekly,SWR,08:50,14:44
1470,13470,Chennai Express Express,Express,NE08,NF05,767,Daily,SR,00:20,21:47
1471,13471,Jabalpur Superfast Express,Superfast,NF03,NF08,1899,Weekly,WCR,20:22,07:55
1472,13472,Mumbai Mail Express,Mail,NF06,NW03,1405,Bi-weekly,WR,06:16,20:03
1473,13473,Mumbai Passenger Express,Passenger,NW01,NW06,223,Daily,CR,16:00,03:59
1474,13474,Kolkata Vande Bharat Express,Vande Bharat,NW04,SC01,1067,Weekly,ER,16:29,02:11
1475,13475,Hajipur Express Express,Express,NW07,SC04,1845,Bi-weekly,ECR,02:35,08:22
1476,13476,Bhubaneswar Superfast Express,Superfast,SC02,SC07,2289,Daily,ECoR,13:36,08:22
1477,13477,New Delhi Mail Express,Mail,SC05,SE02,1670,Weekly,NR,00:14,13:37
1478,13478,Prayagraj Passenger Express,Passenger,SC08,SE05,294,Bi-weekly,NCR,18:32,05:45
1479,13479,Gorakhpur Vande Bharat Express,Vande Bharat,SE03,SE08,2378,Daily,NER,09:17,06:35
1480,13480,Guwahati Express Express,Express,SE06,SE03,189,Weekly,NFR,11:01,00:25
1481,13481,Jaipur Superfast Express,Superfast,SE01,SE06,1809,Bi-weekly,NWR,20:05,05:25
1482,13482,Secunderabad Mail Express,Mail,SE04,SW01,1411,Daily,SCR,22:41,12:03
1483,13483,Bilaspur Passenger Express,Passenger,SE07,SW04,267,Weekly,SECR,03:39,07:14
1484,13484,Kolkata Vande Bharat Express,Vande Bharat,SW02,SW07,1634,Bi-weekly,SER,18:26,20:44
1485,13485,Hubballi Express Express,Express,SW05,SR02,1741,Daily,SWR,19:11,17:57
1486,13486,Chennai Superfast Express,Superfast,SW08,SR05,2382,Weekly,SR,13:45,20:51
1487,13487,Jabalpur Mail Express,Mail,SR03,SR08,2162,Bi-weekly,WCR,19:22,16:24
1488,13488,Mumbai Passenger Express,Passenger,SR06,WC03,1940,Daily,WR,18:56,13:28
1489,13489,Mumbai Vande Bharat Express,Vande Bharat,WC01,WC06,464,Weekly,CR,14:33,11:40
1490,13490,Kolkata Express Express,Express,WC04,WR01,2054,Bi-weekly,ER,03:25,16:49
1491,13491,Hajipur Superfast Express,Superfast,WC07,WR04,1885,Daily,ECR,18:51,22:36
1492,13492,Bhubaneswar Mail Express,Mail,WR02,WR07,657,Weekly,ECoR,12:42,02:45
1493,13493,New Delhi Passenger Express,Passenger,WR05,CR02,1342,Bi-weekly,NR,21:12,20:26
1494,13494,Prayagraj Vande Bharat Express,Vande Bharat,WR08,CR05,1410,Daily,NCR,15:34,20:10
1495,13495,Gorakhpur Express Express,Express,CR03,CR08,1773,Weekly,NER,22:13,05:28
1496,13496,Guwahati Superfast Express,Superfast,CR06,ER03,1761,Bi-weekly,NFR,22:47,18:26
1497,13497,Jaipur Mail Express,Mail,ER01,ER06,1577,Daily,NWR,04:27,04:01
1498,13498,Secunderabad Passenger Express,Passenger,ER04,EC01,2067,Weekly,SCR,18:30,00:05
1499,13499,Bilaspur Vande Bharat Express,Vande Bharat,ER07,EC04,339,Bi-weekly,SECR,16:12,05:51
1500,13500,Kolkata Express Express,Express,EC02,EC07,2113,Daily,SER,17:18,13:12
1501,13501,Hubballi Superfast Express,Superfast,EC05,EC02,2070,Weekly,SWR,01:44,11:45
1502,13502,Chennai Mail Express,Mail,EC08,EC05,1125,Bi-weekly,SR,03:45,14:27
1503,13503,Jabalpur Passenger Express,Passenger,EC03,EC08,944,Daily,WCR,07:28,06:16
1504,13504,Mumbai Vande Bharat Express,Vande Bharat,EC06,NR03,725,Weekly,WR,00:55,05:09
1505,13505,Mumbai Express Express,Express,NR01,NR06,430,Bi-weekly,CR,22:28,07:24
1506,13506,Kolkata Superfast Express,Superfast,NR04,NC01,285,Daily,ER,07:14,18:03
1507,13507,Hajipur Mail Express,Mail,NR07,NC04,1067,Weekly,ECR,18:50,11:13
1508,13508,Bhubaneswar Passenger Express,Passenger,NC02,NC07,861,Bi-weekly,ECoR,05:39,06:37
1509,13509,New Delhi Vande Bharat Express,Vande Bharat,NC05,NE02,1601,Daily,NR,21:22,22:24
1510,13510,Prayagraj Express Express,Express,NC08,NE05,1659,Weekly,NCR,15:49,10:47
1511,13511,Gorakhpur Superfast Express,Superfast,NE03,NE08,904,Bi-weekly,NER,11:29,16:37
1512,13512,Guwahati Mail Express,Mail,NE06,NF03,261,Daily,NFR,18:45,02:57
1513,13513,Jaipur Passenger Express,Passenger,NF01,NF06,1612,Weekly,NWR,01:29,19:16
1514,13514,Secunderabad Vande Bharat Express,Vande Bharat,NF04,NW01,2244,Bi-weekly,SCR,09:13,08:31
1515,13515,Bilaspur Express Express,Express,NF07,NW04,1676,Daily,SECR,21:11,22:31
1516,13516,Kolkata Superfast Express,Superfast,NW02,NW07,376,Weekly,SER,21:20,14:41
1517,13517,Hubballi Mail Express,Mail,NW05,SC02,111,Bi-weekly,SWR,05:41,07:00
1518,13518,Chennai Passenger Express,Passenger,NW08,SC05,134,Daily,SR,19:09,02:33
1519,13519,Jabalpur Vande Bharat Express,Vande Bharat,SC03,SC08,355,Weekly,WCR,15:32,14:29
1520,13520,Mumbai Express Express,Express,SC06,SE03,1885,Bi-weekly,WR,14:24,00:16
1521,13521,Mumbai Superfast Express,Superfast,SE01,SE06,384,Daily,CR,00:16,04:04
1522,13522,Kolkata Mail Express,Mail,SE04,SE01,804,Weekly,ER,11:10,06:01
1523,13523,Hajipur Passenger Express,Passenger,SE07,SE04,196,Bi-weekly,ECR,03:27,15:47
1524,13524,Bhubaneswar Vande Bharat Express,Vande Bharat,SE02,SE07,1540,Daily,ECoR,14:56,05:47
1525,13525,New Delhi Express Express,Express,SE05,SW02,2253,Weekly,NR,13:50,03:52
1526,13526,Prayagraj Superfast Express,Superfast,SE08,SW05,1388,Bi-weekly,NCR,05:03,16:25
1527,13527,Gorakhpur Mail Express,Mail,SW03,SW08,799,Daily,NER,08:59,09:04
1528,13528,Guwahati Passenger Express,Passenger,SW06,SR03,729,Weekly,NFR,03:41,18:50
1529,13529,Jaipur Vande Bharat Express,Vande Bharat,SR01,SR06,1548,Bi-weekly,NWR,17:25,14:06
1530,13530,Secunderabad Express Express,Express,SR04,WC01,1328,Daily,SCR,12:01,12:43
1531,13531,Bilaspur Superfast Express,Superfast,SR07,WC04,932,Weekly,SECR,12:17,06:07
1532,13532,Kolkata Mail Express,Mail,WC02,WC07,840,Bi-weekly,SER,18:56,14:37
1533,13533,Hubballi Passenger Express,Passenger,WC05,WR02,1504,Daily,SWR,10:25,14:47
1534,13534,Chennai Vande Bharat Express,Vande Bharat,WC08,WR05,1039,Weekly,SR,13:28,06:17
1535,13535,Jabalpur Express Express,Express,WR03,WR08,262,Bi-weekly,WCR,10:42,15:59
1536,13536,Mumbai Superfast Express,Superfast,WR06,CR03,172,Daily,WR,17:47,10:16
1537,13537,Mumbai Mail Express,Mail,CR01,CR06,908,Weekly,CR,15:51,14:30
1538,13538,Kolkata Passenger Express,Passenger,CR04,ER01,1594,Bi-weekly,ER,01:36,00:57
1539,13539,Hajipur Vande Bharat Express,Vande Bharat,CR07,ER04,2142,Daily,ECR,11:22,16:38
1540,13540,Bhubaneswar Express Express,Express,ER02,ER07,1716,Weekly,ECoR,11:14,01:16
1541,13541,New Delhi Superfast Express,Superfast,ER05,EC02,1307,Bi-weekly,NR,09:30,06:56
1542,13542,Prayagraj Mail Express,Mail,ER08,EC05,930,Daily,NCR,19:23,10:36
1543,13543,Gorakhpur Passenger Express,Passenger,EC03,EC08,690,Weekly,NER,05:22,18:08
1544,13544,Guwahati Vande Bharat Express,Vande Bharat,EC06,EC03,1095,Bi-weekly,NFR,15:42,09:04
1545,13545,Jaipur Express Express,Express,EC01,EC06,116,Daily,NWR,10:48,00:53
1546,13546,Secunderabad Superfast Express,Superfast,EC04,NR01,1648,Weekly,SCR,00:20,05:56
1547,13547,Bilaspur Mail Express,Mail,EC07,NR04,1367,Bi-weekly,SECR,07:16,12:00
1548,13548,Kolkata Passenger Express,Passenger,NR02,NR07,677,Daily,SER,03:37,15:28
1549,13549,Hubballi Vande Bharat Express,Vande Bharat,NR05,NC02,404,Weekly,SWR,08:50,04:09
1550,13550,Chennai Express Express,Express,NR08,NC05,338,Bi-weekly,SR,18:07,13:59
1551,13551,Jabalpur Superfast Express,Superfast,NC03,NC08,1569,Daily,WCR,09:12,00:09
1552,13552,Mumbai Mail Express,Mail,NC06,NE03,2290,Weekly,WR,03:01,18:25
1553,13553,Mumbai Passenger Express,Passenger,NE01,NE06,908,Bi-weekly,CR,16:31,21:28
1554,13554,Kolkata Vande Bharat Express,Vande Bharat,NE04,NF01,1733,Daily,ER,20:27,06:58
1555,13555,Hajipur Express Express,Express,NE07,NF04,606,Weekly,ECR,00:34,22:05
1556,13556,Bhubaneswar Superfast Express,Superfast,NF02,NF07,2050,Bi-weekly,ECoR,19:55,09:15
1557,13557,New Delhi Mail Express,Mail,NF05,NW02,1268,Daily,NR,03:50,15:28
1558,13558,Prayagraj Passenger Express,Passenger,NF08,NW05,1276,Weekly,NCR,16:31,19:55
1559,13559,Gorakhpur Vande Bharat Express,Vande Bharat,NW03,NW08,2283,Bi-weekly,NER,14:44,07:02
1560,13560,Guwahati Express Express,Express,NW06,SC03,1008,Daily,NFR,20:08,12:11
1561,13561,Jaipur Superfast Express,Superfast,SC01,SC06,1075,Weekly,NWR,03:44,18:45
1562,13562,Secunderabad Mail Express,Mail,SC04,SE01,1715,Bi-weekly,SCR,05:31,02:22
1563,13563,Bilaspur Passenger Express,Passenger,SC07,SE04,1253,Daily,SECR,15:05,18:27
1564,13564,Kolkata Vande Bharat Express,Vande Bharat,SE02,SE07,2124,Weekly,SER,12:32,15:49
1565,13565,Hubballi Express Express,Express,SE05,SE02,445,Bi-weekly,SWR,11:01,10:48
1566,13566,Chennai Superfast Express,Superfast,SE08,SE05,2087,Daily,SR,06:23,12:23
1567,13567,Jabalpur Mail Express,Mail,SE03,SE08,493,Weekly,WCR,07:24,11:55
1568,13568,Mumbai Passenger Express,Passenger,SE06,SW03,1344,Bi-weekly,WR,08:39,17:25
1569,13569,Mumbai Vande Bharat Express,Vande Bharat,SW01,SW06,1215,Daily,CR,05:51,19:10
1570,13570,Kolkata Express Express,Express,SW04,SR01,882,Weekly,ER,06:55,01:12
1571,13571,Hajipur Superfast Express,Superfast,SW07,SR04,810,Bi-weekly,ECR,12:14,12:44
1572,13572,Bhubaneswar Mail Express,Mail,SR02,SR07,2002,Daily,ECoR,02:08,02:54
1573,13573,New Delhi Passenger Express,Passenger,SR05,WC02,1592,Weekly,NR,12:47,13:14
1574,13574,Prayagraj Vande Bharat Express,Vande Bharat,SR08,WC05,1263,Bi-weekly,NCR,16:02,13:29
1575,13575,Gorakhpur Express Express,Express,WC03,WC08,241,Daily,NER,06:26,07:17
1576,13576,Guwahati Superfast Express,Superfast,WC06,WR03,1585,Weekly,NFR,09:29,18:05
1577,13577,Jaipur Mail Express,Mail,WR01,WR06,914,Bi-weekly,NWR,01:55,04:49
1578,13578,Secunderabad Passenger Express,Passenger,WR04,CR01,522,Daily,SCR,07:36,19:10
1579,13579,Bilaspur Vande Bharat Express,Vande Bharat,WR07,CR04,574,Weekly,SECR,20:19,04:44
1580,13580,Kolkata Express Express,Express,CR02,CR07,291,Bi-weekly,SER,19:52,19:17
1581,13581,Hubballi Superfast Express,Superfast,CR05,ER02,344,Daily,SWR,09:20,22:37
1582,13582,Chennai Mail Express,Mail,CR08,ER05,2270,Weekly,SR,17:42,02:04
1583,13583,Jabalpur Passenger Express,Passenger,ER03,ER08,187,Bi-weekly,WCR,13:12,22:07
1584,13584,Mumbai Vande Bharat Express,Vande Bharat,ER06,EC03,2276,Daily,WR,15:06,01:23
1585,13585,Mumbai Express Express,Express,EC01,EC06,866,Weekly,CR,07:31,02:07
1586,13586,Kolkata Superfast Express,Superfast,EC04,EC01,1691,Bi-weekly,ER,22:16,21:20
1587,13587,Hajipur Mail Express,Mail,EC07,EC04,859,Daily,ECR,02:25,11:39
1588,13588,Bhubaneswar Passenger Express,Passenger,EC02,EC07,446,Weekly,ECoR,04:25,01:08
1589,13589,New Delhi Vande Bharat Express,Vande Bharat,EC05,NR02,1539,Bi-weekly,NR,21:34,03:59
1590,13590,Prayagraj Express Express,Express,EC08,NR05,1290,Daily,NCR,16:11,13:04
1591,13591,Gorakhpur Superfast Express,Superfast,NR03,NR08,1531,Weekly,NER,04:54,01:39
1592,13592,Guwahati Mail Express,Mail,NR06,NC03,403,Bi-weekly,NFR,15:29,22:39
1593,13593,Jaipur Passenger Express,Passenger,NC01,NC06,943,Daily,NWR,02:35,10:03
1594,13594,Secunderabad Vande Bharat Express,Vande Bharat,NC04,NE01,1428,Weekly,SCR,04:14,00:22
1595,13595,Bilaspur Express Express,Express,NC07,NE04,586,Bi-weekly,SECR,01:26,05:08
1596,13596,Kolkata Superfast Express,Superfast,NE02,NE07,1162,Daily,SER,01:59,10:59
1597,13597,Hubballi Mail Express,Mail,NE05,NF02,2124,Weekly,SWR,22:32,09:43
1598,13598,Chennai Passenger Express,Passenger,NE08,NF05,267,Bi-weekly,SR,19:19,00:14
1599,13599,Jabalpur Vande Bharat Express,Vande Bharat,NF03,NF08,642,Daily,WCR,00:40,02:50
1600,13600,Mumbai Express Express,Express,NF06,NW03,1131,Weekly,WR,16:20,03:10
1601,13601,Mumbai Superfast Express,Superfast,NW01,NW06,1578,Bi-weekly,CR,16:16,08:56
1602,13602,Kolkata Mail Express,Mail,NW04,SC01,2056,Daily,ER,09:14,06:32
1603,13603,Hajipur Passenger Express,Passenger,NW07,SC04,1394,Weekly,ECR,04:03,11:47
1604,13604,Bhubaneswar Vande Bharat Express,Vande Bharat,SC02,SC07,433,Bi-weekly,ECoR,09:09,05:36
1605,13605,New Delhi Express Express,Express,SC05,SE02,743,Daily,NR,06:59,03:11
1606,13606,Prayagraj Superfast Express,Superfast,SC08,SE05,2237,Weekly,NCR,12:02,09:33
1607,13607,Gorakhpur Mail Express,Mail,SE03,SE08,667,Bi-weekly,NER,12:38,05:48
1608,13608,Guwahati Passenger Express,Passenger,SE06,SE03,1130,Daily,NFR,22:05,07:43
1609,13609,Jaipur Vande Bharat Express,Vande Bharat,SE01,SE06,2156,Weekly,NWR,05:58,04:24
1610,13610,Secunderabad Express Express,Express,SE04,SW01,810,Bi-weekly,SCR,09:54,16:47
1611,13611,Bilaspur Superfast Express,Superfast,SE07,SW04,669,Daily,SECR,21:26,14:41
1612,13612,Kolkata Mail Express,Mail,SW02,SW07,1617,Weekly,SER,13:28,14:54
1613,13613,Hubballi Passenger Express,Passenger,SW05,SR02,984,Bi-weekly,SWR,11:10,08:46
1614,13614,Chennai Vande Bharat Express,Vande Bharat,SW08,SR05,1565,Daily,SR,04:32,18:07
1615,13615,Jabalpur Express Express,Express,SR03,SR08,223,Weekly,WCR,09:39,07:49
1616,13616,Mumbai Superfast Express,Superfast,SR06,WC03,2044,Bi-weekly,WR,12:22,00:49
1617,13617,Mumbai Mail Express,Mail,WC01,WC06,2157,Daily,CR,10:30,17:41
1618,13618,Kolkata Passenger Express,Passenger,WC04,WR01,393,Weekly,ER,15:55,17:28
1619,13619,Hajipur Vande Bharat Express,Vande Bharat,WC07,WR04,1293,Bi-weekly,ECR,05:39,05:20
1620,13620,Bhubaneswar Express Express,Express,WR02,WR07,694,Daily,ECoR,07:22,01:43
1621,13621,New Delhi Superfast Express,Superfast,WR05,CR02,1103,Weekly,NR,21:10,15:10
1622,13622,Prayagraj Mail Express,Mail,WR08,CR05,1349,Bi-weekly,NCR,11:26,15:49
1623,13623,Gorakhpur Passenger Express,Passenger,CR03,CR08,814,Daily,NER,19:11,06:18
1624,13624,Guwahati Vande Bharat Express,Vande Bharat,CR06,ER03,2291,Weekly,NFR,02:23,09:48
1625,13625,Jaipur Express Express,Express,ER01,ER06,1207,Bi-weekly,NWR,22:44,16:45
1626,13626,Secunderabad Superfast Express,Superfast,ER04,EC01,454,Daily,SCR,10:35,04:07
1627,13627,Bilaspur Mail Express,Mail,ER07,EC04,394,Weekly,SECR,18:39,06:44
1628,13628,Kolkata Passenger Express,Passenger,EC02,EC07,1692,Bi-weekly,SER,18:54,20:10
1629,13629,Hubballi Vande Bharat Express,Vande Bharat,EC05,EC02,1864,Daily,SWR,09:24,14:36
1630,13630,Chennai Express Express,Express,EC08,EC05,1053,Weekly,SR,22:10,02:01
1631,13631,Jabalpur Superfast Express,Superfast,EC03,EC08,1969,Bi-weekly,WCR,09:26,14:26
1632,13632,Mumbai Mail Express,Mail,EC06,NR03,1411,Daily,WR,01:09,21:27
1633,13633,Mumbai Passenger Express,Passenger,NR01,NR06,468,Weekly,CR,08:20,06:17
1634,13634,Kolkata Vande Bharat Express,Vande Bharat,NR04,NC01,1771,Bi-weekly,ER,02:18,10:32
1635,13635,Hajipur Express Express,Express,NR07,NC04,2122,Daily,ECR,21:17,12:01
1636,13636,Bhubaneswar Superfast Express,Superfast,NC02,NC07,1511,Weekly,ECoR,03:04,15:10
1637,13637,New Delhi Mail Express,Mail,NC05,NE02,1187,Bi-weekly,NR,02:44,17:34
1638,13638,Prayagraj Passenger Express,Passenger,NC08,NE05,2019,Daily,NCR,10:11,03:13
1639,13639,Gorakhpur Vande Bharat Express,Vande Bharat,NE03,NE08,544,Weekly,NER,07:12,13:08
1640,13640,Guwahati Express Express,Express,NE06,NF03,1522,Bi-weekly,NFR,07:41,11:54
1641,13641,Jaipur Superfast Express,Superfast,NF01,NF06,1100,Daily,NWR,06:35,15:26
1642,13642,Secunderabad Mail Express,Mail,NF04,NW01,1378,Weekly,SCR,10:18,07:54
1643,13643,Bilaspur Passenger Express,Passenger,NF07,NW04,1646,Bi-weekly,SECR,02:57,16:03
1644,13644,Kolkata Vande Bharat Express,Vande Bharat,NW02,NW07,1768,Daily,SER,13:54,11:31
1645,13645,Hubballi Express Express,Express,NW05,SC02,810,Weekly,SWR,07:37,19:53
1646,13646,Chennai Superfast Express,Superfast,NW08,SC05,1868,Bi-weekly,SR,14:30,07:46
1647,13647,Jabalpur Mail Express,Mail,SC03,SC08,818,Daily,WCR,06:52,13:21
1648,13648,Mumbai Passenger Express,Passenger,SC06,SE03,2087,Weekly,WR,22:19,11:29
1649,13649,Mumbai Vande Bharat Express,Vande Bharat,SE01,SE06,1707,Bi-weekly,CR,21:32,18:35
1650,13650,Kolkata Express Express,Express,SE04,SE01,2137,Daily,ER,09:23,09:59
1651,13651,Hajipur Superfast Express,Superfast,SE07,SE04,1498,Weekly,ECR,03:02,11:48
1652,13652,Bhubaneswar Mail Express,Mail,SE02,SE07,1191,Bi-weekly,ECoR,12:47,11:54
1653,13653,New Delhi Passenger Express,Passenger,SE05,SW02,1560,Daily,NR,16:46,14:03
1654,13654,Prayagraj Vande Bharat Express,Vande Bharat,SE08,SW05,1071,Weekly,NCR,03:30,03:30
1655,13655,Gorakhpur Express Express,Express,SW03,SW08,877,Bi-weekly,NER,00:07,11:04
1656,13656,Guwahati Superfast Express,Superfast,SW06,SR03,2065,Daily,NFR,17:42,03:47
1657,13657,Jaipur Mail Express,Mail,SR01,SR06,1552,Weekly,NWR,08:00,12:47
1658,13658,Secunderabad Passenger Express,Passenger,SR04,WC01,157,Bi-weekly,SCR,01:22,11:28
1659,13659,Bilaspur Vande Bharat Express,Vande Bharat,SR07,WC04,1068,Daily,SECR,05:03,00:05
1660,13660,Kolkata Express Express,Express,WC02,WC07,1681,Weekly,SER,18:26,01:24
1661,13661,Hubballi Superfast Express,Superfast,WC05,WR02,2366,Bi-weekly,SWR,05:29,12:19
1662,13662,Chennai Mail Express,Mail,WC08,WR05,1096,Daily,SR,10:28,16:34
1663,13663,Jabalpur Passenger Express,Passenger,WR03,WR08,203,Weekly,WCR,00:24,20:02
1664,13664,Mumbai Vande Bharat Express,Vande Bharat,WR06,CR03,244,Bi-weekly,WR,15:27,05:12
1665,13665,Mumbai Express Express,Express,CR01,CR06,1622,Daily,CR,12:38,06:31
1666,13666,Kolkata Superfast Express,Superfast,CR04,ER01,2075,Weekly,ER,07:23,03:38
1667,13667,Hajipur Mail Express,Mail,CR07,ER04,155,Bi-weekly,ECR,05:42,00:59
1668,13668,Bhubaneswar Passenger Express,Passenger,ER02,ER07,1017,Daily,ECoR,09:32,14:27
1669,13669,New Delhi Vande Bharat Express,Vande Bharat,ER05,EC02,2131,Weekly,NR,22:12,16:18
1670,13670,Prayagraj Express Express,Express,ER08,EC05,2389,Bi-weekly,NCR,05:17,16:47
1671,13671,Gorakhpur Superfast Express,Superfast,EC03,EC08,378,Daily,NER,12:20,14:33
1672,13672,Guwahati Mail Express,Mail,EC06,EC03,2367,Weekly,NFR,21:39,15:53
1673,13673,Jaipur Passenger Express,Passenger,EC01,EC06,505,Bi-weekly,NWR,16:46,02:52
1674,13674,Secunderabad Vande Bharat Express,Vande Bharat,EC04,NR01,1702,Daily,SCR,07:29,11:55
1675,13675,Bilaspur Express Express,Express,EC07,NR04,2328,Weekly,SECR,18:39,02:54
1676,13676,Kolkata Superfast Express,Superfast,NR02,NR07,390,Bi-weekly,SER,03:04,21:29
1677,13677,Hubballi Mail Express,Mail,NR05,NC02,627,Daily,SWR,01:24,16:59
1678,13678,Chennai Passenger Express,Passenger,NR08,NC05,1361,Weekly,SR,13:50,20:16
1679,13679,Jabalpur Vande Bharat Express,Vande Bharat,NC03,NC08,2381,Bi-weekly,WCR,11:55,02:05
1680,13680,Mumbai Express Express,Express,NC06,NE03,2132,Daily,WR,15:10,20:06
1681,13681,Mumbai Superfast Express,Superfast,NE01,NE06,1662,Weekly,CR,04:04,18:50
1682,13682,Kolkata Mail Express,Mail,NE04,NF01,325,Bi-weekly,ER,02:36,00:44
1683,13683,Hajipur Passenger Express,Passenger,NE07,NF04,2204,Daily,ECR,17:13,04:40
1684,13684,Bhubaneswar Vande Bharat Express,Vande Bharat,NF02,NF07,222,Weekly,ECoR,12:26,17:12
1685,13685,New Delhi Express Express,Express,NF05,NW02,1848,Bi-weekly,NR,16:14,08:03
1686,13686,Prayagraj Superfast Express,Superfast,NF08,NW05,1122,Daily,NCR,05:06,12:34
1687,13687,Gorakhpur Mail Express,Mail,NW03,NW08,279,Weekly,NER,04:04,15:20
1688,13688,Guwahati Passenger Express,Passenger,NW06,SC03,245,Bi-weekly,NFR,04:58,05:41
1689,13689,Jaipur Vande Bharat Express,Vande Bharat,SC01,SC06,1166,Daily,NWR,04:18,00:44
1690,13690,Secunderabad Express Express,Express,SC04,SE01,855,Weekly,SCR,11:09,18:13
1691,13691,Bilaspur Superfast Express,Superfast,SC07,SE04,1393,Bi-weekly,SECR,20:42,13:53
1692,13692,Kolkata Mail Express,Mail,SE02,SE07,489,Daily,SER,22:33,09:15
1693,13693,Hubballi Passenger Express,Passenger,SE05,SE02,1808,Weekly,SWR,22:41,00:28
1694,13694,Chennai Vande Bharat Express,Vande Bharat,SE08,SE05,1778,Bi-weekly,SR,09:46,16:04
1695,13695,Jabalpur Express Express,Express,SE03,SE08,1374,Daily,WCR,03:29,08:48
1696,13696,Mumbai Superfast Express,Superfast,SE06,SW03,2094,Weekly,WR,10:32,14:39
1697,13697,Mumbai Mail Express,Mail,SW01,SW06,1554,Bi-weekly,CR,18:58,19:08
1698,13698,Kolkata Passenger Express,Passenger,SW04,SR01,1184,Daily,ER,10:30,12:43
1699,13699,Hajipur Vande Bharat Express,Vande Bharat,SW07,SR04,1056,Weekly,ECR,06:27,19:18
1700,13700,Bhubaneswar Express Express,Express,SR02,SR07,128,Bi-weekly,ECoR,22:11,13:48
1701,13701,New Delhi Superfast Express,Superfast,SR05,WC02,716,Daily,NR,07:16,03:09
1702,13702,Prayagraj Mail Express,Mail,SR08,WC05,513,Weekly,NCR,10:31,00:50
1703,13703,Gorakhpur Passenger Express,Passenger,WC03,WC08,1648,Bi-weekly,NER,01:50,00:33
1704,13704,Guwahati Vande Bharat Express,Vande Bharat,WC06,WR03,1159,Daily,NFR,11:57,21:16
1705,13705,Jaipur Express Express,Express,WR01,WR06,1424,Weekly,NWR,22:43,20:26
1706,13706,Secunderabad Superfast Express,Superfast,WR04,CR01,736,Bi-weekly,SCR,11:49,21:41
1707,13707,Bilaspur Mail Express,Mail,WR07,CR04,1719,Daily,SECR,11:19,09:29
1708,13708,Kolkata Passenger Express,Passenger,CR02,CR07,1971,Weekly,SER,12:47,00:45
1709,13709,Hubballi Vande Bharat Express,Vande Bharat,CR05,ER02,1256,Bi-weekly,SWR,22:28,11:07
1710,13710,Chennai Express Express,Express,CR08,ER05,1952,Daily,SR,16:51,02:12
1711,13711,Jabalpur Superfast Express,Superfast,ER03,ER08,2114,Weekly,WCR,00:30,09:56
1712,13712,Mumbai Mail Express,Mail,ER06,EC03,2067,Bi-weekly,WR,20:17,13:42
1713,13713,Mumbai Passenger Express,Passenger,EC01,EC06,2324,Daily,CR,00:58,08:07
1714,13714,Kolkata Vande Bharat Express,Vande Bharat,EC04,EC01,1507,Weekly,ER,17:07,00:53
1715,13715,Hajipur Express Express,Express,EC07,EC04,2246,Bi-weekly,ECR,03:54,20:59
1716,13716,Bhubaneswar Superfast Express,Superfast,EC02,EC07,582,Daily,ECoR,13:59,20:36
1717,13717,New Delhi Mail Express,Mail,EC05,NR02,537,Weekly,NR,01:15,01:11
1718,13718,Prayagraj Passenger Express,Passenger,EC08,NR05,253,Bi-weekly,NCR,17:35,11:48
1719,13719,Gorakhpur Vande Bharat Express,Vande Bharat,NR03,NR08,1033,Daily,NER,09:12,10:10
1720,13720,Guwahati Express Express,Express,NR06,NC03,1447,Weekly,NFR,22:31,06:41
1721,13721,Jaipur Superfast Express,Superfast,NC01,NC06,1982,Bi-weekly,NWR,10:15,16:11
1722,13722,Secunderabad Mail Express,Mail,NC04,NE01,2393,Daily,SCR,07:21,16:00
1723,13723,Bilaspur Passenger Express,Passenger,NC07,NE04,550,Weekly,SECR,02:23,12:10
1724,13724,Kolkata Vande Bharat Express,Vande Bharat,NE02,NE07,878,Bi-weekly,SER,17:56,00:37
1725,13725,Hubballi Express Express,Express,NE05,NF02,139,Daily,SWR,11:52,18:13
1726,13726,Chennai Superfast Express,Superfast,NE08,NF05,679,Weekly,SR,18:49,06:00
1727,13727,Jabalpur Mail Express,Mail,NF03,NF08,1111,Bi-weekly,WCR,14:26,21:48
1728,13728,Mumbai Passenger Express,Passenger,NF06,NW03,1907,Daily,WR,00:51,17:23
1729,13729,Mumbai Vande Bharat Express,Vande Bharat,NW01,NW06,1447,Weekly,CR,18:54,12:02
1730,13730,Kolkata Express Express,Express,NW04,SC01,1515,Bi-weekly,ER,15:03,18:12
1731,13731,Hajipur Superfast Express,Superfast,NW07,SC04,2145,Daily,ECR,12:19,01:01
1732,13732,Bhubaneswar Mail Express,Mail,SC02,SC07,1800,Weekly,ECoR,08:50,05:55
1733,13733,New Delhi Passenger Express,Passenger,SC05,SE02,2264,Bi-weekly,NR,02:38,21:19
1734,13734,Prayagraj Vande Bharat Express,Vande Bharat,SC08,SE05,236,Daily,NCR,20:28,00:50
1735,13735,Gorakhpur Express Express,Express,SE03,SE08,1654,Weekly,NER,01:15,00:57
1736,13736,Guwahati Superfast Express,Superfast,SE06,SE03,137,Bi-weekly,NFR,18:30,13:48
1737,13737,Jaipur Mail Express,Mail,SE01,SE06,2156,Daily,NWR,02:01,02:40
1738,13738,Secunderabad Passenger Express,Passenger,SE04,SW01,1399,Weekly,SCR,01:14,12:43
1739,13739,Bilaspur Vande Bharat Express,Vande Bharat,SE07,SW04,876,Bi-weekly,SECR,21:59,17:27
1740,13740,Kolkata Express Express,Express,SW02,SW07,2115,Daily,SER,16:31,10:49
1741,13741,Hubballi Superfast Express,Superfast,SW05,SR02,1372,Weekly,SWR,04:59,01:41
1742,13742,Chennai Mail Express,Mail,SW08,SR05,1601,Bi-weekly,SR,13:03,11:53
1743,13743,Jabalpur Passenger Express,Passenger,SR03,SR08,635,Daily,WCR,15:51,21:30
1744,13744,Mumbai Vande Bharat Express,Vande Bharat,SR06,WC03,808,Weekly,WR,16:29,14:44
1745,13745,Mumbai Express Express,Express,WC01,WC06,1727,Bi-weekly,CR,05:45,12:55
1746,13746,Kolkata Superfast Express,Superfast,WC04,WR01,1609,Daily,ER,20:58,22:44
1747,13747,Hajipur Mail Express,Mail,WC07,WR04,1465,Weekly,ECR,02:23,10:46
1748,13748,Bhubaneswar Passenger Express,Passenger,WR02,WR07,1445,Bi-weekly,ECoR,10:08,16:25
1749,13749,New Delhi Vande Bharat Express,Vande Bharat,WR05,CR02,163,Daily,NR,06:52,02:24
1750,13750,Prayagraj Express Express,Express,WR08,CR05,1267,Weekly,NCR,01:09,21:35
1751,13751,Gorakhpur Superfast Express,Superfast,CR03,CR08,567,Bi-weekly,NER,03:25,16:43
1752,13752,Guwahati Mail Express,Mail,CR06,ER03,532,Daily,NFR,16:53,05:01
1753,13753,Jaipur Passenger Express,Passenger,ER01,ER06,2304,Weekly,NWR,12:46,07:17
1754,13754,Secunderabad Vande Bharat Express,Vande Bharat,ER04,EC01,602,Bi-weekly,SCR,04:28,02:50
1755,13755,Bilaspur Express Express,Express,ER07,EC04,1266,Daily,SECR,21:30,06:30
1756,13756,Kolkata Superfast Express,Superfast,EC02,EC07,437,Weekly,SER,18:43,03:34
1757,13757,Hubballi Mail Express,Mail,EC05,EC02,1328,Bi-weekly,SWR,04:07,17:15
1758,13758,Chennai Passenger Express,Passenger,EC08,EC05,1283,Daily,SR,05:39,01:21
1759,13759,Jabalpur Vande Bharat Express,Vande Bharat,EC03,EC08,1349,Weekly,WCR,10:36,04:26
1760,13760,Mumbai Express Express,Express,EC06,NR03,1835,Bi-weekly,WR,07:09,19:46
1761,13761,Mumbai Superfast Express,Superfast,NR01,NR06,1658,Daily,CR,18:46,17:30
1762,13762,Kolkata Mail Express,Mail,NR04,NC01,125,Weekly,ER,13:16,17:28
1763,13763,Hajipur Passenger Express,Passenger,NR07,NC04,2180,Bi-weekly,ECR,13:33,21:28
1764,13764,Bhubaneswar Vande Bharat Express,Vande Bharat,NC02,NC07,951,Daily,ECoR,08:52,17:09
1765,13765,New Delhi Express Express,Express,NC05,NE02,1222,Weekly,NR,08:38,01:42
1766,13766,Prayagraj Superfast Express,Superfast,NC08,NE05,1802,Bi-weekly,NCR,05:09,14:15
1767,13767,Gorakhpur Mail Express,Mail,NE03,NE08,2264,Daily,NER,17:57,12:56
1768,13768,Guwahati Passenger Express,Passenger,NE06,NF03,112,Weekly,NFR,06:00,15:30
1769,13769,Jaipur Vande Bharat Express,Vande Bharat,NF01,NF06,747,Bi-weekly,NWR,07:38,04:30
1770,13770,Secunderabad Express Express,Express,NF04,NW01,1503,Daily,SCR,05:13,08:35
1771,13771,Bilaspur Superfast Express,Superfast,NF07,NW04,670,Weekly,SECR,08:32,04:34
1772,13772,Kolkata Mail Express,Mail,NW02,NW07,400,Bi-weekly,SER,03:14,06:01
1773,13773,Hubballi Passenger Express,Passenger,NW05,SC02,2310,Daily,SWR,07:48,20:48
1774,13774,Chennai Vande Bharat Express,Vande Bharat,NW08,SC05,2008,Weekly,SR,02:22,17:34
1775,13775,Jabalpur Express Express,Express,SC03,SC08,93,Bi-weekly,WCR,13:48,19:23
1776,13776,Mumbai Superfast Express,Superfast,SC06,SE03,628,Daily,WR,07:17,07:18
1777,13777,Mumbai Mail Express,Mail,SE01,SE06,1140,Weekly,CR,00:16,07:09
1778,13778,Kolkata Passenger Express,Passenger,SE04,SE01,2116,Bi-weekly,ER,15:54,12:06
1779,13779,Hajipur Vande Bharat Express,Vande Bharat,SE07,SE04,2178,Daily,ECR,10:41,08:29
1780,13780,Bhubaneswar Express Express,Express,SE02,SE07,1215,Weekly,ECoR,06:33,16:01
1781,13781,New Delhi Superfast Express,Superfast,SE05,SW02,383,Bi-weekly,NR,19:34,22:36
1782,13782,Prayagraj Mail Express,Mail,SE08,SW05,1595,Daily,NCR,20:39,07:31
1783,13783,Gorakhpur Passenger Express,Passenger,SW03,SW08,626,Weekly,NER,07:40,03:40
1784,13784,Guwahati Vande Bharat Express,Vande Bharat,SW06,SR03,1435,Bi-weekly,NFR,07:02,16:49
1785,13785,Jaipur Express Express,Express,SR01,SR06,1773,Daily,NWR,09:39,09:21
1786,13786,Secunderabad Superfast Express,Superfast,SR04,WC01,839,Weekly,SCR,04:58,15:10
1787,13787,Bilaspur Mail Express,Mail,SR07,WC04,2086,Bi-weekly,SECR,03:35,03:21
1788,13788,Kolkata Passenger Express,Passenger,WC02,WC07,1607,Daily,SER,22:59,20:14
1789,13789,Hubballi Vande Bharat Express,Vande Bharat,WC05,WR02,296,Weekly,SWR,20:55,06:01
1790,13790,Chennai Express Express,Express,WC08,WR05,1583,Bi-weekly,SR,01:02,21:29
1791,13791,Jabalpur Superfast Express,Superfast,WR03,WR08,339,Daily,WCR,15:22,12:53
1792,13792,Mumbai Mail Express,Mail,WR06,CR03,631,Weekly,WR,14:49,09:58
1793,13793,Mumbai Passenger Express,Passenger,CR01,CR06,1120,Bi-weekly,CR,10:53,14:52
1794,13794,Kolkata Vande Bharat Express,Vande Bharat,CR04,ER01,1913,Daily,ER,16:14,09:51
1795,13795,Hajipur Express Express,Express,CR07,ER04,1509,Weekly,ECR,06:19,17:10
1796,13796,Bhubaneswar Superfast Express,Superfast,ER02,ER07,340,Bi-weekly,ECoR,17:17,17:32
1797,13797,New Delhi Mail Express,Mail,ER05,EC02,2394,Daily,NR,12:52,19:12
1798,13798,Prayagraj Passenger Express,Passenger,ER08,EC05,2391,Weekly,NCR,17:06,00:16
1799,13799,Gorakhpur Vande Bharat Express,Vande Bharat,EC03,EC08,117,Bi-weekly,NER,08:59,11:01
1800,13800,Guwahati Express Express,Express,EC06,EC03,1225,Daily,NFR,05:51,02:46
1801,13801,Jaipur Superfast Express,Superfast,EC01,EC06,1114,Weekly,NWR,00:40,10:46
1802,13802,Secunderabad Mail Express,Mail,EC04,NR01,1513,Bi-weekly,SCR,18:27,00:07
1803,13803,Bilaspur Passenger Express,Passenger,EC07,NR04,1144,Daily,SECR,09:47,09:51
1804,13804,Kolkata Vande Bharat Express,Vande Bharat,NR02,NR07,515,Weekly,SER,08:45,02:19
1805,13805,Hubballi Express Express,Express,NR05,NC02,1824,Bi-weekly,SWR,13:46,11:51
1806,13806,Chennai Superfast Express,Superfast,NR08,NC05,2115,Daily,SR,22:07,13:06
1807,13807,Jabalpur Mail Express,Mail,NC03,NC08,611,Weekly,WCR,06:38,09:51
1808,13808,Mumbai Passenger Express,Passenger,NC06,NE03,772,Bi-weekly,WR,14:45,22:14
1809,13809,Mumbai Vande Bharat Express,Vande Bharat,NE01,NE06,1781,Daily,CR,01:32,09:57
1810,13810,Kolkata Express Express,Express,NE04,NF01,1874,Weekly,ER,21:51,09:44
1811,13811,Hajipur Superfast Express,Superfast,NE07,NF04,150,Bi-weekly,ECR,12:02,16:58
1812,13812,Bhubaneswar Mail Express,Mail,NF02,NF07,1660,Daily,ECoR,19:14,22:33
1813,13813,New Delhi Passenger Express,Passenger,NF05,NW02,1644,Weekly,NR,17:38,07:36
1814,13814,Prayagraj Vande Bharat Express,Vande Bharat,NF08,NW05,1597,Bi-weekly,NCR,19:28,11:30
1815,13815,Gorakhpur Express Express,Express,NW03,NW08,345,Daily,NER,02:01,15:25
1816,13816,Guwahati Superfast Express,Superfast,NW06,SC03,2088,Weekly,NFR,16:08,02:21
1817,13817,Jaipur Mail Express,Mail,SC01,SC06,2216,Bi-weekly,NWR,01:11,00:24
1818,13818,Secunderabad Passenger Express,Passenger,SC04,SE01,2376,Daily,SCR,15:29,03:21
1819,13819,Bilaspur Vande Bharat Express,Vande Bharat,SC07,SE04,1296,Weekly,SECR,06:42,22:12
1820,13820,Kolkata Express Express,Express,SE02,SE07,665,Bi-weekly,SER,02:43,10:17
1821,13821,Hubballi Superfast Express,Superfast,SE05,SE02,588,Daily,SWR,01:28,15:14
1822,13822,Chennai Mail Express,Mail,SE08,SE05,83,Weekly,SR,10:40,07:15
1823,13823,Jabalpur Passenger Express,Passenger,SE03,SE08,437,Bi-weekly,WCR,17:51,17:31
1824,13824,Mumbai Vande Bharat Express,Vande Bharat,SE06,SW03,1759,Daily,WR,09:01,08:42
1825,13825,Mumbai Express Express,Express,SW01,SW06,1581,Weekly,CR,22:59,05:00
1826,13826,Kolkata Superfast Express,Superfast,SW04,SR01,716,Bi-weekly,ER,20:48,02:09
1827,13827,Hajipur Mail Express,Mail,SW07,SR04,1387,Daily,ECR,15:58,17:12
1828,13828,Bhubaneswar Passenger Express,Passenger,SR02,SR07,166,Weekly,ECoR,14:33,21:34
1829,13829,New Delhi Vande Bharat Express,Vande Bharat,SR05,WC02,1242,Bi-weekly,NR,06:05,20:49
1830,13830,Prayagraj Express Express,Express,SR08,WC05,457,Daily,NCR,16:21,10:50
1831,13831,Gorakhpur Superfast Express,Superfast,WC03,WC08,2033,Weekly,NER,04:18,18:55
1832,13832,Guwahati Mail Express,Mail,WC06,WR03,263,Bi-weekly,NFR,19:29,13:04
1833,13833,Jaipur Passenger Express,Passenger,WR01,WR06,1658,Daily,NWR,15:39,18:56
1834,13834,Secunderabad Vande Bharat Express,Vande Bharat,WR04,CR01,2051,Weekly,SCR,17:58,15:40
1835,13835,Bilaspur Express Express,Express,WR07,CR04,1337,Bi-weekly,SECR,17:04,11:25
1836,13836,Kolkata Superfast Express,Superfast,CR02,CR07,2197,Daily,SER,01:38,04:53
1837,13837,Hubballi Mail Express,Mail,CR05,ER02,2056,Weekly,SWR,05:52,11:58
1838,13838,Chennai Passenger Express,Passenger,CR08,ER05,1773,Bi-weekly,SR,00:12,09:12
1839,13839,Jabalpur Vande Bharat Express,Vande Bharat,ER03,ER08,387,Daily,WCR,22:52,09:12
1840,13840,Mumbai Express Express,Express,ER06,EC03,501,Weekly,WR,21:19,00:23
1841,13841,Mumbai Superfast Express,Superfast,EC01,EC06,1134,Bi-weekly,CR,14:20,21:38
1842,13842,Kolkata Mail Express,Mail,EC04,EC01,2368,Daily,ER,08:39,08:41
1843,13843,Hajipur Passenger Express,Passenger,EC07,EC04,1809,Weekly,ECR,07:56,19:53
1844,13844,Bhubaneswar Vande Bharat Express,Vande Bharat,EC02,EC07,585,Bi-weekly,ECoR,16:06,02:58
1845,13845,New Delhi Express Express,Express,EC05,NR02,434,Daily,NR,19:25,06:04
1846,13846,Prayagraj Superfast Express,Superfast,EC08,NR05,1646,Weekly,NCR,16:28,18:19
1847,13847,Gorakhpur Mail Express,Mail,NR03,NR08,1359,Bi-weekly,NER,06:34,03:28
1848,13848,Guwahati Passenger Express,Passenger,NR06,NC03,1354,Daily,NFR,12:26,14:30
1849,13849,Jaipur Vande Bharat Express,Vande Bharat,NC01,NC06,737,Weekly,NWR,04:38,21:45
1850,13850,Secunderabad Express Express,Express,NC04,NE01,1561,Bi-weekly,SCR,21:53,11:06
1851,13851,Bilaspur Superfast Express,Superfast,NC07,NE04,1551,Daily,SECR,14:16,19:52
1852,13852,Kolkata Mail Express,Mail,NE02,NE07,847,Weekly,SER,10:11,04:15
1853,13853,Hubballi Passenger Express,Passenger,NE05,NF02,928,Bi-weekly,SWR,06:09,10:37
1854,13854,Chennai Vande Bharat Express,Vande Bharat,NE08,NF05,836,Daily,SR,12:16,16:38
1855,13855,Jabalpur Express Express,Express,NF03,NF08,2307,Weekly,WCR,01:51,07:03
1856,13856,Mumbai Superfast Express,Superfast,NF06,NW03,1680,Bi-weekly,WR,03:10,22:13
1857,13857,Mumbai Mail Express,Mail,NW01,NW06,1349,Daily,CR,04:07,00:00
1858,13858,Kolkata Passenger Express,Passenger,NW04,SC01,1179,Weekly,ER,09:02,08:16
1859,13859,Hajipur Vande Bharat Express,Vande Bharat,NW07,SC04,1405,Bi-weekly,ECR,22:41,21:11
1860,13860,Bhubaneswar Express Express,Express,SC02,SC07,578,Daily,ECoR,17:18,19:27
1861,13861,New Delhi Superfast Express,Superfast,SC05,SE02,545,Weekly,NR,19:33,18:27
1862,13862,Prayagraj Mail Express,Mail,SC08,SE05,372,Bi-weekly,NCR,15:07,15:25
1863,13863,Gorakhpur Passenger Express,Passenger,SE03,SE08,1916,Daily,NER,20:24,20:06
1864,13864,Guwahati Vande Bharat Express,Vande Bharat,SE06,SE03,329,Weekly,NFR,22:34,10:09
1865,13865,Jaipur Express Express,Express,SE01,SE06,750,Bi-weekly,NWR,15:49,21:24
1866,13866,Secunderabad Superfast Express,Superfast,SE04,SW01,1135,Daily,SCR,03:04,10:34
1867,13867,Bilaspur Mail Express,Mail,SE07,SW04,322,Weekly,SECR,09:38,18:56
1868,13868,Kolkata Passenger Express,Passenger,SW02,SW07,869,Bi-weekly,SER,09:52,15:16
1869,13869,Hubballi Vande Bharat Express,Vande Bharat,SW05,SR02,1669,Daily,SWR,03:26,07:59
1870,13870,Chennai Express Express,Express,SW08,SR05,161,Weekly,SR,19:16,00:39
1871,13871,Jabalpur Superfast Express,Superfast,SR03,SR08,1653,Bi-weekly,WCR,03:02,02:24
1872,13872,Mumbai Mail Express,Mail,SR06,WC03,387,Daily,WR,16:04,18:52
1873,13873,Mumbai Passenger Express,Passenger,WC01,WC06,1743,Weekly,CR,21:56,01:20
1874,13874,Kolkata Vande Bharat Express,Vande Bharat,WC04,WR01,1843,Bi-weekly,ER,07:44,17:59
1875,13875,Hajipur Express Express,Express,WC07,WR04,845,Daily,ECR,08:01,06:16
1876,13876,Bhubaneswar Superfast Express,Superfast,WR02,WR07,1131,Weekly,ECoR,09:51,17:43
1877,13877,New Delhi Mail Express,Mail,WR05,CR02,92,Bi-weekly,NR,10:43,05:25
1878,13878,Prayagraj Passenger Express,Passenger,WR08,CR05,1766,Daily,NCR,18:51,09:23
1879,13879,Gorakhpur Vande Bharat Express,Vande Bharat,CR03,CR08,967,Weekly,NER,15:25,09:10
1880,13880,Guwahati Express Express,Express,CR06,ER03,1190,Bi-weekly,NFR,05:31,20:46
1881,13881,Jaipur Superfast Express,Superfast,ER01,ER06,1189,Daily,NWR,22:58,10:45
1882,13882,Secunderabad Mail Express,Mail,ER04,EC01,874,Weekly,SCR,20:22,05:08
1883,13883,Bilaspur Passenger Express,Passenger,ER07,EC04,2034,Bi-weekly,SECR,06:48,01:30
1884,13884,Kolkata Vande Bharat Express,Vande Bharat,EC02,EC07,1072,Daily,SER,10:10,01:20
1885,13885,Hubballi Express Express,Express,EC05,EC02,1170,Weekly,SWR,18:27,05:15
1886,13886,Chennai Superfast Express,Superfast,EC08,EC05,1499,Bi-weekly,SR,10:54,10:34
1887,13887,Jabalpur Mail Express,Mail,EC03,EC08,228,Daily,WCR,04:51,07:25
1888,13888,Mumbai Passenger Express,Passenger,EC06,NR03,1449,Weekly,WR,01:30,07:08
1889,13889,Mumbai Vande Bharat Express,Vande Bharat,NR01,NR06,1050,Bi-weekly,CR,10:11,12:44
1890,13890,Kolkata Express Express,Express,NR04,NC01,700,Daily,ER,22:36,17:04
1891,13891,Hajipur Superfast Express,Superfast,NR07,NC04,1860,Weekly,ECR,07:42,18:15
1892,13892,Bhubaneswar Mail Express,Mail,NC02,NC07,681,Bi-weekly,ECoR,01:36,17:24
1893,13893,New Delhi Passenger Express,Passenger,NC05,NE02,453,Daily,NR,07:24,21:07
1894,13894,Prayagraj Vande Bharat Express,Vande Bharat,NC08,NE05,876,Weekly,NCR,14:14,20:54
1895,13895,Gorakhpur Express Express,Express,NE03,NE08,961,Bi-weekly,NER,17:45,15:11
1896,13896,Guwahati Superfast Express,Superfast,NE06,NF03,194,Daily,NFR,07:07,06:38
1897,13897,Jaipur Mail Express,Mail,NF01,NF06,1446,Weekly,NWR,04:01,05:27
1898,13898,Secunderabad Passenger Express,Passenger,NF04,NW01,1887,Bi-weekly,SCR,08:17,12:04
1899,13899,Bilaspur Vande Bharat Express,Vande Bharat,NF07,NW04,603,Daily,SECR,00:31,10:34
1900,13900,Kolkata Express Express,Express,NW02,NW07,1511,Weekly,SER,09:52,21:06
1901,13901,Hubballi Superfast Express,Superfast,NW05,SC02,2214,Bi-weekly,SWR,04:14,12:01
1902,13902,Chennai Mail Express,Mail,NW08,SC05,924,Daily,SR,04:28,18:55
1903,13903,Jabalpur Passenger Express,Passenger,SC03,SC08,572,Weekly,WCR,12:28,09:37
1904,13904,Mumbai Vande Bharat Express,Vande Bharat,SC06,SE03,2375,Bi-weekly,WR,09:03,21:55
1905,13905,Mumbai Express Express,Express,SE01,SE06,827,Daily,CR,11:51,11:28
1906,13906,Kolkata Superfast Express,Superfast,SE04,SE01,2218,Weekly,ER,19:30,03:26
1907,13907,Hajipur Mail Express,Mail,SE07,SE04,1649,Bi-weekly,ECR,06:32,15:05
1908,13908,Bhubaneswar Passenger Express,Passenger,SE02,SE07,1401,Daily,ECoR,16:12,12:42
1909,13909,New Delhi Vande Bharat Express,Vande Bharat,SE05,SW02,182,Weekly,NR,14:15,09:38
1910,13910,Prayagraj Express Express,Express,SE08,SW05,90,Bi-weekly,NCR,00:26,21:00
1911,13911,Gorakhpur Superfast Express,Superfast,SW03,SW08,1909,Daily,NER,01:29,09:28
1912,13912,Guwahati Mail Express,Mail,SW06,SR03,270,Weekly,NFR,17:16,17:39
1913,13913,Jaipur Passenger Express,Passenger,SR01,SR06,1358,Bi-weekly,NWR,07:39,22:55
1914,13914,Secunderabad Vande Bharat Express,Vande Bharat,SR04,WC01,2205,Daily,SCR,05:35,09:58
1915,13915,Bilaspur Express Express,Express,SR07,WC04,2284,Weekly,SECR,19:09,07:42
1916,13916,Kolkata Superfast Express,Superfast,WC02,WC07,1819,Bi-weekly,SER,08:08,03:41
1917,13917,Hubballi Mail Express,Mail,WC05,WR02,1133,Daily,SWR,11:48,00:45
1918,13918,Chennai Passenger Express,Passenger,WC08,WR05,716,Weekly,SR,21:57,11:18
1919,13919,Jabalpur Vande Bharat Express,Vande Bharat,WR03,WR08,620,Bi-weekly,WCR,04:59,04:26
1920,13920,Mumbai Express Express,Express,WR06,CR03,1191,Daily,WR,15:50,12:45
1921,13921,Mumbai Superfast Express,Superfast,CR01,CR06,1394,Weekly,CR,10:09,04:25
1922,13922,Kolkata Mail Express,Mail,CR04,ER01,186,Bi-weekly,ER,07:27,10:48
1923,13923,Hajipur Passenger Express,Passenger,CR07,ER04,2324,Daily,ECR,16:04,09:43
1924,13924,Bhubaneswar Vande Bharat Express,Vande Bharat,ER02,ER07,1459,Weekly,ECoR,10:26,09:34
1925,13925,New Delhi Express Express,Express,ER05,EC02,494,Bi-weekly,NR,11:12,15:51
1926,13926,Prayagraj Superfast Express,Superfast,ER08,EC05,1257,Daily,NCR,08:56,15:25
1927,13927,Gorakhpur Mail Express,Mail,EC03,EC08,146,Weekly,NER,00:13,05:43
1928,13928,Guwahati Passenger Express,Passenger,EC06,EC03,1241,Bi-weekly,NFR,22:32,20:33
1929,13929,Jaipur Vande Bharat Express,Vande Bharat,EC01,EC06,910,Daily,NWR,16:26,06:28
1930,13930,Secunderabad Express Express,Express,EC04,NR01,1622,Weekly,SCR,08:42,22:24
1931,13931,Bilaspur Superfast Express,Superfast,EC07,NR04,764,Bi-weekly,SECR,09:50,04:58
1932,13932,Kolkata Mail Express,Mail,NR02,NR07,1040,Daily,SER,19:47,18:54
1933,13933,Hubballi Passenger Express,Passenger,NR05,NC02,508,Weekly,SWR,13:05,06:02
1934,13934,Chennai Vande Bharat Express,Vande Bharat,NR08,NC05,1662,Bi-weekly,SR,13:44,04:19
1935,13935,Jabalpur Express Express,Express,NC03,NC08,1649,Daily,WCR,19:53,01:24
1936,13936,Mumbai Superfast Express,Superfast,NC06,NE03,104,Weekly,WR,18:07,18:09
1937,13937,Mumbai Mail Express,Mail,NE01,NE06,115,Bi-weekly,CR,20:26,09:38
1938,13938,Kolkata Passenger Express,Passenger,NE04,NF01,717,Daily,ER,15:25,06:23
1939,13939,Hajipur Vande Bharat Express,Vande Bharat,NE07,NF04,94,Weekly,ECR,06:35,03:07
1940,13940,Bhubaneswar Express Express,Express,NF02,NF07,1601,Bi-weekly,ECoR,09:08,17:46
1941,13941,New Delhi Superfast Express,Superfast,NF05,NW02,160,Daily,NR,04:22,16:04
1942,13942,Prayagraj Mail Express,Mail,NF08,NW05,1948,Weekly,NCR,07:07,19:05
1943,13943,Gorakhpur Passenger Express,Passenger,NW03,NW08,380,Bi-weekly,NER,21:31,10:41
1944,13944,Guwahati Vande Bharat Express,Vande Bharat,NW06,SC03,1542,Daily,NFR,14:01,12:16
1945,13945,Jaipur Express Express,Express,SC01,SC06,1953,Weekly,NWR,11:07,20:17
1946,13946,Secunderabad Superfast Express,Superfast,SC04,SE01,709,Bi-weekly,SCR,21:46,19:39
1947,13947,Bilaspur Mail Express,Mail,SC07,SE04,2192,Daily,SECR,02:35,06:23
1948,13948,Kolkata Passenger Express,Passenger,SE02,SE07,631,Weekly,SER,04:26,21:38
1949,13949,Hubballi Vande Bharat Express,Vande Bharat,SE05,SE02,890,Bi-weekly,SWR,09:31,05:31
1950,13950,Chennai Express Express,Express,SE08,SE05,1694,Daily,SR,05:35,16:31
1951,13951,Jabalpur Superfast Express,Superfast,SE03,SE08,757,Weekly,WCR,12:47,05:34
1952,13952,Mumbai Mail Express,Mail,SE06,SW03,1658,Bi-weekly,WR,07:23,20:21
1953,13953,Mumbai Passenger Express,Passenger,SW01,SW06,1467,Daily,CR,03:55,13:45
1954,13954,Kolkata Vande Bharat Express,Vande Bharat,SW04,SR01,1478,Weekly,ER,08:20,16:51
1955,13955,Hajipur Express Express,Express,SW07,SR04,376,Bi-weekly,ECR,19:49,02:06
1956,13956,Bhubaneswar Superfast Express,Superfast,SR02,SR07,1692,Daily,ECoR,19:23,14:59
1957,13957,New Delhi Mail Express,Mail,SR05,WC02,828,Weekly,NR,05:59,06:28
1958,13958,Prayagraj Passenger Express,Passenger,SR08,WC05,1105,Bi-weekly,NCR,12:16,15:41
1959,13959,Gorakhpur Vande Bharat Express,Vande Bharat,WC03,WC08,545,Daily,NER,11:03,05:59
1960,13960,Guwahati Express Express,Express,WC06,WR03,1254,Weekly,NFR,14:53,16:47
1961,13961,Jaipur Superfast Express,Superfast,WR01,WR06,1731,Bi-weekly,NWR,11:37,06:53
1962,13962,Secunderabad Mail Express,Mail,WR04,CR01,497,Daily,SCR,20:52,03:42
1963,13963,Bilaspur Passenger Express,Passenger,WR07,CR04,2376,Weekly,SECR,13:20,20:30
1964,13964,Kolkata Vande Bharat Express,Vande Bharat,CR02,CR07,362,Bi-weekly,SER,05:40,10:13
1965,13965,Hubballi Express Express,Express,CR05,ER02,1933,Daily,SWR,02:13,10:02
1966,13966,Chennai Superfast Express,Superfast,CR08,ER05,978,Weekly,SR,20:56,20:19
1967,13967,Jabalpur Mail Express,Mail,ER03,ER08,230,Bi-weekly,WCR,18:22,17:07
1968,13968,Mumbai Passenger Express,Passenger,ER06,EC03,1629,Daily,WR,13:55,02:24
1969,13969,Mumbai Vande Bharat Express,Vande Bharat,EC01,EC06,2376,Weekly,CR,08:39,03:43
1970,13970,Kolkata Express Express,Express,EC04,EC01,719,Bi-weekly,ER,13:52,15:28
1971,13971,Hajipur Superfast Express,Superfast,EC07,EC04,520,Daily,ECR,07:50,04:39
1972,13972,Bhubaneswar Mail Express,Mail,EC02,EC07,1205,Weekly,ECoR,07:42,08:17
1973,13973,New Delhi Passenger Express,Passenger,EC05,NR02,1307,Bi-weekly,NR,17:51,14:39
1974,13974,Prayagraj Vande Bharat Express,Vande Bharat,EC08,NR05,1907,Daily,NCR,06:15,11:37
1975,13975,Gorakhpur Express Express,Express,NR03,NR08,1578,Weekly,NER,03:46,08:52
1976,13976,Guwahati Superfast Express,Superfast,NR06,NC03,1760,Bi-weekly,NFR,22:37,12:11
1977,13977,Jaipur Mail Express,Mail,NC01,NC06,1004,Daily,NWR,19:22,01:14
1978,13978,Secunderabad Passenger Express,Passenger,NC04,NE01,1460,Weekly,SCR,14:59,21:31
1979,13979,Bilaspur Vande Bharat Express,Vande Bharat,NC07,NE04,1366,Bi-weekly,SECR,18:02,13:28
1980,13980,Kolkata Express Express,Express,NE02,NE07,1896,Daily,SER,18:39,15:41
1981,13981,Hubballi Superfast Express,Superfast,NE05,NF02,1425,Weekly,SWR,05:17,17:37
1982,13982,Chennai Mail Express,Mail,NE08,NF05,631,Bi-weekly,SR,20:58,14:13
1983,13983,Jabalpur Passenger Express,Passenger,NF03,NF08,2256,Daily,WCR,05:25,19:31
1984,13984,Mumbai Vande Bharat Express,Vande Bharat,NF06,NW03,643,Weekly,WR,01:21,15:42
1985,13985,Mumbai Express Express,Express,NW01,NW06,597,Bi-weekly,CR,03:42,03:03
1986,13986,Kolkata Superfast Express,Superfast,NW04,SC01,1208,Daily,ER,13:14,04:14
1987,13987,Hajipur Mail Express,Mail,NW07,SC04,875,Weekly,ECR,00:00,08:01
1988,13988,Bhubaneswar Passenger Express,Passenger,SC02,SC07,818,Bi-weekly,ECoR,13:01,14:37
1989,13989,New Delhi Vande Bharat Express,Vande Bharat,SC05,SE02,1410,Daily,NR,14:48,01:10
1990,13990,Prayagraj Express Express,Express,SC08,SE05,815,Weekly,NCR,15:52,21:34
1991,13991,Gorakhpur Superfast Express,Superfast,SE03,SE08,1031,Bi-weekly,NER,09:03,10:30
1992,13992,Guwahati Mail Express,Mail,SE06,SE03,563,Daily,NFR,17:48,06:54
1993,13993,Jaipur Passenger Express,Passenger,SE01,SE06,328,Weekly,NWR,20:46,05:39
1994,13994,Secunderabad Vande Bharat Express,Vande Bharat,SE04,SW01,800,Bi-weekly,SCR,18:09,05:18
1995,13995,Bilaspur Express Express,Express,SE07,SW04,543,Daily,SECR,07:36,14:33
1996,13996,Kolkata Superfast Express,Superfast,SW02,SW07,519,Weekly,SER,04:55,05:06
1997,13997,Hubballi Mail Express,Mail,SW05,SR02,1133,Bi-weekly,SWR,00:20,19:16
1998,13998,Chennai Passenger Express,Passenger,SW08,SR05,1712,Daily,SR,11:21,15:35
1999,13999,Jabalpur Vande Bharat Express,Vande Bharat,SR03,SR08,818,Weekly,WCR,05:55,03:57
2000,14000,Mumbai Express Express,Express,SR06,WC03,1173,Bi-weekly,WR,22:21,13:36
2001,14001,Mumbai Superfast Express,Superfast,WC01,WC06,865,Daily,CR,05:31,15:15
2002,14002,Kolkata Mail Express,Mail,WC04,WR01,1859,Weekly,ER,14:09,21:02
2003,14003,Hajipur Passenger Express,Passenger,WC07,WR04,1596,Bi-weekly,ECR,10:39,17:41
2004,14004,Bhubaneswar Vande Bharat Express,Vande Bharat,WR02,WR07,1589,Daily,ECoR,19:42,18:24
2005,14005,New Delhi Express Express,Express,WR05,CR02,550,Weekly,NR,05:36,12:04
2006,14006,Prayagraj Superfast Express,Superfast,WR08,CR05,554,Bi-weekly,NCR,22:43,17:11
2007,14007,Gorakhpur Mail Express,Mail,CR03,CR08,228,Daily,NER,06:51,11:47
2008,14008,Guwahati Passenger Express,Passenger,CR06,ER03,1209,Weekly,NFR,11:36,22:26
2009,14009,Jaipur Vande Bharat Express,Vande Bharat,ER01,ER06,1462,Bi-weekly,NWR,21:22,19:32
2010,14010,Secunderabad Express Express,Express,ER04,EC01,2119,Daily,SCR,10:37,07:38
2011,14011,Bilaspur Superfast Express,Superfast,ER07,EC04,836,Weekly,SECR,14:47,10:25
2012,14012,Kolkata Mail Express,Mail,EC02,EC07,827,Bi-weekly,SER,16:35,11:01
2013,14013,Hubballi Passenger Express,Passenger,EC05,EC02,335,Daily,SWR,00:51,19:04
2014,14014,Chennai Vande Bharat Express,Vande Bharat,EC08,EC05,187,Weekly,SR,17:31,07:36
2015,14015,Jabalpur Express Express,Express,EC03,EC08,628,Bi-weekly,WCR,04:22,20:46
2016,14016,Mumbai Superfast Express,Superfast,EC06,NR03,521,Daily,WR,12:53,21:45
2017,14017,Mumbai Mail Express,Mail,NR01,NR06,378,Weekly,CR,05:13,03:10
2018,14018,Kolkata Passenger Express,Passenger,NR04,NC01,813,Bi-weekly,ER,12:23,09:14
2019,14019,Hajipur Vande Bharat Express,Vande Bharat,NR07,NC04,430,Daily,ECR,22:35,05:48
2020,14020,Bhubaneswar Express Express,Express,NC02,NC07,2007,Weekly,ECoR,22:09,14:58
2021,14021,New Delhi Superfast Express,Superfast,NC05,NE02,1951,Bi-weekly,NR,05:53,09:29
2022,14022,Prayagraj Mail Express,Mail,NC08,NE05,1375,Daily,NCR,17:07,12:49
2023,14023,Gorakhpur Passenger Express,Passenger,NE03,NE08,1352,Weekly,NER,06:03,12:42
2024,14024,Guwahati Vande Bharat Express,Vande Bharat,NE06,NF03,1355,Bi-weekly,NFR,22:36,11:03
2025,14025,Jaipur Express Express,Express,NF01,NF06,1375,Daily,NWR,03:43,03:54
2026,14026,Secunderabad Superfast Express,Superfast,NF04,NW01,780,Weekly,SCR,09:08,04:55
2027,14027,Bilaspur Mail Express,Mail,NF07,NW04,738,Bi-weekly,SECR,11:58,14:02
2028,14028,Kolkata Passenger Express,Passenger,NW02,NW07,909,Daily,SER,08:16,05:30
2029,14029,Hubballi Vande Bharat Express,Vande Bharat,NW05,SC02,954,Weekly,SWR,06:24,07:13
2030,14030,Chennai Express Express,Express,NW08,SC05,1130,Bi-weekly,SR,21:30,13:59
2031,14031,Jabalpur Superfast Express,Superfast,SC03,SC08,1503,Daily,WCR,05:23,11:28
2032,14032,Mumbai Mail Express,Mail,SC06,SE03,426,Weekly,WR,02:20,21:43
2033,14033,Mumbai Passenger Express,Passenger,SE01,SE06,2032,Bi-weekly,CR,04:24,13:26
2034,14034,Kolkata Vande Bharat Express,Vande Bharat,SE04,SE01,1046,Daily,ER,08:03,19:55
2035,14035,Hajipur Express Express,Express,SE07,SE04,267,Weekly,ECR,09:31,18:59
2036,14036,Bhubaneswar Superfast Express,Superfast,SE02,SE07,1045,Bi-weekly,ECoR,17:56,19:17
2037,14037,New Delhi Mail Express,Mail,SE05,SW02,1976,Daily,NR,09:01,17:50
2038,14038,Prayagraj Passenger Express,Passenger,SE08,SW05,877,Weekly,NCR,10:21,02:59
2039,14039,Gorakhpur Vande Bharat Express,Vande Bharat,SW03,SW08,132,Bi-weekly,NER,12:00,15:54
2040,14040,Guwahati Express Express,Express,SW06,SR03,1572,Daily,NFR,13:49,22:51
2041,14041,Jaipur Superfast Express,Superfast,SR01,SR06,616,Weekly,NWR,12:49,06:40
2042,14042,Secunderabad Mail Express,Mail,SR04,WC01,132,Bi-weekly,SCR,20:36,17:49
2043,14043,Bilaspur Passenger Express,Passenger,SR07,WC04,587,Daily,SECR,10:51,03:49
2044,14044,Kolkata Vande Bharat Express,Vande Bharat,WC02,WC07,748,Weekly,SER,13:30,15:50
2045,14045,Hubballi Express Express,Express,WC05,WR02,889,Bi-weekly,SWR,03:25,14:45
2046,14046,Chennai Superfast Express,Superfast,WC08,WR05,1827,Daily,SR,07:56,01:07
2047,14047,Jabalpur Mail Express,Mail,WR03,WR08,137,Weekly,WCR,21:10,13:48
2048,14048,Mumbai Passenger Express,Passenger,WR06,CR03,1858,Bi-weekly,WR,21:03,09:30
2049,14049,Mumbai Vande Bharat Express,Vande Bharat,CR01,CR06,1695,Daily,CR,14:33,07:06
2050,14050,Kolkata Express Express,Express,CR04,ER01,1081,Weekly,ER,05:33,18:33
2051,14051,Hajipur Superfast Express,Superfast,CR07,ER04,1432,Bi-weekly,ECR,00:38,10:07
2052,14052,Bhubaneswar Mail Express,Mail,ER02,ER07,576,Daily,ECoR,17:55,11:58
2053,14053,New Delhi Passenger Express,Passenger,ER05,EC02,497,Weekly,NR,06:55,04:39
2054,14054,Prayagraj Vande Bharat Express,Vande Bharat,ER08,EC05,589,Bi-weekly,NCR,07:28,08:52
2055,14055,Gorakhpur Express Express,Express,EC03,EC08,2336,Daily,NER,11:31,01:14
2056,14056,Guwahati Superfast Express,Superfast,EC06,EC03,172,Weekly,NFR,19:13,07:50
2057,14057,Jaipur Mail Express,Mail,EC01,EC06,1734,Bi-weekly,NWR,14:02,12:33
2058,14058,Secunderabad Passenger Express,Passenger,EC04,NR01,820,Daily,SCR,17:55,05:19
2059,14059,Bilaspur Vande Bharat Express,Vande Bharat,EC07,NR04,827,Weekly,SECR,19:04,20:46
2060,14060,Kolkata Express Express,Express,NR02,NR07,1201,Bi-weekly,SER,13:53,17:16
2061,14061,Hubballi Superfast Express,Superfast,NR05,NC02,196,Daily,SWR,15:08,02:58
2062,14062,Chennai Mail Express,Mail,NR08,NC05,1179,Weekly,SR,14:13,02:03
2063,14063,Jabalpur Passenger Express,Passenger,NC03,NC08,902,Bi-weekly,WCR,00:25,07:31
2064,14064,Mumbai Vande Bharat Express,Vande Bharat,NC06,NE03,1447,Daily,WR,07:27,01:18
2065,14065,Mumbai Express Express,Express,NE01,NE06,2349,Weekly,CR,22:29,21:30
2066,14066,Kolkata Superfast Express,Superfast,NE04,NF01,371,Bi-weekly,ER,19:24,14:38
2067,14067,Hajipur Mail Express,Mail,NE07,NF04,794,Daily,ECR,16:30,08:17
2068,14068,Bhubaneswar Passenger Express,Passenger,NF02,NF07,1811,Weekly,ECoR,05:07,20:19
2069,14069,New Delhi Vande Bharat Express,Vande Bharat,NF05,NW02,1567,Bi-weekly,NR,16:50,14:42
2070,14070,Prayagraj Express Express,Express,NF08,NW05,2022,Daily,NCR,21:02,17:10
2071,14071,Gorakhpur Superfast Express,Superfast,NW03,NW08,2147,Weekly,NER,01:14,04:36
2072,14072,Guwahati Mail Express,Mail,NW06,SC03,89,Bi-weekly,NFR,00:30,22:31
2073,14073,Jaipur Passenger Express,Passenger,SC01,SC06,1114,Daily,NWR,15:33,08:35
2074,14074,Secunderabad Vande Bharat Express,Vande Bharat,SC04,SE01,87,Weekly,SCR,05:40,07:03
2075,14075,Bilaspur Express Express,Express,SC07,SE04,368,Bi-weekly,SECR,19:19,00:43
2076,14076,Kolkata Superfast Express,Superfast,SE02,SE07,1310,Daily,SER,10:53,07:34
2077,14077,Hubballi Mail Express,Mail,SE05,SE02,1808,Weekly,SWR,13:12,15:44
2078,14078,Chennai Passenger Express,Passenger,SE08,SE05,363,Bi-weekly,SR,03:40,02:52
2079,14079,Jabalpur Vande Bharat Express,Vande Bharat,SE03,SE08,334,Daily,WCR,22:40,10:16
2080,14080,Mumbai Express Express,Express,SE06,SW03,879,Weekly,WR,17:45,04:32
2081,14081,Mumbai Superfast Express,Superfast,SW01,SW06,2383,Bi-weekly,CR,05:41,03:50
2082,14082,Kolkata Mail Express,Mail,SW04,SR01,474,Daily,ER,06:27,08:10
2083,14083,Hajipur Passenger Express,Passenger,SW07,SR04,1567,Weekly,ECR,00:59,01:20
2084,14084,Bhubaneswar Vande Bharat Express,Vande Bharat,SR02,SR07,2237,Bi-weekly,ECoR,03:04,17:04
2085,14085,New Delhi Express Express,Express,SR05,WC02,2167,Daily,NR,10:52,05:08
2086,14086,Prayagraj Superfast Express,Superfast,SR08,WC05,2313,Weekly,NCR,17:54,07:24
2087,14087,Gorakhpur Mail Express,Mail,WC03,WC08,1419,Bi-weekly,NER,10:14,08:36
2088,14088,Guwahati Passenger Express,Passenger,WC06,WR03,167,Daily,NFR,07:17,01:07
2089,14089,Jaipur Vande Bharat Express,Vande Bharat,WR01,WR06,1229,Weekly,NWR,02:20,12:52
2090,14090,Secunderabad Express Express,Express,WR04,CR01,309,Bi-weekly,SCR,09:06,09:28
2091,14091,Bilaspur Superfast Express,Superfast,WR07,CR04,1934,Daily,SECR,10:56,03:03
2092,14092,Kolkata Mail Express,Mail,CR02,CR07,90,Weekly,SER,08:11,02:14
2093,14093,Hubballi Passenger Express,Passenger,CR05,ER02,2341,Bi-weekly,SWR,18:01,21:12
2094,14094,Chennai Vande Bharat Express,Vande Bharat,CR08,ER05,1021,Daily,SR,07:24,17:42
2095,14095,Jabalpur Express Express,Express,ER03,ER08,1458,Weekly,WCR,14:43,04:23
2096,14096,Mumbai Superfast Express,Superfast,ER06,EC03,329,Bi-weekly,WR,16:26,14:33
2097,14097,Mumbai Mail Express,Mail,EC01,EC06,714,Daily,CR,03:58,06:06
2098,14098,Kolkata Passenger Express,Passenger,EC04,EC01,789,Weekly,ER,20:15,22:27
2099,14099,Hajipur Vande Bharat Express,Vande Bharat,EC07,EC04,2079,Bi-weekly,ECR,15:02,11:25
2100,14100,Bhubaneswar Express Express,Express,EC02,EC07,547,Daily,ECoR,12:06,16:49
2101,14101,New Delhi Superfast Express,Superfast,EC05,NR02,294,Weekly,NR,11:39,01:23
2102,14102,Prayagraj Mail Express,Mail,EC08,NR05,678,Bi-weekly,NCR,00:48,10:45
2103,14103,Gorakhpur Passenger Express,Passenger,NR03,NR08,1442,Daily,NER,20:59,13:21
2104,14104,Guwahati Vande Bharat Express,Vande Bharat,NR06,NC03,1061,Weekly,NFR,18:25,11:11
2105,14105,Jaipur Express Express,Express,NC01,NC06,2376,Bi-weekly,NWR,14:19,13:24
2106,14106,Secunderabad Superfast Express,Superfast,NC04,NE01,439,Daily,SCR,20:53,19:22
2107,14107,Bilaspur Mail Express,Mail,NC07,NE04,674,Weekly,SECR,01:43,07:53
2108,14108,Kolkata Passenger Express,Passenger,NE02,NE07,2098,Bi-weekly,SER,02:55,03:29
2109,14109,Hubballi Vande Bharat Express,Vande Bharat,NE05,NF02,1179,Daily,SWR,21:39,20:35
2110,14110,Chennai Express Express,Express,NE08,NF05,1994,Weekly,SR,19:51,09:22
2111,14111,Jabalpur Superfast Express,Superfast,NF03,NF08,2364,Bi-weekly,WCR,17:55,13:55
2112,14112,Mumbai Mail Express,Mail,NF06,NW03,1749,Daily,WR,17:10,13:43
2113,14113,Mumbai Passenger Express,Passenger,NW01,NW06,1845,Weekly,CR,22:19,06:58
2114,14114,Kolkata Vande Bharat Express,Vande Bharat,NW04,SC01,2367,Bi-weekly,ER,04:22,21:11
2115,14115,Hajipur Express Express,Express,NW07,SC04,1896,Daily,ECR,02:10,18:36
2116,14116,Bhubaneswar Superfast Express,Superfast,SC02,SC07,1367,Weekly,ECoR,19:18,11:36
2117,14117,New Delhi Mail Express,Mail,SC05,SE02,1796,Bi-weekly,NR,07:38,10:32
2118,14118,Prayagraj Passenger Express,Passenger,SC08,SE05,2081,Daily,NCR,09:40,21:45
2119,14119,Gorakhpur Vande Bharat Express,Vande Bharat,SE03,SE08,2373,Weekly,NER,13:16,22:38
2120,14120,Guwahati Express Express,Express,SE06,SE03,640,Bi-weekly,NFR,07:15,19:05
2121,14121,Jaipur Superfast Express,Superfast,SE01,SE06,1796,Daily,NWR,12:04,14:45
2122,14122,Secunderabad Mail Express,Mail,SE04,SW01,1764,Weekly,SCR,12:20,03:00
2123,14123,Bilaspur Passenger Express,Passenger,SE07,SW04,914,Bi-weekly,SECR,14:02,22:35
2124,14124,Kolkata Vande Bharat Express,Vande Bharat,SW02,SW07,763,Daily,SER,22:11,22:16
2125,14125,Hubballi Express Express,Express,SW05,SR02,960,Weekly,SWR,09:59,05:58
2126,14126,Chennai Superfast Express,Superfast,SW08,SR05,884,Bi-weekly,SR,06:38,15:20
2127,14127,Jabalpur Mail Express,Mail,SR03,SR08,391,Daily,WCR,09:32,00:04
2128,14128,Mumbai Passenger Express,Passenger,SR06,WC03,2209,Weekly,WR,00:24,17:19
2129,14129,Mumbai Vande Bharat Express,Vande Bharat,WC01,WC06,1227,Bi-weekly,CR,01:47,14:51
2130,14130,Kolkata Express Express,Express,WC04,WR01,2084,Daily,ER,08:02,07:08
2131,14131,Hajipur Superfast Express,Superfast,WC07,WR04,1317,Weekly,ECR,03:55,13:15
2132,14132,Bhubaneswar Mail Express,Mail,WR02,WR07,2217,Bi-weekly,ECoR,17:26,03:20
2133,14133,New Delhi Passenger Express,Passenger,WR05,CR02,1434,Daily,NR,17:15,17:16
2134,14134,Prayagraj Vande Bharat Express,Vande Bharat,WR08,CR05,652,Weekly,NCR,10:09,09:21
2135,14135,Gorakhpur Express Express,Express,CR03,CR08,729,Bi-weekly,NER,17:19,15:43
2136,14136,Guwahati Superfast Express,Superfast,CR06,ER03,1624,Daily,NFR,06:49,05:16
2137,14137,Jaipur Mail Express,Mail,ER01,ER06,2109,Weekly,NWR,07:41,00:36
2138,14138,Secunderabad Passenger Express,Passenger,ER04,EC01,2095,Bi-weekly,SCR,16:34,19:17
2139,14139,Bilaspur Vande Bharat Express,Vande Bharat,ER07,EC04,954,Daily,SECR,01:41,16:45
2140,14140,Kolkata Express Express,Express,EC02,EC07,1817,Weekly,SER,02:39,17:12
2141,14141,Hubballi Superfast Express,Superfast,EC05,EC02,1185,Bi-weekly,SWR,21:24,17:31
2142,14142,Chennai Mail Express,Mail,EC08,EC05,1605,Daily,SR,14:39,17:54
2143,14143,Jabalpur Passenger Express,Passenger,EC03,EC08,765,Weekly,WCR,21:37,13:19
2144,14144,Mumbai Vande Bharat Express,Vande Bharat,EC06,NR03,1046,Bi-weekly,WR,14:21,06:49
2145,14145,Mumbai Express Express,Express,NR01,NR06,1043,Daily,CR,14:01,01:50
2146,14146,Kolkata Superfast Express,Superfast,NR04,NC01,409,Weekly,ER,18:54,11:53
2147,14147,Hajipur Mail Express,Mail,NR07,NC04,1071,Bi-weekly,ECR,21:14,09:23
2148,14148,Bhubaneswar Passenger Express,Passenger,NC02,NC07,1899,Daily,ECoR,01:49,00:18
2149,14149,New Delhi Vande Bharat Express,Vande Bharat,NC05,NE02,1462,Weekly,NR,03:29,22:49
2150,14150,Prayagraj Express Express,Express,NC08,NE05,150,Bi-weekly,NCR,13:35,01:39
2151,14151,Gorakhpur Superfast Express,Superfast,NE03,NE08,1288,Daily,NER,15:17,05:44
2152,14152,Guwahati Mail Express,Mail,NE06,NF03,1754,Weekly,NFR,03:12,13:49
2153,14153,Jaipur Passenger Express,Passenger,NF01,NF06,548,Bi-weekly,NWR,05:48,16:54
2154,14154,Secunderabad Vande Bharat Express,Vande Bharat,NF04,NW01,1897,Daily,SCR,21:11,06:14
2155,14155,Bilaspur Express Express,Express,NF07,NW04,208,Weekly,SECR,17:39,01:11
2156,14156,Kolkata Superfast Express,Superfast,NW02,NW07,522,Bi-weekly,SER,09:27,06:55
2157,14157,Hubballi Mail Express,Mail,NW05,SC02,573,Daily,SWR,12:26,08:49
2158,14158,Chennai Passenger Express,Passenger,NW08,SC05,2349,Weekly,SR,00:27,02:26
2159,14159,Jabalpur Vande Bharat Express,Vande Bharat,SC03,SC08,1511,Bi-weekly,WCR,09:18,07:17
2160,14160,Mumbai Express Express,Express,SC06,SE03,835,Daily,WR,08:41,02:02
2161,14161,Mumbai Superfast Express,Superfast,SE01,SE06,1278,Weekly,CR,15:15,04:37
2162,14162,Kolkata Mail Express,Mail,SE04,SE01,971,Bi-weekly,ER,16:08,02:33
2163,14163,Hajipur Passenger Express,Passenger,SE07,SE04,990,Daily,ECR,16:30,08:09
2164,14164,Bhubaneswar Vande Bharat Express,Vande Bharat,SE02,SE07,459,Weekly,ECoR,17:13,11:49
2165,14165,New Delhi Express Express,Express,SE05,SW02,2162,Bi-weekly,NR,06:06,17:41
2166,14166,Prayagraj Superfast Express,Superfast,SE08,SW05,848,Daily,NCR,13:11,16:43
2167,14167,Gorakhpur Mail Express,Mail,SW03,SW08,774,Weekly,NER,10:20,00:07
2168,14168,Guwahati Passenger Express,Passenger,SW06,SR03,2307,Bi-weekly,NFR,10:08,01:21
2169,14169,Jaipur Vande Bharat Express,Vande Bharat,SR01,SR06,2360,Daily,NWR,08:59,11:45
2170,14170,Secunderabad Express Express,Express,SR04,WC01,1902,Weekly,SCR,00:00,21:55
2171,14171,Bilaspur Superfast Express,Superfast,SR07,WC04,387,Bi-weekly,SECR,14:55,21:17
2172,14172,Kolkata Mail Express,Mail,WC02,WC07,1976,Daily,SER,14:55,03:36
2173,14173,Hubballi Passenger Express,Passenger,WC05,WR02,136,Weekly,SWR,08:00,10:48
2174,14174,Chennai Vande Bharat Express,Vande Bharat,WC08,WR05,1606,Bi-weekly,SR,07:25,08:43
2175,14175,Jabalpur Express Express,Express,WR03,WR08,697,Daily,WCR,02:30,19:28
2176,14176,Mumbai Superfast Express,Superfast,WR06,CR03,553,Weekly,WR,01:56,17:09
2177,14177,Mumbai Mail Express,Mail,CR01,CR06,251,Bi-weekly,CR,02:22,18:09
2178,14178,Kolkata Passenger Express,Passenger,CR04,ER01,1979,Daily,ER,00:44,06:57
2179,14179,Hajipur Vande Bharat Express,Vande Bharat,CR07,ER04,1183,Weekly,ECR,06:14,19:24
2180,14180,Bhubaneswar Express Express,Express,ER02,ER07,896,Bi-weekly,ECoR,16:32,15:26
2181,14181,New Delhi Superfast Express,Superfast,ER05,EC02,228,Daily,NR,00:02,13:30
2182,14182,Prayagraj Mail Express,Mail,ER08,EC05,1814,Weekly,NCR,20:10,22:55
2183,14183,Gorakhpur Passenger Express,Passenger,EC03,EC08,1508,Bi-weekly,NER,12:10,04:01
2184,14184,Guwahati Vande Bharat Express,Vande Bharat,EC06,EC03,1578,Daily,NFR,09:11,03:03
2185,14185,Jaipur Express Express,Express,EC01,EC06,1567,Weekly,NWR,15:37,02:02
2186,14186,Secunderabad Superfast Express,Superfast,EC04,NR01,326,Bi-weekly,SCR,17:44,06:03
2187,14187,Bilaspur Mail Express,Mail,EC07,NR04,821,Daily,SECR,18:08,18:27
2188,14188,Kolkata Passenger Express,Passenger,NR02,NR07,408,Weekly,SER,21:31,15:05
2189,14189,Hubballi Vande Bharat Express,Vande Bharat,NR05,NC02,942,Bi-weekly,SWR,14:38,01:36
2190,14190,Chennai Express Express,Express,NR08,NC05,2271,Daily,SR,18:12,20:40
2191,14191,Jabalpur Superfast Express,Superfast,NC03,NC08,212,Weekly,WCR,02:55,04:05
2192,14192,Mumbai Mail Express,Mail,NC06,NE03,1126,Bi-weekly,WR,12:34,15:59
2193,14193,Mumbai Passenger Express,Passenger,NE01,NE06,1841,Daily,CR,00:05,00:23
2194,14194,Kolkata Vande Bharat Express,Vande Bharat,NE04,NF01,892,Weekly,ER,21:21,00:53
2195,14195,Hajipur Express Express,Express,NE07,NF04,683,Bi-weekly,ECR,20:46,20:49
2196,14196,Bhubaneswar Superfast Express,Superfast,NF02,NF07,412,Daily,ECoR,14:24,14:44
2197,14197,New Delhi Mail Express,Mail,NF05,NW02,1242,Weekly,NR,07:54,15:53
2198,14198,Prayagraj Passenger Express,Passenger,NF08,NW05,630,Bi-weekly,NCR,19:19,10:51
2199,14199,Gorakhpur Vande Bharat Express,Vande Bharat,NW03,NW08,902,Daily,NER,05:54,22:18
2200,14200,Guwahati Express Express,Express,NW06,SC03,790,Weekly,NFR,05:01,12:15
2201,14201,Jaipur Superfast Express,Superfast,SC01,SC06,2049,Bi-weekly,NWR,03:38,11:36
2202,14202,Secunderabad Mail Express,Mail,SC04,SE01,341,Daily,SCR,10:37,07:52
2203,14203,Bilaspur Passenger Express,Passenger,SC07,SE04,1308,Weekly,SECR,08:01,03:28
2204,14204,Kolkata Vande Bharat Express,Vande Bharat,SE02,SE07,1008,Bi-weekly,SER,20:47,03:35
2205,14205,Hubballi Express Express,Express,SE05,SE02,1134,Daily,SWR,02:39,12:05
2206,14206,Chennai Superfast Express,Superfast,SE08,SE05,1165,Weekly,SR,16:19,08:06
2207,14207,Jabalpur Mail Express,Mail,SE03,SE08,554,Bi-weekly,WCR,22:37,04:28
2208,14208,Mumbai Passenger Express,Passenger,SE06,SW03,527,Daily,WR,10:08,14:34
2209,14209,Mumbai Vande Bharat Express,Vande Bharat,SW01,SW06,1549,Weekly,CR,10:17,05:12
2210,14210,Kolkata Express Express,Express,SW04,SR01,1076,Bi-weekly,ER,10:40,01:16
2211,14211,Hajipur Superfast Express,Superfast,SW07,SR04,2058,Daily,ECR,21:55,07:08
2212,14212,Bhubaneswar Mail Express,Mail,SR02,SR07,539,Weekly,ECoR,03:57,20:48
2213,14213,New Delhi Passenger Express,Passenger,SR05,WC02,1773,Bi-weekly,NR,07:28,19:48
2214,14214,Prayagraj Vande Bharat Express,Vande Bharat,SR08,WC05,1283,Daily,NCR,19:20,09:50
2215,14215,Gorakhpur Express Express,Express,WC03,WC08,953,Weekly,NER,17:27,06:13
2216,14216,Guwahati Superfast Express,Superfast,WC06,WR03,1487,Bi-weekly,NFR,11:22,17:00
2217,14217,Jaipur Mail Express,Mail,WR01,WR06,293,Daily,NWR,22:39,12:00
2218,14218,Secunderabad Passenger Express,Passenger,WR04,CR01,1468,Weekly,SCR,10:35,00:33
2219,14219,Bilaspur Vande Bharat Express,Vande Bharat,WR07,CR04,1420,Bi-weekly,SECR,06:03,22:42
2220,14220,Kolkata Express Express,Express,CR02,CR07,1522,Daily,SER,17:40,03:27
2221,14221,Hubballi Superfast Express,Superfast,CR05,ER02,2141,Weekly,SWR,06:58,01:19
2222,14222,Chennai Mail Express,Mail,CR08,ER05,892,Bi-weekly,SR,14:10,05:39
2223,14223,Jabalpur Passenger Express,Passenger,ER03,ER08,740,Daily,WCR,20:52,06:33
2224,14224,Mumbai Vande Bharat Express,Vande Bharat,ER06,EC03,852,Weekly,WR,07:40,06:08
2225,14225,Mumbai Express Express,Express,EC01,EC06,681,Bi-weekly,CR,21:15,08:37
2226,14226,Kolkata Superfast Express,Superfast,EC04,EC01,314,Daily,ER,06:10,21:55
2227,14227,Hajipur Mail Express,Mail,EC07,EC04,1833,Weekly,ECR,05:36,15:52
2228,14228,Bhubaneswar Passenger Express,Passenger,EC02,EC07,442,Bi-weekly,ECoR,16:11,13:52
2229,14229,New Delhi Vande Bharat Express,Vande Bharat,EC05,NR02,224,Daily,NR,03:48,00:41
2230,14230,Prayagraj Express Express,Express,EC08,NR05,1242,Weekly,NCR,07:51,19:19
2231,14231,Gorakhpur Superfast Express,Superfast,NR03,NR08,90,Bi-weekly,NER,02:06,22:35
2232,14232,Guwahati Mail Express,Mail,NR06,NC03,1650,Daily,NFR,05:51,16:45
2233,14233,Jaipur Passenger Express,Passenger,NC01,NC06,1166,Weekly,NWR,16:32,08:35
2234,14234,Secunderabad Vande Bharat Express,Vande Bharat,NC04,NE01,832,Bi-weekly,SCR,21:43,16:43
2235,14235,Bilaspur Express Express,Express,NC07,NE04,1120,Daily,SECR,21:12,13:04
2236,14236,Kolkata Superfast Express,Superfast,NE02,NE07,763,Weekly,SER,13:29,21:36
2237,14237,Hubballi Mail Express,Mail,NE05,NF02,1034,Bi-weekly,SWR,09:36,18:16
2238,14238,Chennai Passenger Express,Passenger,NE08,NF05,1436,Daily,SR,13:00,20:34
2239,14239,Jabalpur Vande Bharat Express,Vande Bharat,NF03,NF08,641,Weekly,WCR,14:40,21:02
2240,14240,Mumbai Express Express,Express,NF06,NW03,1039,Bi-weekly,WR,04:34,11:28
2241,14241,Mumbai Superfast Express,Superfast,NW01,NW06,2358,Daily,CR,12:24,01:17
2242,14242,Kolkata Mail Express,Mail,NW04,SC01,2161,Weekly,ER,10:54,12:32
2243,14243,Hajipur Passenger Express,Passenger,NW07,SC04,1077,Bi-weekly,ECR,12:04,01:28
2244,14244,Bhubaneswar Vande Bharat Express,Vande Bharat,SC02,SC07,1467,Daily,ECoR,12:25,06:42
2245,14245,New Delhi Express Express,Express,SC05,SE02,1482,Weekly,NR,01:27,16:47
2246,14246,Prayagraj Superfast Express,Superfast,SC08,SE05,745,Bi-weekly,NCR,21:39,10:37
2247,14247,Gorakhpur Mail Express,Mail,SE03,SE08,2101,Daily,NER,05:09,10:05
2248,14248,Guwahati Passenger Express,Passenger,SE06,SE03,2018,Weekly,NFR,22:36,22:04
2249,14249,Jaipur Vande Bharat Express,Vande Bharat,SE01,SE06,1547,Bi-weekly,NWR,10:16,07:32
2250,14250,Secunderabad Express Express,Express,SE04,SW01,1568,Daily,SCR,03:36,21:00
2251,14251,Bilaspur Superfast Express,Superfast,SE07,SW04,2117,Weekly,SECR,13:20,16:37
2252,14252,Kolkata Mail Express,Mail,SW02,SW07,1863,Bi-weekly,SER,01:03,14:18
2253,14253,Hubballi Passenger Express,Passenger,SW05,SR02,632,Daily,SWR,09:43,04:58
2254,14254,Chennai Vande Bharat Express,Vande Bharat,SW08,SR05,1056,Weekly,SR,03:04,19:06
2255,14255,Jabalpur Express Express,Express,SR03,SR08,1051,Bi-weekly,WCR,15:30,06:06
2256,14256,Mumbai Superfast Express,Superfast,SR06,WC03,1730,Daily,WR,11:02,04:33
2257,14257,Mumbai Mail Express,Mail,WC01,WC06,470,Weekly,CR,09:07,18:37
2258,14258,Kolkata Passenger Express,Passenger,WC04,WR01,1898,Bi-weekly,ER,01:22,06:37
2259,14259,Hajipur Vande Bharat Express,Vande Bharat,WC07,WR04,1985,Daily,ECR,05:46,13:49
2260,14260,Bhubaneswar Express Express,Express,WR02,WR07,268,Weekly,ECoR,22:26,06:10
2261,14261,New Delhi Superfast Express,Superfast,WR05,CR02,2364,Bi-weekly,NR,20:07,10:44
2262,14262,Prayagraj Mail Express,Mail,WR08,CR05,1450,Daily,NCR,04:21,08:17
2263,14263,Gorakhpur Passenger Express,Passenger,CR03,CR08,2308,Weekly,NER,04:42,20:47
2264,14264,Guwahati Vande Bharat Express,Vande Bharat,CR06,ER03,1934,Bi-weekly,NFR,03:07,18:44
2265,14265,Jaipur Express Express,Express,ER01,ER06,1801,Daily,NWR,09:31,00:17
2266,14266,Secunderabad Superfast Express,Superfast,ER04,EC01,1305,Weekly,SCR,02:07,01:12
2267,14267,Bilaspur Mail Express,Mail,ER07,EC04,2383,Bi-weekly,SECR,16:56,05:35
2268,14268,Kolkata Passenger Express,Passenger,EC02,EC07,2149,Daily,SER,08:39,15:49
2269,14269,Hubballi Vande Bharat Express,Vande Bharat,EC05,EC02,2329,Weekly,SWR,14:34,19:41
2270,14270,Chennai Express Express,Express,EC08,EC05,919,Bi-weekly,SR,14:32,05:30
2271,14271,Jabalpur Superfast Express,Superfast,EC03,EC08,1526,Daily,WCR,20:34,03:59
2272,14272,Mumbai Mail Express,Mail,EC06,NR03,1421,Weekly,WR,06:45,08:22
2273,14273,Mumbai Passenger Express,Passenger,NR01,NR06,2027,Bi-weekly,CR,19:31,08:51
2274,14274,Kolkata Vande Bharat Express,Vande Bharat,NR04,NC01,482,Daily,ER,17:35,19:25
2275,14275,Hajipur Express Express,Express,NR07,NC04,2010,Weekly,ECR,00:45,01:38
2276,14276,Bhubaneswar Superfast Express,Superfast,NC02,NC07,533,Bi-weekly,ECoR,22:46,02:53
2277,14277,New Delhi Mail Express,Mail,NC05,NE02,664,Daily,NR,12:05,02:14
2278,14278,Prayagraj Passenger Express,Passenger,NC08,NE05,1319,Weekly,NCR,12:51,03:44
2279,14279,Gorakhpur Vande Bharat Express,Vande Bharat,NE03,NE08,93,Bi-weekly,NER,06:10,02:35
2280,14280,Guwahati Express Express,Express,NE06,NF03,2169,Daily,NFR,15:51,13:03
2281,14281,Jaipur Superfast Express,Superfast,NF01,NF06,882,Weekly,NWR,18:02,02:50
2282,14282,Secunderabad Mail Express,Mail,NF04,NW01,226,Bi-weekly,SCR,22:45,15:32
2283,14283,Bilaspur Passenger Express,Passenger,NF07,NW04,287,Daily,SECR,09:48,20:26
2284,14284,Kolkata Vande Bharat Express,Vande Bharat,NW02,NW07,2027,Weekly,SER,17:03,14:36
2285,14285,Hubballi Express Express,Express,NW05,SC02,1339,Bi-weekly,SWR,17:53,12:19
2286,14286,Chennai Superfast Express,Superfast,NW08,SC05,2360,Daily,SR,22:41,14:06
2287,14287,Jabalpur Mail Express,Mail,SC03,SC08,1011,Weekly,WCR,04:30,19:13
2288,14288,Mumbai Passenger Express,Passenger,SC06,SE03,2392,Bi-weekly,WR,02:05,22:06
2289,14289,Mumbai Vande Bharat Express,Vande Bharat,SE01,SE06,1785,Daily,CR,17:19,01:18
2290,14290,Kolkata Express Express,Express,SE04,SE01,239,Weekly,ER,15:53,22:48
2291,14291,Hajipur Superfast Express,Superfast,SE07,SE04,1877,Bi-weekly,ECR,20:46,14:59
2292,14292,Bhubaneswar Mail Express,Mail,SE02,SE07,828,Daily,ECoR,09:54,07:17
2293,14293,New Delhi Passenger Express,Passenger,SE05,SW02,432,Weekly,NR,06:35,20:08
2294,14294,Prayagraj Vande Bharat Express,Vande Bharat,SE08,SW05,1659,Bi-weekly,NCR,17:53,17:09
2295,14295,Gorakhpur Express Express,Express,SW03,SW08,1214,Daily,NER,21:54,14:57
2296,14296,Guwahati Superfast Express,Superfast,SW06,SR03,1629,Weekly,NFR,01:54,03:22
2297,14297,Jaipur Mail Express,Mail,SR01,SR06,632,Bi-weekly,NWR,16:01,14:51
2298,14298,Secunderabad Passenger Express,Passenger,SR04,WC01,1907,Daily,SCR,07:53,08:40
2299,14299,Bilaspur Vande Bharat Express,Vande Bharat,SR07,WC04,1255,Weekly,SECR,01:00,04:56
2300,14300,Kolkata Express Express,Express,WC02,WC07,2293,Bi-weekly,SER,09:58,01:58
2301,14301,Hubballi Superfast Express,Superfast,WC05,WR02,615,Daily,SWR,00:45,08:17
2302,14302,Chennai Mail Express,Mail,WC08,WR05,1842,Weekly,SR,07:45,04:05
2303,14303,Jabalpur Passenger Express,Passenger,WR03,WR08,833,Bi-weekly,WCR,14:13,03:44
2304,14304,Mumbai Vande Bharat Express,Vande Bharat,WR06,CR03,1224,Daily,WR,09:14,00:03
2305,14305,Mumbai Express Express,Express,CR01,CR06,1661,Weekly,CR,01:14,20:20
2306,14306,Kolkata Superfast Express,Superfast,CR04,ER01,1807,Bi-weekly,ER,07:55,18:28
2307,14307,Hajipur Mail Express,Mail,CR07,ER04,1667,Daily,ECR,09:56,08:50
2308,14308,Bhubaneswar Passenger Express,Passenger,ER02,ER07,1509,Weekly,ECoR,14:21,19:44
2309,14309,New Delhi Vande Bharat Express,Vande Bharat,ER05,EC02,1971,Bi-weekly,NR,18:09,20:50
2310,14310,Prayagraj Express Express,Express,ER08,EC05,643,Daily,NCR,22:31,07:13
2311,14311,Gorakhpur Superfast Express,Superfast,EC03,EC08,926,Weekly,NER,00:41,16:40
2312,14312,Guwahati Mail Express,Mail,EC06,EC03,1353,Bi-weekly,NFR,08:43,20:05
2313,14313,Jaipur Passenger Express,Passenger,EC01,EC06,968,Daily,NWR,22:51,22:10
2314,14314,Secunderabad Vande Bharat Express,Vande Bharat,EC04,NR01,1158,Weekly,SCR,02:51,11:14
2315,14315,Bilaspur Express Express,Express,EC07,NR04,289,Bi-weekly,SECR,16:48,20:58
2316,14316,Kolkata Superfast Express,Superfast,NR02,NR07,1970,Daily,SER,18:48,22:27
2317,14317,Hubballi Mail Express,Mail,NR05,NC02,1839,Weekly,SWR,18:06,15:20
2318,14318,Chennai Passenger Express,Passenger,NR08,NC05,387,Bi-weekly,SR,03:06,20:46
2319,14319,Jabalpur Vande Bharat Express,Vande Bharat,NC03,NC08,316,Daily,WCR,14:39,11:36
2320,14320,Mumbai Express Express,Express,NC06,NE03,2184,Weekly,WR,11:39,13:23
2321,14321,Mumbai Superfast Express,Superfast,NE01,NE06,2146,Bi-weekly,CR,09:47,13:41
2322,14322,Kolkata Mail Express,Mail,NE04,NF01,1843,Daily,ER,16:33,14:30
2323,14323,Hajipur Passenger Express,Passenger,NE07,NF04,866,Weekly,ECR,16:52,16:46
2324,14324,Bhubaneswar Vande Bharat Express,Vande Bharat,NF02,NF07,2006,Bi-weekly,ECoR,08:03,07:45
2325,14325,New Delhi Express Express,Express,NF05,NW02,1972,Daily,NR,11:46,01:38
2326,14326,Prayagraj Superfast Express,Superfast,NF08,NW05,1655,Weekly,NCR,11:42,11:31
2327,14327,Gorakhpur Mail Express,Mail,NW03,NW08,1481,Bi-weekly,NER,18:14,06:25
2328,14328,Guwahati Passenger Express,Passenger,NW06,SC03,548,Daily,NFR,07:21,07:24
2329,14329,Jaipur Vande Bharat Express,Vande Bharat,SC01,SC06,1251,Weekly,NWR,16:18,19:28
2330,14330,Secunderabad Express Express,Express,SC04,SE01,1752,Bi-weekly,SCR,02:10,10:21
2331,14331,Bilaspur Superfast Express,Superfast,SC07,SE04,1231,Daily,SECR,03:28,15:43
2332,14332,Kolkata Mail Express,Mail,SE02,SE07,655,Weekly,SER,07:31,11:47
2333,14333,Hubballi Passenger Express,Passenger,SE05,SE02,985,Bi-weekly,SWR,15:53,06:49
2334,14334,Chennai Vande Bharat Express,Vande Bharat,SE08,SE05,852,Daily,SR,07:39,14:32
2335,14335,Jabalpur Express Express,Express,SE03,SE08,616,Weekly,WCR,02:54,20:53
2336,14336,Mumbai Superfast Express,Superfast,SE06,SW03,1269,Bi-weekly,WR,20:28,01:11
2337,14337,Mumbai Mail Express,Mail,SW01,SW06,712,Daily,CR,08:56,07:36
2338,14338,Kolkata Passenger Express,Passenger,SW04,SR01,708,Weekly,ER,14:34,03:27
2339,14339,Hajipur Vande Bharat Express,Vande Bharat,SW07,SR04,324,Bi-weekly,ECR,20:42,21:52
2340,14340,Bhubaneswar Express Express,Express,SR02,SR07,589,Daily,ECoR,16:06,22:47
2341,14341,New Delhi Superfast Express,Superfast,SR05,WC02,1658,Weekly,NR,22:50,19:06
2342,14342,Prayagraj Mail Express,Mail,SR08,WC05,134,Bi-weekly,NCR,22:15,09:02
2343,14343,Gorakhpur Passenger Express,Passenger,WC03,WC08,1525,Daily,NER,18:50,13:39
2344,14344,Guwahati Vande Bharat Express,Vande Bharat,WC06,WR03,1271,Weekly,NFR,10:33,21:15
2345,14345,Jaipur Express Express,Express,WR01,WR06,1170,Bi-weekly,NWR,13:34,00:17
2346,14346,Secunderabad Superfast Express,Superfast,WR04,CR01,1578,Daily,SCR,15:44,22:40
2347,14347,Bilaspur Mail Express,Mail,WR07,CR04,1424,Weekly,SECR,07:22,19:28
2348,14348,Kolkata Passenger Express,Passenger,CR02,CR07,1740,Bi-weekly,SER,02:07,04:11
2349,14349,Hubballi Vande Bharat Express,Vande Bharat,CR05,ER02,1488,Daily,SWR,14:33,06:34
2350,14350,Chennai Express Express,Express,CR08,ER05,357,Weekly,SR,10:09,01:09
2351,14351,Jabalpur Superfast Express,Superfast,ER03,ER08,337,Bi-weekly,WCR,10:32,13:26
2352,14352,Mumbai Mail Express,Mail,ER06,EC03,489,Daily,WR,00:42,22:16
2353,14353,Mumbai Passenger Express,Passenger,EC01,EC06,554,Weekly,CR,07:12,05:29
2354,14354,Kolkata Vande Bharat Express,Vande Bharat,EC04,EC01,1901,Bi-weekly,ER,16:57,08:29
2355,14355,Hajipur Express Express,Express,EC07,EC04,962,Daily,ECR,00:23,05:28
2356,14356,Bhubaneswar Superfast Express,Superfast,EC02,EC07,446,Weekly,ECoR,17:50,22:05
2357,14357,New Delhi Mail Express,Mail,EC05,NR02,352,Bi-weekly,NR,22:50,13:19
2358,14358,Prayagraj Passenger Express,Passenger,EC08,NR05,1281,Daily,NCR,12:50,12:01
2359,14359,Gorakhpur Vande Bharat Express,Vande Bharat,NR03,NR08,1703,Weekly,NER,17:17,02:08
2360,14360,Guwahati Express Express,Express,NR06,NC03,2030,Bi-weekly,NFR,10:31,22:03
2361,14361,Jaipur Superfast Express,Superfast,NC01,NC06,557,Daily,NWR,19:32,00:42
2362,14362,Secunderabad Mail Express,Mail,NC04,NE01,401,Weekly,SCR,17:47,18:27
2363,14363,Bilaspur Passenger Express,Passenger,NC07,NE04,701,Bi-weekly,SECR,20:33,14:08
2364,14364,Kolkata Vande Bharat Express,Vande Bharat,NE02,NE07,1526,Daily,SER,13:17,17:08
2365,14365,Hubballi Express Express,Express,NE05,NF02,1748,Weekly,SWR,22:34,02:33
2366,14366,Chennai Superfast Express,Superfast,NE08,NF05,1307,Bi-weekly,SR,12:16,14:15
2367,14367,Jabalpur Mail Express,Mail,NF03,NF08,1374,Daily,WCR,13:38,18:52
2368,14368,Mumbai Passenger Express,Passenger,NF06,NW03,1883,Weekly,WR,18:52,05:17
2369,14369,Mumbai Vande Bharat Express,Vande Bharat,NW01,NW06,1316,Bi-weekly,CR,10:42,00:08
2370,14370,Kolkata Express Express,Express,NW04,SC01,1812,Daily,ER,18:18,07:33
2371,14371,Hajipur Superfast Express,Superfast,NW07,SC04,1186,Weekly,ECR,03:30,18:43
2372,14372,Bhubaneswar Mail Express,Mail,SC02,SC07,1976,Bi-weekly,ECoR,14:52,05:02
2373,14373,New Delhi Passenger Express,Passenger,SC05,SE02,344,Daily,NR,22:38,05:51
2374,14374,Prayagraj Vande Bharat Express,Vande Bharat,SC08,SE05,797,Weekly,NCR,13:14,02:16
2375,14375,Gorakhpur Express Express,Express,SE03,SE08,609,Bi-weekly,NER,12:01,05:34
2376,14376,Guwahati Superfast Express,Superfast,SE06,SE03,993,Daily,NFR,14:39,22:50
2377,14377,Jaipur Mail Express,Mail,SE01,SE06,609,Weekly,NWR,15:37,13:47
2378,14378,Secunderabad Passenger Express,Passenger,SE04,SW01,422,Bi-weekly,SCR,08:48,20:02
2379,14379,Bilaspur Vande Bharat Express,Vande Bharat,SE07,SW04,1173,Daily,SECR,06:10,01:32
2380,14380,Kolkata Express Express,Express,SW02,SW07,1628,Weekly,SER,12:22,17:39
2381,14381,Hubballi Superfast Express,Superfast,SW05,SR02,2187,Bi-weekly,SWR,07:14,10:30
2382,14382,Chennai Mail Express,Mail,SW08,SR05,1142,Daily,SR,19:02,12:25
2383,14383,Jabalpur Passenger Express,Passenger,SR03,SR08,569,Weekly,WCR,14:48,12:05
2384,14384,Mumbai Vande Bharat Express,Vande Bharat,SR06,WC03,254,Bi-weekly,WR,09:40,07:18
2385,14385,Mumbai Express Express,Express,WC01,WC06,2075,Daily,CR,00:04,03:59
2386,14386,Kolkata Superfast Express,Superfast,WC04,WR01,1234,Weekly,ER,03:18,22:41
2387,14387,Hajipur Mail Express,Mail,WC07,WR04,598,Bi-weekly,ECR,05:04,17:08
2388,14388,Bhubaneswar Passenger Express,Passenger,WR02,WR07,744,Daily,ECoR,08:37,13:47
2389,14389,New Delhi Vande Bharat Express,Vande Bharat,WR05,CR02,769,Weekly,NR,08:23,01:44
2390,14390,Prayagraj Express Express,Express,WR08,CR05,1322,Bi-weekly,NCR,10:59,04:58
2391,14391,Gorakhpur Superfast Express,Superfast,CR03,CR08,1658,Daily,NER,05:40,17:21
2392,14392,Guwahati Mail Express,Mail,CR06,ER03,880,Weekly,NFR,19:09,00:39
2393,14393,Jaipur Passenger Express,Passenger,ER01,ER06,2183,Bi-weekly,NWR,11:08,12:15
2394,14394,Secunderabad Vande Bharat Express,Vande Bharat,ER04,EC01,1999,Daily,SCR,14:20,14:40
2395,14395,Bilaspur Express Express,Express,ER07,EC04,1654,Weekly,SECR,08:34,00:24
2396,14396,Kolkata Superfast Express,Superfast,EC02,EC07,956,Bi-weekly,SER,12:57,21:28
2397,14397,Hubballi Mail Express,Mail,EC05,EC02,1579,Daily,SWR,02:28,15:40
2398,14398,Chennai Passenger Express,Passenger,EC08,EC05,2315,Weekly,SR,10:54,22:34
2399,14399,Jabalpur Vande Bharat Express,Vande Bharat,EC03,EC08,292,Bi-weekly,WCR,08:45,13:56
2400,14400,Mumbai Express Express,Express,EC06,NR03,1972,Daily,WR,01:51,08:49
2401,14401,Mumbai Superfast Express,Superfast,NR01,NR06,1258,Weekly,CR,10:04,02:35
2402,14402,Kolkata Mail Express,Mail,NR04,NC01,1400,Bi-weekly,ER,12:09,11:03
2403,14403,Hajipur Passenger Express,Passenger,NR07,NC04,414,Daily,ECR,11:37,15:58
2404,14404,Bhubaneswar Vande Bharat Express,Vande Bharat,NC02,NC07,2061,Weekly,ECoR,08:46,02:51
2405,14405,New Delhi Express Express,Express,NC05,NE02,977,Bi-weekly,NR,17:58,16:55
2406,14406,Prayagraj Superfast Express,Superfast,NC08,NE05,103,Daily,NCR,03:37,12:07
2407,14407,Gorakhpur Mail Express,Mail,NE03,NE08,1746,Weekly,NER,01:59,03:26
2408,14408,Guwahati Passenger Express,Passenger,NE06,NF03,1990,Bi-weekly,NFR,11:44,16:56
2409,14409,Jaipur Vande Bharat Express,Vande Bharat,NF01,NF06,1156,Daily,NWR,22:31,20:43
2410,14410,Secunderabad Express Express,Express,NF04,NW01,388,Weekly,SCR,14:52,02:50
2411,14411,Bilaspur Superfast Express,Superfast,NF07,NW04,324,Bi-weekly,SECR,20:47,03:43
2412,14412,Kolkata Mail Express,Mail,NW02,NW07,350,Daily,SER,13:55,04:10
2413,14413,Hubballi Passenger Express,Passenger,NW05,SC02,1061,Weekly,SWR,08:02,10:15
2414,14414,Chennai Vande Bharat Express,Vande Bharat,NW08,SC05,368,Bi-weekly,SR,06:01,21:59
2415,14415,Jabalpur Express Express,Express,SC03,SC08,932,Daily,WCR,20:27,20:10
2416,14416,Mumbai Superfast Express,Superfast,SC06,SE03,740,Weekly,WR,17:13,18:25
2417,14417,Mumbai Mail Express,Mail,SE01,SE06,1017,Bi-weekly,CR,10:47,00:45
2418,14418,Kolkata Passenger Express,Passenger,SE04,SE01,1887,Daily,ER,18:59,17:31
2419,14419,Hajipur Vande Bharat Express,Vande Bharat,SE07,SE04,1161,Weekly,ECR,08:49,09:34
2420,14420,Bhubaneswar Express Express,Express,SE02,SE07,302,Bi-weekly,ECoR,07:15,10:30
2421,14421,New Delhi Superfast Express,Superfast,SE05,SW02,1742,Daily,NR,09:09,12:03
2422,14422,Prayagraj Mail Express,Mail,SE08,SW05,2049,Weekly,NCR,17:13,06:01
2423,14423,Gorakhpur Passenger Express,Passenger,SW03,SW08,925,Bi-weekly,NER,00:56,03:39
2424,14424,Guwahati Vande Bharat Express,Vande Bharat,SW06,SR03,1403,Daily,NFR,05:48,02:53
2425,14425,Jaipur Express Express,Express,SR01,SR06,1797,Weekly,NWR,14:52,09:16
2426,14426,Secunderabad Superfast Express,Superfast,SR04,WC01,438,Bi-weekly,SCR,21:24,19:19
2427,14427,Bilaspur Mail Express,Mail,SR07,WC04,2295,Daily,SECR,20:18,11:47
2428,14428,Kolkata Passenger Express,Passenger,WC02,WC07,604,Weekly,SER,00:17,13:08
2429,14429,Hubballi Vande Bharat Express,Vande Bharat,WC05,WR02,853,Bi-weekly,SWR,21:04,01:25
2430,14430,Chennai Express Express,Express,WC08,WR05,109,Daily,SR,00:10,02:48
2431,14431,Jabalpur Superfast Express,Superfast,WR03,WR08,364,Weekly,WCR,12:42,14:39
2432,14432,Mumbai Mail Express,Mail,WR06,CR03,909,Bi-weekly,WR,20:04,02:51
2433,14433,Mumbai Passenger Express,Passenger,CR01,CR06,238,Daily,CR,04:10,00:07
2434,14434,Kolkata Vande Bharat Express,Vande Bharat,CR04,ER01,1408,Weekly,ER,15:04,21:05
2435,14435,Hajipur Express Express,Express,CR07,ER04,1673,Bi-weekly,ECR,18:31,11:06
2436,14436,Bhubaneswar Superfast Express,Superfast,ER02,ER07,640,Daily,ECoR,19:20,00:43
2437,14437,New Delhi Mail Express,Mail,ER05,EC02,1666,Weekly,NR,01:03,02:03
2438,14438,Prayagraj Passenger Express,Passenger,ER08,EC05,1509,Bi-weekly,NCR,03:36,04:58
2439,14439,Gorakhpur Vande Bharat Express,Vande Bharat,EC03,EC08,1764,Daily,NER,08:25,01:03
2440,14440,Guwahati Express Express,Express,EC06,EC03,1327,Weekly,NFR,00:38,08:08
2441,14441,Jaipur Superfast Express,Superfast,EC01,EC06,1322,Bi-weekly,NWR,12:44,04:32
2442,14442,Secunderabad Mail Express,Mail,EC04,NR01,2039,Daily,SCR,06:50,16:25
2443,14443,Bilaspur Passenger Express,Passenger,EC07,NR04,2129,Weekly,SECR,22:14,22:00
2444,14444,Kolkata Vande Bharat Express,Vande Bharat,NR02,NR07,379,Bi-weekly,SER,00:22,21:36
2445,14445,Hubballi Express Express,Express,NR05,NC02,1510,Daily,SWR,01:30,08:28
2446,14446,Chennai Superfast Express,Superfast,NR08,NC05,685,Weekly,SR,04:57,12:24
2447,14447,Jabalpur Mail Express,Mail,NC03,NC08,251,Bi-weekly,WCR,17:28,08:40
2448,14448,Mumbai Passenger Express,Passenger,NC06,NE03,385,Daily,WR,12:51,10:00
2449,14449,Mumbai Vande Bharat Express,Vande Bharat,NE01,NE06,613,Weekly,CR,01:30,08:07
2450,14450,Kolkata Express Express,Express,NE04,NF01,1673,Bi-weekly,ER,04:20,22:03
2451,14451,Hajipur Superfast Express,Superfast,NE07,NF04,654,Daily,ECR,07:30,05:58
2452,14452,Bhubaneswar Mail Express,Mail,NF02,NF07,92,Weekly,ECoR,21:32,00:06
2453,14453,New Delhi Passenger Express,Passenger,NF05,NW02,319,Bi-weekly,NR,06:19,14:18
2454,14454,Prayagraj Vande Bharat Express,Vande Bharat,NF08,NW05,1762,Daily,NCR,06:15,06:19
2455,14455,Gorakhpur Express Express,Express,NW03,NW08,2023,Weekly,NER,05:16,22:39
2456,14456,Guwahati Superfast Express,Superfast,NW06,SC03,522,Bi-weekly,NFR,19:10,03:26
2457,14457,Jaipur Mail Express,Mail,SC01,SC06,1683,Daily,NWR,04:45,03:46
2458,14458,Secunderabad Passenger Express,Passenger,SC04,SE01,302,Weekly,SCR,10:38,06:36
2459,14459,Bilaspur Vande Bharat Express,Vande Bharat,SC07,SE04,1677,Bi-weekly,SECR,14:23,17:43
2460,14460,Kolkata Express Express,Express,SE02,SE07,837,Daily,SER,16:55,18:43
2461,14461,Hubballi Superfast Express,Superfast,SE05,SE02,1858,Weekly,SWR,18:17,16:11
2462,14462,Chennai Mail Express,Mail,SE08,SE05,911,Bi-weekly,SR,21:16,19:25
2463,14463,Jabalpur Passenger Express,Passenger,SE03,SE08,566,Daily,WCR,02:32,10:30
2464,14464,Mumbai Vande Bharat Express,Vande Bharat,SE06,SW03,180,Weekly,WR,06:00,06:55
2465,14465,Mumbai Express Express,Express,SW01,SW06,433,Bi-weekly,CR,15:00,12:55
2466,14466,Kolkata Superfast Express,Superfast,SW04,SR01,871,Daily,ER,04:34,06:53
2467,14467,Hajipur Mail Express,Mail,SW07,SR04,2049,Weekly,ECR,15:38,13:44
2468,14468,Bhubaneswar Passenger Express,Passenger,SR02,SR07,1147,Bi-weekly,ECoR,22:20,00:41
2469,14469,New Delhi Vande Bharat Express,Vande Bharat,SR05,WC02,1616,Daily,NR,22:23,09:33
2470,14470,Prayagraj Express Express,Express,SR08,WC05,989,Weekly,NCR,18:25,18:25
2471,14471,Gorakhpur Superfast Express,Superfast,WC03,WC08,602,Bi-weekly,NER,22:31,16:35
2472,14472,Guwahati Mail Express,Mail,WC06,WR03,913,Daily,NFR,22:22,22:25
2473,14473,Jaipur Passenger Express,Passenger,WR01,WR06,132,Weekly,NWR,00:58,12:23
2474,14474,Secunderabad Vande Bharat Express,Vande Bharat,WR04,CR01,1962,Bi-weekly,SCR,14:39,15:11
2475,14475,Bilaspur Express Express,Express,WR07,CR04,284,Daily,SECR,16:01,16:07
2476,14476,Kolkata Superfast Express,Superfast,CR02,CR07,689,Weekly,SER,16:37,17:36
2477,14477,Hubballi Mail Express,Mail,CR05,ER02,191,Bi-weekly,SWR,19:12,03:52
2478,14478,Chennai Passenger Express,Passenger,CR08,ER05,532,Daily,SR,12:29,17:02
2479,14479,Jabalpur Vande Bharat Express,Vande Bharat,ER03,ER08,327,Weekly,WCR,09:28,18:36
2480,14480,Mumbai Express Express,Express,ER06,EC03,425,Bi-weekly,WR,22:27,22:59
2481,14481,Mumbai Superfast Express,Superfast,EC01,EC06,199,Daily,CR,11:25,11:18
2482,14482,Kolkata Mail Express,Mail,EC04,EC01,1376,Weekly,ER,11:11,06:08
2483,14483,Hajipur Passenger Express,Passenger,EC07,EC04,2037,Bi-weekly,ECR,15:23,09:04
2484,14484,Bhubaneswar Vande Bharat Express,Vande Bharat,EC02,EC07,752,Daily,ECoR,21:01,03:50
2485,14485,New Delhi Express Express,Express,EC05,NR02,1287,Weekly,NR,00:29,17:20
2486,14486,Prayagraj Superfast Express,Superfast,EC08,NR05,966,Bi-weekly,NCR,14:35,20:14
2487,14487,Gorakhpur Mail Express,Mail,NR03,NR08,720,Daily,NER,03:39,12:20
2488,14488,Guwahati Passenger Express,Passenger,NR06,NC03,1693,Weekly,NFR,08:11,12:26
2489,14489,Jaipur Vande Bharat Express,Vande Bharat,NC01,NC06,1020,Bi-weekly,NWR,10:54,04:16
2490,14490,Secunderabad Express Express,Express,NC04,NE01,1390,Daily,SCR,01:08,13:30
2491,14491,Bilaspur Superfast Express,Superfast,NC07,NE04,1594,Weekly,SECR,02:51,11:09
2492,14492,Kolkata Mail Express,Mail,NE02,NE07,802,Bi-weekly,SER,05:27,10:26
2493,14493,Hubballi Passenger Express,Passenger,NE05,NF02,1149,Daily,SWR,20:57,11:57
2494,14494,Chennai Vande Bharat Express,Vande Bharat,NE08,NF05,1978,Weekly,SR,18:13,10:21
2495,14495,Jabalpur Express Express,Express,NF03,NF08,303,Bi-weekly,WCR,01:37,09:49
2496,14496,Mumbai Superfast Express,Superfast,NF06,NW03,1631,Daily,WR,01:50,11:33
2497,14497,Mumbai Mail Express,Mail,NW01,NW06,2320,Weekly,CR,14:01,04:25
2498,14498,Kolkata Passenger Express,Passenger,NW04,SC01,166,Bi-weekly,ER,03:47,03:10
2499,14499,Hajipur Vande Bharat Express,Vande Bharat,NW07,SC04,1250,Daily,ECR,02:15,21:37
2500,14500,Bhubaneswar Express Express,Express,SC02,SC07,2315,Weekly,ECoR,08:36,05:22
