Route_ID,Train_ID,Source_Station,Destination_Station,Distance_KM,Zone,Route_Type,Number_of_Stations
1,1,CR01,CR06,287,CR,Regional,20
2,2,CR04,ER01,2071,ER,Intercity,18
3,3,CR07,ER04,1301,ECR,Intercity,18
4,4,ER02,ER07,1903,ECoR,Intercity,24
5,5,ER05,EC02,1240,NR,Intercity,28
6,6,ER08,EC05,1573,NCR,Intercity,18
7,7,EC03,EC08,1125,NER,Intercity,8
8,8,EC06,EC03,228,NFR,Regional,16
9,9,EC01,EC06,463,NWR,Regional,11
10,10,EC04,NR01,2332,SCR,Intercity,18
11,11,EC07,NR04,1842,SECR,Intercity,20
12,12,NR02,NR07,181,SER,Regional,19
13,13,NR05,NC02,2220,SWR,Intercity,20
14,14,NR08,NC05,835,SR,Intercity,13
15,15,NC03,NC08,1925,WCR,Intercity,9
16,16,NC06,NE03,1183,WR,Intercity,27
17,17,NE01,NE06,2261,CR,Intercity,15
18,18,NE04,NF01,1704,ER,Intercity,10
19,19,NE07,NF04,1089,ECR,Intercity,30
20,20,NF02,NF07,748,ECoR,Intercity,5
21,21,NF05,NW02,2011,NR,Intercity,14
22,22,NF08,NW05,1905,NCR,Intercity,24
23,23,NW03,NW08,722,NER,Intercity,15
24,24,NW06,SC03,1399,NFR,Intercity,26
25,25,SC01,SC06,1099,NWR,Intercity,14
26,26,SC04,SE01,1391,SCR,Intercity,21
27,27,SC07,SE04,1391,SECR,Intercity,16
28,28,SE02,SE07,785,SER,Intercity,17
29,29,SE05,SE02,2359,SWR,Intercity,17
30,30,SE08,SE05,2059,SR,Intercity,30
31,31,SE03,SE08,2065,WCR,Intercity,24
32,32,SE06,SW03,1615,WR,Intercity,14
33,33,SW01,SW06,2390,CR,Intercity,15
34,34,SW04,SR01,1968,ER,Intercity,15
35,35,SW07,SR04,326,ECR,Regional,24
36,36,SR02,SR07,1151,ECoR,Intercity,20
37,37,SR05,WC02,2256,NR,Intercity,18
38,38,SR08,WC05,1115,NCR,Intercity,16
39,39,WC03,WC08,1666,NER,Intercity,15
40,40,WC06,WR03,283,NFR,Regional,19
41,41,WR01,WR06,929,NWR,Intercity,26
42,42,WR04,CR01,696,SCR,Intercity,30
43,43,WR07,CR04,685,SECR,Intercity,6
44,44,CR02,CR07,711,SER,Intercity,11
45,45,CR05,ER02,375,SWR,Regional,22
46,46,CR08,ER05,789,SR,Intercity,8
47,47,ER03,ER08,1154,WCR,Intercity,20
48,48,ER06,EC03,1749,WR,Intercity,16
49,49,EC01,EC06,405,CR,Regional,9
50,50,EC04,EC01,275,ER,Regional,18
51,51,EC07,EC04,496,ECR,Regional,18
52,52,EC02,EC07,415,ECoR,Regional,23
53,53,EC05,NR02,1920,NR,Intercity,26
54,54,EC08,NR05,1428,NCR,Intercity,29
55,55,NR03,NR08,763,NER,Intercity,16
56,56,NR06,NC03,1198,NFR,Intercity,22
57,57,NC01,NC06,719,NWR,Intercity,25
58,58,NC04,NE01,2255,SCR,Intercity,30
59,59,NC07,NE04,1953,SECR,Intercity,21
60,60,NE02,NE07,1287,SER,Intercity,11
61,61,NE05,NF02,923,SWR,Intercity,13
62,62,NE08,NF05,405,SR,Regional,10
63,63,NF03,NF08,1625,WCR,Intercity,10
64,64,NF06,NW03,1609,WR,Intercity,12
65,65,NW01,NW06,823,CR,Intercity,17
66,66,NW04,SC01,614,ER,Intercity,25
67,67,NW07,SC04,1348,ECR,Intercity,12
68,68,SC02,SC07,1955,ECoR,Intercity,9
69,69,SC05,SE02,1552,NR,Intercity,8
70,70,SC08,SE05,673,NCR,Intercity,10
71,71,SE03,SE08,1316,NER,Intercity,16
72,72,SE06,SE03,2382,NFR,Intercity,15
73,73,SE01,SE06,2041,NWR,Intercity,15
74,74,SE04,SW01,1283,SCR,Intercity,13
75,75,SE07,SW04,858,SECR,Intercity,16
76,76,SW02,SW07,299,SER,Regional,21
77,77,SW05,SR02,92,SWR,Regional,6
78,78,SW08,SR05,364,SR,Regional,28
79,79,SR03,SR08,1812,WCR,Intercity,12
80,80,SR06,WC03,2108,WR,Intercity,8
81,81,WC01,WC06,2395,CR,Intercity,9
82,82,WC04,WR01,1241,ER,Intercity,19
83,83,WC07,WR04,484,ECR,Regional,18
84,84,WR02,WR07,1652,ECoR,Intercity,7
85,85,WR05,CR02,2231,NR,Intercity,17
86,86,WR08,CR05,543,NCR,Intercity,10
87,87,CR03,CR08,275,NER,Regional,28
88,88,CR06,ER03,367,NFR,Regional,13
89,89,ER01,ER06,2337,NWR,Intercity,30
90,90,ER04,EC01,1617,SCR,Intercity,20
91,91,ER07,EC04,2307,SECR,Intercity,30
92,92,EC02,EC07,1368,SER,Intercity,19
93,93,EC05,EC02,1758,SWR,Intercity,8
94,94,EC08,EC05,2321,SR,Intercity,21
95,95,EC03,EC08,1792,WCR,Intercity,17
96,96,EC06,NR03,1900,WR,Intercity,26
97,97,NR01,NR06,748,CR,Intercity,15
98,98,NR04,NC01,619,ER,Intercity,9
99,99,NR07,NC04,2245,ECR,Intercity,7
100,100,NC02,NC07,1037,ECoR,Intercity,24
101,101,NC05,NE02,343,NR,Regional,11
102,102,NC08,NE05,1133,NCR,Intercity,22
103,103,NE03,NE08,2387,NER,Intercity,8
104,104,NE06,NF03,324,NFR,Regional,7
105,105,NF01,NF06,910,NWR,Intercity,23
106,106,NF04,NW01,799,SCR,Intercity,13
107,107,NF07,NW04,1468,SECR,Intercity,19
108,108,NW02,NW07,436,SER,Regional,5
109,109,NW05,SC02,1724,SWR,Intercity,9
110,110,NW08,SC05,203,SR,Regional,7
111,111,SC03,SC08,1943,WCR,Intercity,12
112,112,SC06,SE03,1250,WR,Intercity,12
113,113,SE01,SE06,1324,CR,Intercity,14
114,114,SE04,SE01,629,ER,Intercity,11
115,115,SE07,SE04,2281,ECR,Intercity,16
116,116,SE02,SE07,946,ECoR,Intercity,28
117,117,SE05,SW02,296,NR,Regional,7
118,118,SE08,SW05,2225,NCR,Intercity,28
119,119,SW03,SW08,1937,NER,Intercity,15
120,120,SW06,SR03,1940,NFR,Intercity,20
121,121,SR01,SR06,1509,NWR,Intercity,22
122,122,SR04,WC01,1323,SCR,Intercity,24
123,123,SR07,WC04,2014,SECR,Intercity,29
124,124,WC02,WC07,1563,SER,Intercity,30
125,125,WC05,WR02,1085,SWR,Intercity,7
126,126,WC08,WR05,619,SR,Intercity,15
127,127,WR03,WR08,1789,WCR,Intercity,19
128,128,WR06,CR03,1670,WR,Intercity,18
129,129,CR01,CR06,1636,CR,Intercity,30
130,130,CR04,ER01,841,ER,Intercity,21
131,131,CR07,ER04,1215,ECR,Intercity,15
132,132,ER02,ER07,1315,ECoR,Intercity,28
133,133,ER05,EC02,489,NR,Regional,24
134,134,ER08,EC05,1691,NCR,Intercity,25
135,135,EC03,EC08,2289,NER,Intercity,21
136,136,EC06,EC03,1763,NFR,Intercity,6
137,137,EC01,EC06,1758,NWR,Intercity,30
138,138,EC04,NR01,1938,SCR,Intercity,23
139,139,EC07,NR04,2392,SECR,Intercity,8
140,140,NR02,NR07,667,SER,Intercity,11
141,141,NR05,NC02,1287,SWR,Intercity,13
142,142,NR08,NC05,1390,SR,Intercity,11
143,143,NC03,NC08,1655,WCR,Intercity,21
144,144,NC06,NE03,1934,WR,Intercity,19
145,145,NE01,NE06,402,CR,Regional,10
146,146,NE04,NF01,351,ER,Regional,23
147,147,NE07,NF04,1770,ECR,Intercity,12
148,148,NF02,NF07,1637,ECoR,Intercity,9
149,149,NF05,NW02,1975,NR,Intercity,29
150,150,NF08,NW05,924,NCR,Intercity,13
151,151,NW03,NW08,2310,NER,Intercity,11
152,152,NW06,SC03,1095,NFR,Intercity,23
153,153,SC01,SC06,488,NWR,Regional,24
154,154,SC04,SE01,1890,SCR,Intercity,8
155,155,SC07,SE04,1592,SECR,Intercity,6
156,156,SE02,SE07,2286,SER,Intercity,27
157,157,SE05,SE02,2116,SWR,Intercity,18
158,158,SE08,SE05,1444,SR,Intercity,16
159,159,SE03,SE08,301,WCR,Regional,15
160,160,SE06,SW03,765,WR,Intercity,20
161,161,SW01,SW06,108,CR,Regional,22
162,162,SW04,SR01,1892,ER,Intercity,7
163,163,SW07,SR04,182,ECR,Regional,11
164,164,SR02,SR07,2021,ECoR,Intercity,29
165,165,SR05,WC02,135,NR,Regional,9
166,166,SR08,WC05,289,NCR,Regional,28
167,167,WC03,WC08,650,NER,Intercity,15
168,168,WC06,WR03,1882,NFR,Intercity,9
169,169,WR01,WR06,750,NWR,Intercity,20
170,170,WR04,CR01,92,SCR,Regional,22
171,171,WR07,CR04,2353,SECR,Intercity,14
172,172,CR02,CR07,2050,SER,Intercity,25
173,173,CR05,ER02,2326,SWR,Intercity,6
174,174,CR08,ER05,1699,SR,Intercity,8
175,175,ER03,ER08,1138,WCR,Intercity,21
176,176,ER06,EC03,1250,WR,Intercity,20
177,177,EC01,EC06,279,CR,Regional,23
178,178,EC04,EC01,1784,ER,Intercity,27
179,179,EC07,EC04,311,ECR,Regional,29
180,180,EC02,EC07,1498,ECoR,Intercity,18
181,181,EC05,NR02,90,NR,Regional,18
182,182,EC08,NR05,1726,NCR,Intercity,29
183,183,NR03,NR08,1866,NER,Intercity,29
184,184,NR06,NC03,1143,NFR,Intercity,6
185,185,NC01,NC06,2104,NWR,Intercity,18
186,186,NC04,NE01,2274,SCR,Intercity,28
187,187,NC07,NE04,1327,SECR,Intercity,6
188,188,NE02,NE07,2262,SER,Intercity,30
189,189,NE05,NF02,1682,SWR,Intercity,24
190,190,NE08,NF05,356,SR,Regional,9
191,191,NF03,NF08,296,WCR,Regional,21
192,192,NF06,NW03,1497,WR,Intercity,16
193,193,NW01,NW06,435,CR,Regional,13
194,194,NW04,SC01,1444,ER,Intercity,21
195,195,NW07,SC04,772,ECR,Intercity,24
196,196,SC02,SC07,603,ECoR,Intercity,28
197,197,SC05,SE02,1448,NR,Intercity,15
198,198,SC08,SE05,1593,NCR,Intercity,9
199,199,SE03,SE08,875,NER,Intercity,27
200,200,SE06,SE03,1532,NFR,Intercity,13
201,201,SE01,SE06,1955,NWR,Intercity,24
202,202,SE04,SW01,2216,SCR,Intercity,25
203,203,SE07,SW04,703,SECR,Intercity,6
204,204,SW02,SW07,2022,SER,Intercity,15
205,205,SW05,SR02,209,SWR,Regional,7
206,206,SW08,SR05,208,SR,Regional,20
207,207,SR03,SR08,1211,WCR,Intercity,25
208,208,SR06,WC03,1803,WR,Intercity,19
209,209,WC01,WC06,1718,CR,Intercity,13
210,210,WC04,WR01,436,ER,Regional,30
211,211,WC07,WR04,1259,ECR,Intercity,7
212,212,WR02,WR07,2389,ECoR,Intercity,8
213,213,WR05,CR02,1867,NR,Intercity,14
214,214,WR08,CR05,979,NCR,Intercity,29
215,215,CR03,CR08,1645,NER,Intercity,28
216,216,CR06,ER03,459,NFR,Regional,19
217,217,ER01,ER06,2215,NWR,Intercity,29
218,218,ER04,EC01,2026,SCR,Intercity,28
219,219,ER07,EC04,1246,SECR,Intercity,20
220,220,EC02,EC07,265,SER,Regional,8
221,221,EC05,EC02,1192,SWR,Intercity,28
222,222,EC08,EC05,499,SR,Regional,21
223,223,EC03,EC08,1546,WCR,Intercity,8
224,224,EC06,NR03,1217,WR,Intercity,26
225,225,NR01,NR06,112,CR,Regional,15
226,226,NR04,NC01,2037,ER,Intercity,25
227,227,NR07,NC04,1023,ECR,Intercity,11
228,228,NC02,NC07,214,ECoR,Regional,5
229,229,NC05,NE02,2124,NR,Intercity,16
230,230,NC08,NE05,1199,NCR,Intercity,16
231,231,NE03,NE08,938,NER,Intercity,27
232,232,NE06,NF03,1442,NFR,Intercity,7
233,233,NF01,NF06,1432,NWR,Intercity,28
234,234,NF04,NW01,323,SCR,Regional,8
235,235,NF07,NW04,1539,SECR,Intercity,29
236,236,NW02,NW07,866,SER,Intercity,23
237,237,NW05,SC02,1490,SWR,Intercity,14
238,238,NW08,SC05,793,SR,Intercity,29
239,239,SC03,SC08,1044,WCR,Intercity,14
240,240,SC06,SE03,1550,WR,Intercity,21
241,241,SE01,SE06,2119,CR,Intercity,5
242,242,SE04,SE01,2175,ER,Intercity,7
243,243,SE07,SE04,1526,ECR,Intercity,14
244,244,SE02,SE07,344,ECoR,Regional,11
245,245,SE05,SW02,1587,NR,Intercity,10
246,246,SE08,SW05,2329,NCR,Intercity,14
247,247,SW03,SW08,1985,NER,Intercity,20
248,248,SW06,SR03,883,NFR,Intercity,8
249,249,SR01,SR06,1258,NWR,Intercity,24
250,250,SR04,WC01,2366,SCR,Intercity,27
251,251,SR07,WC04,641,SECR,Intercity,26
252,252,WC02,WC07,276,SER,Regional,10
253,253,WC05,WR02,697,SWR,Intercity,27
254,254,WC08,WR05,165,SR,Regional,8
255,255,WR03,WR08,936,WCR,Intercity,7
256,256,WR06,CR03,1734,WR,Intercity,23
257,257,CR01,CR06,1796,CR,Intercity,24
258,258,CR04,ER01,193,ER,Regional,8
259,259,CR07,ER04,622,ECR,Intercity,15
260,260,ER02,ER07,1273,ECoR,Intercity,15
261,261,ER05,EC02,1842,NR,Intercity,23
262,262,ER08,EC05,1638,NCR,Intercity,18
263,263,EC03,EC08,1296,NER,Intercity,20
264,264,EC06,EC03,773,NFR,Intercity,7
265,265,EC01,EC06,345,NWR,Regional,30
266,266,EC04,NR01,515,SCR,Intercity,19
267,267,EC07,NR04,1123,SECR,Intercity,22
268,268,NR02,NR07,2397,SER,Intercity,17
269,269,NR05,NC02,1319,SWR,Intercity,11
270,270,NR08,NC05,2394,SR,Intercity,22
271,271,NC03,NC08,219,WCR,Regional,12
272,272,NC06,NE03,1232,WR,Intercity,10
273,273,NE01,NE06,271,CR,Regional,19
274,274,NE04,NF01,120,ER,Regional,14
275,275,NE07,NF04,2123,ECR,Intercity,28
276,276,NF02,NF07,2305,ECoR,Intercity,22
277,277,NF05,NW02,2354,NR,Intercity,14
278,278,NF08,NW05,625,NCR,Intercity,5
279,279,NW03,NW08,789,NER,Intercity,13
280,280,NW06,SC03,1450,NFR,Intercity,8
281,281,SC01,SC06,2062,NWR,Intercity,10
282,282,SC04,SE01,440,SCR,Regional,12
283,283,SC07,SE04,220,SECR,Regional,21
284,284,SE02,SE07,1898,SER,Intercity,7
285,285,SE05,SE02,2283,SWR,Intercity,9
286,286,SE08,SE05,1969,SR,Intercity,6
287,287,SE03,SE08,1171,WCR,Intercity,28
288,288,SE06,SW03,316,WR,Regional,30
289,289,SW01,SW06,1888,CR,Intercity,12
290,290,SW04,SR01,163,ER,Regional,16
291,291,SW07,SR04,761,ECR,Intercity,12
292,292,SR02,SR07,232,ECoR,Regional,18
293,293,SR05,WC02,1913,NR,Intercity,19
294,294,SR08,WC05,338,NCR,Regional,11
295,295,WC03,WC08,2162,NER,Intercity,21
296,296,WC06,WR03,780,NFR,Intercity,5
297,297,WR01,WR06,431,NWR,Regional,21
298,298,WR04,CR01,2081,SCR,Intercity,24
299,299,WR07,CR04,717,SECR,Intercity,6
300,300,CR02,CR07,1080,SER,Intercity,23
301,301,CR05,ER02,1308,SWR,Intercity,24
302,302,CR08,ER05,642,SR,Intercity,30
303,303,ER03,ER08,853,WCR,Intercity,25
304,304,ER06,EC03,2238,WR,Intercity,5
305,305,EC01,EC06,2084,CR,Intercity,7
306,306,EC04,EC01,189,ER,Regional,8
307,307,EC07,EC04,288,ECR,Regional,20
308,308,EC02,EC07,152,ECoR,Regional,23
309,309,EC05,NR02,1183,NR,Intercity,22
310,310,EC08,NR05,1449,NCR,Intercity,13
311,311,NR03,NR08,731,NER,Intercity,10
312,312,NR06,NC03,457,NFR,Regional,6
313,313,NC01,NC06,755,NWR,Intercity,14
314,314,NC04,NE01,1134,SCR,Intercity,12
315,315,NC07,NE04,264,SECR,Regional,12
316,316,NE02,NE07,818,SER,Intercity,7
317,317,NE05,NF02,767,SWR,Intercity,12
318,318,NE08,NF05,816,SR,Intercity,26
319,319,NF03,NF08,1787,WCR,Intercity,11
320,320,NF06,NW03,463,WR,Regional,27
321,321,NW01,NW06,779,CR,Intercity,7
322,322,NW04,SC01,2144,ER,Intercity,21
323,323,NW07,SC04,1881,ECR,Intercity,7
324,324,SC02,SC07,481,ECoR,Regional,15
325,325,SC05,SE02,694,NR,Intercity,29
326,326,SC08,SE05,2383,NCR,Intercity,24
327,327,SE03,SE08,1408,NER,Intercity,18
328,328,SE06,SE03,1323,NFR,Intercity,21
329,329,SE01,SE06,1754,NWR,Intercity,22
330,330,SE04,SW01,763,SCR,Intercity,25
331,331,SE07,SW04,520,SECR,Intercity,20
332,332,SW02,SW07,616,SER,Intercity,18
333,333,SW05,SR02,1517,SWR,Intercity,6
334,334,SW08,SR05,999,SR,Intercity,29
335,335,SR03,SR08,1850,WCR,Intercity,19
336,336,SR06,WC03,2361,WR,Intercity,12
337,337,WC01,WC06,2266,CR,Intercity,8
338,338,WC04,WR01,1286,ER,Intercity,20
339,339,WC07,WR04,1871,ECR,Intercity,25
340,340,WR02,WR07,1663,ECoR,Intercity,26
341,341,WR05,CR02,695,NR,Intercity,28
342,342,WR08,CR05,2072,NCR,Intercity,28
343,343,CR03,CR08,874,NER,Intercity,21
344,344,CR06,ER03,2117,NFR,Intercity,29
345,345,ER01,ER06,285,NWR,Regional,6
346,346,ER04,EC01,1896,SCR,Intercity,15
347,347,ER07,EC04,1886,SECR,Intercity,17
348,348,EC02,EC07,1931,SER,Intercity,23
349,349,EC05,EC02,1079,SWR,Intercity,12
350,350,EC08,EC05,2351,SR,Intercity,12
351,351,EC03,EC08,2240,WCR,Intercity,28
352,352,EC06,NR03,820,WR,Intercity,21
353,353,NR01,NR06,972,CR,Intercity,21
354,354,NR04,NC01,2250,ER,Intercity,9
355,355,NR07,NC04,864,ECR,Intercity,18
356,356,NC02,NC07,384,ECoR,Regional,15
357,357,NC05,NE02,188,NR,Regional,21
358,358,NC08,NE05,645,NCR,Intercity,28
359,359,NE03,NE08,1435,NER,Intercity,12
360,360,NE06,NF03,548,NFR,Intercity,26
361,361,NF01,NF06,212,NWR,Regional,21
362,362,NF04,NW01,184,SCR,Regional,17
363,363,NF07,NW04,647,SECR,Intercity,29
364,364,NW02,NW07,336,SER,Regional,8
365,365,NW05,SC02,805,SWR,Intercity,22
366,366,NW08,SC05,2171,SR,Intercity,15
367,367,SC03,SC08,903,WCR,Intercity,22
368,368,SC06,SE03,399,WR,Regional,8
369,369,SE01,SE06,1066,CR,Intercity,24
370,370,SE04,SE01,1510,ER,Intercity,6
371,371,SE07,SE04,269,ECR,Regional,14
372,372,SE02,SE07,2056,ECoR,Intercity,28
373,373,SE05,SW02,1796,NR,Intercity,21
374,374,SE08,SW05,1019,NCR,Intercity,17
375,375,SW03,SW08,180,NER,Regional,13
376,376,SW06,SR03,359,NFR,Regional,7
377,377,SR01,SR06,972,NWR,Intercity,7
378,378,SR04,WC01,496,SCR,Regional,23
379,379,SR07,WC04,509,SECR,Intercity,12
380,380,WC02,WC07,2055,SER,Intercity,6
381,381,WC05,WR02,1320,SWR,Intercity,16
382,382,WC08,WR05,647,SR,Intercity,15
383,383,WR03,WR08,252,WCR,Regional,29
384,384,WR06,CR03,1280,WR,Intercity,10
385,385,CR01,CR06,992,CR,Intercity,11
386,386,CR04,ER01,385,ER,Regional,9
387,387,CR07,ER04,287,ECR,Regional,9
388,388,ER02,ER07,459,ECoR,Regional,18
389,389,ER05,EC02,461,NR,Regional,10
390,390,ER08,EC05,355,NCR,Regional,23
391,391,EC03,EC08,2203,NER,Intercity,26
392,392,EC06,EC03,1009,NFR,Intercity,17
393,393,EC01,EC06,2028,NWR,Intercity,11
394,394,EC04,NR01,1800,SCR,Intercity,26
395,395,EC07,NR04,2002,SECR,Intercity,30
396,396,NR02,NR07,196,SER,Regional,28
397,397,NR05,NC02,1605,SWR,Intercity,28
398,398,NR08,NC05,1921,SR,Intercity,25
399,399,NC03,NC08,1311,WCR,Intercity,24
400,400,NC06,NE03,85,WR,Regional,29
401,401,NE01,NE06,2117,CR,Intercity,13
402,402,NE04,NF01,379,ER,Regional,29
403,403,NE07,NF04,1232,ECR,Intercity,5
404,404,NF02,NF07,820,ECoR,Intercity,26
405,405,NF05,NW02,782,NR,Intercity,13
406,406,NF08,NW05,1176,NCR,Intercity,12
407,407,NW03,NW08,1369,NER,Intercity,22
408,408,NW06,SC03,2042,NFR,Intercity,9
409,409,SC01,SC06,752,NWR,Intercity,30
410,410,SC04,SE01,2380,SCR,Intercity,23
411,411,SC07,SE04,479,SECR,Regional,5
412,412,SE02,SE07,929,SER,Intercity,26
413,413,SE05,SE02,2154,SWR,Intercity,7
414,414,SE08,SE05,1260,SR,Intercity,26
415,415,SE03,SE08,519,WCR,Intercity,26
416,416,SE06,SW03,1026,WR,Intercity,21
417,417,SW01,SW06,1999,CR,Intercity,20
418,418,SW04,SR01,1600,ER,Intercity,26
419,419,SW07,SR04,2138,ECR,Intercity,27
420,420,SR02,SR07,1885,ECoR,Intercity,23
421,421,SR05,WC02,2198,NR,Intercity,9
422,422,SR08,WC05,718,NCR,Intercity,22
423,423,WC03,WC08,732,NER,Intercity,10
424,424,WC06,WR03,549,NFR,Intercity,6
425,425,WR01,WR06,1864,NWR,Intercity,8
426,426,WR04,CR01,671,SCR,Intercity,16
427,427,WR07,CR04,1745,SECR,Intercity,30
428,428,CR02,CR07,1670,SER,Intercity,5
429,429,CR05,ER02,1705,SWR,Intercity,6
430,430,CR08,ER05,1109,SR,Intercity,7
431,431,ER03,ER08,841,WCR,Intercity,9
432,432,ER06,EC03,1216,WR,Intercity,19
433,433,EC01,EC06,1957,CR,Intercity,26
434,434,EC04,EC01,2223,ER,Intercity,6
435,435,EC07,EC04,128,ECR,Regional,25
436,436,EC02,EC07,1849,ECoR,Intercity,28
437,437,EC05,NR02,1703,NR,Intercity,7
438,438,EC08,NR05,751,NCR,Intercity,16
439,439,NR03,NR08,921,NER,Intercity,26
440,440,NR06,NC03,1973,NFR,Intercity,23
441,441,NC01,NC06,929,NWR,Intercity,9
442,442,NC04,NE01,1930,SCR,Intercity,8
443,443,NC07,NE04,1703,SECR,Intercity,16
444,444,NE02,NE07,984,SER,Intercity,27
445,445,NE05,NF02,2274,SWR,Intercity,29
446,446,NE08,NF05,1517,SR,Intercity,17
447,447,NF03,NF08,1547,WCR,Intercity,18
448,448,NF06,NW03,1914,WR,Intercity,19
449,449,NW01,NW06,598,CR,Intercity,17
450,450,NW04,SC01,2011,ER,Intercity,21
451,451,NW07,SC04,1254,ECR,Intercity,12
452,452,SC02,SC07,1671,ECoR,Intercity,19
453,453,SC05,SE02,135,NR,Regional,20
454,454,SC08,SE05,300,NCR,Regional,19
455,455,SE03,SE08,823,NER,Intercity,30
456,456,SE06,SE03,1065,NFR,Intercity,24
457,457,SE01,SE06,1850,NWR,Intercity,24
458,458,SE04,SW01,2010,SCR,Intercity,25
459,459,SE07,SW04,995,SECR,Intercity,18
460,460,SW02,SW07,1939,SER,Intercity,12
461,461,SW05,SR02,700,SWR,Intercity,18
462,462,SW08,SR05,302,SR,Regional,28
463,463,SR03,SR08,730,WCR,Intercity,27
464,464,SR06,WC03,81,WR,Regional,14
465,465,WC01,WC06,309,CR,Regional,17
466,466,WC04,WR01,1989,ER,Intercity,12
467,467,WC07,WR04,231,ECR,Regional,5
468,468,WR02,WR07,1330,ECoR,Intercity,13
469,469,WR05,CR02,1062,NR,Intercity,7
470,470,WR08,CR05,677,NCR,Intercity,14
471,471,CR03,CR08,1329,NER,Intercity,6
472,472,CR06,ER03,933,NFR,Intercity,13
473,473,ER01,ER06,1584,NWR,Intercity,23
474,474,ER04,EC01,279,SCR,Regional,26
475,475,ER07,EC04,181,SECR,Regional,28
476,476,EC02,EC07,2377,SER,Intercity,19
477,477,EC05,EC02,496,SWR,Regional,19
478,478,EC08,EC05,2110,SR,Intercity,30
479,479,EC03,EC08,1134,WCR,Intercity,19
480,480,EC06,NR03,1602,WR,Intercity,7
481,481,NR01,NR06,94,CR,Regional,29
482,482,NR04,NC01,2002,ER,Intercity,20
483,483,NR07,NC04,1310,ECR,Intercity,22
484,484,NC02,NC07,1207,ECoR,Intercity,7
485,485,NC05,NE02,679,NR,Intercity,17
486,486,NC08,NE05,1382,NCR,Intercity,16
487,487,NE03,NE08,386,NER,Regional,26
488,488,NE06,NF03,1388,NFR,Intercity,14
489,489,NF01,NF06,920,NWR,Intercity,13
490,490,NF04,NW01,2155,SCR,Intercity,22
491,491,NF07,NW04,2028,SECR,Intercity,5
492,492,NW02,NW07,1184,SER,Intercity,24
493,493,NW05,SC02,868,SWR,Intercity,5
494,494,NW08,SC05,533,SR,Intercity,11
495,495,SC03,SC08,2150,WCR,Intercity,17
496,496,SC06,SE03,1060,WR,Intercity,10
497,497,SE01,SE06,1591,CR,Intercity,5
498,498,SE04,SE01,916,ER,Intercity,15
499,499,SE07,SE04,874,ECR,Intercity,23
500,500,SE02,SE07,556,ECoR,Intercity,11
501,501,SE05,SW02,1702,NR,Intercity,12
502,502,SE08,SW05,347,NCR,Regional,22
503,503,SW03,SW08,542,NER,Intercity,29
504,504,SW06,SR03,1981,NFR,Intercity,18
505,505,SR01,SR06,1106,NWR,Intercity,19
506,506,SR04,WC01,831,SCR,Intercity,26
507,507,SR07,WC04,2204,SECR,Intercity,6
508,508,WC02,WC07,2350,SER,Intercity,30
509,509,WC05,WR02,752,SWR,Intercity,17
510,510,WC08,WR05,1002,SR,Intercity,14
511,511,WR03,WR08,1598,WCR,Intercity,21
512,512,WR06,CR03,319,WR,Regional,28
513,513,CR01,CR06,1419,CR,Intercity,29
514,514,CR04,ER01,1081,ER,Intercity,25
515,515,CR07,ER04,1940,ECR,Intercity,17
516,516,ER02,ER07,843,ECoR,Intercity,8
517,517,ER05,EC02,970,NR,Intercity,9
518,518,ER08,EC05,1366,NCR,Intercity,26
519,519,EC03,EC08,243,NER,Regional,8
520,520,EC06,EC03,465,NFR,Regional,17
521,521,EC01,EC06,2082,NWR,Intercity,15
522,522,EC04,NR01,1832,SCR,Intercity,23
523,523,EC07,NR04,2331,SECR,Intercity,13
524,524,NR02,NR07,1631,SER,Intercity,23
525,525,NR05,NC02,2045,SWR,Intercity,18
526,526,NR08,NC05,1423,SR,Intercity,28
527,527,NC03,NC08,2250,WCR,Intercity,9
528,528,NC06,NE03,141,WR,Regional,24
529,529,NE01,NE06,635,CR,Intercity,23
530,530,NE04,NF01,92,ER,Regional,26
531,531,NE07,NF04,2122,ECR,Intercity,17
532,532,NF02,NF07,1390,ECoR,Intercity,13
533,533,NF05,NW02,1088,NR,Intercity,18
534,534,NF08,NW05,1324,NCR,Intercity,30
535,535,NW03,NW08,1917,NER,Intercity,10
536,536,NW06,SC03,1458,NFR,Intercity,22
537,537,SC01,SC06,352,NWR,Regional,10
538,538,SC04,SE01,1197,SCR,Intercity,25
539,539,SC07,SE04,1772,SECR,Intercity,16
540,540,SE02,SE07,938,SER,Intercity,27
541,541,SE05,SE02,2124,SWR,Intercity,9
542,542,SE08,SE05,739,SR,Intercity,8
543,543,SE03,SE08,233,WCR,Regional,29
544,544,SE06,SW03,1155,WR,Intercity,13
545,545,SW01,SW06,1533,CR,Intercity,7
546,546,SW04,SR01,1515,ER,Intercity,26
547,547,SW07,SR04,2309,ECR,Intercity,15
548,548,SR02,SR07,403,ECoR,Regional,28
549,549,SR05,WC02,510,NR,Intercity,16
550,550,SR08,WC05,1019,NCR,Intercity,24
551,551,WC03,WC08,648,NER,Intercity,20
552,552,WC06,WR03,2101,NFR,Intercity,17
553,553,WR01,WR06,390,NWR,Regional,17
554,554,WR04,CR01,1320,SCR,Intercity,11
555,555,WR07,CR04,1612,SECR,Intercity,24
556,556,CR02,CR07,780,SER,Intercity,18
557,557,CR05,ER02,801,SWR,Intercity,5
558,558,CR08,ER05,352,SR,Regional,15
559,559,ER03,ER08,2253,WCR,Intercity,15
560,560,ER06,EC03,2204,WR,Intercity,28
561,561,EC01,EC06,1919,CR,Intercity,16
562,562,EC04,EC01,2327,ER,Intercity,19
563,563,EC07,EC04,1271,ECR,Intercity,7
564,564,EC02,EC07,298,ECoR,Regional,15
565,565,EC05,NR02,1334,NR,Intercity,12
566,566,EC08,NR05,2033,NCR,Intercity,17
567,567,NR03,NR08,2221,NER,Intercity,28
568,568,NR06,NC03,1340,NFR,Intercity,29
569,569,NC01,NC06,1096,NWR,Intercity,12
570,570,NC04,NE01,1138,SCR,Intercity,20
571,571,NC07,NE04,532,SECR,Intercity,29
572,572,NE02,NE07,259,SER,Regional,10
573,573,NE05,NF02,529,SWR,Intercity,16
574,574,NE08,NF05,161,SR,Regional,18
575,575,NF03,NF08,735,WCR,Intercity,5
576,576,NF06,NW03,1276,WR,Intercity,17
577,577,NW01,NW06,174,CR,Regional,8
578,578,NW04,SC01,436,ER,Regional,13
579,579,NW07,SC04,424,ECR,Regional,8
580,580,SC02,SC07,1326,ECoR,Intercity,24
581,581,SC05,SE02,1257,NR,Intercity,26
582,582,SC08,SE05,2084,NCR,Intercity,11
583,583,SE03,SE08,340,NER,Regional,6
584,584,SE06,SE03,1095,NFR,Intercity,17
585,585,SE01,SE06,835,NWR,Intercity,7
586,586,SE04,SW01,504,SCR,Intercity,16
587,587,SE07,SW04,484,SECR,Regional,19
588,588,SW02,SW07,610,SER,Intercity,17
589,589,SW05,SR02,1739,SWR,Intercity,18
590,590,SW08,SR05,328,SR,Regional,19
591,591,SR03,SR08,153,WCR,Regional,9
592,592,SR06,WC03,2387,WR,Intercity,22
593,593,WC01,WC06,2218,CR,Intercity,22
594,594,WC04,WR01,1455,ER,Intercity,8
595,595,WC07,WR04,1497,ECR,Intercity,16
596,596,WR02,WR07,1168,ECoR,Intercity,12
597,597,WR05,CR02,1743,NR,Intercity,15
598,598,WR08,CR05,1583,NCR,Intercity,25
599,599,CR03,CR08,1138,NER,Intercity,20
600,600,CR06,ER03,1544,NFR,Intercity,28
601,601,ER01,ER06,1885,NWR,Intercity,19
602,602,ER04,EC01,940,SCR,Intercity,6
603,603,ER07,EC04,936,SECR,Intercity,23
604,604,EC02,EC07,1146,SER,Intercity,6
605,605,EC05,EC02,891,SWR,Intercity,13
606,606,EC08,EC05,1534,SR,Intercity,29
607,607,EC03,EC08,1779,WCR,Intercity,30
608,608,EC06,NR03,2298,WR,Intercity,8
609,609,NR01,NR06,996,CR,Intercity,30
610,610,NR04,NC01,2128,ER,Intercity,30
611,611,NR07,NC04,2020,ECR,Intercity,27
612,612,NC02,NC07,1189,ECoR,Intercity,26
613,613,NC05,NE02,656,NR,Intercity,6
614,614,NC08,NE05,1356,NCR,Intercity,8
615,615,NE03,NE08,1060,NER,Intercity,20
616,616,NE06,NF03,1815,NFR,Intercity,7
617,617,NF01,NF06,1099,NWR,Intercity,11
618,618,NF04,NW01,917,SCR,Intercity,30
619,619,NF07,NW04,876,SECR,Intercity,28
620,620,NW02,NW07,1824,SER,Intercity,11
621,621,NW05,SC02,927,SWR,Intercity,19
622,622,NW08,SC05,782,SR,Intercity,19
623,623,SC03,SC08,1331,WCR,Intercity,11
624,624,SC06,SE03,1235,WR,Intercity,11
625,625,SE01,SE06,1526,CR,Intercity,16
626,626,SE04,SE01,2144,ER,Intercity,20
627,627,SE07,SE04,912,ECR,Intercity,25
628,628,SE02,SE07,116,ECoR,Regional,26
629,629,SE05,SW02,1221,NR,Intercity,5
630,630,SE08,SW05,1361,NCR,Intercity,22
631,631,SW03,SW08,1733,NER,Intercity,21
632,632,SW06,SR03,2046,NFR,Intercity,6
633,633,SR01,SR06,355,NWR,Regional,26
634,634,SR04,WC01,1011,SCR,Intercity,20
635,635,SR07,WC04,1539,SECR,Intercity,23
636,636,WC02,WC07,1372,SER,Intercity,22
637,637,WC05,WR02,598,SWR,Intercity,13
638,638,WC08,WR05,2282,SR,Intercity,10
639,639,WR03,WR08,87,WCR,Regional,14
640,640,WR06,CR03,487,WR,Regional,24
641,641,CR01,CR06,2217,CR,Intercity,21
642,642,CR04,ER01,1652,ER,Intercity,21
643,643,CR07,ER04,2307,ECR,Intercity,8
644,644,ER02,ER07,693,ECoR,Intercity,5
645,645,ER05,EC02,1702,NR,Intercity,22
646,646,ER08,EC05,1870,NCR,Intercity,29
647,647,EC03,EC08,2031,NER,Intercity,14
648,648,EC06,EC03,1405,NFR,Intercity,16
649,649,EC01,EC06,564,NWR,Intercity,29
650,650,EC04,NR01,1959,SCR,Intercity,11
651,651,EC07,NR04,865,SECR,Intercity,18
652,652,NR02,NR07,518,SER,Intercity,7
653,653,NR05,NC02,1089,SWR,Intercity,11
654,654,NR08,NC05,1570,SR,Intercity,14
655,655,NC03,NC08,462,WCR,Regional,22
656,656,NC06,NE03,2222,WR,Intercity,13
657,657,NE01,NE06,281,CR,Regional,16
658,658,NE04,NF01,1166,ER,Intercity,12
659,659,NE07,NF04,1016,ECR,Intercity,8
660,660,NF02,NF07,1926,ECoR,Intercity,25
661,661,NF05,NW02,1556,NR,Intercity,22
662,662,NF08,NW05,670,NCR,Intercity,21
663,663,NW03,NW08,1271,NER,Intercity,20
664,664,NW06,SC03,2044,NFR,Intercity,8
665,665,SC01,SC06,277,NWR,Regional,18
666,666,SC04,SE01,1896,SCR,Intercity,23
667,667,SC07,SE04,1505,SECR,Intercity,17
668,668,SE02,SE07,608,SER,Intercity,23
669,669,SE05,SE02,1336,SWR,Intercity,13
670,670,SE08,SE05,1843,SR,Intercity,18
671,671,SE03,SE08,448,WCR,Regional,14
672,672,SE06,SW03,1103,WR,Intercity,30
673,673,SW01,SW06,2364,CR,Intercity,9
674,674,SW04,SR01,1818,ER,Intercity,12
675,675,SW07,SR04,2369,ECR,Intercity,22
676,676,SR02,SR07,1252,ECoR,Intercity,6
677,677,SR05,WC02,2010,NR,Intercity,18
678,678,SR08,WC05,652,NCR,Intercity,5
679,679,WC03,WC08,666,NER,Intercity,18
680,680,WC06,WR03,1924,NFR,Intercity,13
681,681,WR01,WR06,1968,NWR,Intercity,9
682,682,WR04,CR01,896,SCR,Intercity,17
683,683,WR07,CR04,244,SECR,Regional,13
684,684,CR02,CR07,1036,SER,Intercity,7
685,685,CR05,ER02,1278,SWR,Intercity,18
686,686,CR08,ER05,2353,SR,Intercity,19
687,687,ER03,ER08,658,WCR,Intercity,22
688,688,ER06,EC03,1486,WR,Intercity,28
689,689,EC01,EC06,2279,CR,Intercity,23
690,690,EC04,EC01,1731,ER,Intercity,25
691,691,EC07,EC04,1180,ECR,Intercity,21
692,692,EC02,EC07,2087,ECoR,Intercity,22
693,693,EC05,NR02,1045,NR,Intercity,25
694,694,EC08,NR05,1819,NCR,Intercity,22
695,695,NR03,NR08,598,NER,Intercity,18
696,696,NR06,NC03,580,NFR,Intercity,23
697,697,NC01,NC06,1933,NWR,Intercity,30
698,698,NC04,NE01,143,SCR,Regional,17
699,699,NC07,NE04,330,SECR,Regional,10
700,700,NE02,NE07,1313,SER,Intercity,15
701,701,NE05,NF02,221,SWR,Regional,5
702,702,NE08,NF05,2140,SR,Intercity,12
703,703,NF03,NF08,2333,WCR,Intercity,28
704,704,NF06,NW03,2335,WR,Intercity,7
705,705,NW01,NW06,1996,CR,Intercity,28
706,706,NW04,SC01,571,ER,Intercity,19
707,707,NW07,SC04,962,ECR,Intercity,13
708,708,SC02,SC07,251,ECoR,Regional,17
709,709,SC05,SE02,1784,NR,Intercity,27
710,710,SC08,SE05,1543,NCR,Intercity,8
711,711,SE03,SE08,1100,NER,Intercity,19
712,712,SE06,SE03,1117,NFR,Intercity,11
713,713,SE01,SE06,238,NWR,Regional,19
714,714,SE04,SW01,684,SCR,Intercity,25
715,715,SE07,SW04,1934,SECR,Intercity,28
716,716,SW02,SW07,1671,SER,Intercity,11
717,717,SW05,SR02,2125,SWR,Intercity,22
718,718,SW08,SR05,582,SR,Intercity,16
719,719,SR03,SR08,338,WCR,Regional,18
720,720,SR06,WC03,752,WR,Intercity,9
721,721,WC01,WC06,1113,CR,Intercity,27
722,722,WC04,WR01,393,ER,Regional,9
723,723,WC07,WR04,1378,ECR,Intercity,6
724,724,WR02,WR07,1116,ECoR,Intercity,24
725,725,WR05,CR02,2390,NR,Intercity,15
726,726,WR08,CR05,1803,NCR,Intercity,6
727,727,CR03,CR08,1156,NER,Intercity,22
728,728,CR06,ER03,1176,NFR,Intercity,12
729,729,ER01,ER06,1753,NWR,Intercity,30
730,730,ER04,EC01,1306,SCR,Intercity,30
731,731,ER07,EC04,358,SECR,Regional,19
732,732,EC02,EC07,1197,SER,Intercity,17
733,733,EC05,EC02,1373,SWR,Intercity,16
734,734,EC08,EC05,1125,SR,Intercity,20
735,735,EC03,EC08,414,WCR,Regional,28
736,736,EC06,NR03,1082,WR,Intercity,21
737,737,NR01,NR06,1725,CR,Intercity,7
738,738,NR04,NC01,437,ER,Regional,10
739,739,NR07,NC04,1011,ECR,Intercity,21
740,740,NC02,NC07,1568,ECoR,Intercity,14
741,741,NC05,NE02,435,NR,Regional,17
742,742,NC08,NE05,1240,NCR,Intercity,15
743,743,NE03,NE08,915,NER,Intercity,20
744,744,NE06,NF03,745,NFR,Intercity,10
745,745,NF01,NF06,1562,NWR,Intercity,6
746,746,NF04,NW01,2377,SCR,Intercity,11
747,747,NF07,NW04,1754,SECR,Intercity,22
748,748,NW02,NW07,552,SER,Intercity,20
749,749,NW05,SC02,601,SWR,Intercity,26
750,750,NW08,SC05,2366,SR,Intercity,7
751,751,SC03,SC08,1429,WCR,Intercity,8
752,752,SC06,SE03,824,WR,Intercity,8
753,753,SE01,SE06,484,CR,Regional,19
754,754,SE04,SE01,1027,ER,Intercity,19
755,755,SE07,SE04,1063,ECR,Intercity,9
756,756,SE02,SE07,517,ECoR,Intercity,16
757,757,SE05,SW02,210,NR,Regional,6
758,758,SE08,SW05,1365,NCR,Intercity,20
759,759,SW03,SW08,339,NER,Regional,19
760,760,SW06,SR03,718,NFR,Intercity,5
761,761,SR01,SR06,2221,NWR,Intercity,7
762,762,SR04,WC01,2049,SCR,Intercity,23
763,763,SR07,WC04,611,SECR,Intercity,28
764,764,WC02,WC07,246,SER,Regional,27
765,765,WC05,WR02,372,SWR,Regional,19
766,766,WC08,WR05,2177,SR,Intercity,18
767,767,WR03,WR08,2161,WCR,Intercity,26
768,768,WR06,CR03,1761,WR,Intercity,26
769,769,CR01,CR06,2101,CR,Intercity,28
770,770,CR04,ER01,1187,ER,Intercity,15
771,771,CR07,ER04,1782,ECR,Intercity,17
772,772,ER02,ER07,1730,ECoR,Intercity,7
773,773,ER05,EC02,1341,NR,Intercity,9
774,774,ER08,EC05,1881,NCR,Intercity,14
775,775,EC03,EC08,186,NER,Regional,26
776,776,EC06,EC03,1479,NFR,Intercity,16
777,777,EC01,EC06,2086,NWR,Intercity,20
778,778,EC04,NR01,1040,SCR,Intercity,27
779,779,EC07,NR04,1396,SECR,Intercity,17
780,780,NR02,NR07,2236,SER,Intercity,13
781,781,NR05,NC02,1282,SWR,Intercity,23
782,782,NR08,NC05,1850,SR,Intercity,13
783,783,NC03,NC08,619,WCR,Intercity,15
784,784,NC06,NE03,261,WR,Regional,28
785,785,NE01,NE06,2256,CR,Intercity,16
786,786,NE04,NF01,1406,ER,Intercity,11
787,787,NE07,NF04,1724,ECR,Intercity,26
788,788,NF02,NF07,2049,ECoR,Intercity,21
789,789,NF05,NW02,1343,NR,Intercity,24
790,790,NF08,NW05,1780,NCR,Intercity,13
791,791,NW03,NW08,954,NER,Intercity,25
792,792,NW06,SC03,2266,NFR,Intercity,29
793,793,SC01,SC06,2276,NWR,Intercity,9
794,794,SC04,SE01,2055,SCR,Intercity,9
795,795,SC07,SE04,1187,SECR,Intercity,19
796,796,SE02,SE07,1687,SER,Intercity,23
797,797,SE05,SE02,1126,SWR,Intercity,5
798,798,SE08,SE05,868,SR,Intercity,19
799,799,SE03,SE08,1830,WCR,Intercity,8
800,800,SE06,SW03,857,WR,Intercity,30
801,801,SW01,SW06,816,CR,Intercity,23
802,802,SW04,SR01,2290,ER,Intercity,30
803,803,SW07,SR04,899,ECR,Intercity,10
804,804,SR02,SR07,408,ECoR,Regional,25
805,805,SR05,WC02,387,NR,Regional,14
806,806,SR08,WC05,404,NCR,Regional,7
807,807,WC03,WC08,1336,NER,Intercity,17
808,808,WC06,WR03,154,NFR,Regional,17
809,809,WR01,WR06,842,NWR,Intercity,18
810,810,WR04,CR01,111,SCR,Regional,27
811,811,WR07,CR04,831,SECR,Intercity,12
812,812,CR02,CR07,956,SER,Intercity,21
813,813,CR05,ER02,416,SWR,Regional,10
814,814,CR08,ER05,880,SR,Intercity,27
815,815,ER03,ER08,305,WCR,Regional,16
816,816,ER06,EC03,131,WR,Regional,25
817,817,EC01,EC06,2177,CR,Intercity,11
818,818,EC04,EC01,1547,ER,Intercity,13
819,819,EC07,EC04,1790,ECR,Intercity,30
820,820,EC02,EC07,1349,ECoR,Intercity,10
821,821,EC05,NR02,293,NR,Regional,19
822,822,EC08,NR05,1129,NCR,Intercity,13
823,823,NR03,NR08,87,NER,Regional,15
824,824,NR06,NC03,1181,NFR,Intercity,23
825,825,NC01,NC06,1764,NWR,Intercity,25
826,826,NC04,NE01,1249,SCR,Intercity,17
827,827,NC07,NE04,99,SECR,Regional,21
828,828,NE02,NE07,2333,SER,Intercity,6
829,829,NE05,NF02,1764,SWR,Intercity,11
830,830,NE08,NF05,728,SR,Intercity,24
831,831,NF03,NF08,843,WCR,Intercity,22
832,832,NF06,NW03,512,WR,Intercity,6
833,833,NW01,NW06,1015,CR,Intercity,28
834,834,NW04,SC01,1657,ER,Intercity,15
835,835,NW07,SC04,944,ECR,Intercity,12
836,836,SC02,SC07,889,ECoR,Intercity,17
837,837,SC05,SE02,1595,NR,Intercity,15
838,838,SC08,SE05,1406,NCR,Intercity,18
839,839,SE03,SE08,1075,NER,Intercity,9
840,840,SE06,SE03,1227,NFR,Intercity,8
841,841,SE01,SE06,1654,NWR,Intercity,30
842,842,SE04,SW01,1952,SCR,Intercity,24
843,843,SE07,SW04,430,SECR,Regional,14
844,844,SW02,SW07,2383,SER,Intercity,27
845,845,SW05,SR02,339,SWR,Regional,25
846,846,SW08,SR05,492,SR,Regional,23
847,847,SR03,SR08,250,WCR,Regional,23
848,848,SR06,WC03,171,WR,Regional,29
849,849,WC01,WC06,858,CR,Intercity,26
850,850,WC04,WR01,728,ER,Intercity,11
851,851,WC07,WR04,1050,ECR,Intercity,23
852,852,WR02,WR07,840,ECoR,Intercity,9
853,853,WR05,CR02,604,NR,Intercity,18
854,854,WR08,CR05,2378,NCR,Intercity,6
855,855,CR03,CR08,1933,NER,Intercity,9
856,856,CR06,ER03,1875,NFR,Intercity,23
857,857,ER01,ER06,1191,NWR,Intercity,14
858,858,ER04,EC01,1859,SCR,Intercity,9
859,859,ER07,EC04,237,SECR,Regional,30
860,860,EC02,EC07,2386,SER,Intercity,29
861,861,EC05,EC02,721,SWR,Intercity,10
862,862,EC08,EC05,1866,SR,Intercity,20
863,863,EC03,EC08,1285,WCR,Intercity,12
864,864,EC06,NR03,720,WR,Intercity,25
865,865,NR01,NR06,1609,CR,Intercity,22
866,866,NR04,NC01,991,ER,Intercity,16
867,867,NR07,NC04,509,ECR,Intercity,29
868,868,NC02,NC07,1068,ECoR,Intercity,24
869,869,NC05,NE02,200,NR,Regional,8
870,870,NC08,NE05,1246,NCR,Intercity,16
871,871,NE03,NE08,1491,NER,Intercity,26
872,872,NE06,NF03,1991,NFR,Intercity,19
873,873,NF01,NF06,97,NWR,Regional,7
874,874,NF04,NW01,2024,SCR,Intercity,25
875,875,NF07,NW04,1375,SECR,Intercity,17
876,876,NW02,NW07,1435,SER,Intercity,11
877,877,NW05,SC02,2260,SWR,Intercity,26
878,878,NW08,SC05,1752,SR,Intercity,27
879,879,SC03,SC08,499,WCR,Regional,20
880,880,SC06,SE03,1268,WR,Intercity,23
881,881,SE01,SE06,959,CR,Intercity,11
882,882,SE04,SE01,2155,ER,Intercity,24
883,883,SE07,SE04,359,ECR,Regional,28
884,884,SE02,SE07,1106,ECoR,Intercity,11
885,885,SE05,SW02,1753,NR,Intercity,29
886,886,SE08,SW05,2104,NCR,Intercity,7
887,887,SW03,SW08,2216,NER,Intercity,16
888,888,SW06,SR03,2236,NFR,Intercity,6
889,889,SR01,SR06,836,NWR,Intercity,16
890,890,SR04,WC01,1045,SCR,Intercity,21
891,891,SR07,WC04,2072,SECR,Intercity,27
892,892,WC02,WC07,235,SER,Regional,8
893,893,WC05,WR02,317,SWR,Regional,28
894,894,WC08,WR05,298,SR,Regional,30
895,895,WR03,WR08,1013,WCR,Intercity,6
896,896,WR06,CR03,822,WR,Intercity,29
897,897,CR01,CR06,1164,CR,Intercity,28
898,898,CR04,ER01,935,ER,Intercity,5
899,899,CR07,ER04,516,ECR,Intercity,6
900,900,ER02,ER07,1534,ECoR,Intercity,23
901,901,ER05,EC02,1687,NR,Intercity,15
902,902,ER08,EC05,958,NCR,Intercity,11
903,903,EC03,EC08,774,NER,Intercity,15
904,904,EC06,EC03,1921,NFR,Intercity,13
905,905,EC01,EC06,2377,NWR,Intercity,30
906,906,EC04,NR01,1143,SCR,Intercity,11
907,907,EC07,NR04,149,SECR,Regional,7
908,908,NR02,NR07,1257,SER,Intercity,26
909,909,NR05,NC02,1467,SWR,Intercity,26
910,910,NR08,NC05,1830,SR,Intercity,28
911,911,NC03,NC08,184,WCR,Regional,30
912,912,NC06,NE03,581,WR,Intercity,6
913,913,NE01,NE06,1213,CR,Intercity,24
914,914,NE04,NF01,866,ER,Intercity,12
915,915,NE07,NF04,1684,ECR,Intercity,15
916,916,NF02,NF07,1852,ECoR,Intercity,16
917,917,NF05,NW02,530,NR,Intercity,30
918,918,NF08,NW05,1496,NCR,Intercity,18
919,919,NW03,NW08,1690,NER,Intercity,10
920,920,NW06,SC03,180,NFR,Regional,7
921,921,SC01,SC06,2372,NWR,Intercity,20
922,922,SC04,SE01,1174,SCR,Intercity,26
923,923,SC07,SE04,294,SECR,Regional,23
924,924,SE02,SE07,1080,SER,Intercity,29
925,925,SE05,SE02,1513,SWR,Intercity,6
926,926,SE08,SE05,972,SR,Intercity,15
927,927,SE03,SE08,423,WCR,Regional,20
928,928,SE06,SW03,1852,WR,Intercity,27
929,929,SW01,SW06,2034,CR,Intercity,13
930,930,SW04,SR01,1015,ER,Intercity,22
931,931,SW07,SR04,1001,ECR,Intercity,10
932,932,SR02,SR07,539,ECoR,Intercity,20
933,933,SR05,WC02,2010,NR,Intercity,25
934,934,SR08,WC05,1998,NCR,Intercity,26
935,935,WC03,WC08,302,NER,Regional,16
936,936,WC06,WR03,937,NFR,Intercity,17
937,937,WR01,WR06,833,NWR,Intercity,27
938,938,WR04,CR01,1768,SCR,Intercity,19
939,939,WR07,CR04,83,SECR,Regional,14
940,940,CR02,CR07,2018,SER,Intercity,12
941,941,CR05,ER02,2140,SWR,Intercity,23
942,942,CR08,ER05,624,SR,Intercity,23
943,943,ER03,ER08,741,WCR,Intercity,18
944,944,ER06,EC03,1241,WR,Intercity,9
945,945,EC01,EC06,1407,CR,Intercity,9
946,946,EC04,EC01,1188,ER,Intercity,11
947,947,EC07,EC04,2211,ECR,Intercity,5
948,948,EC02,EC07,1051,ECoR,Intercity,17
949,949,EC05,NR02,694,NR,Intercity,15
950,950,EC08,NR05,788,NCR,Intercity,15
951,951,NR03,NR08,174,NER,Regional,29
952,952,NR06,NC03,1476,NFR,Intercity,11
953,953,NC01,NC06,2323,NWR,Intercity,26
954,954,NC04,NE01,429,SCR,Regional,9
955,955,NC07,NE04,765,SECR,Intercity,20
956,956,NE02,NE07,184,SER,Regional,27
957,957,NE05,NF02,2050,SWR,Intercity,26
958,958,NE08,NF05,913,SR,Intercity,20
959,959,NF03,NF08,537,WCR,Intercity,10
960,960,NF06,NW03,519,WR,Intercity,14
961,961,NW01,NW06,1499,CR,Intercity,16
962,962,NW04,SC01,1827,ER,Intercity,26
963,963,NW07,SC04,552,ECR,Intercity,14
964,964,SC02,SC07,769,ECoR,Intercity,26
965,965,SC05,SE02,1331,NR,Intercity,29
966,966,SC08,SE05,1047,NCR,Intercity,7
967,967,SE03,SE08,888,NER,Intercity,29
968,968,SE06,SE03,1304,NFR,Intercity,19
969,969,SE01,SE06,1850,NWR,Intercity,20
970,970,SE04,SW01,1855,SCR,Intercity,12
971,971,SE07,SW04,2234,SECR,Intercity,13
972,972,SW02,SW07,1685,SER,Intercity,19
973,973,SW05,SR02,217,SWR,Regional,10
974,974,SW08,SR05,1439,SR,Intercity,23
975,975,SR03,SR08,521,WCR,Intercity,22
976,976,SR06,WC03,1621,WR,Intercity,5
977,977,WC01,WC06,961,CR,Intercity,10
978,978,WC04,WR01,549,ER,Intercity,18
979,979,WC07,WR04,2024,ECR,Intercity,24
980,980,WR02,WR07,1017,ECoR,Intercity,12
981,981,WR05,CR02,881,NR,Intercity,28
982,982,WR08,CR05,1568,NCR,Intercity,18
983,983,CR03,CR08,2276,NER,Intercity,19
984,984,CR06,ER03,314,NFR,Regional,7
985,985,ER01,ER06,2345,NWR,Intercity,21
986,986,ER04,EC01,289,SCR,Regional,26
987,987,ER07,EC04,114,SECR,Regional,10
988,988,EC02,EC07,1456,SER,Intercity,19
989,989,EC05,EC02,1766,SWR,Intercity,5
990,990,EC08,EC05,1758,SR,Intercity,10
991,991,EC03,EC08,846,WCR,Intercity,6
992,992,EC06,NR03,527,WR,Intercity,25
993,993,NR01,NR06,965,CR,Intercity,30
994,994,NR04,NC01,325,ER,Regional,5
995,995,NR07,NC04,2064,ECR,Intercity,23
996,996,NC02,NC07,1942,ECoR,Intercity,20
997,997,NC05,NE02,2170,NR,Intercity,23
998,998,NC08,NE05,198,NCR,Regional,18
999,999,NE03,NE08,1585,NER,Intercity,30
1000,1000,NE06,NF03,571,NFR,Intercity,6
1001,1001,NF01,NF06,539,NWR,Intercity,8
1002,1002,NF04,NW01,2285,SCR,Intercity,11
1003,1003,NF07,NW04,2040,SECR,Intercity,25
1004,1004,NW02,NW07,2253,SER,Intercity,7
1005,1005,NW05,SC02,2122,SWR,Intercity,8
1006,1006,NW08,SC05,357,SR,Regional,24
1007,1007,SC03,SC08,815,WCR,Intercity,15
1008,1008,SC06,SE03,605,WR,Intercity,23
1009,1009,SE01,SE06,895,CR,Intercity,14
1010,1010,SE04,SE01,933,ER,Intercity,7
1011,1011,SE07,SE04,1087,ECR,Intercity,20
1012,1012,SE02,SE07,2173,ECoR,Intercity,7
1013,1013,SE05,SW02,1328,NR,Intercity,17
1014,1014,SE08,SW05,1681,NCR,Intercity,27
1015,1015,SW03,SW08,2189,NER,Intercity,9
1016,1016,SW06,SR03,955,NFR,Intercity,10
1017,1017,SR01,SR06,813,NWR,Intercity,29
1018,1018,SR04,WC01,868,SCR,Intercity,12
1019,1019,SR07,WC04,2138,SECR,Intercity,14
1020,1020,WC02,WC07,481,SER,Regional,22
1021,1021,WC05,WR02,1356,SWR,Intercity,8
1022,1022,WC08,WR05,1573,SR,Intercity,6
1023,1023,WR03,WR08,1353,WCR,Intercity,26
1024,1024,WR06,CR03,688,WR,Intercity,29
1025,1025,CR01,CR06,1972,CR,Intercity,30
1026,1026,CR04,ER01,1812,ER,Intercity,5
1027,1027,CR07,ER04,829,ECR,Intercity,18
1028,1028,ER02,ER07,311,ECoR,Regional,27
1029,1029,ER05,EC02,955,NR,Intercity,26
1030,1030,ER08,EC05,1822,NCR,Intercity,14
1031,1031,EC03,EC08,447,NER,Regional,17
1032,1032,EC06,EC03,2072,NFR,Intercity,8
1033,1033,EC01,EC06,963,NWR,Intercity,8
1034,1034,EC04,NR01,258,SCR,Regional,14
1035,1035,EC07,NR04,1476,SECR,Intercity,10
1036,1036,NR02,NR07,465,SER,Regional,30
1037,1037,NR05,NC02,2062,SWR,Intercity,7
1038,1038,NR08,NC05,1593,SR,Intercity,18
1039,1039,NC03,NC08,1780,WCR,Intercity,19
1040,1040,NC06,NE03,1023,WR,Intercity,6
1041,1041,NE01,NE06,1092,CR,Intercity,16
1042,1042,NE04,NF01,1139,ER,Intercity,29
1043,1043,NE07,NF04,316,ECR,Regional,7
1044,1044,NF02,NF07,619,ECoR,Intercity,8
1045,1045,NF05,NW02,782,NR,Intercity,9
1046,1046,NF08,NW05,1223,NCR,Intercity,6
1047,1047,NW03,NW08,393,NER,Regional,28
1048,1048,NW06,SC03,2077,NFR,Intercity,6
1049,1049,SC01,SC06,894,NWR,Intercity,12
1050,1050,SC04,SE01,609,SCR,Intercity,26
1051,1051,SC07,SE04,426,SECR,Regional,30
1052,1052,SE02,SE07,874,SER,Intercity,8
1053,1053,SE05,SE02,2384,SWR,Intercity,14
1054,1054,SE08,SE05,2139,SR,Intercity,9
1055,1055,SE03,SE08,508,WCR,Intercity,10
1056,1056,SE06,SW03,565,WR,Intercity,29
1057,1057,SW01,SW06,1734,CR,Intercity,13
1058,1058,SW04,SR01,1413,ER,Intercity,20
1059,1059,SW07,SR04,2002,ECR,Intercity,9
1060,1060,SR02,SR07,1933,ECoR,Intercity,12
1061,1061,SR05,WC02,235,NR,Regional,14
1062,1062,SR08,WC05,1968,NCR,Intercity,20
1063,1063,WC03,WC08,2193,NER,Intercity,28
1064,1064,WC06,WR03,1391,NFR,Intercity,11
1065,1065,WR01,WR06,810,NWR,Intercity,21
1066,1066,WR04,CR01,994,SCR,Intercity,17
1067,1067,WR07,CR04,1386,SECR,Intercity,25
1068,1068,CR02,CR07,242,SER,Regional,13
1069,1069,CR05,ER02,780,SWR,Intercity,16
1070,1070,CR08,ER05,1004,SR,Intercity,21
1071,1071,ER03,ER08,605,WCR,Intercity,16
1072,1072,ER06,EC03,1977,WR,Intercity,24
1073,1073,EC01,EC06,1597,CR,Intercity,5
1074,1074,EC04,EC01,436,ER,Regional,14
1075,1075,EC07,EC04,1898,ECR,Intercity,9
1076,1076,EC02,EC07,1637,ECoR,Intercity,8
1077,1077,EC05,NR02,465,NR,Regional,6
1078,1078,EC08,NR05,2111,NCR,Intercity,14
1079,1079,NR03,NR08,495,NER,Regional,10
1080,1080,NR06,NC03,154,NFR,Regional,24
1081,1081,NC01,NC06,2055,NWR,Intercity,18
1082,1082,NC04,NE01,979,SCR,Intercity,25
1083,1083,NC07,NE04,130,SECR,Regional,28
1084,1084,NE02,NE07,613,SER,Intercity,25
1085,1085,NE05,NF02,1938,SWR,Intercity,15
1086,1086,NE08,NF05,659,SR,Intercity,30
1087,1087,NF03,NF08,2310,WCR,Intercity,15
1088,1088,NF06,NW03,2378,WR,Intercity,26
1089,1089,NW01,NW06,1279,CR,Intercity,9
1090,1090,NW04,SC01,904,ER,Intercity,30
1091,1091,NW07,SC04,670,ECR,Intercity,12
1092,1092,SC02,SC07,397,ECoR,Regional,21
1093,1093,SC05,SE02,2165,NR,Intercity,14
1094,1094,SC08,SE05,1367,NCR,Intercity,10
1095,1095,SE03,SE08,1456,NER,Intercity,13
1096,1096,SE06,SE03,1308,NFR,Intercity,20
1097,1097,SE01,SE06,2376,NWR,Intercity,7
1098,1098,SE04,SW01,485,SCR,Regional,10
1099,1099,SE07,SW04,1179,SECR,Intercity,28
1100,1100,SW02,SW07,513,SER,Intercity,7
1101,1101,SW05,SR02,2274,SWR,Intercity,23
1102,1102,SW08,SR05,2022,SR,Intercity,12
1103,1103,SR03,SR08,1021,WCR,Intercity,13
1104,1104,SR06,WC03,1700,WR,Intercity,14
1105,1105,WC01,WC06,1093,CR,Intercity,14
1106,1106,WC04,WR01,313,ER,Regional,23
1107,1107,WC07,WR04,1451,ECR,Intercity,25
1108,1108,WR02,WR07,1646,ECoR,Intercity,14
1109,1109,WR05,CR02,739,NR,Intercity,9
1110,1110,WR08,CR05,2138,NCR,Intercity,5
1111,1111,CR03,CR08,1477,NER,Intercity,23
1112,1112,CR06,ER03,1272,NFR,Intercity,28
1113,1113,ER01,ER06,1183,NWR,Intercity,5
1114,1114,ER04,EC01,1559,SCR,Intercity,20
1115,1115,ER07,EC04,1847,SECR,Intercity,10
1116,1116,EC02,EC07,1330,SER,Intercity,10
1117,1117,EC05,EC02,1330,SWR,Intercity,26
1118,1118,EC08,EC05,1796,SR,Intercity,11
1119,1119,EC03,EC08,269,WCR,Regional,12
1120,1120,EC06,NR03,899,WR,Intercity,8
1121,1121,NR01,NR06,861,CR,Intercity,28
1122,1122,NR04,NC01,222,ER,Regional,28
1123,1123,NR07,NC04,723,ECR,Intercity,28
1124,1124,NC02,NC07,1775,ECoR,Intercity,10
1125,1125,NC05,NE02,130,NR,Regional,9
1126,1126,NC08,NE05,1688,NCR,Intercity,29
1127,1127,NE03,NE08,1184,NER,Intercity,20
1128,1128,NE06,NF03,1464,NFR,Intercity,11
1129,1129,NF01,NF06,1827,NWR,Intercity,6
1130,1130,NF04,NW01,205,SCR,Regional,25
1131,1131,NF07,NW04,2234,SECR,Intercity,25
1132,1132,NW02,NW07,590,SER,Intercity,5
1133,1133,NW05,SC02,380,SWR,Regional,17
1134,1134,NW08,SC05,1153,SR,Intercity,17
1135,1135,SC03,SC08,899,WCR,Intercity,17
1136,1136,SC06,SE03,707,WR,Intercity,14
1137,1137,SE01,SE06,521,CR,Intercity,13
1138,1138,SE04,SE01,1096,ER,Intercity,13
1139,1139,SE07,SE04,939,ECR,Intercity,28
1140,1140,SE02,SE07,228,ECoR,Regional,30
1141,1141,SE05,SW02,1525,NR,Intercity,7
1142,1142,SE08,SW05,1970,NCR,Intercity,23
1143,1143,SW03,SW08,714,NER,Intercity,19
1144,1144,SW06,SR03,1081,NFR,Intercity,11
1145,1145,SR01,SR06,2353,NWR,Intercity,9
1146,1146,SR04,WC01,817,SCR,Intercity,24
1147,1147,SR07,WC04,2016,SECR,Intercity,14
1148,1148,WC02,WC07,1372,SER,Intercity,8
1149,1149,WC05,WR02,1820,SWR,Intercity,30
1150,1150,WC08,WR05,127,SR,Regional,29
1151,1151,WR03,WR08,2123,WCR,Intercity,15
1152,1152,WR06,CR03,1011,WR,Intercity,16
1153,1153,CR01,CR06,369,CR,Regional,15
1154,1154,CR04,ER01,1355,ER,Intercity,9
1155,1155,CR07,ER04,847,ECR,Intercity,7
1156,1156,ER02,ER07,2263,ECoR,Intercity,12
1157,1157,ER05,EC02,529,NR,Intercity,15
1158,1158,ER08,EC05,1512,NCR,Intercity,9
1159,1159,EC03,EC08,1780,NER,Intercity,5
1160,1160,EC06,EC03,553,NFR,Intercity,29
1161,1161,EC01,EC06,368,NWR,Regional,27
1162,1162,EC04,NR01,426,SCR,Regional,12
1163,1163,EC07,NR04,1627,SECR,Intercity,20
1164,1164,NR02,NR07,213,SER,Regional,8
1165,1165,NR05,NC02,1501,SWR,Intercity,29
1166,1166,NR08,NC05,1317,SR,Intercity,26
1167,1167,NC03,NC08,846,WCR,Intercity,9
1168,1168,NC06,NE03,2062,WR,Intercity,10
1169,1169,NE01,NE06,1885,CR,Intercity,13
1170,1170,NE04,NF01,453,ER,Regional,7
1171,1171,NE07,NF04,472,ECR,Regional,14
1172,1172,NF02,NF07,1444,ECoR,Intercity,22
1173,1173,NF05,NW02,1273,NR,Intercity,23
1174,1174,NF08,NW05,1386,NCR,Intercity,5
1175,1175,NW03,NW08,1906,NER,Intercity,14
1176,1176,NW06,SC03,279,NFR,Regional,26
1177,1177,SC01,SC06,441,NWR,Regional,27
1178,1178,SC04,SE01,1970,SCR,Intercity,19
1179,1179,SC07,SE04,1806,SECR,Intercity,24
1180,1180,SE02,SE07,1932,SER,Intercity,11
1181,1181,SE05,SE02,2237,SWR,Intercity,27
1182,1182,SE08,SE05,423,SR,Regional,17
1183,1183,SE03,SE08,535,WCR,Intercity,22
1184,1184,SE06,SW03,107,WR,Regional,11
1185,1185,SW01,SW06,419,CR,Regional,9
1186,1186,SW04,SR01,313,ER,Regional,18
1187,1187,SW07,SR04,2230,ECR,Intercity,18
1188,1188,SR02,SR07,737,ECoR,Intercity,19
1189,1189,SR05,WC02,672,NR,Intercity,26
1190,1190,SR08,WC05,377,NCR,Regional,25
1191,1191,WC03,WC08,1009,NER,Intercity,12
1192,1192,WC06,WR03,1727,NFR,Intercity,17
1193,1193,WR01,WR06,484,NWR,Regional,7
1194,1194,WR04,CR01,310,SCR,Regional,25
1195,1195,WR07,CR04,1809,SECR,Intercity,8
1196,1196,CR02,CR07,1353,SER,Intercity,6
1197,1197,CR05,ER02,1482,SWR,Intercity,18
1198,1198,CR08,ER05,798,SR,Intercity,28
1199,1199,ER03,ER08,195,WCR,Regional,14
1200,1200,ER06,EC03,567,WR,Intercity,9
1201,1201,EC01,EC06,1516,CR,Intercity,9
1202,1202,EC04,EC01,648,ER,Intercity,26
1203,1203,EC07,EC04,1000,ECR,Intercity,22
1204,1204,EC02,EC07,336,ECoR,Regional,17
1205,1205,EC05,NR02,678,NR,Intercity,29
1206,1206,EC08,NR05,1848,NCR,Intercity,7
1207,1207,NR03,NR08,2113,NER,Intercity,21
1208,1208,NR06,NC03,292,NFR,Regional,14
1209,1209,NC01,NC06,1004,NWR,Intercity,11
1210,1210,NC04,NE01,1180,SCR,Intercity,28
1211,1211,NC07,NE04,1042,SECR,Intercity,29
1212,1212,NE02,NE07,2074,SER,Intercity,26
1213,1213,NE05,NF02,1168,SWR,Intercity,8
1214,1214,NE08,NF05,669,SR,Intercity,23
1215,1215,NF03,NF08,378,WCR,Regional,14
1216,1216,NF06,NW03,91,WR,Regional,14
1217,1217,NW01,NW06,2163,CR,Intercity,10
1218,1218,NW04,SC01,1854,ER,Intercity,20
1219,1219,NW07,SC04,568,ECR,Intercity,27
1220,1220,SC02,SC07,1570,ECoR,Intercity,11
1221,1221,SC05,SE02,559,NR,Intercity,18
1222,1222,SC08,SE05,1584,NCR,Intercity,21
1223,1223,SE03,SE08,2086,NER,Intercity,21
1224,1224,SE06,SE03,431,NFR,Regional,11
1225,1225,SE01,SE06,614,NWR,Intercity,5
1226,1226,SE04,SW01,647,SCR,Intercity,26
1227,1227,SE07,SW04,244,SECR,Regional,20
1228,1228,SW02,SW07,502,SER,Intercity,23
1229,1229,SW05,SR02,814,SWR,Intercity,18
1230,1230,SW08,SR05,1972,SR,Intercity,15
1231,1231,SR03,SR08,106,WCR,Regional,11
1232,1232,SR06,WC03,1497,WR,Intercity,22
1233,1233,WC01,WC06,633,CR,Intercity,26
1234,1234,WC04,WR01,1609,ER,Intercity,13
1235,1235,WC07,WR04,1331,ECR,Intercity,5
1236,1236,WR02,WR07,1132,ECoR,Intercity,9
1237,1237,WR05,CR02,986,NR,Intercity,20
1238,1238,WR08,CR05,2052,NCR,Intercity,11
1239,1239,CR03,CR08,2172,NER,Intercity,26
1240,1240,CR06,ER03,985,NFR,Intercity,12
1241,1241,ER01,ER06,2257,NWR,Intercity,17
1242,1242,ER04,EC01,2305,SCR,Intercity,10
1243,1243,ER07,EC04,218,SECR,Regional,16
1244,1244,EC02,EC07,1579,SER,Intercity,22
1245,1245,EC05,EC02,732,SWR,Intercity,25
1246,1246,EC08,EC05,1729,SR,Intercity,24
1247,1247,EC03,EC08,1182,WCR,Intercity,18
1248,1248,EC06,NR03,1642,WR,Intercity,16
1249,1249,NR01,NR06,1590,CR,Intercity,13
1250,1250,NR04,NC01,848,ER,Intercity,30
1251,1251,NR07,NC04,1665,ECR,Intercity,24
1252,1252,NC02,NC07,378,ECoR,Regional,28
1253,1253,NC05,NE02,368,NR,Regional,24
1254,1254,NC08,NE05,308,NCR,Regional,7
1255,1255,NE03,NE08,1253,NER,Intercity,11
1256,1256,NE06,NF03,211,NFR,Regional,16
1257,1257,NF01,NF06,117,NWR,Regional,13
1258,1258,NF04,NW01,2390,SCR,Intercity,28
1259,1259,NF07,NW04,1021,SECR,Intercity,17
1260,1260,NW02,NW07,1731,SER,Intercity,10
1261,1261,NW05,SC02,861,SWR,Intercity,20
1262,1262,NW08,SC05,900,SR,Intercity,14
1263,1263,SC03,SC08,1200,WCR,Intercity,8
1264,1264,SC06,SE03,212,WR,Regional,29
1265,1265,SE01,SE06,1881,CR,Intercity,29
1266,1266,SE04,SE01,410,ER,Regional,25
1267,1267,SE07,SE04,230,ECR,Regional,13
1268,1268,SE02,SE07,517,ECoR,Intercity,26
1269,1269,SE05,SW02,769,NR,Intercity,12
1270,1270,SE08,SW05,1728,NCR,Intercity,27
1271,1271,SW03,SW08,871,NER,Intercity,27
1272,1272,SW06,SR03,926,NFR,Intercity,9
1273,1273,SR01,SR06,1529,NWR,Intercity,13
1274,1274,SR04,WC01,1220,SCR,Intercity,23
1275,1275,SR07,WC04,2378,SECR,Intercity,11
1276,1276,WC02,WC07,2084,SER,Intercity,25
1277,1277,WC05,WR02,754,SWR,Intercity,22
1278,1278,WC08,WR05,1363,SR,Intercity,10
1279,1279,WR03,WR08,1843,WCR,Intercity,25
1280,1280,WR06,CR03,298,WR,Regional,6
1281,1281,CR01,CR06,1326,CR,Intercity,14
1282,1282,CR04,ER01,2206,ER,Intercity,9
1283,1283,CR07,ER04,2047,ECR,Intercity,5
1284,1284,ER02,ER07,225,ECoR,Regional,24
1285,1285,ER05,EC02,1534,NR,Intercity,8
1286,1286,ER08,EC05,1914,NCR,Intercity,23
1287,1287,EC03,EC08,2057,NER,Intercity,6
1288,1288,EC06,EC03,110,NFR,Regional,28
1289,1289,EC01,EC06,2018,NWR,Intercity,30
1290,1290,EC04,NR01,1843,SCR,Intercity,13
1291,1291,EC07,NR04,1908,SECR,Intercity,17
1292,1292,NR02,NR07,532,SER,Intercity,21
1293,1293,NR05,NC02,469,SWR,Regional,20
1294,1294,NR08,NC05,1282,SR,Intercity,5
1295,1295,NC03,NC08,115,WCR,Regional,30
1296,1296,NC06,NE03,740,WR,Intercity,29
1297,1297,NE01,NE06,1605,CR,Intercity,17
1298,1298,NE04,NF01,2212,ER,Intercity,19
1299,1299,NE07,NF04,2126,ECR,Intercity,9
1300,1300,NF02,NF07,1940,ECoR,Intercity,24
1301,1301,NF05,NW02,362,NR,Regional,18
1302,1302,NF08,NW05,708,NCR,Intercity,12
1303,1303,NW03,NW08,720,NER,Intercity,12
1304,1304,NW06,SC03,796,NFR,Intercity,7
1305,1305,SC01,SC06,90,NWR,Regional,25
1306,1306,SC04,SE01,246,SCR,Regional,6
1307,1307,SC07,SE04,228,SECR,Regional,19
1308,1308,SE02,SE07,1851,SER,Intercity,26
1309,1309,SE05,SE02,2256,SWR,Intercity,6
1310,1310,SE08,SE05,1568,SR,Intercity,8
1311,1311,SE03,SE08,1367,WCR,Intercity,24
1312,1312,SE06,SW03,1317,WR,Intercity,26
1313,1313,SW01,SW06,1553,CR,Intercity,7
1314,1314,SW04,SR01,719,ER,Intercity,11
1315,1315,SW07,SR04,2025,ECR,Intercity,20
1316,1316,SR02,SR07,1056,ECoR,Intercity,19
1317,1317,SR05,WC02,1154,NR,Intercity,18
1318,1318,SR08,WC05,1423,NCR,Intercity,11
1319,1319,WC03,WC08,103,NER,Regional,19
1320,1320,WC06,WR03,1232,NFR,Intercity,6
1321,1321,WR01,WR06,394,NWR,Regional,27
1322,1322,WR04,CR01,673,SCR,Intercity,19
1323,1323,WR07,CR04,858,SECR,Intercity,14
1324,1324,CR02,CR07,139,SER,Regional,14
1325,1325,CR05,ER02,349,SWR,Regional,14
1326,1326,CR08,ER05,1346,SR,Intercity,16
1327,1327,ER03,ER08,1206,WCR,Intercity,10
1328,1328,ER06,EC03,316,WR,Regional,20
1329,1329,EC01,EC06,838,CR,Intercity,9
1330,1330,EC04,EC01,1721,ER,Intercity,13
1331,1331,EC07,EC04,544,ECR,Intercity,27
1332,1332,EC02,EC07,2049,ECoR,Intercity,19
1333,1333,EC05,NR02,236,NR,Regional,28
1334,1334,EC08,NR05,140,NCR,Regional,22
1335,1335,NR03,NR08,514,NER,Intercity,25
1336,1336,NR06,NC03,2128,NFR,Intercity,7
1337,1337,NC01,NC06,515,NWR,Intercity,18
1338,1338,NC04,NE01,445,SCR,Regional,14
1339,1339,NC07,NE04,1126,SECR,Intercity,5
1340,1340,NE02,NE07,1447,SER,Intercity,7
1341,1341,NE05,NF02,2145,SWR,Intercity,9
1342,1342,NE08,NF05,169,SR,Regional,5
1343,1343,NF03,NF08,775,WCR,Intercity,16
1344,1344,NF06,NW03,1195,WR,Intercity,6
1345,1345,NW01,NW06,2079,CR,Intercity,26
1346,1346,NW04,SC01,1437,ER,Intercity,20
1347,1347,NW07,SC04,1679,ECR,Intercity,30
1348,1348,SC02,SC07,1581,ECoR,Intercity,7
1349,1349,SC05,SE02,85,NR,Regional,7
1350,1350,SC08,SE05,2063,NCR,Intercity,27
1351,1351,SE03,SE08,1763,NER,Intercity,15
1352,1352,SE06,SE03,2203,NFR,Intercity,24
1353,1353,SE01,SE06,157,NWR,Regional,9
1354,1354,SE04,SW01,2219,SCR,Intercity,5
1355,1355,SE07,SW04,1383,SECR,Intercity,17
1356,1356,SW02,SW07,2271,SER,Intercity,19
1357,1357,SW05,SR02,2119,SWR,Intercity,7
1358,1358,SW08,SR05,2339,SR,Intercity,5
1359,1359,SR03,SR08,2082,WCR,Intercity,10
1360,1360,SR06,WC03,335,WR,Regional,7
1361,1361,WC01,WC06,2055,CR,Intercity,30
1362,1362,WC04,WR01,1294,ER,Intercity,30
1363,1363,WC07,WR04,1974,ECR,Intercity,5
1364,1364,WR02,WR07,663,ECoR,Intercity,16
1365,1365,WR05,CR02,1910,NR,Intercity,14
1366,1366,WR08,CR05,1265,NCR,Intercity,5
1367,1367,CR03,CR08,1512,NER,Intercity,22
1368,1368,CR06,ER03,1905,NFR,Intercity,27
1369,1369,ER01,ER06,737,NWR,Intercity,20
1370,1370,ER04,EC01,1608,SCR,Intercity,28
1371,1371,ER07,EC04,898,SECR,Intercity,21
1372,1372,EC02,EC07,2118,SER,Intercity,19
1373,1373,EC05,EC02,1767,SWR,Intercity,29
1374,1374,EC08,EC05,2364,SR,Intercity,23
1375,1375,EC03,EC08,430,WCR,Regional,24
1376,1376,EC06,NR03,827,WR,Intercity,25
1377,1377,NR01,NR06,812,CR,Intercity,5
1378,1378,NR04,NC01,173,ER,Regional,24
1379,1379,NR07,NC04,424,ECR,Regional,24
1380,1380,NC02,NC07,1835,ECoR,Intercity,17
1381,1381,NC05,NE02,166,NR,Regional,19
1382,1382,NC08,NE05,82,NCR,Regional,26
1383,1383,NE03,NE08,1551,NER,Intercity,8
1384,1384,NE06,NF03,2173,NFR,Intercity,18
1385,1385,NF01,NF06,677,NWR,Intercity,25
1386,1386,NF04,NW01,95,SCR,Regional,11
1387,1387,NF07,NW04,293,SECR,Regional,11
1388,1388,NW02,NW07,778,SER,Intercity,5
1389,1389,NW05,SC02,1972,SWR,Intercity,13
1390,1390,NW08,SC05,1361,SR,Intercity,14
1391,1391,SC03,SC08,1678,WCR,Intercity,29
1392,1392,SC06,SE03,2188,WR,Intercity,7
1393,1393,SE01,SE06,737,CR,Intercity,21
1394,1394,SE04,SE01,2024,ER,Intercity,6
1395,1395,SE07,SE04,541,ECR,Intercity,25
1396,1396,SE02,SE07,1811,ECoR,Intercity,17
1397,1397,SE05,SW02,762,NR,Intercity,16
1398,1398,SE08,SW05,2065,NCR,Intercity,29
1399,1399,SW03,SW08,1405,NER,Intercity,24
1400,1400,SW06,SR03,1839,NFR,Intercity,7
1401,1401,SR01,SR06,2169,NWR,Intercity,11
1402,1402,SR04,WC01,81,SCR,Regional,12
1403,1403,SR07,WC04,148,SECR,Regional,20
1404,1404,WC02,WC07,1959,SER,Intercity,26
1405,1405,WC05,WR02,1284,SWR,Intercity,21
1406,1406,WC08,WR05,2372,SR,Intercity,15
1407,1407,WR03,WR08,2149,WCR,Intercity,24
1408,1408,WR06,CR03,479,WR,Regional,24
1409,1409,CR01,CR06,1304,CR,Intercity,7
1410,1410,CR04,ER01,334,ER,Regional,19
1411,1411,CR07,ER04,2379,ECR,Intercity,23
1412,1412,ER02,ER07,436,ECoR,Regional,20
1413,1413,ER05,EC02,1204,NR,Intercity,11
1414,1414,ER08,EC05,1178,NCR,Intercity,9
1415,1415,EC03,EC08,771,NER,Intercity,12
1416,1416,EC06,EC03,1453,NFR,Intercity,14
1417,1417,EC01,EC06,872,NWR,Intercity,28
1418,1418,EC04,NR01,2135,SCR,Intercity,21
1419,1419,EC07,NR04,1595,SECR,Intercity,26
1420,1420,NR02,NR07,2394,SER,Intercity,5
1421,1421,NR05,NC02,1146,SWR,Intercity,25
1422,1422,NR08,NC05,878,SR,Intercity,9
1423,1423,NC03,NC08,171,WCR,Regional,19
1424,1424,NC06,NE03,2227,WR,Intercity,15
1425,1425,NE01,NE06,1290,CR,Intercity,27
1426,1426,NE04,NF01,2178,ER,Intercity,22
1427,1427,NE07,NF04,824,ECR,Intercity,16
1428,1428,NF02,NF07,1200,ECoR,Intercity,18
1429,1429,NF05,NW02,497,NR,Regional,23
1430,1430,NF08,NW05,792,NCR,Intercity,23
1431,1431,NW03,NW08,1467,NER,Intercity,19
1432,1432,NW06,SC03,675,NFR,Intercity,23
1433,1433,SC01,SC06,185,NWR,Regional,25
1434,1434,SC04,SE01,1011,SCR,Intercity,5
1435,1435,SC07,SE04,2167,SECR,Intercity,14
1436,1436,SE02,SE07,1203,SER,Intercity,28
1437,1437,SE05,SE02,1113,SWR,Intercity,13
1438,1438,SE08,SE05,1949,SR,Intercity,26
1439,1439,SE03,SE08,1183,WCR,Intercity,19
1440,1440,SE06,SW03,2128,WR,Intercity,12
1441,1441,SW01,SW06,1660,CR,Intercity,14
1442,1442,SW04,SR01,1242,ER,Intercity,17
1443,1443,SW07,SR04,1871,ECR,Intercity,8
1444,1444,SR02,SR07,651,ECoR,Intercity,13
1445,1445,SR05,WC02,907,NR,Intercity,22
1446,1446,SR08,WC05,1506,NCR,Intercity,28
1447,1447,WC03,WC08,1413,NER,Intercity,29
1448,1448,WC06,WR03,450,NFR,Regional,14
1449,1449,WR01,WR06,1255,NWR,Intercity,25
1450,1450,WR04,CR01,1126,SCR,Intercity,15
1451,1451,WR07,CR04,871,SECR,Intercity,25
1452,1452,CR02,CR07,1640,SER,Intercity,28
1453,1453,CR05,ER02,550,SWR,Intercity,16
1454,1454,CR08,ER05,1469,SR,Intercity,20
1455,1455,ER03,ER08,786,WCR,Intercity,27
1456,1456,ER06,EC03,582,WR,Intercity,8
1457,1457,EC01,EC06,1577,CR,Intercity,11
1458,1458,EC04,EC01,1972,ER,Intercity,21
1459,1459,EC07,EC04,1638,ECR,Intercity,9
1460,1460,EC02,EC07,983,ECoR,Intercity,25
1461,1461,EC05,NR02,1849,NR,Intercity,11
1462,1462,EC08,NR05,797,NCR,Intercity,13
1463,1463,NR03,NR08,2104,NER,Intercity,26
1464,1464,NR06,NC03,1047,NFR,Intercity,18
1465,1465,NC01,NC06,592,NWR,Intercity,25
1466,1466,NC04,NE01,2144,SCR,Intercity,21
1467,1467,NC07,NE04,660,SECR,Intercity,18
1468,1468,NE02,NE07,378,SER,Regional,18
1469,1469,NE05,NF02,2128,SWR,Intercity,25
1470,1470,NE08,NF05,767,SR,Intercity,30
1471,1471,NF03,NF08,1899,WCR,Intercity,5
1472,1472,NF06,NW03,1405,WR,Intercity,18
1473,1473,NW01,NW06,223,CR,Regional,25
1474,1474,NW04,SC01,1067,ER,Intercity,21
1475,1475,NW07,SC04,1845,ECR,Intercity,17
1476,1476,SC02,SC07,2289,ECoR,Intercity,25
1477,1477,SC05,SE02,1670,NR,Intercity,17
1478,1478,SC08,SE05,294,NCR,Regional,8
1479,1479,SE03,SE08,2378,NER,Intercity,12
1480,1480,SE06,SE03,189,NFR,Regional,6
1481,1481,SE01,SE06,1809,NWR,Intercity,23
1482,1482,SE04,SW01,1411,SCR,Intercity,30
1483,1483,SE07,SW04,267,SECR,Regional,14
1484,1484,SW02,SW07,1634,SER,Intercity,24
1485,1485,SW05,SR02,1741,SWR,Intercity,30
1486,1486,SW08,SR05,2382,SR,Intercity,15
1487,1487,SR03,SR08,2162,WCR,Intercity,27
1488,1488,SR06,WC03,1940,WR,Intercity,5
1489,1489,WC01,WC06,464,CR,Regional,22
1490,1490,WC04,WR01,2054,ER,Intercity,9
1491,1491,WC07,WR04,1885,ECR,Intercity,25
1492,1492,WR02,WR07,657,ECoR,Intercity,5
1493,1493,WR05,CR02,1342,NR,Intercity,26
1494,1494,WR08,CR05,1410,NCR,Intercity,15
1495,1495,CR03,CR08,1773,NER,Intercity,11
1496,1496,CR06,ER03,1761,NFR,Intercity,19
1497,1497,ER01,ER06,1577,NWR,Intercity,30
1498,1498,ER04,EC01,2067,SCR,Intercity,9
1499,1499,ER07,EC04,339,SECR,Regional,13
1500,1500,EC02,EC07,2113,SER,Intercity,21
1501,1501,EC05,EC02,2070,SWR,Intercity,7
1502,1502,EC08,EC05,1125,SR,Intercity,29
1503,1503,EC03,EC08,944,WCR,Intercity,18
1504,1504,EC06,NR03,725,WR,Intercity,30
1505,1505,NR01,NR06,430,CR,Regional,15
1506,1506,NR04,NC01,285,ER,Regional,26
1507,1507,NR07,NC04,1067,ECR,Intercity,13
1508,1508,NC02,NC07,861,ECoR,Intercity,16
1509,1509,NC05,NE02,1601,NR,Intercity,14
1510,1510,NC08,NE05,1659,NCR,Intercity,19
1511,1511,NE03,NE08,904,NER,Intercity,10
1512,1512,NE06,NF03,261,NFR,Regional,18
1513,1513,NF01,NF06,1612,NWR,Intercity,26
1514,1514,NF04,NW01,2244,SCR,Intercity,9
1515,1515,NF07,NW04,1676,SECR,Intercity,25
1516,1516,NW02,NW07,376,SER,Regional,27
1517,1517,NW05,SC02,111,SWR,Regional,5
1518,1518,NW08,SC05,134,SR,Regional,22
1519,1519,SC03,SC08,355,WCR,Regional,17
1520,1520,SC06,SE03,1885,WR,Intercity,21
1521,1521,SE01,SE06,384,CR,Regional,12
1522,1522,SE04,SE01,804,ER,Intercity,10
1523,1523,SE07,SE04,196,ECR,Regional,12
1524,1524,SE02,SE07,1540,ECoR,Intercity,8
1525,1525,SE05,SW02,2253,NR,Intercity,15
1526,1526,SE08,SW05,1388,NCR,Intercity,27
1527,1527,SW03,SW08,799,NER,Intercity,25
1528,1528,SW06,SR03,729,NFR,Intercity,9
1529,1529,SR01,SR06,1548,NWR,Intercity,19
1530,1530,SR04,WC01,1328,SCR,Intercity,6
1531,1531,SR07,WC04,932,SECR,Intercity,6
1532,1532,WC02,WC07,840,SER,Intercity,21
1533,1533,WC05,WR02,1504,SWR,Intercity,12
1534,1534,WC08,WR05,1039,SR,Intercity,23
1535,1535,WR03,WR08,262,WCR,Regional,9
1536,1536,WR06,CR03,172,WR,Regional,8
1537,1537,CR01,CR06,908,CR,Intercity,23
1538,1538,CR04,ER01,1594,ER,Intercity,10
1539,1539,CR07,ER04,2142,ECR,Intercity,6
1540,1540,ER02,ER07,1716,ECoR,Intercity,25
1541,1541,ER05,EC02,1307,NR,Intercity,23
1542,1542,ER08,EC05,930,NCR,Intercity,29
1543,1543,EC03,EC08,690,NER,Intercity,20
1544,1544,EC06,EC03,1095,NFR,Intercity,17
1545,1545,EC01,EC06,116,NWR,Regional,22
1546,1546,EC04,NR01,1648,SCR,Intercity,25
1547,1547,EC07,NR04,1367,SECR,Intercity,21
1548,1548,NR02,NR07,677,SER,Intercity,13
1549,1549,NR05,NC02,404,SWR,Regional,28
1550,1550,NR08,NC05,338,SR,Regional,23
1551,1551,NC03,NC08,1569,WCR,Intercity,27
1552,1552,NC06,NE03,2290,WR,Intercity,19
1553,1553,NE01,NE06,908,CR,Intercity,16
1554,1554,NE04,NF01,1733,ER,Intercity,26
1555,1555,NE07,NF04,606,ECR,Intercity,20
1556,1556,NF02,NF07,2050,ECoR,Intercity,25
1557,1557,NF05,NW02,1268,NR,Intercity,28
1558,1558,NF08,NW05,1276,NCR,Intercity,12
1559,1559,NW03,NW08,2283,NER,Intercity,10
1560,1560,NW06,SC03,1008,NFR,Intercity,8
1561,1561,SC01,SC06,1075,NWR,Intercity,20
1562,1562,SC04,SE01,1715,SCR,Intercity,25
1563,1563,SC07,SE04,1253,SECR,Intercity,30
1564,1564,SE02,SE07,2124,SER,Intercity,5
1565,1565,SE05,SE02,445,SWR,Regional,5
1566,1566,SE08,SE05,2087,SR,Intercity,22
1567,1567,SE03,SE08,493,WCR,Regional,12
1568,1568,SE06,SW03,1344,WR,Intercity,17
1569,1569,SW01,SW06,1215,CR,Intercity,7
1570,1570,SW04,SR01,882,ER,Intercity,6
1571,1571,SW07,SR04,810,ECR,Intercity,18
1572,1572,SR02,SR07,2002,ECoR,Intercity,22
1573,1573,SR05,WC02,1592,NR,Intercity,28
1574,1574,SR08,WC05,1263,NCR,Intercity,17
1575,1575,WC03,WC08,241,NER,Regional,21
1576,1576,WC06,WR03,1585,NFR,Intercity,27
1577,1577,WR01,WR06,914,NWR,Intercity,16
1578,1578,WR04,CR01,522,SCR,Intercity,10
1579,1579,WR07,CR04,574,SECR,Intercity,26
1580,1580,CR02,CR07,291,SER,Regional,5
1581,1581,CR05,ER02,344,SWR,Regional,12
1582,1582,CR08,ER05,2270,SR,Intercity,8
1583,1583,ER03,ER08,187,WCR,Regional,21
1584,1584,ER06,EC03,2276,WR,Intercity,12
1585,1585,EC01,EC06,866,CR,Intercity,13
1586,1586,EC04,EC01,1691,ER,Intercity,21
1587,1587,EC07,EC04,859,ECR,Intercity,12
1588,1588,EC02,EC07,446,ECoR,Regional,14
1589,1589,EC05,NR02,1539,NR,Intercity,17
1590,1590,EC08,NR05,1290,NCR,Intercity,8
1591,1591,NR03,NR08,1531,NER,Intercity,29
1592,1592,NR06,NC03,403,NFR,Regional,30
1593,1593,NC01,NC06,943,NWR,Intercity,23
1594,1594,NC04,NE01,1428,SCR,Intercity,7
1595,1595,NC07,NE04,586,SECR,Intercity,17
1596,1596,NE02,NE07,1162,SER,Intercity,14
1597,1597,NE05,NF02,2124,SWR,Intercity,9
1598,1598,NE08,NF05,267,SR,Regional,27
1599,1599,NF03,NF08,642,WCR,Intercity,15
1600,1600,NF06,NW03,1131,WR,Intercity,21
1601,1601,NW01,NW06,1578,CR,Intercity,22
1602,1602,NW04,SC01,2056,ER,Intercity,13
1603,1603,NW07,SC04,1394,ECR,Intercity,14
1604,1604,SC02,SC07,433,ECoR,Regional,30
1605,1605,SC05,SE02,743,NR,Intercity,26
1606,1606,SC08,SE05,2237,NCR,Intercity,18
1607,1607,SE03,SE08,667,NER,Intercity,18
1608,1608,SE06,SE03,1130,NFR,Intercity,5
1609,1609,SE01,SE06,2156,NWR,Intercity,10
1610,1610,SE04,SW01,810,SCR,Intercity,5
1611,1611,SE07,SW04,669,SECR,Intercity,25
1612,1612,SW02,SW07,1617,SER,Intercity,29
1613,1613,SW05,SR02,984,SWR,Intercity,9
1614,1614,SW08,SR05,1565,SR,Intercity,12
1615,1615,SR03,SR08,223,WCR,Regional,14
1616,1616,SR06,WC03,2044,WR,Intercity,26
1617,1617,WC01,WC06,2157,CR,Intercity,15
1618,1618,WC04,WR01,393,ER,Regional,6
1619,1619,WC07,WR04,1293,ECR,Intercity,20
1620,1620,WR02,WR07,694,ECoR,Intercity,8
1621,1621,WR05,CR02,1103,NR,Intercity,21
1622,1622,WR08,CR05,1349,NCR,Intercity,27
1623,1623,CR03,CR08,814,NER,Intercity,6
1624,1624,CR06,ER03,2291,NFR,Intercity,30
1625,1625,ER01,ER06,1207,NWR,Intercity,22
1626,1626,ER04,EC01,454,SCR,Regional,6
1627,1627,ER07,EC04,394,SECR,Regional,10
1628,1628,EC02,EC07,1692,SER,Intercity,9
1629,1629,EC05,EC02,1864,SWR,Intercity,27
1630,1630,EC08,EC05,1053,SR,Intercity,23
1631,1631,EC03,EC08,1969,WCR,Intercity,14
1632,1632,EC06,NR03,1411,WR,Intercity,18
1633,1633,NR01,NR06,468,CR,Regional,14
1634,1634,NR04,NC01,1771,ER,Intercity,15
1635,1635,NR07,NC04,2122,ECR,Intercity,21
1636,1636,NC02,NC07,1511,ECoR,Intercity,10
1637,1637,NC05,NE02,1187,NR,Intercity,24
1638,1638,NC08,NE05,2019,NCR,Intercity,29
1639,1639,NE03,NE08,544,NER,Intercity,30
1640,1640,NE06,NF03,1522,NFR,Intercity,9
1641,1641,NF01,NF06,1100,NWR,Intercity,15
1642,1642,NF04,NW01,1378,SCR,Intercity,11
1643,1643,NF07,NW04,1646,SECR,Intercity,21
1644,1644,NW02,NW07,1768,SER,Intercity,13
1645,1645,NW05,SC02,810,SWR,Intercity,15
1646,1646,NW08,SC05,1868,SR,Intercity,8
1647,1647,SC03,SC08,818,WCR,Intercity,19
1648,1648,SC06,SE03,2087,WR,Intercity,18
1649,1649,SE01,SE06,1707,CR,Intercity,19
1650,1650,SE04,SE01,2137,ER,Intercity,13
1651,1651,SE07,SE04,1498,ECR,Intercity,24
1652,1652,SE02,SE07,1191,ECoR,Intercity,20
1653,1653,SE05,SW02,1560,NR,Intercity,9
1654,1654,SE08,SW05,1071,NCR,Intercity,14
1655,1655,SW03,SW08,877,NER,Intercity,22
1656,1656,SW06,SR03,2065,NFR,Intercity,8
1657,1657,SR01,SR06,1552,NWR,Intercity,14
1658,1658,SR04,WC01,157,SCR,Regional,27
1659,1659,SR07,WC04,1068,SECR,Intercity,16
1660,1660,WC02,WC07,1681,SER,Intercity,18
1661,1661,WC05,WR02,2366,SWR,Intercity,22
1662,1662,WC08,WR05,1096,SR,Intercity,13
1663,1663,WR03,WR08,203,WCR,Regional,26
1664,1664,WR06,CR03,244,WR,Regional,5
1665,1665,CR01,CR06,1622,CR,Intercity,17
1666,1666,CR04,ER01,2075,ER,Intercity,20
1667,1667,CR07,ER04,155,ECR,Regional,11
1668,1668,ER02,ER07,1017,ECoR,Intercity,25
1669,1669,ER05,EC02,2131,NR,Intercity,7
1670,1670,ER08,EC05,2389,NCR,Intercity,21
1671,1671,EC03,EC08,378,NER,Regional,21
1672,1672,EC06,EC03,2367,NFR,Intercity,25
1673,1673,EC01,EC06,505,NWR,Intercity,10
1674,1674,EC04,NR01,1702,SCR,Intercity,9
1675,1675,EC07,NR04,2328,SECR,Intercity,20
1676,1676,NR02,NR07,390,SER,Regional,30
1677,1677,NR05,NC02,627,SWR,Intercity,25
1678,1678,NR08,NC05,1361,SR,Intercity,10
1679,1679,NC03,NC08,2381,WCR,Intercity,15
1680,1680,NC06,NE03,2132,WR,Intercity,11
1681,1681,NE01,NE06,1662,CR,Intercity,25
1682,1682,NE04,NF01,325,ER,Regional,18
1683,1683,NE07,NF04,2204,ECR,Intercity,16
1684,1684,NF02,NF07,222,ECoR,Regional,5
1685,1685,NF05,NW02,1848,NR,Intercity,21
1686,1686,NF08,NW05,1122,NCR,Intercity,16
1687,1687,NW03,NW08,279,NER,Regional,6
1688,1688,NW06,SC03,245,NFR,Regional,10
1689,1689,SC01,SC06,1166,NWR,Intercity,23
1690,1690,SC04,SE01,855,SCR,Intercity,24
1691,1691,SC07,SE04,1393,SECR,Intercity,17
1692,1692,SE02,SE07,489,SER,Regional,24
1693,1693,SE05,SE02,1808,SWR,Intercity,24
1694,1694,SE08,SE05,1778,SR,Intercity,21
1695,1695,SE03,SE08,1374,WCR,Intercity,10
1696,1696,SE06,SW03,2094,WR,Intercity,15
1697,1697,SW01,SW06,1554,CR,Intercity,26
1698,1698,SW04,SR01,1184,ER,Intercity,13
1699,1699,SW07,SR04,1056,ECR,Intercity,22
1700,1700,SR02,SR07,128,ECoR,Regional,26
1701,1701,SR05,WC02,716,NR,Intercity,18
1702,1702,SR08,WC05,513,NCR,Intercity,18
1703,1703,WC03,WC08,1648,NER,Intercity,9
1704,1704,WC06,WR03,1159,NFR,Intercity,17
1705,1705,WR01,WR06,1424,NWR,Intercity,6
1706,1706,WR04,CR01,736,SCR,Intercity,7
1707,1707,WR07,CR04,1719,SECR,Intercity,19
1708,1708,CR02,CR07,1971,SER,Intercity,10
1709,1709,CR05,ER02,1256,SWR,Intercity,14
1710,1710,CR08,ER05,1952,SR,Intercity,14
1711,1711,ER03,ER08,2114,WCR,Intercity,17
1712,1712,ER06,EC03,2067,WR,Intercity,23
1713,1713,EC01,EC06,2324,CR,Intercity,16
1714,1714,EC04,EC01,1507,ER,Intercity,26
1715,1715,EC07,EC04,2246,ECR,Intercity,17
1716,1716,EC02,EC07,582,ECoR,Intercity,30
1717,1717,EC05,NR02,537,NR,Intercity,30
1718,1718,EC08,NR05,253,NCR,Regional,16
1719,1719,NR03,NR08,1033,NER,Intercity,24
1720,1720,NR06,NC03,1447,NFR,Intercity,16
1721,1721,NC01,NC06,1982,NWR,Intercity,27
1722,1722,NC04,NE01,2393,SCR,Intercity,24
1723,1723,NC07,NE04,550,SECR,Intercity,13
1724,1724,NE02,NE07,878,SER,Intercity,13
1725,1725,NE05,NF02,139,SWR,Regional,27
1726,1726,NE08,NF05,679,SR,Intercity,19
1727,1727,NF03,NF08,1111,WCR,Intercity,23
1728,1728,NF06,NW03,1907,WR,Intercity,22
1729,1729,NW01,NW06,1447,CR,Intercity,9
1730,1730,NW04,SC01,1515,ER,Intercity,11
1731,1731,NW07,SC04,2145,ECR,Intercity,28
1732,1732,SC02,SC07,1800,ECoR,Intercity,12
1733,1733,SC05,SE02,2264,NR,Intercity,27
1734,1734,SC08,SE05,236,NCR,Regional,14
1735,1735,SE03,SE08,1654,NER,Intercity,27
1736,1736,SE06,SE03,137,NFR,Regional,20
1737,1737,SE01,SE06,2156,NWR,Intercity,7
1738,1738,SE04,SW01,1399,SCR,Intercity,12
1739,1739,SE07,SW04,876,SECR,Intercity,29
1740,1740,SW02,SW07,2115,SER,Intercity,10
1741,1741,SW05,SR02,1372,SWR,Intercity,10
1742,1742,SW08,SR05,1601,SR,Intercity,8
1743,1743,SR03,SR08,635,WCR,Intercity,20
1744,1744,SR06,WC03,808,WR,Intercity,26
1745,1745,WC01,WC06,1727,CR,Intercity,29
1746,1746,WC04,WR01,1609,ER,Intercity,28
1747,1747,WC07,WR04,1465,ECR,Intercity,27
1748,1748,WR02,WR07,1445,ECoR,Intercity,28
1749,1749,WR05,CR02,163,NR,Regional,19
1750,1750,WR08,CR05,1267,NCR,Intercity,26
1751,1751,CR03,CR08,567,NER,Intercity,21
1752,1752,CR06,ER03,532,NFR,Intercity,8
1753,1753,ER01,ER06,2304,NWR,Intercity,5
1754,1754,ER04,EC01,602,SCR,Intercity,7
1755,1755,ER07,EC04,1266,SECR,Intercity,13
1756,1756,EC02,EC07,437,SER,Regional,17
1757,1757,EC05,EC02,1328,SWR,Intercity,21
1758,1758,EC08,EC05,1283,SR,Intercity,18
1759,1759,EC03,EC08,1349,WCR,Intercity,14
1760,1760,EC06,NR03,1835,WR,Intercity,24
1761,1761,NR01,NR06,1658,CR,Intercity,27
1762,1762,NR04,NC01,125,ER,Regional,10
1763,1763,NR07,NC04,2180,ECR,Intercity,11
1764,1764,NC02,NC07,951,ECoR,Intercity,29
1765,1765,NC05,NE02,1222,NR,Intercity,30
1766,1766,NC08,NE05,1802,NCR,Intercity,13
1767,1767,NE03,NE08,2264,NER,Intercity,18
1768,1768,NE06,NF03,112,NFR,Regional,20
1769,1769,NF01,NF06,747,NWR,Intercity,21
1770,1770,NF04,NW01,1503,SCR,Intercity,27
1771,1771,NF07,NW04,670,SECR,Intercity,7
1772,1772,NW02,NW07,400,SER,Regional,18
1773,1773,NW05,SC02,2310,SWR,Intercity,10
1774,1774,NW08,SC05,2008,SR,Intercity,24
1775,1775,SC03,SC08,93,WCR,Regional,20
1776,1776,SC06,SE03,628,WR,Intercity,24
1777,1777,SE01,SE06,1140,CR,Intercity,28
1778,1778,SE04,SE01,2116,ER,Intercity,25
1779,1779,SE07,SE04,2178,ECR,Intercity,27
1780,1780,SE02,SE07,1215,ECoR,Intercity,26
1781,1781,SE05,SW02,383,NR,Regional,21
1782,1782,SE08,SW05,1595,NCR,Intercity,15
1783,1783,SW03,SW08,626,NER,Intercity,13
1784,1784,SW06,SR03,1435,NFR,Intercity,14
1785,1785,SR01,SR06,1773,NWR,Intercity,20
1786,1786,SR04,WC01,839,SCR,Intercity,25
1787,1787,SR07,WC04,2086,SECR,Intercity,14
1788,1788,WC02,WC07,1607,SER,Intercity,20
1789,1789,WC05,WR02,296,SWR,Regional,15
1790,1790,WC08,WR05,1583,SR,Intercity,20
1791,1791,WR03,WR08,339,WCR,Regional,26
1792,1792,WR06,CR03,631,WR,Intercity,15
1793,1793,CR01,CR06,1120,CR,Intercity,15
1794,1794,CR04,ER01,1913,ER,Intercity,10
1795,1795,CR07,ER04,1509,ECR,Intercity,17
1796,1796,ER02,ER07,340,ECoR,Regional,16
1797,1797,ER05,EC02,2394,NR,Intercity,9
1798,1798,ER08,EC05,2391,NCR,Intercity,30
1799,1799,EC03,EC08,117,NER,Regional,27
1800,1800,EC06,EC03,1225,NFR,Intercity,12
1801,1801,EC01,EC06,1114,NWR,Intercity,29
1802,1802,EC04,NR01,1513,SCR,Intercity,12
1803,1803,EC07,NR04,1144,SECR,Intercity,15
1804,1804,NR02,NR07,515,SER,Intercity,8
1805,1805,NR05,NC02,1824,SWR,Intercity,20
1806,1806,NR08,NC05,2115,SR,Intercity,17
1807,1807,NC03,NC08,611,WCR,Intercity,11
1808,1808,NC06,NE03,772,WR,Intercity,12
1809,1809,NE01,NE06,1781,CR,Intercity,29
1810,1810,NE04,NF01,1874,ER,Intercity,22
1811,1811,NE07,NF04,150,ECR,Regional,8
1812,1812,NF02,NF07,1660,ECoR,Intercity,8
1813,1813,NF05,NW02,1644,NR,Intercity,6
1814,1814,NF08,NW05,1597,NCR,Intercity,11
1815,1815,NW03,NW08,345,NER,Regional,24
1816,1816,NW06,SC03,2088,NFR,Intercity,6
1817,1817,SC01,SC06,2216,NWR,Intercity,11
1818,1818,SC04,SE01,2376,SCR,Intercity,6
1819,1819,SC07,SE04,1296,SECR,Intercity,21
1820,1820,SE02,SE07,665,SER,Intercity,26
1821,1821,SE05,SE02,588,SWR,Intercity,18
1822,1822,SE08,SE05,83,SR,Regional,28
1823,1823,SE03,SE08,437,WCR,Regional,22
1824,1824,SE06,SW03,1759,WR,Intercity,24
1825,1825,SW01,SW06,1581,CR,Intercity,13
1826,1826,SW04,SR01,716,ER,Intercity,27
1827,1827,SW07,SR04,1387,ECR,Intercity,21
1828,1828,SR02,SR07,166,ECoR,Regional,7
1829,1829,SR05,WC02,1242,NR,Intercity,7
1830,1830,SR08,WC05,457,NCR,Regional,28
1831,1831,WC03,WC08,2033,NER,Intercity,12
1832,1832,WC06,WR03,263,NFR,Regional,17
1833,1833,WR01,WR06,1658,NWR,Intercity,24
1834,1834,WR04,CR01,2051,SCR,Intercity,24
1835,1835,WR07,CR04,1337,SECR,Intercity,5
1836,1836,CR02,CR07,2197,SER,Intercity,21
1837,1837,CR05,ER02,2056,SWR,Intercity,28
1838,1838,CR08,ER05,1773,SR,Intercity,14
1839,1839,ER03,ER08,387,WCR,Regional,19
1840,1840,ER06,EC03,501,WR,Intercity,11
1841,1841,EC01,EC06,1134,CR,Intercity,23
1842,1842,EC04,EC01,2368,ER,Intercity,8
1843,1843,EC07,EC04,1809,ECR,Intercity,18
1844,1844,EC02,EC07,585,ECoR,Intercity,15
1845,1845,EC05,NR02,434,NR,Regional,21
1846,1846,EC08,NR05,1646,NCR,Intercity,17
1847,1847,NR03,NR08,1359,NER,Intercity,30
1848,1848,NR06,NC03,1354,NFR,Intercity,30
1849,1849,NC01,NC06,737,NWR,Intercity,12
1850,1850,NC04,NE01,1561,SCR,Intercity,5
1851,1851,NC07,NE04,1551,SECR,Intercity,17
1852,1852,NE02,NE07,847,SER,Intercity,20
1853,1853,NE05,NF02,928,SWR,Intercity,24
1854,1854,NE08,NF05,836,SR,Intercity,18
1855,1855,NF03,NF08,2307,WCR,Intercity,20
1856,1856,NF06,NW03,1680,WR,Intercity,5
1857,1857,NW01,NW06,1349,CR,Intercity,24
1858,1858,NW04,SC01,1179,ER,Intercity,13
1859,1859,NW07,SC04,1405,ECR,Intercity,14
1860,1860,SC02,SC07,578,ECoR,Intercity,15
1861,1861,SC05,SE02,545,NR,Intercity,6
1862,1862,SC08,SE05,372,NCR,Regional,17
1863,1863,SE03,SE08,1916,NER,Intercity,14
1864,1864,SE06,SE03,329,NFR,Regional,11
1865,1865,SE01,SE06,750,NWR,Intercity,11
1866,1866,SE04,SW01,1135,SCR,Intercity,5
1867,1867,SE07,SW04,322,SECR,Regional,28
1868,1868,SW02,SW07,869,SER,Intercity,12
1869,1869,SW05,SR02,1669,SWR,Intercity,27
1870,1870,SW08,SR05,161,SR,Regional,26
1871,1871,SR03,SR08,1653,WCR,Intercity,16
1872,1872,SR06,WC03,387,WR,Regional,26
1873,1873,WC01,WC06,1743,CR,Intercity,10
1874,1874,WC04,WR01,1843,ER,Intercity,9
1875,1875,WC07,WR04,845,ECR,Intercity,28
1876,1876,WR02,WR07,1131,ECoR,Intercity,21
1877,1877,WR05,CR02,92,NR,Regional,22
1878,1878,WR08,CR05,1766,NCR,Intercity,29
1879,1879,CR03,CR08,967,NER,Intercity,5
1880,1880,CR06,ER03,1190,NFR,Intercity,9
1881,1881,ER01,ER06,1189,NWR,Intercity,30
1882,1882,ER04,EC01,874,SCR,Intercity,8
1883,1883,ER07,EC04,2034,SECR,Intercity,16
1884,1884,EC02,EC07,1072,SER,Intercity,5
1885,1885,EC05,EC02,1170,SWR,Intercity,13
1886,1886,EC08,EC05,1499,SR,Intercity,9
1887,1887,EC03,EC08,228,WCR,Regional,11
1888,1888,EC06,NR03,1449,WR,Intercity,26
1889,1889,NR01,NR06,1050,CR,Intercity,12
1890,1890,NR04,NC01,700,ER,Intercity,26
1891,1891,NR07,NC04,1860,ECR,Intercity,28
1892,1892,NC02,NC07,681,ECoR,Intercity,19
1893,1893,NC05,NE02,453,NR,Regional,19
1894,1894,NC08,NE05,876,NCR,Intercity,13
1895,1895,NE03,NE08,961,NER,Intercity,22
1896,1896,NE06,NF03,194,NFR,Regional,25
1897,1897,NF01,NF06,1446,NWR,Intercity,27
1898,1898,NF04,NW01,1887,SCR,Intercity,10
1899,1899,NF07,NW04,603,SECR,Intercity,22
1900,1900,NW02,NW07,1511,SER,Intercity,8
1901,1901,NW05,SC02,2214,SWR,Intercity,17
1902,1902,NW08,SC05,924,SR,Intercity,7
1903,1903,SC03,SC08,572,WCR,Intercity,19
1904,1904,SC06,SE03,2375,WR,Intercity,27
1905,1905,SE01,SE06,827,CR,Intercity,26
1906,1906,SE04,SE01,2218,ER,Intercity,23
1907,1907,SE07,SE04,1649,ECR,Intercity,20
1908,1908,SE02,SE07,1401,ECoR,Intercity,21
1909,1909,SE05,SW02,182,NR,Regional,7
1910,1910,SE08,SW05,90,NCR,Regional,23
1911,1911,SW03,SW08,1909,NER,Intercity,22
1912,1912,SW06,SR03,270,NFR,Regional,8
1913,1913,SR01,SR06,1358,NWR,Intercity,21
1914,1914,SR04,WC01,2205,SCR,Intercity,15
1915,1915,SR07,WC04,2284,SECR,Intercity,18
1916,1916,WC02,WC07,1819,SER,Intercity,26
1917,1917,WC05,WR02,1133,SWR,Intercity,13
1918,1918,WC08,WR05,716,SR,Intercity,28
1919,1919,WR03,WR08,620,WCR,Intercity,15
1920,1920,WR06,CR03,1191,WR,Intercity,18
1921,1921,CR01,CR06,1394,CR,Intercity,5
1922,1922,CR04,ER01,186,ER,Regional,8
1923,1923,CR07,ER04,2324,ECR,Intercity,12
1924,1924,ER02,ER07,1459,ECoR,Intercity,30
1925,1925,ER05,EC02,494,NR,Regional,11
1926,1926,ER08,EC05,1257,NCR,Intercity,15
1927,1927,EC03,EC08,146,NER,Regional,27
1928,1928,EC06,EC03,1241,NFR,Intercity,13
1929,1929,EC01,EC06,910,NWR,Intercity,26
1930,1930,EC04,NR01,1622,SCR,Intercity,8
1931,1931,EC07,NR04,764,SECR,Intercity,8
1932,1932,NR02,NR07,1040,SER,Intercity,5
1933,1933,NR05,NC02,508,SWR,Intercity,8
1934,1934,NR08,NC05,1662,SR,Intercity,20
1935,1935,NC03,NC08,1649,WCR,Intercity,7
1936,1936,NC06,NE03,104,WR,Regional,20
1937,1937,NE01,NE06,115,CR,Regional,20
1938,1938,NE04,NF01,717,ER,Intercity,11
1939,1939,NE07,NF04,94,ECR,Regional,5
1940,1940,NF02,NF07,1601,ECoR,Intercity,9
1941,1941,NF05,NW02,160,NR,Regional,8
1942,1942,NF08,NW05,1948,NCR,Intercity,18
1943,1943,NW03,NW08,380,NER,Regional,29
1944,1944,NW06,SC03,1542,NFR,Intercity,16
1945,1945,SC01,SC06,1953,NWR,Intercity,21
1946,1946,SC04,SE01,709,SCR,Intercity,12
1947,1947,SC07,SE04,2192,SECR,Intercity,7
1948,1948,SE02,SE07,631,SER,Intercity,10
1949,1949,SE05,SE02,890,SWR,Intercity,17
1950,1950,SE08,SE05,1694,SR,Intercity,27
1951,1951,SE03,SE08,757,WCR,Intercity,11
1952,1952,SE06,SW03,1658,WR,Intercity,30
1953,1953,SW01,SW06,1467,CR,Intercity,21
1954,1954,SW04,SR01,1478,ER,Intercity,14
1955,1955,SW07,SR04,376,ECR,Regional,21
1956,1956,SR02,SR07,1692,ECoR,Intercity,23
1957,1957,SR05,WC02,828,NR,Intercity,22
1958,1958,SR08,WC05,1105,NCR,Intercity,27
1959,1959,WC03,WC08,545,NER,Intercity,22
1960,1960,WC06,WR03,1254,NFR,Intercity,5
1961,1961,WR01,WR06,1731,NWR,Intercity,14
1962,1962,WR04,CR01,497,SCR,Regional,28
1963,1963,WR07,CR04,2376,SECR,Intercity,10
1964,1964,CR02,CR07,362,SER,Regional,17
1965,1965,CR05,ER02,1933,SWR,Intercity,18
1966,1966,CR08,ER05,978,SR,Intercity,19
1967,1967,ER03,ER08,230,WCR,Regional,27
1968,1968,ER06,EC03,1629,WR,Intercity,19
1969,1969,EC01,EC06,2376,CR,Intercity,5
1970,1970,EC04,EC01,719,ER,Intercity,11
1971,1971,EC07,EC04,520,ECR,Intercity,21
1972,1972,EC02,EC07,1205,ECoR,Intercity,25
1973,1973,EC05,NR02,1307,NR,Intercity,21
1974,1974,EC08,NR05,1907,NCR,Intercity,24
1975,1975,NR03,NR08,1578,NER,Intercity,11
1976,1976,NR06,NC03,1760,NFR,Intercity,7
1977,1977,NC01,NC06,1004,NWR,Intercity,29
1978,1978,NC04,NE01,1460,SCR,Intercity,19
1979,1979,NC07,NE04,1366,SECR,Intercity,24
1980,1980,NE02,NE07,1896,SER,Intercity,29
1981,1981,NE05,NF02,1425,SWR,Intercity,9
1982,1982,NE08,NF05,631,SR,Intercity,27
1983,1983,NF03,NF08,2256,WCR,Intercity,14
1984,1984,NF06,NW03,643,WR,Intercity,21
1985,1985,NW01,NW06,597,CR,Intercity,15
1986,1986,NW04,SC01,1208,ER,Intercity,10
1987,1987,NW07,SC04,875,ECR,Intercity,27
1988,1988,SC02,SC07,818,ECoR,Intercity,14
1989,1989,SC05,SE02,1410,NR,Intercity,5
1990,1990,SC08,SE05,815,NCR,Intercity,8
1991,1991,SE03,SE08,1031,NER,Intercity,29
1992,1992,SE06,SE03,563,NFR,Intercity,26
1993,1993,SE01,SE06,328,NWR,Regional,22
1994,1994,SE04,SW01,800,SCR,Intercity,25
1995,1995,SE07,SW04,543,SECR,Intercity,21
1996,1996,SW02,SW07,519,SER,Intercity,28
1997,1997,SW05,SR02,1133,SWR,Intercity,7
1998,1998,SW08,SR05,1712,SR,Intercity,6
1999,1999,SR03,SR08,818,WCR,Intercity,23
2000,2000,SR06,WC03,1173,WR,Intercity,30
2001,2001,WC01,WC06,865,CR,Intercity,20
2002,2002,WC04,WR01,1859,ER,Intercity,30
2003,2003,WC07,WR04,1596,ECR,Intercity,15
2004,2004,WR02,WR07,1589,ECoR,Intercity,22
2005,2005,WR05,CR02,550,NR,Intercity,18
2006,2006,WR08,CR05,554,NCR,Intercity,27
2007,2007,CR03,CR08,228,NER,Regional,21
2008,2008,CR06,ER03,1209,NFR,Intercity,16
2009,2009,ER01,ER06,1462,NWR,Intercity,11
2010,2010,ER04,EC01,2119,SCR,Intercity,13
2011,2011,ER07,EC04,836,SECR,Intercity,6
2012,2012,EC02,EC07,827,SER,Intercity,9
2013,2013,EC05,EC02,335,SWR,Regional,18
2014,2014,EC08,EC05,187,SR,Regional,5
2015,2015,EC03,EC08,628,WCR,Intercity,17
2016,2016,EC06,NR03,521,WR,Intercity,6
2017,2017,NR01,NR06,378,CR,Regional,9
2018,2018,NR04,NC01,813,ER,Intercity,22
2019,2019,NR07,NC04,430,ECR,Regional,5
2020,2020,NC02,NC07,2007,ECoR,Intercity,13
2021,2021,NC05,NE02,1951,NR,Intercity,9
2022,2022,NC08,NE05,1375,NCR,Intercity,6
2023,2023,NE03,NE08,1352,NER,Intercity,10
2024,2024,NE06,NF03,1355,NFR,Intercity,7
2025,2025,NF01,NF06,1375,NWR,Intercity,7
2026,2026,NF04,NW01,780,SCR,Intercity,22
2027,2027,NF07,NW04,738,SECR,Intercity,8
2028,2028,NW02,NW07,909,SER,Intercity,29
2029,2029,NW05,SC02,954,SWR,Intercity,17
2030,2030,NW08,SC05,1130,SR,Intercity,15
2031,2031,SC03,SC08,1503,WCR,Intercity,27
2032,2032,SC06,SE03,426,WR,Regional,25
2033,2033,SE01,SE06,2032,CR,Intercity,15
2034,2034,SE04,SE01,1046,ER,Intercity,30
2035,2035,SE07,SE04,267,ECR,Regional,18
2036,2036,SE02,SE07,1045,ECoR,Intercity,23
2037,2037,SE05,SW02,1976,NR,Intercity,30
2038,2038,SE08,SW05,877,NCR,Intercity,23
2039,2039,SW03,SW08,132,NER,Regional,20
2040,2040,SW06,SR03,1572,NFR,Intercity,21
2041,2041,SR01,SR06,616,NWR,Intercity,22
2042,2042,SR04,WC01,132,SCR,Regional,30
2043,2043,SR07,WC04,587,SECR,Intercity,23
2044,2044,WC02,WC07,748,SER,Intercity,12
2045,2045,WC05,WR02,889,SWR,Intercity,5
2046,2046,WC08,WR05,1827,SR,Intercity,25
2047,2047,WR03,WR08,137,WCR,Regional,17
2048,2048,WR06,CR03,1858,WR,Intercity,15
2049,2049,CR01,CR06,1695,CR,Intercity,29
2050,2050,CR04,ER01,1081,ER,Intercity,9
2051,2051,CR07,ER04,1432,ECR,Intercity,5
2052,2052,ER02,ER07,576,ECoR,Intercity,24
2053,2053,ER05,EC02,497,NR,Regional,29
2054,2054,ER08,EC05,589,NCR,Intercity,26
2055,2055,EC03,EC08,2336,NER,Intercity,27
2056,2056,EC06,EC03,172,NFR,Regional,27
2057,2057,EC01,EC06,1734,NWR,Intercity,22
2058,2058,EC04,NR01,820,SCR,Intercity,28
2059,2059,EC07,NR04,827,SECR,Intercity,13
2060,2060,NR02,NR07,1201,SER,Intercity,24
2061,2061,NR05,NC02,196,SWR,Regional,7
2062,2062,NR08,NC05,1179,SR,Intercity,18
2063,2063,NC03,NC08,902,WCR,Intercity,12
2064,2064,NC06,NE03,1447,WR,Intercity,29
2065,2065,NE01,NE06,2349,CR,Intercity,16
2066,2066,NE04,NF01,371,ER,Regional,10
2067,2067,NE07,NF04,794,ECR,Intercity,19
2068,2068,NF02,NF07,1811,ECoR,Intercity,7
2069,2069,NF05,NW02,1567,NR,Intercity,8
2070,2070,NF08,NW05,2022,NCR,Intercity,16
2071,2071,NW03,NW08,2147,NER,Intercity,21
2072,2072,NW06,SC03,89,NFR,Regional,20
2073,2073,SC01,SC06,1114,NWR,Intercity,6
2074,2074,SC04,SE01,87,SCR,Regional,22
2075,2075,SC07,SE04,368,SECR,Regional,6
2076,2076,SE02,SE07,1310,SER,Intercity,26
2077,2077,SE05,SE02,1808,SWR,Intercity,6
2078,2078,SE08,SE05,363,SR,Regional,5
2079,2079,SE03,SE08,334,WCR,Regional,18
2080,2080,SE06,SW03,879,WR,Intercity,25
2081,2081,SW01,SW06,2383,CR,Intercity,24
2082,2082,SW04,SR01,474,ER,Regional,20
2083,2083,SW07,SR04,1567,ECR,Intercity,9
2084,2084,SR02,SR07,2237,ECoR,Intercity,29
2085,2085,SR05,WC02,2167,NR,Intercity,5
2086,2086,SR08,WC05,2313,NCR,Intercity,14
2087,2087,WC03,WC08,1419,NER,Intercity,24
2088,2088,WC06,WR03,167,NFR,Regional,21
2089,2089,WR01,WR06,1229,NWR,Intercity,25
2090,2090,WR04,CR01,309,SCR,Regional,24
2091,2091,WR07,CR04,1934,SECR,Intercity,29
2092,2092,CR02,CR07,90,SER,Regional,18
2093,2093,CR05,ER02,2341,SWR,Intercity,26
2094,2094,CR08,ER05,1021,SR,Intercity,9
2095,2095,ER03,ER08,1458,WCR,Intercity,9
2096,2096,ER06,EC03,329,WR,Regional,6
2097,2097,EC01,EC06,714,CR,Intercity,10
2098,2098,EC04,EC01,789,ER,Intercity,7
2099,2099,EC07,EC04,2079,ECR,Intercity,26
2100,2100,EC02,EC07,547,ECoR,Intercity,17
2101,2101,EC05,NR02,294,NR,Regional,16
2102,2102,EC08,NR05,678,NCR,Intercity,21
2103,2103,NR03,NR08,1442,NER,Intercity,14
2104,2104,NR06,NC03,1061,NFR,Intercity,19
2105,2105,NC01,NC06,2376,NWR,Intercity,5
2106,2106,NC04,NE01,439,SCR,Regional,23
2107,2107,NC07,NE04,674,SECR,Intercity,27
2108,2108,NE02,NE07,2098,SER,Intercity,6
2109,2109,NE05,NF02,1179,SWR,Intercity,7
2110,2110,NE08,NF05,1994,SR,Intercity,8
2111,2111,NF03,NF08,2364,WCR,Intercity,20
2112,2112,NF06,NW03,1749,WR,Intercity,24
2113,2113,NW01,NW06,1845,CR,Intercity,26
2114,2114,NW04,SC01,2367,ER,Intercity,25
2115,2115,NW07,SC04,1896,ECR,Intercity,20
2116,2116,SC02,SC07,1367,ECoR,Intercity,23
2117,2117,SC05,SE02,1796,NR,Intercity,12
2118,2118,SC08,SE05,2081,NCR,Intercity,24
2119,2119,SE03,SE08,2373,NER,Intercity,9
2120,2120,SE06,SE03,640,NFR,Intercity,30
2121,2121,SE01,SE06,1796,NWR,Intercity,6
2122,2122,SE04,SW01,1764,SCR,Intercity,29
2123,2123,SE07,SW04,914,SECR,Intercity,16
2124,2124,SW02,SW07,763,SER,Intercity,21
2125,2125,SW05,SR02,960,SWR,Intercity,9
2126,2126,SW08,SR05,884,SR,Intercity,13
2127,2127,SR03,SR08,391,WCR,Regional,27
2128,2128,SR06,WC03,2209,WR,Intercity,5
2129,2129,WC01,WC06,1227,CR,Intercity,9
2130,2130,WC04,WR01,2084,ER,Intercity,21
2131,2131,WC07,WR04,1317,ECR,Intercity,25
2132,2132,WR02,WR07,2217,ECoR,Intercity,16
2133,2133,WR05,CR02,1434,NR,Intercity,7
2134,2134,WR08,CR05,652,NCR,Intercity,8
2135,2135,CR03,CR08,729,NER,Intercity,28
2136,2136,CR06,ER03,1624,NFR,Intercity,10
2137,2137,ER01,ER06,2109,NWR,Intercity,20
2138,2138,ER04,EC01,2095,SCR,Intercity,29
2139,2139,ER07,EC04,954,SECR,Intercity,14
2140,2140,EC02,EC07,1817,SER,Intercity,6
2141,2141,EC05,EC02,1185,SWR,Intercity,26
2142,2142,EC08,EC05,1605,SR,Intercity,25
2143,2143,EC03,EC08,765,WCR,Intercity,21
2144,2144,EC06,NR03,1046,WR,Intercity,28
2145,2145,NR01,NR06,1043,CR,Intercity,25
2146,2146,NR04,NC01,409,ER,Regional,22
2147,2147,NR07,NC04,1071,ECR,Intercity,13
2148,2148,NC02,NC07,1899,ECoR,Intercity,6
2149,2149,NC05,NE02,1462,NR,Intercity,23
2150,2150,NC08,NE05,150,NCR,Regional,26
2151,2151,NE03,NE08,1288,NER,Intercity,23
2152,2152,NE06,NF03,1754,NFR,Intercity,21
2153,2153,NF01,NF06,548,NWR,Intercity,23
2154,2154,NF04,NW01,1897,SCR,Intercity,12
2155,2155,NF07,NW04,208,SECR,Regional,8
2156,2156,NW02,NW07,522,SER,Intercity,21
2157,2157,NW05,SC02,573,SWR,Intercity,29
2158,2158,NW08,SC05,2349,SR,Intercity,8
2159,2159,SC03,SC08,1511,WCR,Intercity,6
2160,2160,SC06,SE03,835,WR,Intercity,23
2161,2161,SE01,SE06,1278,CR,Intercity,15
2162,2162,SE04,SE01,971,ER,Intercity,28
2163,2163,SE07,SE04,990,ECR,Intercity,17
2164,2164,SE02,SE07,459,ECoR,Regional,18
2165,2165,SE05,SW02,2162,NR,Intercity,6
2166,2166,SE08,SW05,848,NCR,Intercity,29
2167,2167,SW03,SW08,774,NER,Intercity,13
2168,2168,SW06,SR03,2307,NFR,Intercity,16
2169,2169,SR01,SR06,2360,NWR,Intercity,21
2170,2170,SR04,WC01,1902,SCR,Intercity,27
2171,2171,SR07,WC04,387,SECR,Regional,25
2172,2172,WC02,WC07,1976,SER,Intercity,25
2173,2173,WC05,WR02,136,SWR,Regional,7
2174,2174,WC08,WR05,1606,SR,Intercity,7
2175,2175,WR03,WR08,697,WCR,Intercity,26
2176,2176,WR06,CR03,553,WR,Intercity,28
2177,2177,CR01,CR06,251,CR,Regional,21
2178,2178,CR04,ER01,1979,ER,Intercity,28
2179,2179,CR07,ER04,1183,ECR,Intercity,13
2180,2180,ER02,ER07,896,ECoR,Intercity,14
2181,2181,ER05,EC02,228,NR,Regional,9
2182,2182,ER08,EC05,1814,NCR,Intercity,25
2183,2183,EC03,EC08,1508,NER,Intercity,22
2184,2184,EC06,EC03,1578,NFR,Intercity,10
2185,2185,EC01,EC06,1567,NWR,Intercity,30
2186,2186,EC04,NR01,326,SCR,Regional,5
2187,2187,EC07,NR04,821,SECR,Intercity,25
2188,2188,NR02,NR07,408,SER,Regional,10
2189,2189,NR05,NC02,942,SWR,Intercity,25
2190,2190,NR08,NC05,2271,SR,Intercity,17
2191,2191,NC03,NC08,212,WCR,Regional,11
2192,2192,NC06,NE03,1126,WR,Intercity,6
2193,2193,NE01,NE06,1841,CR,Intercity,21
2194,2194,NE04,NF01,892,ER,Intercity,9
2195,2195,NE07,NF04,683,ECR,Intercity,16
2196,2196,NF02,NF07,412,ECoR,Regional,29
2197,2197,NF05,NW02,1242,NR,Intercity,28
2198,2198,NF08,NW05,630,NCR,Intercity,17
2199,2199,NW03,NW08,902,NER,Intercity,24
2200,2200,NW06,SC03,790,NFR,Intercity,26
2201,2201,SC01,SC06,2049,NWR,Intercity,20
2202,2202,SC04,SE01,341,SCR,Regional,10
2203,2203,SC07,SE04,1308,SECR,Intercity,26
2204,2204,SE02,SE07,1008,SER,Intercity,7
2205,2205,SE05,SE02,1134,SWR,Intercity,18
2206,2206,SE08,SE05,1165,SR,Intercity,25
2207,2207,SE03,SE08,554,WCR,Intercity,19
2208,2208,SE06,SW03,527,WR,Intercity,14
2209,2209,SW01,SW06,1549,CR,Intercity,15
2210,2210,SW04,SR01,1076,ER,Intercity,16
2211,2211,SW07,SR04,2058,ECR,Intercity,24
2212,2212,SR02,SR07,539,ECoR,Intercity,30
2213,2213,SR05,WC02,1773,NR,Intercity,25
2214,2214,SR08,WC05,1283,NCR,Intercity,13
2215,2215,WC03,WC08,953,NER,Intercity,7
2216,2216,WC06,WR03,1487,NFR,Intercity,17
2217,2217,WR01,WR06,293,NWR,Regional,27
2218,2218,WR04,CR01,1468,SCR,Intercity,21
2219,2219,WR07,CR04,1420,SECR,Intercity,13
2220,2220,CR02,CR07,1522,SER,Intercity,7
2221,2221,CR05,ER02,2141,SWR,Intercity,11
2222,2222,CR08,ER05,892,SR,Intercity,23
2223,2223,ER03,ER08,740,WCR,Intercity,22
2224,2224,ER06,EC03,852,WR,Intercity,16
2225,2225,EC01,EC06,681,CR,Intercity,13
2226,2226,EC04,EC01,314,ER,Regional,9
2227,2227,EC07,EC04,1833,ECR,Intercity,30
2228,2228,EC02,EC07,442,ECoR,Regional,16
2229,2229,EC05,NR02,224,NR,Regional,24
2230,2230,EC08,NR05,1242,NCR,Intercity,16
2231,2231,NR03,NR08,90,NER,Regional,19
2232,2232,NR06,NC03,1650,NFR,Intercity,21
2233,2233,NC01,NC06,1166,NWR,Intercity,14
2234,2234,NC04,NE01,832,SCR,Intercity,29
2235,2235,NC07,NE04,1120,SECR,Intercity,16
2236,2236,NE02,NE07,763,SER,Intercity,24
2237,2237,NE05,NF02,1034,SWR,Intercity,28
2238,2238,NE08,NF05,1436,SR,Intercity,14
2239,2239,NF03,NF08,641,WCR,Intercity,11
2240,2240,NF06,NW03,1039,WR,Intercity,30
2241,2241,NW01,NW06,2358,CR,Intercity,25
2242,2242,NW04,SC01,2161,ER,Intercity,25
2243,2243,NW07,SC04,1077,ECR,Intercity,29
2244,2244,SC02,SC07,1467,ECoR,Intercity,5
2245,2245,SC05,SE02,1482,NR,Intercity,29
2246,2246,SC08,SE05,745,NCR,Intercity,8
2247,2247,SE03,SE08,2101,NER,Intercity,8
2248,2248,SE06,SE03,2018,NFR,Intercity,10
2249,2249,SE01,SE06,1547,NWR,Intercity,7
2250,2250,SE04,SW01,1568,SCR,Intercity,7
2251,2251,SE07,SW04,2117,SECR,Intercity,8
2252,2252,SW02,SW07,1863,SER,Intercity,17
2253,2253,SW05,SR02,632,SWR,Intercity,14
2254,2254,SW08,SR05,1056,SR,Intercity,13
2255,2255,SR03,SR08,1051,WCR,Intercity,9
2256,2256,SR06,WC03,1730,WR,Intercity,30
2257,2257,WC01,WC06,470,CR,Regional,13
2258,2258,WC04,WR01,1898,ER,Intercity,17
2259,2259,WC07,WR04,1985,ECR,Intercity,8
2260,2260,WR02,WR07,268,ECoR,Regional,10
2261,2261,WR05,CR02,2364,NR,Intercity,11
2262,2262,WR08,CR05,1450,NCR,Intercity,30
2263,2263,CR03,CR08,2308,NER,Intercity,9
2264,2264,CR06,ER03,1934,NFR,Intercity,18
2265,2265,ER01,ER06,1801,NWR,Intercity,19
2266,2266,ER04,EC01,1305,SCR,Intercity,6
2267,2267,ER07,EC04,2383,SECR,Intercity,14
2268,2268,EC02,EC07,2149,SER,Intercity,7
2269,2269,EC05,EC02,2329,SWR,Intercity,9
2270,2270,EC08,EC05,919,SR,Intercity,22
2271,2271,EC03,EC08,1526,WCR,Intercity,19
2272,2272,EC06,NR03,1421,WR,Intercity,17
2273,2273,NR01,NR06,2027,CR,Intercity,10
2274,2274,NR04,NC01,482,ER,Regional,21
2275,2275,NR07,NC04,2010,ECR,Intercity,28
2276,2276,NC02,NC07,533,ECoR,Intercity,27
2277,2277,NC05,NE02,664,NR,Intercity,9
2278,2278,NC08,NE05,1319,NCR,Intercity,22
2279,2279,NE03,NE08,93,NER,Regional,11
2280,2280,NE06,NF03,2169,NFR,Intercity,27
2281,2281,NF01,NF06,882,NWR,Intercity,17
2282,2282,NF04,NW01,226,SCR,Regional,24
2283,2283,NF07,NW04,287,SECR,Regional,19
2284,2284,NW02,NW07,2027,SER,Intercity,22
2285,2285,NW05,SC02,1339,SWR,Intercity,29
2286,2286,NW08,SC05,2360,SR,Intercity,8
2287,2287,SC03,SC08,1011,WCR,Intercity,28
2288,2288,SC06,SE03,2392,WR,Intercity,17
2289,2289,SE01,SE06,1785,CR,Intercity,8
2290,2290,SE04,SE01,239,ER,Regional,16
2291,2291,SE07,SE04,1877,ECR,Intercity,6
2292,2292,SE02,SE07,828,ECoR,Intercity,19
2293,2293,SE05,SW02,432,NR,Regional,17
2294,2294,SE08,SW05,1659,NCR,Intercity,15
2295,2295,SW03,SW08,1214,NER,Intercity,16
2296,2296,SW06,SR03,1629,NFR,Intercity,21
2297,2297,SR01,SR06,632,NWR,Intercity,26
2298,2298,SR04,WC01,1907,SCR,Intercity,15
2299,2299,SR07,WC04,1255,SECR,Intercity,5
2300,2300,WC02,WC07,2293,SER,Intercity,19
2301,2301,WC05,WR02,615,SWR,Intercity,29
2302,2302,WC08,WR05,1842,SR,Intercity,15
2303,2303,WR03,WR08,833,WCR,Intercity,8
2304,2304,WR06,CR03,1224,WR,Intercity,28
2305,2305,CR01,CR06,1661,CR,Intercity,15
2306,2306,CR04,ER01,1807,ER,Intercity,14
2307,2307,CR07,ER04,1667,ECR,Intercity,12
2308,2308,ER02,ER07,1509,ECoR,Intercity,24
2309,2309,ER05,EC02,1971,NR,Intercity,8
2310,2310,ER08,EC05,643,NCR,Intercity,20
2311,2311,EC03,EC08,926,NER,Intercity,14
2312,2312,EC06,EC03,1353,NFR,Intercity,15
2313,2313,EC01,EC06,968,NWR,Intercity,10
2314,2314,EC04,NR01,1158,SCR,Intercity,25
2315,2315,EC07,NR04,289,SECR,Regional,16
2316,2316,NR02,NR07,1970,SER,Intercity,29
2317,2317,NR05,NC02,1839,SWR,Intercity,26
2318,2318,NR08,NC05,387,SR,Regional,24
2319,2319,NC03,NC08,316,WCR,Regional,16
2320,2320,NC06,NE03,2184,WR,Intercity,29
2321,2321,NE01,NE06,2146,CR,Intercity,20
2322,2322,NE04,NF01,1843,ER,Intercity,16
2323,2323,NE07,NF04,866,ECR,Intercity,14
2324,2324,NF02,NF07,2006,ECoR,Intercity,28
2325,2325,NF05,NW02,1972,NR,Intercity,11
2326,2326,NF08,NW05,1655,NCR,Intercity,27
2327,2327,NW03,NW08,1481,NER,Intercity,10
2328,2328,NW06,SC03,548,NFR,Intercity,24
2329,2329,SC01,SC06,1251,NWR,Intercity,12
2330,2330,SC04,SE01,1752,SCR,Intercity,26
2331,2331,SC07,SE04,1231,SECR,Intercity,26
2332,2332,SE02,SE07,655,SER,Intercity,23
2333,2333,SE05,SE02,985,SWR,Intercity,30
2334,2334,SE08,SE05,852,SR,Intercity,18
2335,2335,SE03,SE08,616,WCR,Intercity,26
2336,2336,SE06,SW03,1269,WR,Intercity,19
2337,2337,SW01,SW06,712,CR,Intercity,6
2338,2338,SW04,SR01,708,ER,Intercity,15
2339,2339,SW07,SR04,324,ECR,Regional,5
2340,2340,SR02,SR07,589,ECoR,Intercity,22
2341,2341,SR05,WC02,1658,NR,Intercity,8
2342,2342,SR08,WC05,134,NCR,Regional,13
2343,2343,WC03,WC08,1525,NER,Intercity,27
2344,2344,WC06,WR03,1271,NFR,Intercity,24
2345,2345,WR01,WR06,1170,NWR,Intercity,13
2346,2346,WR04,CR01,1578,SCR,Intercity,18
2347,2347,WR07,CR04,1424,SECR,Intercity,20
2348,2348,CR02,CR07,1740,SER,Intercity,14
2349,2349,CR05,ER02,1488,SWR,Intercity,24
2350,2350,CR08,ER05,357,SR,Regional,8
2351,2351,ER03,ER08,337,WCR,Regional,16
2352,2352,ER06,EC03,489,WR,Regional,11
2353,2353,EC01,EC06,554,CR,Intercity,22
2354,2354,EC04,EC01,1901,ER,Intercity,21
2355,2355,EC07,EC04,962,ECR,Intercity,25
2356,2356,EC02,EC07,446,ECoR,Regional,14
2357,2357,EC05,NR02,352,NR,Regional,10
2358,2358,EC08,NR05,1281,NCR,Intercity,5
2359,2359,NR03,NR08,1703,NER,Intercity,27
2360,2360,NR06,NC03,2030,NFR,Intercity,13
2361,2361,NC01,NC06,557,NWR,Intercity,24
2362,2362,NC04,NE01,401,SCR,Regional,14
2363,2363,NC07,NE04,701,SECR,Intercity,13
2364,2364,NE02,NE07,1526,SER,Intercity,11
2365,2365,NE05,NF02,1748,SWR,Intercity,25
2366,2366,NE08,NF05,1307,SR,Intercity,12
2367,2367,NF03,NF08,1374,WCR,Intercity,12
2368,2368,NF06,NW03,1883,WR,Intercity,23
2369,2369,NW01,NW06,1316,CR,Intercity,18
2370,2370,NW04,SC01,1812,ER,Intercity,24
2371,2371,NW07,SC04,1186,ECR,Intercity,7
2372,2372,SC02,SC07,1976,ECoR,Intercity,29
2373,2373,SC05,SE02,344,NR,Regional,11
2374,2374,SC08,SE05,797,NCR,Intercity,8
2375,2375,SE03,SE08,609,NER,Intercity,7
2376,2376,SE06,SE03,993,NFR,Intercity,13
2377,2377,SE01,SE06,609,NWR,Intercity,16
2378,2378,SE04,SW01,422,SCR,Regional,7
2379,2379,SE07,SW04,1173,SECR,Intercity,21
2380,2380,SW02,SW07,1628,SER,Intercity,20
2381,2381,SW05,SR02,2187,SWR,Intercity,25
2382,2382,SW08,SR05,1142,SR,Intercity,5
2383,2383,SR03,SR08,569,WCR,Intercity,7
2384,2384,SR06,WC03,254,WR,Regional,10
2385,2385,WC01,WC06,2075,CR,Intercity,16
2386,2386,WC04,WR01,1234,ER,Intercity,20
2387,2387,WC07,WR04,598,ECR,Intercity,10
2388,2388,WR02,WR07,744,ECoR,Intercity,14
2389,2389,WR05,CR02,769,NR,Intercity,18
2390,2390,WR08,CR05,1322,NCR,Intercity,19
2391,2391,CR03,CR08,1658,NER,Intercity,18
2392,2392,CR06,ER03,880,NFR,Intercity,21
2393,2393,ER01,ER06,2183,NWR,Intercity,24
2394,2394,ER04,EC01,1999,SCR,Intercity,26
2395,2395,ER07,EC04,1654,SECR,Intercity,30
2396,2396,EC02,EC07,956,SER,Intercity,15
2397,2397,EC05,EC02,1579,SWR,Intercity,13
2398,2398,EC08,EC05,2315,SR,Intercity,12
2399,2399,EC03,EC08,292,WCR,Regional,14
2400,2400,EC06,NR03,1972,WR,Intercity,19
2401,2401,NR01,NR06,1258,CR,Intercity,20
2402,2402,NR04,NC01,1400,ER,Intercity,6
2403,2403,NR07,NC04,414,ECR,Regional,30
2404,2404,NC02,NC07,2061,ECoR,Intercity,6
2405,2405,NC05,NE02,977,NR,Intercity,15
2406,2406,NC08,NE05,103,NCR,Regional,16
2407,2407,NE03,NE08,1746,NER,Intercity,13
2408,2408,NE06,NF03,1990,NFR,Intercity,10
2409,2409,NF01,NF06,1156,NWR,Intercity,18
2410,2410,NF04,NW01,388,SCR,Regional,5
2411,2411,NF07,NW04,324,SECR,Regional,24
2412,2412,NW02,NW07,350,SER,Regional,22
2413,2413,NW05,SC02,1061,SWR,Intercity,25
2414,2414,NW08,SC05,368,SR,Regional,26
2415,2415,SC03,SC08,932,WCR,Intercity,28
2416,2416,SC06,SE03,740,WR,Intercity,8
2417,2417,SE01,SE06,1017,CR,Intercity,26
2418,2418,SE04,SE01,1887,ER,Intercity,19
2419,2419,SE07,SE04,1161,ECR,Intercity,8
2420,2420,SE02,SE07,302,ECoR,Regional,30
2421,2421,SE05,SW02,1742,NR,Intercity,26
2422,2422,SE08,SW05,2049,NCR,Intercity,11
2423,2423,SW03,SW08,925,NER,Intercity,28
2424,2424,SW06,SR03,1403,NFR,Intercity,24
2425,2425,SR01,SR06,1797,NWR,Intercity,16
2426,2426,SR04,WC01,438,SCR,Regional,9
2427,2427,SR07,WC04,2295,SECR,Intercity,24
2428,2428,WC02,WC07,604,SER,Intercity,29
2429,2429,WC05,WR02,853,SWR,Intercity,10
2430,2430,WC08,WR05,109,SR,Regional,5
2431,2431,WR03,WR08,364,WCR,Regional,10
2432,2432,WR06,CR03,909,WR,Intercity,12
2433,2433,CR01,CR06,238,CR,Regional,14
2434,2434,CR04,ER01,1408,ER,Intercity,30
2435,2435,CR07,ER04,1673,ECR,Intercity,30
2436,2436,ER02,ER07,640,ECoR,Intercity,22
2437,2437,ER05,EC02,1666,NR,Intercity,10
2438,2438,ER08,EC05,1509,NCR,Intercity,10
2439,2439,EC03,EC08,1764,NER,Intercity,7
2440,2440,EC06,EC03,1327,NFR,Intercity,25
2441,2441,EC01,EC06,1322,NWR,Intercity,10
2442,2442,EC04,NR01,2039,SCR,Intercity,28
2443,2443,EC07,NR04,2129,SECR,Intercity,20
2444,2444,NR02,NR07,379,SER,Regional,17
2445,2445,NR05,NC02,1510,SWR,Intercity,29
2446,2446,NR08,NC05,685,SR,Intercity,9
2447,2447,NC03,NC08,251,WCR,Regional,17
2448,2448,NC06,NE03,385,WR,Regional,11
2449,2449,NE01,NE06,613,CR,Intercity,9
2450,2450,NE04,NF01,1673,ER,Intercity,29
2451,2451,NE07,NF04,654,ECR,Intercity,20
2452,2452,NF02,NF07,92,ECoR,Regional,9
2453,2453,NF05,NW02,319,NR,Regional,7
2454,2454,NF08,NW05,1762,NCR,Intercity,13
2455,2455,NW03,NW08,2023,NER,Intercity,26
2456,2456,NW06,SC03,522,NFR,Intercity,8
2457,2457,SC01,SC06,1683,NWR,Intercity,24
2458,2458,SC04,SE01,302,SCR,Regional,7
2459,2459,SC07,SE04,1677,SECR,Intercity,13
2460,2460,SE02,SE07,837,SER,Intercity,18
2461,2461,SE05,SE02,1858,SWR,Intercity,8
2462,2462,SE08,SE05,911,SR,Intercity,15
2463,2463,SE03,SE08,566,WCR,Intercity,11
2464,2464,SE06,SW03,180,WR,Regional,6
2465,2465,SW01,SW06,433,CR,Regional,5
2466,2466,SW04,SR01,871,ER,Intercity,8
2467,2467,SW07,SR04,2049,ECR,Intercity,24
2468,2468,SR02,SR07,1147,ECoR,Intercity,5
2469,2469,SR05,WC02,1616,NR,Intercity,18
2470,2470,SR08,WC05,989,NCR,Intercity,5
2471,2471,WC03,WC08,602,NER,Intercity,10
2472,2472,WC06,WR03,913,NFR,Intercity,9
2473,2473,WR01,WR06,132,NWR,Regional,13
2474,2474,WR04,CR01,1962,SCR,Intercity,24
2475,2475,WR07,CR04,284,SECR,Regional,15
2476,2476,CR02,CR07,689,SER,Intercity,5
2477,2477,CR05,ER02,191,SWR,Regional,8
2478,2478,CR08,ER05,532,SR,Intercity,12
2479,2479,ER03,ER08,327,WCR,Regional,12
2480,2480,ER06,EC03,425,WR,Regional,19
2481,2481,EC01,EC06,199,CR,Regional,14
2482,2482,EC04,EC01,1376,ER,Intercity,24
2483,2483,EC07,EC04,2037,ECR,Intercity,11
2484,2484,EC02,EC07,752,ECoR,Intercity,22
2485,2485,EC05,NR02,1287,NR,Intercity,7
2486,2486,EC08,NR05,966,NCR,Intercity,30
2487,2487,NR03,NR08,720,NER,Intercity,30
2488,2488,NR06,NC03,1693,NFR,Intercity,12
2489,2489,NC01,NC06,1020,NWR,Intercity,11
2490,2490,NC04,NE01,1390,SCR,Intercity,5
2491,2491,NC07,NE04,1594,SECR,Intercity,30
2492,2492,NE02,NE07,802,SER,Intercity,5
2493,2493,NE05,NF02,1149,SWR,Intercity,5
2494,2494,NE08,NF05,1978,SR,Intercity,7
2495,2495,NF03,NF08,303,WCR,Regional,12
2496,2496,NF06,NW03,1631,WR,Intercity,30
2497,2497,NW01,NW06,2320,CR,Intercity,9
2498,2498,NW04,SC01,166,ER,Regional,19
2499,2499,NW07,SC04,1250,ECR,Intercity,21
2500,2500,SC02,SC07,2315,ECoR,Intercity,25
