Schedule_ID,Train_ID,Train_Number,Station_Code,Station_Name,Arrival_Time,Departure_Time,Halt_Minutes,Day_Number,Distance_From_Source,Sequence_Number
1,1,12001,CR01,Mumbai Junction 1,00:00,00:04,13,1,404,1
2,2,12002,CR08,Mumbai Junction 8,03:11,03:15,8,2,944,2
3,3,12003,ER07,Kolkata Junction 7,06:22,06:28,6,3,649,3
4,4,12004,EC06,Hajipur Junction 6,09:33,09:47,10,4,2023,4
5,5,12005,EC05,Bhubaneswar Junction 5,12:44,12:59,11,5,1816,5
6,6,12006,NR04,New Delhi Junction 4,15:55,15:58,15,6,1060,6
7,7,12007,NC03,Prayagraj Junction 3,18:06,18:17,5,7,210,7
8,8,12008,NE02,Gorakhpur Junction 2,21:17,21:31,8,1,304,8
9,9,12009,NF01,Guwahati Junction 1,00:28,00:39,2,2,991,9
10,10,12010,NF08,Guwahati Junction 8,03:39,03:50,12,3,997,10
11,11,12011,NW07,Jaipur Junction 7,06:50,06:57,13,4,406,11
12,12,12012,SC06,Secunderabad Junction 6,09:01,09:04,4,5,1762,12
13,13,12013,SE05,Bilaspur Junction 5,12:12,12:20,2,6,371,13
14,14,12014,SE04,Kolkata Junction 4,15:23,15:25,13,7,1014,14
15,15,12015,SW03,Hubballi Junction 3,18:34,18:36,5,1,1356,15
16,16,12016,SR02,Chennai Junction 2,21:45,21:55,13,2,56,16
17,17,12017,WC01,Jabalpur Junction 1,00:56,00:58,2,3,866,17
18,18,12018,WC08,Jabalpur Junction 8,03:07,03:19,11,4,462,18
19,19,12019,WR07,Mumbai Junction 7,06:18,06:29,11,5,421,19
20,20,12020,CR06,Mumbai Junction 6,09:29,09:41,7,6,130,20
21,21,12021,ER05,Kolkata Junction 5,12:40,12:47,12,7,1531,21
22,22,12022,EC04,Hajipur Junction 4,15:51,15:56,12,1,857,22
23,23,12023,EC03,Bhubaneswar Junction 3,18:02,18:10,3,2,2193,23
24,24,12024,NR02,New Delhi Junction 2,21:13,21:26,4,3,1233,24
25,25,12025,NC01,Prayagraj Junction 1,00:24,00:36,9,4,463,25
26,26,12026,NC08,Prayagraj Junction 8,03:35,03:50,5,5,735,26
27,27,12027,NE07,Gorakhpur Junction 7,06:46,06:53,14,6,1100,27
28,28,12028,NF06,Guwahati Junction 6,09:57,09:09,14,7,2042,28
29,29,12029,NW05,Jaipur Junction 5,12:08,12:21,14,1,2086,29
30,30,12030,SC04,Secunderabad Junction 4,15:19,15:34,11,2,289,30
31,31,12031,SE03,Bilaspur Junction 3,18:30,18:33,13,3,695,1
32,32,12032,SE02,Kolkata Junction 2,21:41,21:54,15,4,1417,2
33,33,12033,SW01,Hubballi Junction 1,00:52,00:04,5,5,955,3
34,34,12034,SW08,Hubballi Junction 8,03:03,03:18,13,6,449,4
35,35,12035,SR07,Chennai Junction 7,06:14,06:29,8,7,1856,5
36,36,12036,WC06,Jabalpur Junction 6,09:25,09:34,10,1,356,6
37,37,12037,WR05,Mumbai Junction 5,12:36,12:42,12,2,1853,7
38,38,12038,CR04,Mumbai Junction 4,15:47,15:50,3,3,1524,8
39,39,12039,ER03,Kolkata Junction 3,18:58,18:06,13,4,150,9
40,40,12040,EC02,Hajipur Junction 2,21:09,21:15,2,5,1560,10
41,41,12041,EC01,Bhubaneswar Junction 1,00:20,00:34,4,6,712,11
42,42,12042,EC08,Bhubaneswar Junction 8,03:31,03:44,2,7,2094,12
43,43,12043,NR07,New Delhi Junction 7,06:42,06:56,4,1,305,13
44,44,12044,NC06,Prayagraj Junction 6,09:53,09:04,2,2,1112,14
45,45,12045,NE05,Gorakhpur Junction 5,12:04,12:06,9,3,770,15
46,46,12046,NF04,Guwahati Junction 4,15:15,15:26,14,4,1075,16
47,47,12047,NW03,Jaipur Junction 3,18:26,18:36,10,5,2166,17
48,48,12048,SC02,Secunderabad Junction 2,21:37,21:42,5,6,832,18
49,49,12049,SE01,Bilaspur Junction 1,00:48,00:00,14,7,611,19
50,50,12050,SE08,Bilaspur Junction 8,03:59,03:02,10,1,1314,20
51,51,12051,SE07,Kolkata Junction 7,06:10,06:17,4,2,1869,21
52,52,12052,SW06,Hubballi Junction 6,09:21,09:34,12,3,1273,22
53,53,12053,SR05,Chennai Junction 5,12:32,12:37,7,4,150,23
54,54,12054,WC04,Jabalpur Junction 4,15:43,15:48,8,5,961,24
55,55,12055,WR03,Mumbai Junction 3,18:54,18:57,15,6,590,25
56,56,12056,CR02,Mumbai Junction 2,21:05,21:14,8,7,1032,26
57,57,12057,ER01,Kolkata Junction 1,00:16,00:29,12,1,1908,27
58,58,12058,ER08,Kolkata Junction 8,03:27,03:34,5,2,940,28
59,59,12059,EC07,Hajipur Junction 7,06:38,06:47,6,3,1012,29
60,60,12060,EC06,Bhubaneswar Junction 6,09:49,09:53,10,4,1570,30
61,61,12061,NR05,New Delhi Junction 5,12:00,12:09,14,5,2190,1
62,62,12062,NC04,Prayagraj Junction 4,15:11,15:25,3,6,1937,2
63,63,12063,NE03,Gorakhpur Junction 3,18:22,18:28,8,7,906,3
64,64,12064,NF02,Guwahati Junction 2,21:33,21:38,14,1,1403,4
65,65,12065,NW01,Jaipur Junction 1,00:44,00:59,15,2,923,5
66,66,12066,NW08,Jaipur Junction 8,03:55,03:07,9,3,1088,6
67,67,12067,SC07,Secunderabad Junction 7,06:06,06:18,11,4,2005,7
68,68,12068,SE06,Bilaspur Junction 6,09:17,09:29,10,5,2022,8
69,69,12069,SE05,Kolkata Junction 5,12:28,12:31,12,6,863,9
70,70,12070,SW04,Hubballi Junction 4,15:39,15:47,12,7,601,10
71,71,12071,SR03,Chennai Junction 3,18:50,18:04,8,1,767,11
72,72,12072,WC02,Jabalpur Junction 2,21:01,21:07,7,2,2074,12
73,73,12073,WR01,Mumbai Junction 1,00:12,00:15,9,3,1837,13
74,74,12074,WR08,Mumbai Junction 8,03:23,03:31,9,4,766,14
75,75,12075,CR07,Mumbai Junction 7,06:34,06:37,10,5,2023,15
76,76,12076,ER06,Kolkata Junction 6,09:45,09:54,8,6,283,16
77,77,12077,EC05,Hajipur Junction 5,12:56,12:11,14,7,1984,17
78,78,12078,EC04,Bhubaneswar Junction 4,15:07,15:14,10,1,951,18
79,79,12079,NR03,New Delhi Junction 3,18:18,18:23,4,2,844,19
80,80,12080,NC02,Prayagraj Junction 2,21:29,21:38,3,3,1544,20
81,81,12081,NE01,Gorakhpur Junction 1,00:40,00:48,14,4,613,21
82,82,12082,NE08,Gorakhpur Junction 8,03:51,03:53,6,5,2141,22
83,83,12083,NF07,Guwahati Junction 7,06:02,06:08,11,6,1855,23
84,84,12084,NW06,Jaipur Junction 6,09:13,09:18,10,7,449,24
85,85,12085,SC05,Secunderabad Junction 5,12:24,12:31,6,1,1479,25
86,86,12086,SE04,Bilaspur Junction 4,15:35,15:49,5,2,641,26
87,87,12087,SE03,Kolkata Junction 3,18:46,18:59,8,3,1128,27
88,88,12088,SW02,Hubballi Junction 2,21:57,21:08,3,4,1918,28
89,89,12089,SR01,Chennai Junction 1,00:08,00:15,11,5,950,29
90,90,12090,SR08,Chennai Junction 8,03:19,03:31,10,6,381,30
91,91,12091,WC07,Jabalpur Junction 7,06:30,06:34,14,7,1143,1
92,92,12092,WR06,Mumbai Junction 6,09:41,09:46,4,1,282,2
93,93,12093,CR05,Mumbai Junction 5,12:52,12:06,15,2,865,3
94,94,12094,ER04,Kolkata Junction 4,15:03,15:07,7,3,300,4
95,95,12095,EC03,Hajipur Junction 3,18:14,18:23,10,4,2167,5
96,96,12096,EC02,Bhubaneswar Junction 2,21:25,21:31,4,5,293,6
97,97,12097,NR01,New Delhi Junction 1,00:36,00:43,10,6,146,7
98,98,12098,NR08,New Delhi Junction 8,03:47,03:59,8,7,1745,8
99,99,12099,NC07,Prayagraj Junction 7,06:58,06:06,4,1,47,9
100,100,12100,NE06,Gorakhpur Junction 6,09:09,09:18,9,2,1790,10
101,101,12101,NF05,Guwahati Junction 5,12:20,12:34,4,3,692,11
102,102,12102,NW04,Jaipur Junction 4,15:31,15:35,3,4,5,12
103,103,12103,SC03,Secunderabad Junction 3,18:42,18:45,9,5,334,13
104,104,12104,SE02,Bilaspur Junction 2,21:53,21:57,3,6,1593,14
105,105,12105,SE01,Kolkata Junction 1,00:04,00:14,15,7,245,15
106,106,12106,SE08,Kolkata Junction 8,03:15,03:19,8,1,1428,16
107,107,12107,SW07,Hubballi Junction 7,06:26,06:29,4,2,927,17
108,108,12108,SR06,Chennai Junction 6,09:37,09:39,7,3,1668,18
109,109,12109,WC05,Jabalpur Junction 5,12:48,12:57,8,4,1073,19
110,110,12110,WR04,Mumbai Junction 4,15:59,15:14,9,5,1175,20
111,111,12111,CR03,Mumbai Junction 3,18:10,18:25,4,6,211,21
112,112,12112,ER02,Kolkata Junction 2,21:21,21:29,6,7,446,22
113,113,12113,EC01,Hajipur Junction 1,00:32,00:35,14,1,1351,23
114,114,12114,EC08,Hajipur Junction 8,03:43,03:54,3,2,750,24
115,115,12115,EC07,Bhubaneswar Junction 7,06:54,06:04,9,3,1528,25
116,116,12116,NR06,New Delhi Junction 6,09:05,09:16,7,4,1722,26
117,117,12117,NC05,Prayagraj Junction 5,12:16,12:21,3,5,2009,27
118,118,12118,NE04,Gorakhpur Junction 4,15:27,15:29,5,6,251,28
119,119,12119,NF03,Guwahati Junction 3,18:38,18:43,7,7,285,29
120,120,12120,NW02,Jaipur Junction 2,21:49,21:57,14,1,300,30
121,121,12121,SC01,Secunderabad Junction 1,00:00,00:14,7,2,1303,1
122,122,12122,SC08,Secunderabad Junction 8,03:11,03:19,6,3,239,2
123,123,12123,SE07,Bilaspur Junction 7,06:22,06:32,14,4,1145,3
124,124,12124,SE06,Kolkata Junction 6,09:33,09:43,11,5,854,4
125,125,12125,SW05,Hubballi Junction 5,12:44,12:47,9,6,1911,5
126,126,12126,SR04,Chennai Junction 4,15:55,15:01,14,7,1879,6
127,127,12127,WC03,Jabalpur Junction 3,18:06,18:11,10,1,1644,7
128,128,12128,WR02,Mumbai Junction 2,21:17,21:25,11,2,2003,8
129,129,12129,CR01,Mumbai Junction 1,00:28,00:38,13,3,1762,9
130,130,12130,CR08,Mumbai Junction 8,03:39,03:52,13,4,496,10
131,131,12131,ER07,Kolkata Junction 7,06:50,06:52,4,5,549,11
132,132,12132,EC06,Hajipur Junction 6,09:01,09:12,9,6,1031,12
133,133,12133,EC05,Bhubaneswar Junction 5,12:12,12:14,11,7,801,13
134,134,12134,NR04,New Delhi Junction 4,15:23,15:35,3,1,649,14
135,135,12135,NC03,Prayagraj Junction 3,18:34,18:36,5,2,2031,15
136,136,12136,NE02,Gorakhpur Junction 2,21:45,21:53,8,3,601,16
137,137,12137,NF01,Guwahati Junction 1,00:56,00:01,11,4,2167,17
138,138,12138,NF08,Guwahati Junction 8,03:07,03:19,12,5,1038,18
139,139,12139,NW07,Jaipur Junction 7,06:18,06:21,12,6,1779,19
140,140,12140,SC06,Secunderabad Junction 6,09:29,09:38,3,7,1568,20
141,141,12141,SE05,Bilaspur Junction 5,12:40,12:54,5,1,350,21
142,142,12142,SE04,Kolkata Junction 4,15:51,15:03,6,2,1573,22
143,143,12143,SW03,Hubballi Junction 3,18:02,18:13,5,3,92,23
144,144,12144,SR02,Chennai Junction 2,21:13,21:22,7,4,1881,24
145,145,12145,WC01,Jabalpur Junction 1,00:24,00:31,5,5,1892,25
146,146,12146,WC08,Jabalpur Junction 8,03:35,03:47,10,6,2098,26
147,147,12147,WR07,Mumbai Junction 7,06:46,06:58,14,7,1757,27
148,148,12148,CR06,Mumbai Junction 6,09:57,09:04,2,1,1335,28
149,149,12149,ER05,Kolkata Junction 5,12:08,12:20,15,2,1499,29
150,150,12150,EC04,Hajipur Junction 4,15:19,15:28,10,3,253,30
151,151,12151,EC03,Bhubaneswar Junction 3,18:30,18:32,2,4,1990,1
152,152,12152,NR02,New Delhi Junction 2,21:41,21:54,5,5,931,2
153,153,12153,NC01,Prayagraj Junction 1,00:52,00:00,5,6,929,3
154,154,12154,NC08,Prayagraj Junction 8,03:03,03:09,11,7,1666,4
155,155,12155,NE07,Gorakhpur Junction 7,06:14,06:17,8,1,2180,5
156,156,12156,NF06,Guwahati Junction 6,09:25,09:39,13,2,1616,6
157,157,12157,NW05,Jaipur Junction 5,12:36,12:38,15,3,1617,7
158,158,12158,SC04,Secunderabad Junction 4,15:47,15:01,14,4,560,8
159,159,12159,SE03,Bilaspur Junction 3,18:58,18:00,11,5,1009,9
160,160,12160,SE02,Kolkata Junction 2,21:09,21:11,5,6,2180,10
161,161,12161,SW01,Hubballi Junction 1,00:20,00:27,5,7,1440,11
162,162,12162,SW08,Hubballi Junction 8,03:31,03:42,6,1,1868,12
163,163,12163,SR07,Chennai Junction 7,06:42,06:52,4,2,714,13
164,164,12164,WC06,Jabalpur Junction 6,09:53,09:06,3,3,26,14
165,165,12165,WR05,Mumbai Junction 5,12:04,12:15,8,4,556,15
166,166,12166,CR04,Mumbai Junction 4,15:15,15:23,4,5,822,16
167,167,12167,ER03,Kolkata Junction 3,18:26,18:31,10,6,1481,17
168,168,12168,EC02,Hajipur Junction 2,21:37,21:51,2,7,719,18
169,169,12169,EC01,Bhubaneswar Junction 1,00:48,00:53,10,1,1172,19
170,170,12170,EC08,Bhubaneswar Junction 8,03:59,03:13,14,2,1700,20
171,171,12171,NR07,New Delhi Junction 7,06:10,06:14,2,3,1978,21
172,172,12172,NC06,Prayagraj Junction 6,09:21,09:36,5,4,102,22
173,173,12173,NE05,Gorakhpur Junction 5,12:32,12:43,10,5,1955,23
174,174,12174,NF04,Guwahati Junction 4,15:43,15:53,12,6,1730,24
175,175,12175,NW03,Jaipur Junction 3,18:54,18:56,4,7,1716,25
176,176,12176,SC02,Secunderabad Junction 2,21:05,21:09,4,1,1654,26
177,177,12177,SE01,Bilaspur Junction 1,00:16,00:20,4,2,29,27
178,178,12178,SE08,Bilaspur Junction 8,03:27,03:35,10,3,1609,28
179,179,12179,SE07,Kolkata Junction 7,06:38,06:52,11,4,1664,29
180,180,12180,SW06,Hubballi Junction 6,09:49,09:53,6,5,668,30
181,181,12181,SR05,Chennai Junction 5,12:00,12:02,15,6,530,1
182,182,12182,WC04,Jabalpur Junction 4,15:11,15:19,6,7,97,2
183,183,12183,WR03,Mumbai Junction 3,18:22,18:36,5,1,220,3
184,184,12184,CR02,Mumbai Junction 2,21:33,21:39,4,2,2198,4
185,185,12185,ER01,Kolkata Junction 1,00:44,00:48,6,3,596,5
186,186,12186,ER08,Kolkata Junction 8,03:55,03:57,2,4,1128,6
187,187,12187,EC07,Hajipur Junction 7,06:06,06:11,3,5,641,7
188,188,12188,EC06,Bhubaneswar Junction 6,09:17,09:22,7,6,2183,8
189,189,12189,NR05,New Delhi Junction 5,12:28,12:34,11,7,1690,9
190,190,12190,NC04,Prayagraj Junction 4,15:39,15:41,9,1,987,10
191,191,12191,NE03,Gorakhpur Junction 3,18:50,18:59,4,2,1023,11
192,192,12192,NF02,Guwahati Junction 2,21:01,21:04,15,3,1291,12
193,193,12193,NW01,Jaipur Junction 1,00:12,00:14,9,4,2037,13
194,194,12194,NW08,Jaipur Junction 8,03:23,03:35,5,5,1963,14
195,195,12195,SC07,Secunderabad Junction 7,06:34,06:38,5,6,340,15
196,196,12196,SE06,Bilaspur Junction 6,09:45,09:59,12,7,1139,16
197,197,12197,SE05,Kolkata Junction 5,12:56,12:07,5,1,155,17
198,198,12198,SW04,Hubballi Junction 4,15:07,15:20,15,2,78,18
199,199,12199,SR03,Chennai Junction 3,18:18,18:20,9,3,94,19
200,200,12200,WC02,Jabalpur Junction 2,21:29,21:41,15,4,615,20
201,201,12201,WR01,Mumbai Junction 1,00:40,00:46,14,5,783,21
202,202,12202,WR08,Mumbai Junction 8,03:51,03:56,3,6,1847,22
203,203,12203,CR07,Mumbai Junction 7,06:02,06:16,3,7,1766,23
204,204,12204,ER06,Kolkata Junction 6,09:13,09:17,3,1,838,24
205,205,12205,EC05,Hajipur Junction 5,12:24,12:32,13,2,1539,25
206,206,12206,EC04,Bhubaneswar Junction 4,15:35,15:39,10,3,1925,26
207,207,12207,NR03,New Delhi Junction 3,18:46,18:57,5,4,283,27
208,208,12208,NC02,Prayagraj Junction 2,21:57,21:05,8,5,776,28
209,209,12209,NE01,Gorakhpur Junction 1,00:08,00:11,3,6,1163,29
210,210,12210,NE08,Gorakhpur Junction 8,03:19,03:34,10,7,963,30
211,211,12211,NF07,Guwahati Junction 7,06:30,06:45,11,1,1579,1
212,212,12212,NW06,Jaipur Junction 6,09:41,09:51,12,2,1103,2
213,213,12213,SC05,Secunderabad Junction 5,12:52,12:02,10,3,1655,3
214,214,12214,SE04,Bilaspur Junction 4,15:03,15:17,6,4,1538,4
215,215,12215,SE03,Kolkata Junction 3,18:14,18:16,9,5,1977,5
216,216,12216,SW02,Hubballi Junction 2,21:25,21:36,5,6,1334,6
217,217,12217,SR01,Chennai Junction 1,00:36,00:43,8,7,501,7
218,218,12218,SR08,Chennai Junction 8,03:47,03:57,4,1,975,8
219,219,12219,WC07,Jabalpur Junction 7,06:58,06:13,12,2,911,9
220,220,12220,WR06,Mumbai Junction 6,09:09,09:24,2,3,2111,10
221,221,12221,CR05,Mumbai Junction 5,12:20,12:26,13,4,2084,11
222,222,12222,ER04,Kolkata Junction 4,15:31,15:41,10,5,1648,12
223,223,12223,EC03,Hajipur Junction 3,18:42,18:47,4,6,756,13
224,224,12224,EC02,Bhubaneswar Junction 2,21:53,21:01,12,7,566,14
225,225,12225,NR01,New Delhi Junction 1,00:04,00:13,2,1,68,15
226,226,12226,NR08,New Delhi Junction 8,03:15,03:30,13,2,1900,16
227,227,12227,NC07,Prayagraj Junction 7,06:26,06:32,9,3,1484,17
228,228,12228,NE06,Gorakhpur Junction 6,09:37,09:42,12,4,1524,18
229,229,12229,NF05,Guwahati Junction 5,12:48,12:55,8,5,676,19
230,230,12230,NW04,Jaipur Junction 4,15:59,15:12,15,6,2198,20
231,231,12231,SC03,Secunderabad Junction 3,18:10,18:22,6,7,1718,21
232,232,12232,SE02,Bilaspur Junction 2,21:21,21:26,14,1,588,22
233,233,12233,SE01,Kolkata Junction 1,00:32,00:39,3,2,178,23
234,234,12234,SE08,Kolkata Junction 8,03:43,03:50,9,3,38,24
235,235,12235,SW07,Hubballi Junction 7,06:54,06:07,3,4,2196,25
236,236,12236,SR06,Chennai Junction 6,09:05,09:10,7,5,351,26
237,237,12237,WC05,Jabalpur Junction 5,12:16,12:29,12,6,172,27
238,238,12238,WR04,Mumbai Junction 4,15:27,15:30,10,7,1905,28
239,239,12239,CR03,Mumbai Junction 3,18:38,18:41,5,1,1199,29
240,240,12240,ER02,Kolkata Junction 2,21:49,21:52,6,2,22,30
241,241,12241,EC01,Hajipur Junction 1,00:00,00:08,12,3,906,1
242,242,12242,EC08,Hajipur Junction 8,03:11,03:16,7,4,1120,2
243,243,12243,EC07,Bhubaneswar Junction 7,06:22,06:26,3,5,399,3
244,244,12244,NR06,New Delhi Junction 6,09:33,09:48,12,6,275,4
245,245,12245,NC05,Prayagraj Junction 5,12:44,12:50,7,7,398,5
246,246,12246,NE04,Gorakhpur Junction 4,15:55,15:08,15,1,538,6
247,247,12247,NF03,Guwahati Junction 3,18:06,18:08,5,2,1281,7
248,248,12248,NW02,Jaipur Junction 2,21:17,21:30,6,3,601,8
249,249,12249,SC01,Secunderabad Junction 1,00:28,00:33,2,4,30,9
250,250,12250,SC08,Secunderabad Junction 8,03:39,03:46,10,5,27,10
251,251,12251,SE07,Bilaspur Junction 7,06:50,06:54,14,6,2178,11
252,252,12252,SE06,Kolkata Junction 6,09:01,09:11,9,7,1282,12
253,253,12253,SW05,Hubballi Junction 5,12:12,12:19,4,1,827,13
254,254,12254,SR04,Chennai Junction 4,15:23,15:34,11,2,1489,14
255,255,12255,WC03,Jabalpur Junction 3,18:34,18:44,2,3,1378,15
256,256,12256,WR02,Mumbai Junction 2,21:45,21:59,11,4,1274,16
257,257,12257,CR01,Mumbai Junction 1,00:56,00:01,13,5,993,17
258,258,12258,CR08,Mumbai Junction 8,03:07,03:12,8,6,268,18
259,259,12259,ER07,Kolkata Junction 7,06:18,06:32,11,7,718,19
260,260,12260,EC06,Hajipur Junction 6,09:29,09:42,2,1,849,20
261,261,12261,EC05,Bhubaneswar Junction 5,12:40,12:51,2,2,1559,21
262,262,12262,NR04,New Delhi Junction 4,15:51,15:04,10,3,453,22
263,263,12263,NC03,Prayagraj Junction 3,18:02,18:14,6,4,1618,23
264,264,12264,NE02,Gorakhpur Junction 2,21:13,21:23,3,5,219,24
265,265,12265,NF01,Guwahati Junction 1,00:24,00:26,3,6,659,25
266,266,12266,NF08,Guwahati Junction 8,03:35,03:37,15,7,2016,26
267,267,12267,NW07,Jaipur Junction 7,06:46,06:50,6,1,1632,27
268,268,12268,SC06,Secunderabad Junction 6,09:57,09:08,10,2,2176,28
269,269,12269,SE05,Bilaspur Junction 5,12:08,12:18,11,3,1104,29
270,270,12270,SE04,Kolkata Junction 4,15:19,15:28,6,4,1146,30
271,271,12271,SW03,Hubballi Junction 3,18:30,18:44,7,5,293,1
272,272,12272,SR02,Chennai Junction 2,21:41,21:51,12,6,2109,2
273,273,12273,WC01,Jabalpur Junction 1,00:52,00:01,13,7,551,3
274,274,12274,WC08,Jabalpur Junction 8,03:03,03:10,7,1,731,4
275,275,12275,WR07,Mumbai Junction 7,06:14,06:26,14,2,718,5
276,276,12276,CR06,Mumbai Junction 6,09:25,09:28,13,3,1869,6
277,277,12277,ER05,Kolkata Junction 5,12:36,12:51,5,4,1581,7
278,278,12278,EC04,Hajipur Junction 4,15:47,15:59,13,5,1773,8
279,279,12279,EC03,Bhubaneswar Junction 3,18:58,18:13,8,6,167,9
280,280,12280,NR02,New Delhi Junction 2,21:09,21:13,14,7,1858,10
281,281,12281,NC01,Prayagraj Junction 1,00:20,00:22,7,1,539,11
282,282,12282,NC08,Prayagraj Junction 8,03:31,03:37,10,2,1122,12
283,283,12283,NE07,Gorakhpur Junction 7,06:42,06:50,8,3,1411,13
284,284,12284,NF06,Guwahati Junction 6,09:53,09:04,2,4,301,14
285,285,12285,NW05,Jaipur Junction 5,12:04,12:10,8,5,2191,15
286,286,12286,SC04,Secunderabad Junction 4,15:15,15:29,11,6,79,16
287,287,12287,SE03,Bilaspur Junction 3,18:26,18:29,8,7,1291,17
288,288,12288,SE02,Kolkata Junction 2,21:37,21:48,3,1,1952,18
289,289,12289,SW01,Hubballi Junction 1,00:48,00:56,10,2,86,19
290,290,12290,SW08,Hubballi Junction 8,03:59,03:12,9,3,489,20
291,291,12291,SR07,Chennai Junction 7,06:10,06:16,6,4,59,21
292,292,12292,WC06,Jabalpur Junction 6,09:21,09:36,13,5,1949,22
293,293,12293,WR05,Mumbai Junction 5,12:32,12:38,9,6,1008,23
294,294,12294,CR04,Mumbai Junction 4,15:43,15:51,10,7,992,24
295,295,12295,ER03,Kolkata Junction 3,18:54,18:06,2,1,423,25
296,296,12296,EC02,Hajipur Junction 2,21:05,21:19,14,2,1799,26
297,297,12297,EC01,Bhubaneswar Junction 1,00:16,00:23,8,3,55,27
298,298,12298,EC08,Bhubaneswar Junction 8,03:27,03:32,12,4,754,28
299,299,12299,NR07,New Delhi Junction 7,06:38,06:46,3,5,1092,29
300,300,12300,NC06,Prayagraj Junction 6,09:49,09:01,10,6,1224,30
301,301,12301,NE05,Gorakhpur Junction 5,12:00,12:14,5,7,658,1
302,302,12302,NF04,Guwahati Junction 4,15:11,15:21,8,1,2154,2
303,303,12303,NW03,Jaipur Junction 3,18:22,18:24,3,2,752,3
304,304,12304,SC02,Secunderabad Junction 2,21:33,21:41,14,3,1087,4
305,305,12305,SE01,Bilaspur Junction 1,00:44,00:52,4,4,955,5
306,306,12306,SE08,Bilaspur Junction 8,03:55,03:04,10,5,1333,6
307,307,12307,SE07,Kolkata Junction 7,06:06,06:14,4,6,336,7
308,308,12308,SW06,Hubballi Junction 6,09:17,09:21,10,7,1883,8
309,309,12309,SR05,Chennai Junction 5,12:28,12:42,6,1,175,9
310,310,12310,WC04,Jabalpur Junction 4,15:39,15:49,2,2,1378,10
311,311,12311,WR03,Mumbai Junction 3,18:50,18:57,13,3,1375,11
312,312,12312,CR02,Mumbai Junction 2,21:01,21:13,7,4,1849,12
313,313,12313,ER01,Kolkata Junction 1,00:12,00:21,10,5,793,13
314,314,12314,ER08,Kolkata Junction 8,03:23,03:31,13,6,865,14
315,315,12315,EC07,Hajipur Junction 7,06:34,06:36,7,7,862,15
316,316,12316,EC06,Bhubaneswar Junction 6,09:45,09:52,2,1,284,16
317,317,12317,NR05,New Delhi Junction 5,12:56,12:02,7,2,63,17
318,318,12318,NC04,Prayagraj Junction 4,15:07,15:14,6,3,76,18
319,319,12319,NE03,Gorakhpur Junction 3,18:18,18:23,5,4,315,19
320,320,12320,NF02,Guwahati Junction 2,21:29,21:41,3,5,1271,20
321,321,12321,NW01,Jaipur Junction 1,00:40,00:51,13,6,1200,21
322,322,12322,NW08,Jaipur Junction 8,03:51,03:00,12,7,1878,22
323,323,12323,SC07,Secunderabad Junction 7,06:02,06:06,13,1,1017,23
324,324,12324,SE06,Bilaspur Junction 6,09:13,09:16,10,2,2149,24
325,325,12325,SE05,Kolkata Junction 5,12:24,12:27,2,3,2016,25
326,326,12326,SW04,Hubballi Junction 4,15:35,15:45,5,4,1743,26
327,327,12327,SR03,Chennai Junction 3,18:46,18:53,6,5,637,27
328,328,12328,WC02,Jabalpur Junction 2,21:57,21:07,3,6,796,28
329,329,12329,WR01,Mumbai Junction 1,00:08,00:14,2,7,1678,29
330,330,12330,WR08,Mumbai Junction 8,03:19,03:21,15,1,208,30
331,331,12331,CR07,Mumbai Junction 7,06:30,06:37,3,2,807,1
332,332,12332,ER06,Kolkata Junction 6,09:41,09:51,3,3,1156,2
333,333,12333,EC05,Hajipur Junction 5,12:52,12:04,8,4,247,3
334,334,12334,EC04,Bhubaneswar Junction 4,15:03,15:14,4,5,37,4
335,335,12335,NR03,New Delhi Junction 3,18:14,18:22,5,6,62,5
336,336,12336,NC02,Prayagraj Junction 2,21:25,21:37,10,7,2001,6
337,337,12337,NE01,Gorakhpur Junction 1,00:36,00:44,8,1,1853,7
338,338,12338,NE08,Gorakhpur Junction 8,03:47,03:50,7,2,1757,8
339,339,12339,NF07,Guwahati Junction 7,06:58,06:04,14,3,624,9
340,340,12340,NW06,Jaipur Junction 6,09:09,09:16,14,4,535,10
341,341,12341,SC05,Secunderabad Junction 5,12:20,12:35,2,5,584,11
342,342,12342,SE04,Bilaspur Junction 4,15:31,15:41,10,6,2001,12
343,343,12343,SE03,Kolkata Junction 3,18:42,18:57,11,7,1451,13
344,344,12344,SW02,Hubballi Junction 2,21:53,21:59,13,1,1414,14
345,345,12345,SR01,Chennai Junction 1,00:04,00:06,13,2,791,15
346,346,12346,SR08,Chennai Junction 8,03:15,03:23,8,3,1803,16
347,347,12347,WC07,Jabalpur Junction 7,06:26,06:31,7,4,86,17
348,348,12348,WR06,Mumbai Junction 6,09:37,09:43,3,5,1282,18
349,349,12349,CR05,Mumbai Junction 5,12:48,12:02,8,6,2006,19
350,350,12350,ER04,Kolkata Junction 4,15:59,15:14,2,7,1136,20
351,351,12351,EC03,Hajipur Junction 3,18:10,18:19,7,1,1827,21
352,352,12352,EC02,Bhubaneswar Junction 2,21:21,21:28,2,2,1205,22
353,353,12353,NR01,New Delhi Junction 1,00:32,00:36,6,3,1104,23
354,354,12354,NR08,New Delhi Junction 8,03:43,03:55,5,4,837,24
355,355,12355,NC07,Prayagraj Junction 7,06:54,06:56,7,5,1276,25
356,356,12356,NE06,Gorakhpur Junction 6,09:05,09:15,6,6,133,26
357,357,12357,NF05,Guwahati Junction 5,12:16,12:26,11,7,187,27
358,358,12358,NW04,Jaipur Junction 4,15:27,15:36,3,1,996,28
359,359,12359,SC03,Secunderabad Junction 3,18:38,18:48,12,2,1570,29
360,360,12360,SE02,Bilaspur Junction 2,21:49,21:01,5,3,1861,30
361,361,12361,SE01,Kolkata Junction 1,00:00,00:06,7,4,1732,1
362,362,12362,SE08,Kolkata Junction 8,03:11,03:17,3,5,1571,2
363,363,12363,SW07,Hubballi Junction 7,06:22,06:33,10,6,315,3
364,364,12364,SR06,Chennai Junction 6,09:33,09:43,4,7,1222,4
365,365,12365,WC05,Jabalpur Junction 5,12:44,12:53,12,1,2148,5
366,366,12366,WR04,Mumbai Junction 4,15:55,15:59,3,2,1222,6
367,367,12367,CR03,Mumbai Junction 3,18:06,18:21,4,3,1072,7
368,368,12368,ER02,Kolkata Junction 2,21:17,21:24,6,4,1460,8
369,369,12369,EC01,Hajipur Junction 1,00:28,00:34,8,5,1859,9
370,370,12370,EC08,Hajipur Junction 8,03:39,03:46,2,6,1946,10
371,371,12371,EC07,Bhubaneswar Junction 7,06:50,06:55,12,7,1678,11
372,372,12372,NR06,New Delhi Junction 6,09:01,09:10,3,1,2090,12
373,373,12373,NC05,Prayagraj Junction 5,12:12,12:23,7,2,1878,13
374,374,12374,NE04,Gorakhpur Junction 4,15:23,15:36,12,3,369,14
375,375,12375,NF03,Guwahati Junction 3,18:34,18:44,6,4,172,15
376,376,12376,NW02,Jaipur Junction 2,21:45,21:51,3,5,232,16
377,377,12377,SC01,Secunderabad Junction 1,00:56,00:08,9,6,875,17
378,378,12378,SC08,Secunderabad Junction 8,03:07,03:11,12,7,1395,18
379,379,12379,SE07,Bilaspur Junction 7,06:18,06:28,4,1,271,19
380,380,12380,SE06,Kolkata Junction 6,09:29,09:32,2,2,2131,20
381,381,12381,SW05,Hubballi Junction 5,12:40,12:47,11,3,2160,21
382,382,12382,SR04,Chennai Junction 4,15:51,15:06,6,4,1077,22
383,383,12383,WC03,Jabalpur Junction 3,18:02,18:10,2,5,1690,23
384,384,12384,WR02,Mumbai Junction 2,21:13,21:23,7,6,1228,24
385,385,12385,CR01,Mumbai Junction 1,00:24,00:36,2,7,1421,25
386,386,12386,CR08,Mumbai Junction 8,03:35,03:49,12,1,1363,26
387,387,12387,ER07,Kolkata Junction 7,06:46,06:49,12,2,1651,27
388,388,12388,EC06,Hajipur Junction 6,09:57,09:05,10,3,1360,28
389,389,12389,EC05,Bhubaneswar Junction 5,12:08,12:11,5,4,1743,29
390,390,12390,NR04,New Delhi Junction 4,15:19,15:34,5,5,881,30
391,391,12391,NC03,Prayagraj Junction 3,18:30,18:44,4,6,574,1
392,392,12392,NE02,Gorakhpur Junction 2,21:41,21:43,5,7,1399,2
393,393,12393,NF01,Guwahati Junction 1,00:52,00:58,15,1,1961,3
394,394,12394,NF08,Guwahati Junction 8,03:03,03:17,12,2,1544,4
395,395,12395,NW07,Jaipur Junction 7,06:14,06:23,15,3,209,5
396,396,12396,SC06,Secunderabad Junction 6,09:25,09:37,3,4,746,6
397,397,12397,SE05,Bilaspur Junction 5,12:36,12:41,10,5,1731,7
398,398,12398,SE04,Kolkata Junction 4,15:47,15:50,10,6,487,8
399,399,12399,SW03,Hubballi Junction 3,18:58,18:01,7,7,1278,9
400,400,12400,SR02,Chennai Junction 2,21:09,21:13,7,1,2097,10
401,401,12401,WC01,Jabalpur Junction 1,00:20,00:26,15,2,1835,11
402,402,12402,WC08,Jabalpur Junction 8,03:31,03:38,10,3,1560,12
403,403,12403,WR07,Mumbai Junction 7,06:42,06:50,7,4,725,13
404,404,12404,CR06,Mumbai Junction 6,09:53,09:56,2,5,741,14
405,405,12405,ER05,Kolkata Junction 5,12:04,12:17,5,6,395,15
406,406,12406,EC04,Hajipur Junction 4,15:15,15:21,10,7,473,16
407,407,12407,EC03,Bhubaneswar Junction 3,18:26,18:31,3,1,730,17
408,408,12408,NR02,New Delhi Junction 2,21:37,21:42,13,2,1992,18
409,409,12409,NC01,Prayagraj Junction 1,00:48,00:55,3,3,192,19
410,410,12410,NC08,Prayagraj Junction 8,03:59,03:05,8,4,1162,20
411,411,12411,NE07,Gorakhpur Junction 7,06:10,06:16,6,5,624,21
412,412,12412,NF06,Guwahati Junction 6,09:21,09:30,11,6,95,22
413,413,12413,NW05,Jaipur Junction 5,12:32,12:40,11,7,1479,23
414,414,12414,SC04,Secunderabad Junction 4,15:43,15:52,9,1,1498,24
415,415,12415,SE03,Bilaspur Junction 3,18:54,18:01,9,2,702,25
416,416,12416,SE02,Kolkata Junction 2,21:05,21:13,3,3,770,26
417,417,12417,SW01,Hubballi Junction 1,00:16,00:19,5,4,922,27
418,418,12418,SW08,Hubballi Junction 8,03:27,03:36,15,5,57,28
419,419,12419,SR07,Chennai Junction 7,06:38,06:52,6,6,1593,29
420,420,12420,WC06,Jabalpur Junction 6,09:49,09:00,15,7,239,30
421,421,12421,WR05,Mumbai Junction 5,12:00,12:15,2,1,1930,1
422,422,12422,CR04,Mumbai Junction 4,15:11,15:22,8,2,875,2
423,423,12423,ER03,Kolkata Junction 3,18:22,18:25,13,3,1601,3
424,424,12424,EC02,Hajipur Junction 2,21:33,21:48,12,4,2105,4
425,425,12425,EC01,Bhubaneswar Junction 1,00:44,00:58,7,5,1548,5
426,426,12426,EC08,Bhubaneswar Junction 8,03:55,03:00,13,6,1338,6
427,427,12427,NR07,New Delhi Junction 7,06:06,06:14,10,7,609,7
428,428,12428,NC06,Prayagraj Junction 6,09:17,09:27,8,1,707,8
429,429,12429,NE05,Gorakhpur Junction 5,12:28,12:43,2,2,1666,9
430,430,12430,NF04,Guwahati Junction 4,15:39,15:43,5,3,339,10
431,431,12431,NW03,Jaipur Junction 3,18:50,18:53,3,4,1831,11
432,432,12432,SC02,Secunderabad Junction 2,21:01,21:15,10,5,30,12
433,433,12433,SE01,Bilaspur Junction 1,00:12,00:26,10,6,1145,13
434,434,12434,SE08,Bilaspur Junction 8,03:23,03:38,7,7,792,14
435,435,12435,SE07,Kolkata Junction 7,06:34,06:46,9,1,1577,15
436,436,12436,SW06,Hubballi Junction 6,09:45,09:56,13,2,697,16
437,437,12437,SR05,Chennai Junction 5,12:56,12:59,8,3,1424,17
438,438,12438,WC04,Jabalpur Junction 4,15:07,15:20,5,4,1639,18
439,439,12439,WR03,Mumbai Junction 3,18:18,18:31,13,5,1777,19
440,440,12440,CR02,Mumbai Junction 2,21:29,21:44,11,6,814,20
441,441,12441,ER01,Kolkata Junction 1,00:40,00:48,12,7,520,21
442,442,12442,ER08,Kolkata Junction 8,03:51,03:01,10,1,1466,22
443,443,12443,EC07,Hajipur Junction 7,06:02,06:09,12,2,157,23
444,444,12444,EC06,Bhubaneswar Junction 6,09:13,09:25,13,3,1948,24
445,445,12445,NR05,New Delhi Junction 5,12:24,12:38,6,4,102,25
446,446,12446,NC04,Prayagraj Junction 4,15:35,15:46,3,5,616,26
447,447,12447,NE03,Gorakhpur Junction 3,18:46,18:57,10,6,1334,27
448,448,12448,NF02,Guwahati Junction 2,21:57,21:09,4,7,1740,28
449,449,12449,NW01,Jaipur Junction 1,00:08,00:18,7,1,1020,29
450,450,12450,NW08,Jaipur Junction 8,03:19,03:28,9,2,734,30
451,451,12451,SC07,Secunderabad Junction 7,06:30,06:35,4,3,749,1
452,452,12452,SE06,Bilaspur Junction 6,09:41,09:46,9,4,2006,2
453,453,12453,SE05,Kolkata Junction 5,12:52,12:55,6,5,108,3
454,454,12454,SW04,Hubballi Junction 4,15:03,15:18,11,6,531,4
455,455,12455,SR03,Chennai Junction 3,18:14,18:21,12,7,2106,5
456,456,12456,WC02,Jabalpur Junction 2,21:25,21:35,5,1,1533,6
457,457,12457,WR01,Mumbai Junction 1,00:36,00:47,11,2,101,7
458,458,12458,WR08,Mumbai Junction 8,03:47,03:58,2,3,1992,8
459,459,12459,CR07,Mumbai Junction 7,06:58,06:12,9,4,1421,9
460,460,12460,ER06,Kolkata Junction 6,09:09,09:11,14,5,595,10
461,461,12461,EC05,Hajipur Junction 5,12:20,12:25,11,6,2065,11
462,462,12462,EC04,Bhubaneswar Junction 4,15:31,15:39,9,7,1206,12
463,463,12463,NR03,New Delhi Junction 3,18:42,18:48,10,1,2114,13
464,464,12464,NC02,Prayagraj Junction 2,21:53,21:00,12,2,1702,14
465,465,12465,NE01,Gorakhpur Junction 1,00:04,00:17,12,3,2027,15
466,466,12466,NE08,Gorakhpur Junction 8,03:15,03:27,15,4,1573,16
467,467,12467,NF07,Guwahati Junction 7,06:26,06:39,14,5,2163,17
468,468,12468,NW06,Jaipur Junction 6,09:37,09:47,11,6,2127,18
469,469,12469,SC05,Secunderabad Junction 5,12:48,12:55,3,7,1945,19
470,470,12470,SE04,Bilaspur Junction 4,15:59,15:09,7,1,1577,20
471,471,12471,SE03,Kolkata Junction 3,18:10,18:12,8,2,584,21
472,472,12472,SW02,Hubballi Junction 2,21:21,21:27,15,3,1210,22
473,473,12473,SR01,Chennai Junction 1,00:32,00:35,7,4,533,23
474,474,12474,SR08,Chennai Junction 8,03:43,03:57,6,5,784,24
475,475,12475,WC07,Jabalpur Junction 7,06:54,06:00,4,6,1716,25
476,476,12476,WR06,Mumbai Junction 6,09:05,09:15,8,7,871,26
477,477,12477,CR05,Mumbai Junction 5,12:16,12:27,3,1,2049,27
478,478,12478,ER04,Kolkata Junction 4,15:27,15:36,5,2,1183,28
479,479,12479,EC03,Hajipur Junction 3,18:38,18:51,4,3,1152,29
480,480,12480,EC02,Bhubaneswar Junction 2,21:49,21:59,13,4,1248,30
481,481,12481,NR01,New Delhi Junction 1,00:00,00:12,12,5,1960,1
482,482,12482,NR08,New Delhi Junction 8,03:11,03:18,11,6,547,2
483,483,12483,NC07,Prayagraj Junction 7,06:22,06:35,15,7,647,3
484,484,12484,NE06,Gorakhpur Junction 6,09:33,09:42,13,1,59,4
485,485,12485,NF05,Guwahati Junction 5,12:44,12:55,13,2,1916,5
486,486,12486,NW04,Jaipur Junction 4,15:55,15:59,12,3,1729,6
487,487,12487,SC03,Secunderabad Junction 3,18:06,18:08,11,4,1377,7
488,488,12488,SE02,Bilaspur Junction 2,21:17,21:32,2,5,2124,8
489,489,12489,SE01,Kolkata Junction 1,00:28,00:37,5,6,852,9
490,490,12490,SE08,Kolkata Junction 8,03:39,03:51,15,7,697,10
491,491,12491,SW07,Hubballi Junction 7,06:50,06:05,10,1,422,11
492,492,12492,SR06,Chennai Junction 6,09:01,09:11,13,2,119,12
493,493,12493,WC05,Jabalpur Junction 5,12:12,12:15,2,3,1254,13
494,494,12494,WR04,Mumbai Junction 4,15:23,15:25,15,4,281,14
495,495,12495,CR03,Mumbai Junction 3,18:34,18:37,5,5,1679,15
496,496,12496,ER02,Kolkata Junction 2,21:45,21:59,5,6,1140,16
497,497,12497,EC01,Hajipur Junction 1,00:56,00:08,13,7,336,17
498,498,12498,EC08,Hajipur Junction 8,03:07,03:20,14,1,1616,18
499,499,12499,EC07,Bhubaneswar Junction 7,06:18,06:27,7,2,1956,19
500,500,12500,NR06,New Delhi Junction 6,09:29,09:43,9,3,1632,20
501,501,12501,NC05,Prayagraj Junction 5,12:40,12:47,12,4,196,21
502,502,12502,NE04,Gorakhpur Junction 4,15:51,15:05,9,5,1317,22
503,503,12503,NF03,Guwahati Junction 3,18:02,18:06,9,6,6,23
504,504,12504,NW02,Jaipur Junction 2,21:13,21:27,12,7,999,24
505,505,12505,SC01,Secunderabad Junction 1,00:24,00:37,13,1,261,25
506,506,12506,SC08,Secunderabad Junction 8,03:35,03:37,5,2,2,26
507,507,12507,SE07,Bilaspur Junction 7,06:46,06:56,9,3,1183,27
508,508,12508,SE06,Kolkata Junction 6,09:57,09:00,14,4,2148,28
509,509,12509,SW05,Hubballi Junction 5,12:08,12:18,2,5,871,29
510,510,12510,SR04,Chennai Junction 4,15:19,15:31,12,6,535,30
511,511,12511,WC03,Jabalpur Junction 3,18:30,18:43,15,7,1119,1
512,512,12512,WR02,Mumbai Junction 2,21:41,21:48,9,1,60,2
513,513,12513,CR01,Mumbai Junction 1,00:52,00:01,2,2,76,3
514,514,12514,CR08,Mumbai Junction 8,03:03,03:12,9,3,2170,4
515,515,12515,ER07,Kolkata Junction 7,06:14,06:23,15,4,1775,5
516,516,12516,EC06,Hajipur Junction 6,09:25,09:31,14,5,1061,6
517,517,12517,EC05,Bhubaneswar Junction 5,12:36,12:46,3,6,467,7
518,518,12518,NR04,New Delhi Junction 4,15:47,15:56,5,7,1319,8
519,519,12519,NC03,Prayagraj Junction 3,18:58,18:01,5,1,1463,9
520,520,12520,NE02,Gorakhpur Junction 2,21:09,21:19,15,2,1979,10
521,521,12521,NF01,Guwahati Junction 1,00:20,00:33,2,3,1325,11
522,522,12522,NF08,Guwahati Junction 8,03:31,03:36,5,4,461,12
523,523,12523,NW07,Jaipur Junction 7,06:42,06:50,3,5,1169,13
524,524,12524,SC06,Secunderabad Junction 6,09:53,09:57,9,6,1377,14
525,525,12525,SE05,Bilaspur Junction 5,12:04,12:08,3,7,1773,15
526,526,12526,SE04,Kolkata Junction 4,15:15,15:27,5,1,1951,16
527,527,12527,SW03,Hubballi Junction 3,18:26,18:31,14,2,249,17
528,528,12528,SR02,Chennai Junction 2,21:37,21:48,2,3,434,18
529,529,12529,WC01,Jabalpur Junction 1,00:48,00:55,3,4,1005,19
530,530,12530,WC08,Jabalpur Junction 8,03:59,03:04,3,5,2116,20
531,531,12531,WR07,Mumbai Junction 7,06:10,06:25,15,6,339,21
532,532,12532,CR06,Mumbai Junction 6,09:21,09:28,6,7,716,22
533,533,12533,ER05,Kolkata Junction 5,12:32,12:39,9,1,1067,23
534,534,12534,EC04,Hajipur Junction 4,15:43,15:49,15,2,2155,24
535,535,12535,EC03,Bhubaneswar Junction 3,18:54,18:00,5,3,1171,25
536,536,12536,NR02,New Delhi Junction 2,21:05,21:12,15,4,944,26
537,537,12537,NC01,Prayagraj Junction 1,00:16,00:18,3,5,164,27
538,538,12538,NC08,Prayagraj Junction 8,03:27,03:34,6,6,1884,28
539,539,12539,NE07,Gorakhpur Junction 7,06:38,06:52,3,7,2078,29
540,540,12540,NF06,Guwahati Junction 6,09:49,09:59,6,1,894,30
541,541,12541,NW05,Jaipur Junction 5,12:00,12:08,4,2,1908,1
542,542,12542,SC04,Secunderabad Junction 4,15:11,15:13,2,3,601,2
543,543,12543,SE03,Bilaspur Junction 3,18:22,18:26,2,4,843,3
544,544,12544,SE02,Kolkata Junction 2,21:33,21:40,3,5,1782,4
545,545,12545,SW01,Hubballi Junction 1,00:44,00:58,12,6,1148,5
546,546,12546,SW08,Hubballi Junction 8,03:55,03:10,6,7,939,6
547,547,12547,SR07,Chennai Junction 7,06:06,06:08,11,1,203,7
548,548,12548,WC06,Jabalpur Junction 6,09:17,09:28,12,2,477,8
549,549,12549,WR05,Mumbai Junction 5,12:28,12:38,6,3,876,9
550,550,12550,CR04,Mumbai Junction 4,15:39,15:48,5,4,1752,10
551,551,12551,ER03,Kolkata Junction 3,18:50,18:57,8,5,1792,11
552,552,12552,EC02,Hajipur Junction 2,21:01,21:06,8,6,2185,12
553,553,12553,EC01,Bhubaneswar Junction 1,00:12,00:19,3,7,625,13
554,554,12554,EC08,Bhubaneswar Junction 8,03:23,03:38,12,1,1779,14
555,555,12555,NR07,New Delhi Junction 7,06:34,06:39,13,2,865,15
556,556,12556,NC06,Prayagraj Junction 6,09:45,09:58,14,3,457,16
557,557,12557,NE05,Gorakhpur Junction 5,12:56,12:11,10,4,1607,17
558,558,12558,NF04,Guwahati Junction 4,15:07,15:19,4,5,1640,18
559,559,12559,NW03,Jaipur Junction 3,18:18,18:22,5,6,256,19
560,560,12560,SC02,Secunderabad Junction 2,21:29,21:33,15,7,721,20
561,561,12561,SE01,Bilaspur Junction 1,00:40,00:47,8,1,1568,21
562,562,12562,SE08,Bilaspur Junction 8,03:51,03:01,9,2,1841,22
563,563,12563,SE07,Kolkata Junction 7,06:02,06:10,12,3,2003,23
564,564,12564,SW06,Hubballi Junction 6,09:13,09:24,2,4,579,24
565,565,12565,SR05,Chennai Junction 5,12:24,12:34,8,5,626,25
566,566,12566,WC04,Jabalpur Junction 4,15:35,15:41,3,6,516,26
567,567,12567,WR03,Mumbai Junction 3,18:46,18:58,2,7,1841,27
568,568,12568,CR02,Mumbai Junction 2,21:57,21:03,13,1,563,28
569,569,12569,ER01,Kolkata Junction 1,00:08,00:21,10,2,1873,29
570,570,12570,ER08,Kolkata Junction 8,03:19,03:21,13,3,595,30
571,571,12571,EC07,Hajipur Junction 7,06:30,06:37,2,4,2098,1
572,572,12572,EC06,Bhubaneswar Junction 6,09:41,09:51,15,5,1250,2
573,573,12573,NR05,New Delhi Junction 5,12:52,12:56,6,6,967,3
574,574,12574,NC04,Prayagraj Junction 4,15:03,15:07,15,7,2107,4
575,575,12575,NE03,Gorakhpur Junction 3,18:14,18:23,10,1,1547,5
576,576,12576,NF02,Guwahati Junction 2,21:25,21:36,2,2,1168,6
577,577,12577,NW01,Jaipur Junction 1,00:36,00:48,13,3,1311,7
578,578,12578,NW08,Jaipur Junction 8,03:47,03:01,10,4,841,8
579,579,12579,SC07,Secunderabad Junction 7,06:58,06:06,11,5,1950,9
580,580,12580,SE06,Bilaspur Junction 6,09:09,09:14,6,6,1434,10
581,581,12581,SE05,Kolkata Junction 5,12:20,12:32,7,7,1414,11
582,582,12582,SW04,Hubballi Junction 4,15:31,15:33,6,1,2102,12
583,583,12583,SR03,Chennai Junction 3,18:42,18:52,14,2,478,13
584,584,12584,WC02,Jabalpur Junction 2,21:53,21:59,15,3,2195,14
585,585,12585,WR01,Mumbai Junction 1,00:04,00:18,6,4,1763,15
586,586,12586,WR08,Mumbai Junction 8,03:15,03:23,13,5,1872,16
587,587,12587,CR07,Mumbai Junction 7,06:26,06:34,6,6,2144,17
588,588,12588,ER06,Kolkata Junction 6,09:37,09:45,8,7,1464,18
589,589,12589,EC05,Hajipur Junction 5,12:48,12:03,3,1,2165,19
590,590,12590,EC04,Bhubaneswar Junction 4,15:59,15:06,2,2,680,20
591,591,12591,NR03,New Delhi Junction 3,18:10,18:18,11,3,1246,21
592,592,12592,NC02,Prayagraj Junction 2,21:21,21:24,8,4,512,22
593,593,12593,NE01,Gorakhpur Junction 1,00:32,00:37,11,5,1767,23
594,594,12594,NE08,Gorakhpur Junction 8,03:43,03:47,10,6,928,24
595,595,12595,NF07,Guwahati Junction 7,06:54,06:00,11,7,547,25
596,596,12596,NW06,Jaipur Junction 6,09:05,09:17,7,1,208,26
597,597,12597,SC05,Secunderabad Junction 5,12:16,12:29,13,2,1238,27
598,598,12598,SE04,Bilaspur Junction 4,15:27,15:39,4,3,746,28
599,599,12599,SE03,Kolkata Junction 3,18:38,18:44,12,4,774,29
600,600,12600,SW02,Hubballi Junction 2,21:49,21:01,6,5,1321,30
601,601,12601,SR01,Chennai Junction 1,00:00,00:04,9,6,177,1
602,602,12602,SR08,Chennai Junction 8,03:11,03:23,2,7,2198,2
603,603,12603,WC07,Jabalpur Junction 7,06:22,06:35,10,1,2001,3
604,604,12604,WR06,Mumbai Junction 6,09:33,09:46,3,2,1637,4
605,605,12605,CR05,Mumbai Junction 5,12:44,12:51,13,3,1900,5
606,606,12606,ER04,Kolkata Junction 4,15:55,15:10,8,4,424,6
607,607,12607,EC03,Hajipur Junction 3,18:06,18:09,4,5,2181,7
608,608,12608,EC02,Bhubaneswar Junction 2,21:17,21:27,6,6,988,8
609,609,12609,NR01,New Delhi Junction 1,00:28,00:32,9,7,936,9
610,610,12610,NR08,New Delhi Junction 8,03:39,03:52,2,1,2049,10
611,611,12611,NC07,Prayagraj Junction 7,06:50,06:52,7,2,749,11
612,612,12612,NE06,Gorakhpur Junction 6,09:01,09:13,11,3,432,12
613,613,12613,NF05,Guwahati Junction 5,12:12,12:20,9,4,1020,13
614,614,12614,NW04,Jaipur Junction 4,15:23,15:25,4,5,1108,14
615,615,12615,SC03,Secunderabad Junction 3,18:34,18:39,9,6,360,15
616,616,12616,SE02,Bilaspur Junction 2,21:45,21:57,4,7,1428,16
617,617,12617,SE01,Kolkata Junction 1,00:56,00:09,7,1,306,17
618,618,12618,SE08,Kolkata Junction 8,03:07,03:09,7,2,254,18
619,619,12619,SW07,Hubballi Junction 7,06:18,06:32,15,3,2157,19
620,620,12620,SR06,Chennai Junction 6,09:29,09:43,10,4,715,20
621,621,12621,WC05,Jabalpur Junction 5,12:40,12:48,5,5,1848,21
622,622,12622,WR04,Mumbai Junction 4,15:51,15:59,7,6,1517,22
623,623,12623,CR03,Mumbai Junction 3,18:02,18:09,6,7,500,23
624,624,12624,ER02,Kolkata Junction 2,21:13,21:15,2,1,886,24
625,625,12625,EC01,Hajipur Junction 1,00:24,00:39,5,2,1410,25
626,626,12626,EC08,Hajipur Junction 8,03:35,03:41,6,3,358,26
627,627,12627,EC07,Bhubaneswar Junction 7,06:46,06:55,11,4,770,27
628,628,12628,NR06,New Delhi Junction 6,09:57,09:06,8,5,595,28
629,629,12629,NC05,Prayagraj Junction 5,12:08,12:19,9,6,144,29
630,630,12630,NE04,Gorakhpur Junction 4,15:19,15:27,7,7,1751,30
631,631,12631,NF03,Guwahati Junction 3,18:30,18:36,15,1,1353,1
632,632,12632,NW02,Jaipur Junction 2,21:41,21:44,7,2,1944,2
633,633,12633,SC01,Secunderabad Junction 1,00:52,00:57,11,3,1723,3
634,634,12634,SC08,Secunderabad Junction 8,03:03,03:14,3,4,823,4
635,635,12635,SE07,Bilaspur Junction 7,06:14,06:20,6,5,1933,5
636,636,12636,SE06,Kolkata Junction 6,09:25,09:27,9,6,2160,6
637,637,12637,SW05,Hubballi Junction 5,12:36,12:50,10,7,2195,7
638,638,12638,SR04,Chennai Junction 4,15:47,15:54,10,1,1196,8
639,639,12639,WC03,Jabalpur Junction 3,18:58,18:00,2,2,1973,9
640,640,12640,WR02,Mumbai Junction 2,21:09,21:13,6,3,1371,10
641,641,12641,CR01,Mumbai Junction 1,00:20,00:30,9,4,2154,11
642,642,12642,CR08,Mumbai Junction 8,03:31,03:44,15,5,1449,12
643,643,12643,ER07,Kolkata Junction 7,06:42,06:57,10,6,1191,13
644,644,12644,EC06,Hajipur Junction 6,09:53,09:06,14,7,150,14
645,645,12645,EC05,Bhubaneswar Junction 5,12:04,12:18,11,1,1974,15
646,646,12646,NR04,New Delhi Junction 4,15:15,15:27,14,2,605,16
647,647,12647,NC03,Prayagraj Junction 3,18:26,18:30,4,3,554,17
648,648,12648,NE02,Gorakhpur Junction 2,21:37,21:41,8,4,435,18
649,649,12649,NF01,Guwahati Junction 1,00:48,00:52,9,5,1745,19
650,650,12650,NF08,Guwahati Junction 8,03:59,03:02,9,6,1450,20
651,651,12651,NW07,Jaipur Junction 7,06:10,06:21,3,7,1614,21
652,652,12652,SC06,Secunderabad Junction 6,09:21,09:23,5,1,702,22
653,653,12653,SE05,Bilaspur Junction 5,12:32,12:45,4,2,1721,23
654,654,12654,SE04,Kolkata Junction 4,15:43,15:58,15,3,666,24
655,655,12655,SW03,Hubballi Junction 3,18:54,18:57,5,4,1691,25
656,656,12656,SR02,Chennai Junction 2,21:05,21:09,11,5,822,26
657,657,12657,WC01,Jabalpur Junction 1,00:16,00:28,10,6,1288,27
658,658,12658,WC08,Jabalpur Junction 8,03:27,03:39,15,7,802,28
659,659,12659,WR07,Mumbai Junction 7,06:38,06:47,10,1,1810,29
660,660,12660,CR06,Mumbai Junction 6,09:49,09:57,7,2,1862,30
661,661,12661,ER05,Kolkata Junction 5,12:00,12:15,9,3,227,1
662,662,12662,EC04,Hajipur Junction 4,15:11,15:17,8,4,1547,2
663,663,12663,EC03,Bhubaneswar Junction 3,18:22,18:33,13,5,65,3
664,664,12664,NR02,New Delhi Junction 2,21:33,21:41,11,6,2171,4
665,665,12665,NC01,Prayagraj Junction 1,00:44,00:47,14,7,17,5
666,666,12666,NC08,Prayagraj Junction 8,03:55,03:59,13,1,1730,6
667,667,12667,NE07,Gorakhpur Junction 7,06:06,06:21,10,2,1355,7
668,668,12668,NF06,Guwahati Junction 6,09:17,09:26,9,3,1130,8
669,669,12669,NW05,Jaipur Junction 5,12:28,12:34,13,4,784,9
670,670,12670,SC04,Secunderabad Junction 4,15:39,15:49,11,5,1182,10
671,671,12671,SE03,Bilaspur Junction 3,18:50,18:00,2,6,695,11
672,672,12672,SE02,Kolkata Junction 2,21:01,21:09,7,7,1997,12
673,673,12673,SW01,Hubballi Junction 1,00:12,00:26,11,1,775,13
674,674,12674,SW08,Hubballi Junction 8,03:23,03:25,12,2,1944,14
675,675,12675,SR07,Chennai Junction 7,06:34,06:42,13,3,2047,15
676,676,12676,WC06,Jabalpur Junction 6,09:45,09:54,4,4,49,16
677,677,12677,WR05,Mumbai Junction 5,12:56,12:08,9,5,338,17
678,678,12678,CR04,Mumbai Junction 4,15:07,15:09,15,6,704,18
679,679,12679,ER03,Kolkata Junction 3,18:18,18:24,10,7,801,19
680,680,12680,EC02,Hajipur Junction 2,21:29,21:43,11,1,787,20
681,681,12681,EC01,Bhubaneswar Junction 1,00:40,00:45,14,2,1301,21
682,682,12682,EC08,Bhubaneswar Junction 8,03:51,03:05,6,3,46,22
683,683,12683,NR07,New Delhi Junction 7,06:02,06:16,5,4,1860,23
684,684,12684,NC06,Prayagraj Junction 6,09:13,09:24,5,5,1665,24
685,685,12685,NE05,Gorakhpur Junction 5,12:24,12:27,7,6,784,25
686,686,12686,NF04,Guwahati Junction 4,15:35,15:46,9,7,1346,26
687,687,12687,NW03,Jaipur Junction 3,18:46,18:54,12,1,352,27
688,688,12688,SC02,Secunderabad Junction 2,21:57,21:09,2,2,188,28
689,689,12689,SE01,Bilaspur Junction 1,00:08,00:20,4,3,1694,29
690,690,12690,SE08,Bilaspur Junction 8,03:19,03:22,4,4,2051,30
691,691,12691,SE07,Kolkata Junction 7,06:30,06:34,14,5,765,1
692,692,12692,SW06,Hubballi Junction 6,09:41,09:54,15,6,256,2
693,693,12693,SR05,Chennai Junction 5,12:52,12:58,10,7,1904,3
694,694,12694,WC04,Jabalpur Junction 4,15:03,15:07,4,1,810,4
695,695,12695,WR03,Mumbai Junction 3,18:14,18:18,5,2,285,5
696,696,12696,CR02,Mumbai Junction 2,21:25,21:38,13,3,317,6
697,697,12697,ER01,Kolkata Junction 1,00:36,00:45,11,4,1380,7
698,698,12698,ER08,Kolkata Junction 8,03:47,03:02,10,5,1511,8
699,699,12699,EC07,Hajipur Junction 7,06:58,06:00,3,6,1361,9
700,700,12700,EC06,Bhubaneswar Junction 6,09:09,09:23,7,7,1414,10
701,701,12701,NR05,New Delhi Junction 5,12:20,12:24,8,1,1652,11
702,702,12702,NC04,Prayagraj Junction 4,15:31,15:42,3,2,1933,12
703,703,12703,NE03,Gorakhpur Junction 3,18:42,18:56,8,3,749,13
704,704,12704,NF02,Guwahati Junction 2,21:53,21:02,13,4,995,14
705,705,12705,NW01,Jaipur Junction 1,00:04,00:06,3,5,1785,15
706,706,12706,NW08,Jaipur Junction 8,03:15,03:28,12,6,278,16
707,707,12707,SC07,Secunderabad Junction 7,06:26,06:30,7,7,507,17
708,708,12708,SE06,Bilaspur Junction 6,09:37,09:44,9,1,616,18
709,709,12709,SE05,Kolkata Junction 5,12:48,12:51,7,2,1589,19
710,710,12710,SW04,Hubballi Junction 4,15:59,15:09,6,3,685,20
711,711,12711,SR03,Chennai Junction 3,18:10,18:20,4,4,1834,21
712,712,12712,WC02,Jabalpur Junction 2,21:21,21:35,2,5,2135,22
713,713,12713,WR01,Mumbai Junction 1,00:32,00:34,8,6,1468,23
714,714,12714,WR08,Mumbai Junction 8,03:43,03:49,4,7,104,24
715,715,12715,CR07,Mumbai Junction 7,06:54,06:06,2,1,1065,25
716,716,12716,ER06,Kolkata Junction 6,09:05,09:12,15,2,2046,26
717,717,12717,EC05,Hajipur Junction 5,12:16,12:29,12,3,1194,27
718,718,12718,EC04,Bhubaneswar Junction 4,15:27,15:33,4,4,2129,28
719,719,12719,NR03,New Delhi Junction 3,18:38,18:45,8,5,310,29
720,720,12720,NC02,Prayagraj Junction 2,21:49,21:54,10,6,937,30
721,721,12721,NE01,Gorakhpur Junction 1,00:00,00:10,4,7,180,1
722,722,12722,NE08,Gorakhpur Junction 8,03:11,03:25,8,1,794,2
723,723,12723,NF07,Guwahati Junction 7,06:22,06:28,11,2,1238,3
724,724,12724,NW06,Jaipur Junction 6,09:33,09:40,15,3,1983,4
725,725,12725,SC05,Secunderabad Junction 5,12:44,12:48,10,4,2130,5
726,726,12726,SE04,Bilaspur Junction 4,15:55,15:03,2,5,290,6
727,727,12727,SE03,Kolkata Junction 3,18:06,18:17,14,6,282,7
728,728,12728,SW02,Hubballi Junction 2,21:17,21:26,8,7,627,8
729,729,12729,SR01,Chennai Junction 1,00:28,00:38,14,1,526,9
730,730,12730,SR08,Chennai Junction 8,03:39,03:41,7,2,690,10
731,731,12731,WC07,Jabalpur Junction 7,06:50,06:02,9,3,39,11
732,732,12732,WR06,Mumbai Junction 6,09:01,09:07,12,4,1048,12
733,733,12733,CR05,Mumbai Junction 5,12:12,12:21,5,5,702,13
734,734,12734,ER04,Kolkata Junction 4,15:23,15:26,3,6,81,14
735,735,12735,EC03,Hajipur Junction 3,18:34,18:44,4,7,1262,15
736,736,12736,EC02,Bhubaneswar Junction 2,21:45,21:00,11,1,1265,16
737,737,12737,NR01,New Delhi Junction 1,00:56,00:59,8,2,1960,17
738,738,12738,NR08,New Delhi Junction 8,03:07,03:14,13,3,1558,18
739,739,12739,NC07,Prayagraj Junction 7,06:18,06:23,3,4,37,19
740,740,12740,NE06,Gorakhpur Junction 6,09:29,09:34,6,5,1442,20
741,741,12741,NF05,Guwahati Junction 5,12:40,12:50,8,6,1590,21
742,742,12742,NW04,Jaipur Junction 4,15:51,15:03,11,7,1973,22
743,743,12743,SC03,Secunderabad Junction 3,18:02,18:09,13,1,925,23
744,744,12744,SE02,Bilaspur Junction 2,21:13,21:17,4,2,201,24
745,745,12745,SE01,Kolkata Junction 1,00:24,00:39,4,3,1837,25
746,746,12746,SE08,Kolkata Junction 8,03:35,03:47,8,4,2010,26
747,747,12747,SW07,Hubballi Junction 7,06:46,06:00,14,5,1093,27
748,748,12748,SR06,Chennai Junction 6,09:57,09:03,2,6,1848,28
749,749,12749,WC05,Jabalpur Junction 5,12:08,12:22,9,7,156,29
750,750,12750,WR04,Mumbai Junction 4,15:19,15:32,6,1,1206,30
751,751,12751,CR03,Mumbai Junction 3,18:30,18:41,4,2,138,1
752,752,12752,ER02,Kolkata Junction 2,21:41,21:44,15,3,2105,2
753,753,12753,EC01,Hajipur Junction 1,00:52,00:59,7,4,894,3
754,754,12754,EC08,Hajipur Junction 8,03:03,03:09,9,5,783,4
755,755,12755,EC07,Bhubaneswar Junction 7,06:14,06:24,7,6,1385,5
756,756,12756,NR06,New Delhi Junction 6,09:25,09:40,4,7,137,6
757,757,12757,NC05,Prayagraj Junction 5,12:36,12:45,3,1,509,7
758,758,12758,NE04,Gorakhpur Junction 4,15:47,15:00,7,2,1208,8
759,759,12759,NF03,Guwahati Junction 3,18:58,18:10,3,3,1053,9
760,760,12760,NW02,Jaipur Junction 2,21:09,21:11,8,4,493,10
761,761,12761,SC01,Secunderabad Junction 1,00:20,00:34,5,5,440,11
762,762,12762,SC08,Secunderabad Junction 8,03:31,03:33,3,6,475,12
763,763,12763,SE07,Bilaspur Junction 7,06:42,06:47,12,7,1952,13
764,764,12764,SE06,Kolkata Junction 6,09:53,09:06,15,1,1976,14
765,765,12765,SW05,Hubballi Junction 5,12:04,12:12,7,2,1428,15
766,766,12766,SR04,Chennai Junction 4,15:15,15:21,10,3,2199,16
767,767,12767,WC03,Jabalpur Junction 3,18:26,18:30,12,4,2058,17
768,768,12768,WR02,Mumbai Junction 2,21:37,21:46,6,5,560,18
769,769,12769,CR01,Mumbai Junction 1,00:48,00:52,6,6,1642,19
770,770,12770,CR08,Mumbai Junction 8,03:59,03:08,5,7,1192,20
771,771,12771,ER07,Kolkata Junction 7,06:10,06:23,2,1,45,21
772,772,12772,EC06,Hajipur Junction 6,09:21,09:36,12,2,1266,22
773,773,12773,EC05,Bhubaneswar Junction 5,12:32,12:46,10,3,1145,23
774,774,12774,NR04,New Delhi Junction 4,15:43,15:47,13,4,1682,24
775,775,12775,NC03,Prayagraj Junction 3,18:54,18:00,12,5,1599,25
776,776,12776,NE02,Gorakhpur Junction 2,21:05,21:08,4,6,1308,26
777,777,12777,NF01,Guwahati Junction 1,00:16,00:26,11,7,821,27
778,778,12778,NF08,Guwahati Junction 8,03:27,03:40,8,1,453,28
779,779,12779,NW07,Jaipur Junction 7,06:38,06:41,14,2,1555,29
780,780,12780,SC06,Secunderabad Junction 6,09:49,09:57,4,3,212,30
781,781,12781,SE05,Bilaspur Junction 5,12:00,12:04,3,4,1164,1
782,782,12782,SE04,Kolkata Junction 4,15:11,15:15,3,5,622,2
783,783,12783,SW03,Hubballi Junction 3,18:22,18:33,8,6,338,3
784,784,12784,SR02,Chennai Junction 2,21:33,21:45,8,7,410,4
785,785,12785,WC01,Jabalpur Junction 1,00:44,00:55,15,1,1188,5
786,786,12786,WC08,Jabalpur Junction 8,03:55,03:59,6,2,1318,6
787,787,12787,WR07,Mumbai Junction 7,06:06,06:21,15,3,2053,7
788,788,12788,CR06,Mumbai Junction 6,09:17,09:30,10,4,1425,8
789,789,12789,ER05,Kolkata Junction 5,12:28,12:40,12,5,1405,9
790,790,12790,EC04,Hajipur Junction 4,15:39,15:42,14,6,21,10
791,791,12791,EC03,Bhubaneswar Junction 3,18:50,18:57,8,7,2191,11
792,792,12792,NR02,New Delhi Junction 2,21:01,21:04,8,1,787,12
793,793,12793,NC01,Prayagraj Junction 1,00:12,00:15,5,2,928,13
794,794,12794,NC08,Prayagraj Junction 8,03:23,03:37,7,3,1936,14
795,795,12795,NE07,Gorakhpur Junction 7,06:34,06:46,13,4,1878,15
796,796,12796,NF06,Guwahati Junction 6,09:45,09:56,12,5,338,16
797,797,12797,NW05,Jaipur Junction 5,12:56,12:08,2,6,1622,17
798,798,12798,SC04,Secunderabad Junction 4,15:07,15:18,12,7,1412,18
799,799,12799,SE03,Bilaspur Junction 3,18:18,18:25,7,1,1311,19
800,800,12800,SE02,Kolkata Junction 2,21:29,21:37,6,2,1076,20
801,801,12801,SW01,Hubballi Junction 1,00:40,00:49,5,3,1404,21
802,802,12802,SW08,Hubballi Junction 8,03:51,03:57,5,4,920,22
803,803,12803,SR07,Chennai Junction 7,06:02,06:05,10,5,1613,23
804,804,12804,WC06,Jabalpur Junction 6,09:13,09:28,5,6,1184,24
805,805,12805,WR05,Mumbai Junction 5,12:24,12:33,12,7,1374,25
806,806,12806,CR04,Mumbai Junction 4,15:35,15:48,13,1,249,26
807,807,12807,ER03,Kolkata Junction 3,18:46,18:52,11,2,1196,27
808,808,12808,EC02,Hajipur Junction 2,21:57,21:05,4,3,1259,28
809,809,12809,EC01,Bhubaneswar Junction 1,00:08,00:20,2,4,1301,29
810,810,12810,EC08,Bhubaneswar Junction 8,03:19,03:33,10,5,2096,30
811,811,12811,NR07,New Delhi Junction 7,06:30,06:36,2,6,1500,1
812,812,12812,NC06,Prayagraj Junction 6,09:41,09:45,2,7,396,2
813,813,12813,NE05,Gorakhpur Junction 5,12:52,12:07,12,1,605,3
814,814,12814,NF04,Guwahati Junction 4,15:03,15:13,6,2,390,4
815,815,12815,NW03,Jaipur Junction 3,18:14,18:29,13,3,799,5
816,816,12816,SC02,Secunderabad Junction 2,21:25,21:31,13,4,1013,6
817,817,12817,SE01,Bilaspur Junction 1,00:36,00:43,7,5,982,7
818,818,12818,SE08,Bilaspur Junction 8,03:47,03:56,2,6,1056,8
819,819,12819,SE07,Kolkata Junction 7,06:58,06:06,5,7,781,9
820,820,12820,SW06,Hubballi Junction 6,09:09,09:16,7,1,1998,10
821,821,12821,SR05,Chennai Junction 5,12:20,12:29,9,2,578,11
822,822,12822,WC04,Jabalpur Junction 4,15:31,15:45,2,3,1210,12
823,823,12823,WR03,Mumbai Junction 3,18:42,18:46,12,4,832,13
824,824,12824,CR02,Mumbai Junction 2,21:53,21:59,2,5,1738,14
825,825,12825,ER01,Kolkata Junction 1,00:04,00:11,5,6,1857,15
826,826,12826,ER08,Kolkata Junction 8,03:15,03:17,8,7,353,16
827,827,12827,EC07,Hajipur Junction 7,06:26,06:29,2,1,411,17
828,828,12828,EC06,Bhubaneswar Junction 6,09:37,09:52,8,2,2199,18
829,829,12829,NR05,New Delhi Junction 5,12:48,12:53,12,3,197,19
830,830,12830,NC04,Prayagraj Junction 4,15:59,15:02,2,4,1977,20
831,831,12831,NE03,Gorakhpur Junction 3,18:10,18:21,12,5,2040,21
832,832,12832,NF02,Guwahati Junction 2,21:21,21:27,12,6,1105,22
833,833,12833,NW01,Jaipur Junction 1,00:32,00:41,11,7,1033,23
834,834,12834,NW08,Jaipur Junction 8,03:43,03:45,3,1,1103,24
835,835,12835,SC07,Secunderabad Junction 7,06:54,06:03,12,2,1258,25
836,836,12836,SE06,Bilaspur Junction 6,09:05,09:09,7,3,976,26
837,837,12837,SE05,Kolkata Junction 5,12:16,12:31,9,4,1396,27
838,838,12838,SW04,Hubballi Junction 4,15:27,15:39,7,5,2121,28
839,839,12839,SR03,Chennai Junction 3,18:38,18:49,13,6,1648,29
840,840,12840,WC02,Jabalpur Junction 2,21:49,21:59,2,7,1284,30
841,841,12841,WR01,Mumbai Junction 1,00:00,00:03,10,1,1543,1
842,842,12842,WR08,Mumbai Junction 8,03:11,03:20,6,2,130,2
843,843,12843,CR07,Mumbai Junction 7,06:22,06:33,11,3,1051,3
844,844,12844,ER06,Kolkata Junction 6,09:33,09:45,12,4,1127,4
845,845,12845,EC05,Hajipur Junction 5,12:44,12:46,14,5,1026,5
846,846,12846,EC04,Bhubaneswar Junction 4,15:55,15:06,14,6,797,6
847,847,12847,NR03,New Delhi Junction 3,18:06,18:16,2,7,1947,7
848,848,12848,NC02,Prayagraj Junction 2,21:17,21:19,9,1,773,8
849,849,12849,NE01,Gorakhpur Junction 1,00:28,00:30,8,2,2058,9
850,850,12850,NE08,Gorakhpur Junction 8,03:39,03:43,6,3,416,10
851,851,12851,NF07,Guwahati Junction 7,06:50,06:53,5,4,1258,11
852,852,12852,NW06,Jaipur Junction 6,09:01,09:13,11,5,1696,12
853,853,12853,SC05,Secunderabad Junction 5,12:12,12:24,7,6,1980,13
854,854,12854,SE04,Bilaspur Junction 4,15:23,15:27,11,7,243,14
855,855,12855,SE03,Kolkata Junction 3,18:34,18:46,3,1,475,15
856,856,12856,SW02,Hubballi Junction 2,21:45,21:52,11,2,100,16
857,857,12857,SR01,Chennai Junction 1,00:56,00:01,6,3,1608,17
858,858,12858,SR08,Chennai Junction 8,03:07,03:22,10,4,1116,18
859,859,12859,WC07,Jabalpur Junction 7,06:18,06:24,13,5,235,19
860,860,12860,WR06,Mumbai Junction 6,09:29,09:32,4,6,589,20
861,861,12861,CR05,Mumbai Junction 5,12:40,12:48,15,7,1430,21
862,862,12862,ER04,Kolkata Junction 4,15:51,15:58,4,1,1426,22
863,863,12863,EC03,Hajipur Junction 3,18:02,18:07,15,2,1050,23
864,864,12864,EC02,Bhubaneswar Junction 2,21:13,21:22,14,3,671,24
865,865,12865,NR01,New Delhi Junction 1,00:24,00:32,9,4,596,25
866,866,12866,NR08,New Delhi Junction 8,03:35,03:37,5,5,247,26
867,867,12867,NC07,Prayagraj Junction 7,06:46,06:57,2,6,696,27
868,868,12868,NE06,Gorakhpur Junction 6,09:57,09:11,9,7,1476,28
869,869,12869,NF05,Guwahati Junction 5,12:08,12:19,6,1,1391,29
870,870,12870,NW04,Jaipur Junction 4,15:19,15:24,10,2,1502,30
871,871,12871,SC03,Secunderabad Junction 3,18:30,18:44,14,3,52,1
872,872,12872,SE02,Bilaspur Junction 2,21:41,21:47,9,4,707,2
873,873,12873,SE01,Kolkata Junction 1,00:52,00:02,13,5,567,3
874,874,12874,SE08,Kolkata Junction 8,03:03,03:17,14,6,2010,4
875,875,12875,SW07,Hubballi Junction 7,06:14,06:17,6,7,273,5
876,876,12876,SR06,Chennai Junction 6,09:25,09:28,2,1,967,6
877,877,12877,WC05,Jabalpur Junction 5,12:36,12:39,6,2,2159,7
878,878,12878,WR04,Mumbai Junction 4,15:47,15:01,15,3,80,8
879,879,12879,CR03,Mumbai Junction 3,18:58,18:09,10,4,292,9
880,880,12880,ER02,Kolkata Junction 2,21:09,21:23,7,5,2148,10
881,881,12881,EC01,Hajipur Junction 1,00:20,00:23,11,6,287,11
882,882,12882,EC08,Hajipur Junction 8,03:31,03:46,10,7,166,12
883,883,12883,EC07,Bhubaneswar Junction 7,06:42,06:47,7,1,28,13
884,884,12884,NR06,New Delhi Junction 6,09:53,09:55,14,2,2158,14
885,885,12885,NC05,Prayagraj Junction 5,12:04,12:13,14,3,1441,15
886,886,12886,NE04,Gorakhpur Junction 4,15:15,15:17,12,4,39,16
887,887,12887,NF03,Guwahati Junction 3,18:26,18:39,7,5,310,17
888,888,12888,NW02,Jaipur Junction 2,21:37,21:42,11,6,1863,18
889,889,12889,SC01,Secunderabad Junction 1,00:48,00:57,4,7,1980,19
890,890,12890,SC08,Secunderabad Junction 8,03:59,03:12,7,1,1219,20
891,891,12891,SE07,Bilaspur Junction 7,06:10,06:25,7,2,56,21
892,892,12892,SE06,Kolkata Junction 6,09:21,09:25,10,3,2194,22
893,893,12893,SW05,Hubballi Junction 5,12:32,12:44,10,4,710,23
894,894,12894,SR04,Chennai Junction 4,15:43,15:51,2,5,816,24
895,895,12895,WC03,Jabalpur Junction 3,18:54,18:04,14,6,2029,25
896,896,12896,WR02,Mumbai Junction 2,21:05,21:18,2,7,1784,26
897,897,12897,CR01,Mumbai Junction 1,00:16,00:21,10,1,2082,27
898,898,12898,CR08,Mumbai Junction 8,03:27,03:41,11,2,658,28
899,899,12899,ER07,Kolkata Junction 7,06:38,06:47,11,3,1131,29
900,900,12900,EC06,Hajipur Junction 6,09:49,09:56,7,4,1319,30
901,901,12901,EC05,Bhubaneswar Junction 5,12:00,12:02,15,5,224,1
902,902,12902,NR04,New Delhi Junction 4,15:11,15:26,2,6,1127,2
903,903,12903,NC03,Prayagraj Junction 3,18:22,18:29,10,7,953,3
904,904,12904,NE02,Gorakhpur Junction 2,21:33,21:47,2,1,2168,4
905,905,12905,NF01,Guwahati Junction 1,00:44,00:55,12,2,307,5
906,906,12906,NF08,Guwahati Junction 8,03:55,03:57,7,3,709,6
907,907,12907,NW07,Jaipur Junction 7,06:06,06:18,14,4,940,7
908,908,12908,SC06,Secunderabad Junction 6,09:17,09:29,2,5,1632,8
909,909,12909,SE05,Bilaspur Junction 5,12:28,12:31,11,6,840,9
910,910,12910,SE04,Kolkata Junction 4,15:39,15:46,5,7,887,10
911,911,12911,SW03,Hubballi Junction 3,18:50,18:04,13,1,748,11
912,912,12912,SR02,Chennai Junction 2,21:01,21:07,9,2,1506,12
913,913,12913,WC01,Jabalpur Junction 1,00:12,00:16,12,3,2087,13
914,914,12914,WC08,Jabalpur Junction 8,03:23,03:36,9,4,703,14
915,915,12915,WR07,Mumbai Junction 7,06:34,06:40,12,5,1000,15
916,916,12916,CR06,Mumbai Junction 6,09:45,09:48,11,6,303,16
917,917,12917,ER05,Kolkata Junction 5,12:56,12:11,7,7,752,17
918,918,12918,EC04,Hajipur Junction 4,15:07,15:09,4,1,2084,18
919,919,12919,EC03,Bhubaneswar Junction 3,18:18,18:27,14,2,2103,19
920,920,12920,NR02,New Delhi Junction 2,21:29,21:31,7,3,1844,20
921,921,12921,NC01,Prayagraj Junction 1,00:40,00:48,9,4,1254,21
922,922,12922,NC08,Prayagraj Junction 8,03:51,03:02,15,5,1951,22
923,923,12923,NE07,Gorakhpur Junction 7,06:02,06:12,10,6,794,23
924,924,12924,NF06,Guwahati Junction 6,09:13,09:16,11,7,5,24
925,925,12925,NW05,Jaipur Junction 5,12:24,12:35,8,1,1730,25
926,926,12926,SC04,Secunderabad Junction 4,15:35,15:50,9,2,1259,26
927,927,12927,SE03,Bilaspur Junction 3,18:46,18:54,7,3,195,27
928,928,12928,SE02,Kolkata Junction 2,21:57,21:59,12,4,2012,28
929,929,12929,SW01,Hubballi Junction 1,00:08,00:10,6,5,1338,29
930,930,12930,SW08,Hubballi Junction 8,03:19,03:30,12,6,1527,30
931,931,12931,SR07,Chennai Junction 7,06:30,06:33,5,7,1032,1
932,932,12932,WC06,Jabalpur Junction 6,09:41,09:43,6,1,847,2
933,933,12933,WR05,Mumbai Junction 5,12:52,12:07,6,2,2137,3
934,934,12934,CR04,Mumbai Junction 4,15:03,15:14,11,3,1803,4
935,935,12935,ER03,Kolkata Junction 3,18:14,18:27,5,4,926,5
936,936,12936,EC02,Hajipur Junction 2,21:25,21:34,15,5,89,6
937,937,12937,EC01,Bhubaneswar Junction 1,00:36,00:44,4,6,454,7
938,938,12938,EC08,Bhubaneswar Junction 8,03:47,03:59,4,7,1745,8
939,939,12939,NR07,New Delhi Junction 7,06:58,06:13,12,1,373,9
940,940,12940,NC06,Prayagraj Junction 6,09:09,09:12,8,2,1212,10
941,941,12941,NE05,Gorakhpur Junction 5,12:20,12:32,7,3,367,11
942,942,12942,NF04,Guwahati Junction 4,15:31,15:46,14,4,1438,12
943,943,12943,NW03,Jaipur Junction 3,18:42,18:53,15,5,1044,13
944,944,12944,SC02,Secunderabad Junction 2,21:53,21:57,10,6,991,14
945,945,12945,SE01,Bilaspur Junction 1,00:04,00:17,12,7,1037,15
946,946,12946,SE08,Bilaspur Junction 8,03:15,03:22,7,1,1391,16
947,947,12947,SE07,Kolkata Junction 7,06:26,06:36,9,2,1170,17
948,948,12948,SW06,Hubballi Junction 6,09:37,09:52,5,3,382,18
949,949,12949,SR05,Chennai Junction 5,12:48,12:01,15,4,1339,19
950,950,12950,WC04,Jabalpur Junction 4,15:59,15:06,6,5,1029,20
951,951,12951,WR03,Mumbai Junction 3,18:10,18:12,9,6,593,21
952,952,12952,CR02,Mumbai Junction 2,21:21,21:26,9,7,2120,22
953,953,12953,ER01,Kolkata Junction 1,00:32,00:36,14,1,1142,23
954,954,12954,ER08,Kolkata Junction 8,03:43,03:58,7,2,2193,24
955,955,12955,EC07,Hajipur Junction 7,06:54,06:05,11,3,1239,25
956,956,12956,EC06,Bhubaneswar Junction 6,09:05,09:13,9,4,1871,26
957,957,12957,NR05,New Delhi Junction 5,12:16,12:29,2,5,1528,27
958,958,12958,NC04,Prayagraj Junction 4,15:27,15:40,12,6,1094,28
959,959,12959,NE03,Gorakhpur Junction 3,18:38,18:44,11,7,1460,29
960,960,12960,NF02,Guwahati Junction 2,21:49,21:56,7,1,810,30
961,961,12961,NW01,Jaipur Junction 1,00:00,00:02,2,2,182,1
962,962,12962,NW08,Jaipur Junction 8,03:11,03:18,9,3,898,2
963,963,12963,SC07,Secunderabad Junction 7,06:22,06:37,5,4,864,3
964,964,12964,SE06,Bilaspur Junction 6,09:33,09:38,6,5,1285,4
965,965,12965,SE05,Kolkata Junction 5,12:44,12:50,6,6,1475,5
966,966,12966,SW04,Hubballi Junction 4,15:55,15:08,4,7,245,6
967,967,12967,SR03,Chennai Junction 3,18:06,18:11,10,1,2111,7
968,968,12968,WC02,Jabalpur Junction 2,21:17,21:21,2,2,1162,8
969,969,12969,WR01,Mumbai Junction 1,00:28,00:43,9,3,2033,9
970,970,12970,WR08,Mumbai Junction 8,03:39,03:49,2,4,940,10
971,971,12971,CR07,Mumbai Junction 7,06:50,06:02,9,5,428,11
972,972,12972,ER06,Kolkata Junction 6,09:01,09:05,11,6,1018,12
973,973,12973,EC05,Hajipur Junction 5,12:12,12:22,7,7,745,13
974,974,12974,EC04,Bhubaneswar Junction 4,15:23,15:34,2,1,956,14
975,975,12975,NR03,New Delhi Junction 3,18:34,18:41,12,2,1602,15
976,976,12976,NC02,Prayagraj Junction 2,21:45,21:52,5,3,518,16
977,977,12977,NE01,Gorakhpur Junction 1,00:56,00:00,5,4,1673,17
978,978,12978,NE08,Gorakhpur Junction 8,03:07,03:09,2,5,1187,18
979,979,12979,NF07,Guwahati Junction 7,06:18,06:23,13,6,1654,19
980,980,12980,NW06,Jaipur Junction 6,09:29,09:41,8,7,963,20
981,981,12981,SC05,Secunderabad Junction 5,12:40,12:47,4,1,1248,21
982,982,12982,SE04,Bilaspur Junction 4,15:51,15:05,5,2,124,22
983,983,12983,SE03,Kolkata Junction 3,18:02,18:11,7,3,1754,23
984,984,12984,SW02,Hubballi Junction 2,21:13,21:26,15,4,864,24
985,985,12985,SR01,Chennai Junction 1,00:24,00:38,3,5,820,25
986,986,12986,SR08,Chennai Junction 8,03:35,03:40,14,6,1320,26
987,987,12987,WC07,Jabalpur Junction 7,06:46,06:53,4,7,1722,27
988,988,12988,WR06,Mumbai Junction 6,09:57,09:08,13,1,963,28
989,989,12989,CR05,Mumbai Junction 5,12:08,12:12,6,2,1364,29
990,990,12990,ER04,Kolkata Junction 4,15:19,15:24,2,3,1811,30
991,991,12991,EC03,Hajipur Junction 3,18:30,18:39,7,4,1216,1
992,992,12992,EC02,Bhubaneswar Junction 2,21:41,21:53,2,5,968,2
993,993,12993,NR01,New Delhi Junction 1,00:52,00:57,3,6,79,3
994,994,12994,NR08,New Delhi Junction 8,03:03,03:11,9,7,1116,4
995,995,12995,NC07,Prayagraj Junction 7,06:14,06:26,8,1,1297,5
996,996,12996,NE06,Gorakhpur Junction 6,09:25,09:38,11,2,2003,6
997,997,12997,NF05,Guwahati Junction 5,12:36,12:41,13,3,1532,7
998,998,12998,NW04,Jaipur Junction 4,15:47,15:57,2,4,1191,8
999,999,12999,SC03,Secunderabad Junction 3,18:58,18:12,11,5,11,9
1000,1000,13000,SE02,Bilaspur Junction 2,21:09,21:15,9,6,1786,10
1001,1001,13001,SE01,Kolkata Junction 1,00:20,00:28,13,7,1750,11
1002,1002,13002,SE08,Kolkata Junction 8,03:31,03:36,4,1,1986,12
1003,1003,13003,SW07,Hubballi Junction 7,06:42,06:52,13,2,2028,13
1004,1004,13004,SR06,Chennai Junction 6,09:53,09:00,2,3,1999,14
1005,1005,13005,WC05,Jabalpur Junction 5,12:04,12:14,3,4,1165,15
1006,1006,13006,WR04,Mumbai Junction 4,15:15,15:17,6,5,765,16
1007,1007,13007,CR03,Mumbai Junction 3,18:26,18:34,9,6,1846,17
1008,1008,13008,ER02,Kolkata Junction 2,21:37,21:43,12,7,2072,18
1009,1009,13009,EC01,Hajipur Junction 1,00:48,00:00,5,1,1491,19
1010,1010,13010,EC08,Hajipur Junction 8,03:59,03:04,8,2,1396,20
1011,1011,13011,EC07,Bhubaneswar Junction 7,06:10,06:16,2,3,1841,21
1012,1012,13012,NR06,New Delhi Junction 6,09:21,09:33,3,4,830,22
1013,1013,13013,NC05,Prayagraj Junction 5,12:32,12:37,15,5,2071,23
1014,1014,13014,NE04,Gorakhpur Junction 4,15:43,15:54,8,6,114,24
1015,1015,13015,NF03,Guwahati Junction 3,18:54,18:59,3,7,1736,25
1016,1016,13016,NW02,Jaipur Junction 2,21:05,21:08,11,1,2095,26
1017,1017,13017,SC01,Secunderabad Junction 1,00:16,00:22,11,2,1934,27
1018,1018,13018,SC08,Secunderabad Junction 8,03:27,03:34,8,3,441,28
1019,1019,13019,SE07,Bilaspur Junction 7,06:38,06:45,14,4,1459,29
1020,1020,13020,SE06,Kolkata Junction 6,09:49,09:53,9,5,1554,30
1021,1021,13021,SW05,Hubballi Junction 5,12:00,12:03,12,6,442,1
1022,1022,13022,SR04,Chennai Junction 4,15:11,15:17,7,7,1110,2
1023,1023,13023,WC03,Jabalpur Junction 3,18:22,18:36,5,1,562,3
1024,1024,13024,WR02,Mumbai Junction 2,21:33,21:40,14,2,2123,4
1025,1025,13025,CR01,Mumbai Junction 1,00:44,00:52,11,3,2017,5
1026,1026,13026,CR08,Mumbai Junction 8,03:55,03:08,11,4,1189,6
1027,1027,13027,ER07,Kolkata Junction 7,06:06,06:21,5,5,798,7
1028,1028,13028,EC06,Hajipur Junction 6,09:17,09:28,2,6,1101,8
1029,1029,13029,EC05,Bhubaneswar Junction 5,12:28,12:41,4,7,1766,9
1030,1030,13030,NR04,New Delhi Junction 4,15:39,15:46,14,1,1396,10
1031,1031,13031,NC03,Prayagraj Junction 3,18:50,18:54,12,2,123,11
1032,1032,13032,NE02,Gorakhpur Junction 2,21:01,21:06,14,3,1927,12
1033,1033,13033,NF01,Guwahati Junction 1,00:12,00:14,7,4,207,13
1034,1034,13034,NF08,Guwahati Junction 8,03:23,03:28,15,5,429,14
1035,1035,13035,NW07,Jaipur Junction 7,06:34,06:44,13,6,1938,15
1036,1036,13036,SC06,Secunderabad Junction 6,09:45,09:51,11,7,1063,16
1037,1037,13037,SE05,Bilaspur Junction 5,12:56,12:59,5,1,1645,17
1038,1038,13038,SE04,Kolkata Junction 4,15:07,15:18,9,2,1718,18
1039,1039,13039,SW03,Hubballi Junction 3,18:18,18:29,6,3,646,19
1040,1040,13040,SR02,Chennai Junction 2,21:29,21:44,15,4,67,20
1041,1041,13041,WC01,Jabalpur Junction 1,00:40,00:53,3,5,1894,21
1042,1042,13042,WC08,Jabalpur Junction 8,03:51,03:01,11,6,1543,22
1043,1043,13043,WR07,Mumbai Junction 7,06:02,06:12,5,7,1775,23
1044,1044,13044,CR06,Mumbai Junction 6,09:13,09:22,9,1,700,24
1045,1045,13045,ER05,Kolkata Junction 5,12:24,12:26,9,2,759,25
1046,1046,13046,EC04,Hajipur Junction 4,15:35,15:46,7,3,2140,26
1047,1047,13047,EC03,Bhubaneswar Junction 3,18:46,18:57,8,4,1558,27
1048,1048,13048,NR02,New Delhi Junction 2,21:57,21:08,10,5,1271,28
1049,1049,13049,NC01,Prayagraj Junction 1,00:08,00:23,6,6,951,29
1050,1050,13050,NC08,Prayagraj Junction 8,03:19,03:24,9,7,2173,30
1051,1051,13051,NE07,Gorakhpur Junction 7,06:30,06:40,4,1,2027,1
1052,1052,13052,NF06,Guwahati Junction 6,09:41,09:54,8,2,322,2
1053,1053,13053,NW05,Jaipur Junction 5,12:52,12:59,13,3,1269,3
1054,1054,13054,SC04,Secunderabad Junction 4,15:03,15:07,4,4,2127,4
1055,1055,13055,SE03,Bilaspur Junction 3,18:14,18:22,11,5,793,5
1056,1056,13056,SE02,Kolkata Junction 2,21:25,21:28,7,6,1524,6
1057,1057,13057,SW01,Hubballi Junction 1,00:36,00:42,10,7,963,7
1058,1058,13058,SW08,Hubballi Junction 8,03:47,03:53,5,1,573,8
1059,1059,13059,SR07,Chennai Junction 7,06:58,06:03,12,2,742,9
1060,1060,13060,WC06,Jabalpur Junction 6,09:09,09:21,6,3,719,10
1061,1061,13061,WR05,Mumbai Junction 5,12:20,12:34,14,4,881,11
1062,1062,13062,CR04,Mumbai Junction 4,15:31,15:36,12,5,153,12
1063,1063,13063,ER03,Kolkata Junction 3,18:42,18:50,10,6,1486,13
1064,1064,13064,EC02,Hajipur Junction 2,21:53,21:56,2,7,608,14
1065,1065,13065,EC01,Bhubaneswar Junction 1,00:04,00:07,9,1,2022,15
1066,1066,13066,EC08,Bhubaneswar Junction 8,03:15,03:21,8,2,472,16
1067,1067,13067,NR07,New Delhi Junction 7,06:26,06:28,11,3,564,17
1068,1068,13068,NC06,Prayagraj Junction 6,09:37,09:46,11,4,1847,18
1069,1069,13069,NE05,Gorakhpur Junction 5,12:48,12:52,10,5,2003,19
1070,1070,13070,NF04,Guwahati Junction 4,15:59,15:07,2,6,574,20
1071,1071,13071,NW03,Jaipur Junction 3,18:10,18:23,13,7,691,21
1072,1072,13072,SC02,Secunderabad Junction 2,21:21,21:25,6,1,532,22
1073,1073,13073,SE01,Bilaspur Junction 1,00:32,00:44,13,2,102,23
1074,1074,13074,SE08,Bilaspur Junction 8,03:43,03:55,12,3,1348,24
1075,1075,13075,SE07,Kolkata Junction 7,06:54,06:08,2,4,1539,25
1076,1076,13076,SW06,Hubballi Junction 6,09:05,09:08,14,5,1099,26
1077,1077,13077,SR05,Chennai Junction 5,12:16,12:19,12,6,1648,27
1078,1078,13078,WC04,Jabalpur Junction 4,15:27,15:35,6,7,38,28
1079,1079,13079,WR03,Mumbai Junction 3,18:38,18:52,4,1,1853,29
1080,1080,13080,CR02,Mumbai Junction 2,21:49,21:59,11,2,1527,30
1081,1081,13081,ER01,Kolkata Junction 1,00:00,00:14,2,3,2180,1
1082,1082,13082,ER08,Kolkata Junction 8,03:11,03:13,15,4,574,2
1083,1083,13083,EC07,Hajipur Junction 7,06:22,06:35,3,5,1014,3
1084,1084,13084,EC06,Bhubaneswar Junction 6,09:33,09:42,15,6,272,4
1085,1085,13085,NR05,New Delhi Junction 5,12:44,12:46,11,7,108,5
1086,1086,13086,NC04,Prayagraj Junction 4,15:55,15:07,2,1,2135,6
1087,1087,13087,NE03,Gorakhpur Junction 3,18:06,18:15,15,2,278,7
1088,1088,13088,NF02,Guwahati Junction 2,21:17,21:22,8,3,64,8
1089,1089,13089,NW01,Jaipur Junction 1,00:28,00:31,6,4,1621,9
1090,1090,13090,NW08,Jaipur Junction 8,03:39,03:50,3,5,131,10
1091,1091,13091,SC07,Secunderabad Junction 7,06:50,06:01,7,6,1742,11
1092,1092,13092,SE06,Bilaspur Junction 6,09:01,09:07,7,7,482,12
1093,1093,13093,SE05,Kolkata Junction 5,12:12,12:17,11,1,1036,13
1094,1094,13094,SW04,Hubballi Junction 4,15:23,15:34,3,2,1178,14
1095,1095,13095,SR03,Chennai Junction 3,18:34,18:42,14,3,931,15
1096,1096,13096,WC02,Jabalpur Junction 2,21:45,21:48,11,4,329,16
1097,1097,13097,WR01,Mumbai Junction 1,00:56,00:10,7,5,1725,17
1098,1098,13098,WR08,Mumbai Junction 8,03:07,03:18,8,6,1284,18
1099,1099,13099,CR07,Mumbai Junction 7,06:18,06:22,3,7,1685,19
1100,1100,13100,ER06,Kolkata Junction 6,09:29,09:44,14,1,671,20
1101,1101,13101,EC05,Hajipur Junction 5,12:40,12:47,7,2,1545,21
1102,1102,13102,EC04,Bhubaneswar Junction 4,15:51,15:01,13,3,2079,22
1103,1103,13103,NR03,New Delhi Junction 3,18:02,18:09,11,4,1100,23
1104,1104,13104,NC02,Prayagraj Junction 2,21:13,21:28,6,5,412,24
1105,1105,13105,NE01,Gorakhpur Junction 1,00:24,00:31,10,6,2097,25
1106,1106,13106,NE08,Gorakhpur Junction 8,03:35,03:48,2,7,1119,26
1107,1107,13107,NF07,Guwahati Junction 7,06:46,06:50,7,1,2076,27
1108,1108,13108,NW06,Jaipur Junction 6,09:57,09:12,4,2,310,28
1109,1109,13109,SC05,Secunderabad Junction 5,12:08,12:19,7,3,952,29
1110,1110,13110,SE04,Bilaspur Junction 4,15:19,15:33,14,4,1981,30
1111,1111,13111,SE03,Kolkata Junction 3,18:30,18:42,15,5,1583,1
1112,1112,13112,SW02,Hubballi Junction 2,21:41,21:55,9,6,112,2
1113,1113,13113,SR01,Chennai Junction 1,00:52,00:05,15,7,687,3
1114,1114,13114,SR08,Chennai Junction 8,03:03,03:10,10,1,1433,4
1115,1115,13115,WC07,Jabalpur Junction 7,06:14,06:25,7,2,1879,5
1116,1116,13116,WR06,Mumbai Junction 6,09:25,09:38,15,3,1267,6
1117,1117,13117,CR05,Mumbai Junction 5,12:36,12:39,13,4,174,7
1118,1118,13118,ER04,Kolkata Junction 4,15:47,15:51,5,5,406,8
1119,1119,13119,EC03,Hajipur Junction 3,18:58,18:10,8,6,482,9
1120,1120,13120,EC02,Bhubaneswar Junction 2,21:09,21:11,5,7,1524,10
1121,1121,13121,NR01,New Delhi Junction 1,00:20,00:33,6,1,161,11
1122,1122,13122,NR08,New Delhi Junction 8,03:31,03:40,12,2,154,12
1123,1123,13123,NC07,Prayagraj Junction 7,06:42,06:55,4,3,567,13
1124,1124,13124,NE06,Gorakhpur Junction 6,09:53,09:03,2,4,672,14
1125,1125,13125,NF05,Guwahati Junction 5,12:04,12:07,5,5,1701,15
1126,1126,13126,NW04,Jaipur Junction 4,15:15,15:20,2,6,472,16
1127,1127,13127,SC03,Secunderabad Junction 3,18:26,18:29,10,7,2140,17
1128,1128,13128,SE02,Bilaspur Junction 2,21:37,21:41,12,1,797,18
1129,1129,13129,SE01,Kolkata Junction 1,00:48,00:51,11,2,461,19
1130,1130,13130,SE08,Kolkata Junction 8,03:59,03:08,9,3,1314,20
1131,1131,13131,SW07,Hubballi Junction 7,06:10,06:13,5,4,1622,21
1132,1132,13132,SR06,Chennai Junction 6,09:21,09:36,2,5,910,22
1133,1133,13133,WC05,Jabalpur Junction 5,12:32,12:46,6,6,984,23
1134,1134,13134,WR04,Mumbai Junction 4,15:43,15:57,15,7,1441,24
1135,1135,13135,CR03,Mumbai Junction 3,18:54,18:05,10,1,623,25
1136,1136,13136,ER02,Kolkata Junction 2,21:05,21:19,2,2,128,26
1137,1137,13137,EC01,Hajipur Junction 1,00:16,00:26,13,3,1791,27
1138,1138,13138,EC08,Hajipur Junction 8,03:27,03:38,7,4,791,28
1139,1139,13139,EC07,Bhubaneswar Junction 7,06:38,06:45,5,5,922,29
1140,1140,13140,NR06,New Delhi Junction 6,09:49,09:52,6,6,2070,30
1141,1141,13141,NC05,Prayagraj Junction 5,12:00,12:11,3,7,629,1
1142,1142,13142,NE04,Gorakhpur Junction 4,15:11,15:16,5,1,1520,2
1143,1143,13143,NF03,Guwahati Junction 3,18:22,18:36,11,2,1074,3
1144,1144,13144,NW02,Jaipur Junction 2,21:33,21:37,4,3,1791,4
1145,1145,13145,SC01,Secunderabad Junction 1,00:44,00:55,9,4,1269,5
1146,1146,13146,SC08,Secunderabad Junction 8,03:55,03:08,13,5,192,6
1147,1147,13147,SE07,Bilaspur Junction 7,06:06,06:13,2,6,846,7
1148,1148,13148,SE06,Kolkata Junction 6,09:17,09:27,4,7,330,8
1149,1149,13149,SW05,Hubballi Junction 5,12:28,12:36,9,1,1571,9
1150,1150,13150,SR04,Chennai Junction 4,15:39,15:41,5,2,1715,10
1151,1151,13151,WC03,Jabalpur Junction 3,18:50,18:01,14,3,1792,11
1152,1152,13152,WR02,Mumbai Junction 2,21:01,21:14,9,4,2108,12
1153,1153,13153,CR01,Mumbai Junction 1,00:12,00:19,14,5,862,13
1154,1154,13154,CR08,Mumbai Junction 8,03:23,03:31,11,6,876,14
1155,1155,13155,ER07,Kolkata Junction 7,06:34,06:38,14,7,996,15
1156,1156,13156,EC06,Hajipur Junction 6,09:45,09:59,7,1,2140,16
1157,1157,13157,EC05,Bhubaneswar Junction 5,12:56,12:06,12,2,1662,17
1158,1158,13158,NR04,New Delhi Junction 4,15:07,15:11,13,3,2078,18
1159,1159,13159,NC03,Prayagraj Junction 3,18:18,18:29,15,4,1861,19
1160,1160,13160,NE02,Gorakhpur Junction 2,21:29,21:40,8,5,1886,20
1161,1161,13161,NF01,Guwahati Junction 1,00:40,00:44,9,6,1794,21
1162,1162,13162,NF08,Guwahati Junction 8,03:51,03:06,5,7,206,22
1163,1163,13163,NW07,Jaipur Junction 7,06:02,06:08,14,1,1152,23
1164,1164,13164,SC06,Secunderabad Junction 6,09:13,09:15,3,2,746,24
1165,1165,13165,SE05,Bilaspur Junction 5,12:24,12:30,3,3,1087,25
1166,1166,13166,SE04,Kolkata Junction 4,15:35,15:43,4,4,510,26
1167,1167,13167,SW03,Hubballi Junction 3,18:46,18:57,15,5,2192,27
1168,1168,13168,SR02,Chennai Junction 2,21:57,21:06,2,6,1975,28
1169,1169,13169,WC01,Jabalpur Junction 1,00:08,00:23,5,7,880,29
1170,1170,13170,WC08,Jabalpur Junction 8,03:19,03:21,13,1,1706,30
1171,1171,13171,WR07,Mumbai Junction 7,06:30,06:32,11,2,906,1
1172,1172,13172,CR06,Mumbai Junction 6,09:41,09:50,5,3,1793,2
1173,1173,13173,ER05,Kolkata Junction 5,12:52,12:59,13,4,326,3
1174,1174,13174,EC04,Hajipur Junction 4,15:03,15:13,6,5,2125,4
1175,1175,13175,EC03,Bhubaneswar Junction 3,18:14,18:23,12,6,189,5
1176,1176,13176,NR02,New Delhi Junction 2,21:25,21:36,3,7,795,6
1177,1177,13177,NC01,Prayagraj Junction 1,00:36,00:41,2,1,1289,7
1178,1178,13178,NC08,Prayagraj Junction 8,03:47,03:52,9,2,1680,8
1179,1179,13179,NE07,Gorakhpur Junction 7,06:58,06:02,11,3,653,9
1180,1180,13180,NF06,Guwahati Junction 6,09:09,09:15,10,4,1376,10
1181,1181,13181,NW05,Jaipur Junction 5,12:20,12:31,4,5,1275,11
1182,1182,13182,SC04,Secunderabad Junction 4,15:31,15:36,5,6,2084,12
1183,1183,13183,SE03,Bilaspur Junction 3,18:42,18:45,7,7,966,13
1184,1184,13184,SE02,Kolkata Junction 2,21:53,21:58,12,1,1071,14
1185,1185,13185,SW01,Hubballi Junction 1,00:04,00:16,7,2,1972,15
1186,1186,13186,SW08,Hubballi Junction 8,03:15,03:27,6,3,2116,16
1187,1187,13187,SR07,Chennai Junction 7,06:26,06:40,10,4,36,17
1188,1188,13188,WC06,Jabalpur Junction 6,09:37,09:47,11,5,802,18
1189,1189,13189,WR05,Mumbai Junction 5,12:48,12:52,9,6,1763,19
1190,1190,13190,CR04,Mumbai Junction 4,15:59,15:05,8,7,2,20
1191,1191,13191,ER03,Kolkata Junction 3,18:10,18:21,14,1,1707,21
1192,1192,13192,EC02,Hajipur Junction 2,21:21,21:29,2,2,1082,22
1193,1193,13193,EC01,Bhubaneswar Junction 1,00:32,00:47,3,3,470,23
1194,1194,13194,EC08,Bhubaneswar Junction 8,03:43,03:56,9,4,374,24
1195,1195,13195,NR07,New Delhi Junction 7,06:54,06:56,7,5,1308,25
1196,1196,13196,NC06,Prayagraj Junction 6,09:05,09:18,14,6,1007,26
1197,1197,13197,NE05,Gorakhpur Junction 5,12:16,12:23,15,7,1709,27
1198,1198,13198,NF04,Guwahati Junction 4,15:27,15:31,11,1,1573,28
1199,1199,13199,NW03,Jaipur Junction 3,18:38,18:43,15,2,653,29
1200,1200,13200,SC02,Secunderabad Junction 2,21:49,21:58,8,3,1522,30
1201,1201,13201,SE01,Bilaspur Junction 1,00:00,00:14,7,4,845,1
1202,1202,13202,SE08,Bilaspur Junction 8,03:11,03:23,15,5,1999,2
1203,1203,13203,SE07,Kolkata Junction 7,06:22,06:34,11,6,1691,3
1204,1204,13204,SW06,Hubballi Junction 6,09:33,09:48,2,7,1295,4
1205,1205,13205,SR05,Chennai Junction 5,12:44,12:46,10,1,868,5
1206,1206,13206,WC04,Jabalpur Junction 4,15:55,15:01,14,2,1561,6
1207,1207,13207,WR03,Mumbai Junction 3,18:06,18:15,14,3,215,7
1208,1208,13208,CR02,Mumbai Junction 2,21:17,21:28,4,4,512,8
1209,1209,13209,ER01,Kolkata Junction 1,00:28,00:32,9,5,1383,9
1210,1210,13210,ER08,Kolkata Junction 8,03:39,03:51,8,6,2066,10
1211,1211,13211,EC07,Hajipur Junction 7,06:50,06:57,4,7,80,11
1212,1212,13212,EC06,Bhubaneswar Junction 6,09:01,09:04,8,1,908,12
1213,1213,13213,NR05,New Delhi Junction 5,12:12,12:25,3,2,577,13
1214,1214,13214,NC04,Prayagraj Junction 4,15:23,15:38,2,3,933,14
1215,1215,13215,NE03,Gorakhpur Junction 3,18:34,18:38,9,4,2142,15
1216,1216,13216,NF02,Guwahati Junction 2,21:45,21:50,7,5,988,16
1217,1217,13217,NW01,Jaipur Junction 1,00:56,00:09,15,6,212,17
1218,1218,13218,NW08,Jaipur Junction 8,03:07,03:15,12,7,19,18
1219,1219,13219,SC07,Secunderabad Junction 7,06:18,06:31,5,1,1140,19
1220,1220,13220,SE06,Bilaspur Junction 6,09:29,09:44,10,2,2175,20
1221,1221,13221,SE05,Kolkata Junction 5,12:40,12:50,4,3,1523,21
1222,1222,13222,SW04,Hubballi Junction 4,15:51,15:01,6,4,169,22
1223,1223,13223,SR03,Chennai Junction 3,18:02,18:13,10,5,1701,23
1224,1224,13224,WC02,Jabalpur Junction 2,21:13,21:16,9,6,1801,24
1225,1225,13225,WR01,Mumbai Junction 1,00:24,00:38,15,7,466,25
1226,1226,13226,WR08,Mumbai Junction 8,03:35,03:39,10,1,1017,26
1227,1227,13227,CR07,Mumbai Junction 7,06:46,06:51,3,2,315,27
1228,1228,13228,ER06,Kolkata Junction 6,09:57,09:03,12,3,143,28
1229,1229,13229,EC05,Hajipur Junction 5,12:08,12:11,5,4,1922,29
1230,1230,13230,EC04,Bhubaneswar Junction 4,15:19,15:34,8,5,98,30
1231,1231,13231,NR03,New Delhi Junction 3,18:30,18:32,14,6,978,1
1232,1232,13232,NC02,Prayagraj Junction 2,21:41,21:44,13,7,1163,2
1233,1233,13233,NE01,Gorakhpur Junction 1,00:52,00:58,8,1,495,3
1234,1234,13234,NE08,Gorakhpur Junction 8,03:03,03:18,13,2,437,4
1235,1235,13235,NF07,Guwahati Junction 7,06:14,06:26,4,3,997,5
1236,1236,13236,NW06,Jaipur Junction 6,09:25,09:37,2,4,1596,6
1237,1237,13237,SC05,Secunderabad Junction 5,12:36,12:41,11,5,1098,7
1238,1238,13238,SE04,Bilaspur Junction 4,15:47,15:49,12,6,571,8
1239,1239,13239,SE03,Kolkata Junction 3,18:58,18:13,13,7,424,9
1240,1240,13240,SW02,Hubballi Junction 2,21:09,21:19,7,1,1324,10
1241,1241,13241,SR01,Chennai Junction 1,00:20,00:29,6,2,1433,11
1242,1242,13242,SR08,Chennai Junction 8,03:31,03:36,14,3,2082,12
1243,1243,13243,WC07,Jabalpur Junction 7,06:42,06:46,12,4,2044,13
1244,1244,13244,WR06,Mumbai Junction 6,09:53,09:56,12,5,2062,14
1245,1245,13245,CR05,Mumbai Junction 5,12:04,12:09,10,6,1755,15
1246,1246,13246,ER04,Kolkata Junction 4,15:15,15:21,5,7,873,16
1247,1247,13247,EC03,Hajipur Junction 3,18:26,18:32,12,1,816,17
1248,1248,13248,EC02,Bhubaneswar Junction 2,21:37,21:44,15,2,1273,18
1249,1249,13249,NR01,New Delhi Junction 1,00:48,00:03,11,3,1947,19
1250,1250,13250,NR08,New Delhi Junction 8,03:59,03:03,15,4,2077,20
1251,1251,13251,NC07,Prayagraj Junction 7,06:10,06:12,6,5,909,21
1252,1252,13252,NE06,Gorakhpur Junction 6,09:21,09:28,12,6,1536,22
1253,1253,13253,NF05,Guwahati Junction 5,12:32,12:36,10,7,2144,23
1254,1254,13254,NW04,Jaipur Junction 4,15:43,15:51,14,1,1429,24
1255,1255,13255,SC03,Secunderabad Junction 3,18:54,18:08,14,2,36,25
1256,1256,13256,SE02,Bilaspur Junction 2,21:05,21:18,4,3,1813,26
1257,1257,13257,SE01,Kolkata Junction 1,00:16,00:29,5,4,145,27
1258,1258,13258,SE08,Kolkata Junction 8,03:27,03:34,6,5,1218,28
1259,1259,13259,SW07,Hubballi Junction 7,06:38,06:41,2,6,961,29
1260,1260,13260,SR06,Chennai Junction 6,09:49,09:01,6,7,711,30
1261,1261,13261,WC05,Jabalpur Junction 5,12:00,12:04,5,1,657,1
1262,1262,13262,WR04,Mumbai Junction 4,15:11,15:16,6,2,623,2
1263,1263,13263,CR03,Mumbai Junction 3,18:22,18:33,6,3,1660,3
1264,1264,13264,ER02,Kolkata Junction 2,21:33,21:43,10,4,1283,4
1265,1265,13265,EC01,Hajipur Junction 1,00:44,00:58,5,5,2161,5
1266,1266,13266,EC08,Hajipur Junction 8,03:55,03:59,3,6,1817,6
1267,1267,13267,EC07,Bhubaneswar Junction 7,06:06,06:20,3,7,1319,7
1268,1268,13268,NR06,New Delhi Junction 6,09:17,09:26,5,1,1145,8
1269,1269,13269,NC05,Prayagraj Junction 5,12:28,12:39,10,2,1143,9
1270,1270,13270,NE04,Gorakhpur Junction 4,15:39,15:53,5,3,1372,10
1271,1271,13271,NF03,Guwahati Junction 3,18:50,18:56,15,4,553,11
1272,1272,13272,NW02,Jaipur Junction 2,21:01,21:15,10,5,472,12
1273,1273,13273,SC01,Secunderabad Junction 1,00:12,00:24,5,6,577,13
1274,1274,13274,SC08,Secunderabad Junction 8,03:23,03:29,11,7,861,14
1275,1275,13275,SE07,Bilaspur Junction 7,06:34,06:43,9,1,432,15
1276,1276,13276,SE06,Kolkata Junction 6,09:45,09:50,6,2,489,16
1277,1277,13277,SW05,Hubballi Junction 5,12:56,12:10,7,3,890,17
1278,1278,13278,SR04,Chennai Junction 4,15:07,15:18,13,4,1513,18
1279,1279,13279,WC03,Jabalpur Junction 3,18:18,18:27,15,5,1979,19
1280,1280,13280,WR02,Mumbai Junction 2,21:29,21:33,4,6,864,20
1281,1281,13281,CR01,Mumbai Junction 1,00:40,00:53,15,7,1545,21
1282,1282,13282,CR08,Mumbai Junction 8,03:51,03:02,5,1,1303,22
1283,1283,13283,ER07,Kolkata Junction 7,06:02,06:06,9,2,426,23
1284,1284,13284,EC06,Hajipur Junction 6,09:13,09:16,15,3,1965,24
1285,1285,13285,EC05,Bhubaneswar Junction 5,12:24,12:35,10,4,527,25
1286,1286,13286,NR04,New Delhi Junction 4,15:35,15:45,12,5,1186,26
1287,1287,13287,NC03,Prayagraj Junction 3,18:46,18:51,7,6,1850,27
1288,1288,13288,NE02,Gorakhpur Junction 2,21:57,21:02,15,7,1661,28
1289,1289,13289,NF01,Guwahati Junction 1,00:08,00:22,9,1,492,29
1290,1290,13290,NF08,Guwahati Junction 8,03:19,03:21,9,2,878,30
1291,1291,13291,NW07,Jaipur Junction 7,06:30,06:33,15,3,2134,1
1292,1292,13292,SC06,Secunderabad Junction 6,09:41,09:48,11,4,909,2
1293,1293,13293,SE05,Bilaspur Junction 5,12:52,12:00,10,5,916,3
1294,1294,13294,SE04,Kolkata Junction 4,15:03,15:16,4,6,1470,4
1295,1295,13295,SW03,Hubballi Junction 3,18:14,18:29,13,7,100,5
1296,1296,13296,SR02,Chennai Junction 2,21:25,21:28,10,1,2034,6
1297,1297,13297,WC01,Jabalpur Junction 1,00:36,00:49,14,2,329,7
1298,1298,13298,WC08,Jabalpur Junction 8,03:47,03:56,12,3,1374,8
1299,1299,13299,WR07,Mumbai Junction 7,06:58,06:10,4,4,1005,9
1300,1300,13300,CR06,Mumbai Junction 6,09:09,09:17,15,5,445,10
1301,1301,13301,ER05,Kolkata Junction 5,12:20,12:26,2,6,333,11
1302,1302,13302,EC04,Hajipur Junction 4,15:31,15:46,13,7,570,12
1303,1303,13303,EC03,Bhubaneswar Junction 3,18:42,18:53,10,1,1994,13
1304,1304,13304,NR02,New Delhi Junction 2,21:53,21:59,15,2,815,14
1305,1305,13305,NC01,Prayagraj Junction 1,00:04,00:16,7,3,1477,15
1306,1306,13306,NC08,Prayagraj Junction 8,03:15,03:21,13,4,1402,16
1307,1307,13307,NE07,Gorakhpur Junction 7,06:26,06:32,15,5,1560,17
1308,1308,13308,NF06,Guwahati Junction 6,09:37,09:45,3,6,2141,18
1309,1309,13309,NW05,Jaipur Junction 5,12:48,12:00,11,7,1832,19
1310,1310,13310,SC04,Secunderabad Junction 4,15:59,15:09,5,1,521,20
1311,1311,13311,SE03,Bilaspur Junction 3,18:10,18:13,2,2,1603,21
1312,1312,13312,SE02,Kolkata Junction 2,21:21,21:34,4,3,1262,22
1313,1313,13313,SW01,Hubballi Junction 1,00:32,00:35,7,4,1739,23
1314,1314,13314,SW08,Hubballi Junction 8,03:43,03:56,15,5,683,24
1315,1315,13315,SR07,Chennai Junction 7,06:54,06:09,12,6,744,25
1316,1316,13316,WC06,Jabalpur Junction 6,09:05,09:11,3,7,2025,26
1317,1317,13317,WR05,Mumbai Junction 5,12:16,12:20,5,1,908,27
1318,1318,13318,CR04,Mumbai Junction 4,15:27,15:30,13,2,1535,28
1319,1319,13319,ER03,Kolkata Junction 3,18:38,18:42,4,3,48,29
1320,1320,13320,EC02,Hajipur Junction 2,21:49,21:04,8,4,1442,30
1321,1321,13321,EC01,Bhubaneswar Junction 1,00:00,00:04,5,5,1191,1
1322,1322,13322,EC08,Bhubaneswar Junction 8,03:11,03:15,10,6,2032,2
1323,1323,13323,NR07,New Delhi Junction 7,06:22,06:28,10,7,2014,3
1324,1324,13324,NC06,Prayagraj Junction 6,09:33,09:47,2,1,242,4
1325,1325,13325,NE05,Gorakhpur Junction 5,12:44,12:59,14,2,708,5
1326,1326,13326,NF04,Guwahati Junction 4,15:55,15:04,10,3,1470,6
1327,1327,13327,NW03,Jaipur Junction 3,18:06,18:18,7,4,1957,7
1328,1328,13328,SC02,Secunderabad Junction 2,21:17,21:19,2,5,2107,8
1329,1329,13329,SE01,Bilaspur Junction 1,00:28,00:32,15,6,629,9
1330,1330,13330,SE08,Bilaspur Junction 8,03:39,03:46,2,7,2076,10
1331,1331,13331,SE07,Kolkata Junction 7,06:50,06:57,4,1,1063,11
1332,1332,13332,SW06,Hubballi Junction 6,09:01,09:05,13,2,160,12
1333,1333,13333,SR05,Chennai Junction 5,12:12,12:20,7,3,81,13
1334,1334,13334,WC04,Jabalpur Junction 4,15:23,15:25,9,4,868,14
1335,1335,13335,WR03,Mumbai Junction 3,18:34,18:37,3,5,1770,15
1336,1336,13336,CR02,Mumbai Junction 2,21:45,21:57,10,6,1833,16
1337,1337,13337,ER01,Kolkata Junction 1,00:56,00:58,11,7,1655,17
1338,1338,13338,ER08,Kolkata Junction 8,03:07,03:11,9,1,1687,18
1339,1339,13339,EC07,Hajipur Junction 7,06:18,06:28,5,2,1462,19
1340,1340,13340,EC06,Bhubaneswar Junction 6,09:29,09:41,2,3,1248,20
1341,1341,13341,NR05,New Delhi Junction 5,12:40,12:49,7,4,97,21
1342,1342,13342,NC04,Prayagraj Junction 4,15:51,15:54,12,5,1820,22
1343,1343,13343,NE03,Gorakhpur Junction 3,18:02,18:09,15,6,2040,23
1344,1344,13344,NF02,Guwahati Junction 2,21:13,21:24,10,7,2121,24
1345,1345,13345,NW01,Jaipur Junction 1,00:24,00:34,15,1,2153,25
1346,1346,13346,NW08,Jaipur Junction 8,03:35,03:39,11,2,1608,26
1347,1347,13347,SC07,Secunderabad Junction 7,06:46,06:59,6,3,1895,27
1348,1348,13348,SE06,Bilaspur Junction 6,09:57,09:05,7,4,345,28
1349,1349,13349,SE05,Kolkata Junction 5,12:08,12:14,15,5,1575,29
1350,1350,13350,SW04,Hubballi Junction 4,15:19,15:31,14,6,587,30
1351,1351,13351,SR03,Chennai Junction 3,18:30,18:41,7,7,1865,1
1352,1352,13352,WC02,Jabalpur Junction 2,21:41,21:48,13,1,1644,2
1353,1353,13353,WR01,Mumbai Junction 1,00:52,00:04,14,2,1739,3
1354,1354,13354,WR08,Mumbai Junction 8,03:03,03:09,9,3,1039,4
1355,1355,13355,CR07,Mumbai Junction 7,06:14,06:16,10,4,962,5
1356,1356,13356,ER06,Kolkata Junction 6,09:25,09:32,3,5,1109,6
1357,1357,13357,EC05,Hajipur Junction 5,12:36,12:46,3,6,1396,7
1358,1358,13358,EC04,Bhubaneswar Junction 4,15:47,15:51,4,7,882,8
1359,1359,13359,NR03,New Delhi Junction 3,18:58,18:05,14,1,148,9
1360,1360,13360,NC02,Prayagraj Junction 2,21:09,21:15,12,2,549,10
1361,1361,13361,NE01,Gorakhpur Junction 1,00:20,00:35,12,3,2081,11
1362,1362,13362,NE08,Gorakhpur Junction 8,03:31,03:46,3,4,1010,12
1363,1363,13363,NF07,Guwahati Junction 7,06:42,06:54,2,5,994,13
1364,1364,13364,NW06,Jaipur Junction 6,09:53,09:04,13,6,913,14
1365,1365,13365,SC05,Secunderabad Junction 5,12:04,12:18,11,7,100,15
1366,1366,13366,SE04,Bilaspur Junction 4,15:15,15:20,15,1,5,16
1367,1367,13367,SE03,Kolkata Junction 3,18:26,18:29,6,2,2186,17
1368,1368,13368,SW02,Hubballi Junction 2,21:37,21:48,4,3,864,18
1369,1369,13369,SR01,Chennai Junction 1,00:48,00:03,5,4,1266,19
1370,1370,13370,SR08,Chennai Junction 8,03:59,03:07,12,5,1655,20
1371,1371,13371,WC07,Jabalpur Junction 7,06:10,06:23,3,6,998,21
1372,1372,13372,WR06,Mumbai Junction 6,09:21,09:32,7,7,1468,22
1373,1373,13373,CR05,Mumbai Junction 5,12:32,12:42,7,1,220,23
1374,1374,13374,ER04,Kolkata Junction 4,15:43,15:58,13,2,1968,24
1375,1375,13375,EC03,Hajipur Junction 3,18:54,18:00,6,3,711,25
1376,1376,13376,EC02,Bhubaneswar Junction 2,21:05,21:07,4,4,678,26
1377,1377,13377,NR01,New Delhi Junction 1,00:16,00:31,4,5,1117,27
1378,1378,13378,NR08,New Delhi Junction 8,03:27,03:36,7,6,2021,28
1379,1379,13379,NC07,Prayagraj Junction 7,06:38,06:41,14,7,1636,29
1380,1380,13380,NE06,Gorakhpur Junction 6,09:49,09:55,12,1,942,30
1381,1381,13381,NF05,Guwahati Junction 5,12:00,12:15,2,2,65,1
1382,1382,13382,NW04,Jaipur Junction 4,15:11,15:20,15,3,139,2
1383,1383,13383,SC03,Secunderabad Junction 3,18:22,18:34,15,4,1070,3
1384,1384,13384,SE02,Bilaspur Junction 2,21:33,21:47,12,5,471,4
1385,1385,13385,SE01,Kolkata Junction 1,00:44,00:57,11,6,27,5
1386,1386,13386,SE08,Kolkata Junction 8,03:55,03:04,11,7,1762,6
1387,1387,13387,SW07,Hubballi Junction 7,06:06,06:18,8,1,657,7
1388,1388,13388,SR06,Chennai Junction 6,09:17,09:21,3,2,1407,8
1389,1389,13389,WC05,Jabalpur Junction 5,12:28,12:43,3,3,1545,9
1390,1390,13390,WR04,Mumbai Junction 4,15:39,15:49,4,4,467,10
1391,1391,13391,CR03,Mumbai Junction 3,18:50,18:55,11,5,657,11
1392,1392,13392,ER02,Kolkata Junction 2,21:01,21:14,7,6,240,12
1393,1393,13393,EC01,Hajipur Junction 1,00:12,00:15,7,7,897,13
1394,1394,13394,EC08,Hajipur Junction 8,03:23,03:35,8,1,360,14
1395,1395,13395,EC07,Bhubaneswar Junction 7,06:34,06:38,9,2,735,15
1396,1396,13396,NR06,New Delhi Junction 6,09:45,09:56,14,3,780,16
1397,1397,13397,NC05,Prayagraj Junction 5,12:56,12:05,13,4,462,17
1398,1398,13398,NE04,Gorakhpur Junction 4,15:07,15:16,6,5,1379,18
1399,1399,13399,NF03,Guwahati Junction 3,18:18,18:30,3,6,412,19
1400,1400,13400,NW02,Jaipur Junction 2,21:29,21:31,2,7,111,20
1401,1401,13401,SC01,Secunderabad Junction 1,00:40,00:51,14,1,901,21
1402,1402,13402,SC08,Secunderabad Junction 8,03:51,03:05,12,2,1776,22
1403,1403,13403,SE07,Bilaspur Junction 7,06:02,06:14,4,3,1151,23
1404,1404,13404,SE06,Kolkata Junction 6,09:13,09:22,10,4,1751,24
1405,1405,13405,SW05,Hubballi Junction 5,12:24,12:27,11,5,1832,25
1406,1406,13406,SR04,Chennai Junction 4,15:35,15:38,7,6,1970,26
1407,1407,13407,WC03,Jabalpur Junction 3,18:46,18:48,4,7,1768,27
1408,1408,13408,WR02,Mumbai Junction 2,21:57,21:01,11,1,1982,28
1409,1409,13409,CR01,Mumbai Junction 1,00:08,00:16,8,2,943,29
1410,1410,13410,CR08,Mumbai Junction 8,03:19,03:26,7,3,1218,30
1411,1411,13411,ER07,Kolkata Junction 7,06:30,06:44,15,4,1904,1
1412,1412,13412,EC06,Hajipur Junction 6,09:41,09:44,6,5,1665,2
1413,1413,13413,EC05,Bhubaneswar Junction 5,12:52,12:01,6,6,684,3
1414,1414,13414,NR04,New Delhi Junction 4,15:03,15:06,6,7,928,4
1415,1415,13415,NC03,Prayagraj Junction 3,18:14,18:21,9,1,600,5
1416,1416,13416,NE02,Gorakhpur Junction 2,21:25,21:29,14,2,891,6
1417,1417,13417,NF01,Guwahati Junction 1,00:36,00:41,10,3,1193,7
1418,1418,13418,NF08,Guwahati Junction 8,03:47,03:57,5,4,1590,8
1419,1419,13419,NW07,Jaipur Junction 7,06:58,06:02,13,5,932,9
1420,1420,13420,SC06,Secunderabad Junction 6,09:09,09:16,7,6,930,10
1421,1421,13421,SE05,Bilaspur Junction 5,12:20,12:31,8,7,278,11
1422,1422,13422,SE04,Kolkata Junction 4,15:31,15:40,5,1,238,12
1423,1423,13423,SW03,Hubballi Junction 3,18:42,18:55,6,2,1309,13
1424,1424,13424,SR02,Chennai Junction 2,21:53,21:57,6,3,848,14
1425,1425,13425,WC01,Jabalpur Junction 1,00:04,00:07,15,4,685,15
1426,1426,13426,WC08,Jabalpur Junction 8,03:15,03:25,9,5,944,16
1427,1427,13427,WR07,Mumbai Junction 7,06:26,06:36,9,6,176,17
1428,1428,13428,CR06,Mumbai Junction 6,09:37,09:48,3,7,956,18
1429,1429,13429,ER05,Kolkata Junction 5,12:48,12:55,8,1,158,19
1430,1430,13430,EC04,Hajipur Junction 4,15:59,15:10,7,2,133,20
1431,1431,13431,EC03,Bhubaneswar Junction 3,18:10,18:12,9,3,1465,21
1432,1432,13432,NR02,New Delhi Junction 2,21:21,21:30,12,4,1664,22
1433,1433,13433,NC01,Prayagraj Junction 1,00:32,00:46,15,5,1946,23
1434,1434,13434,NC08,Prayagraj Junction 8,03:43,03:56,8,6,1108,24
1435,1435,13435,NE07,Gorakhpur Junction 7,06:54,06:04,4,7,1490,25
1436,1436,13436,NF06,Guwahati Junction 6,09:05,09:15,9,1,1835,26
1437,1437,13437,NW05,Jaipur Junction 5,12:16,12:27,15,2,2148,27
1438,1438,13438,SC04,Secunderabad Junction 4,15:27,15:40,6,3,415,28
1439,1439,13439,SE03,Bilaspur Junction 3,18:38,18:44,11,4,1901,29
1440,1440,13440,SE02,Kolkata Junction 2,21:49,21:03,11,5,1498,30
1441,1441,13441,SW01,Hubballi Junction 1,00:00,00:15,11,6,310,1
1442,1442,13442,SW08,Hubballi Junction 8,03:11,03:20,7,7,1401,2
1443,1443,13443,SR07,Chennai Junction 7,06:22,06:32,6,1,659,3
1444,1444,13444,WC06,Jabalpur Junction 6,09:33,09:36,6,2,1820,4
1445,1445,13445,WR05,Mumbai Junction 5,12:44,12:55,15,3,2037,5
1446,1446,13446,CR04,Mumbai Junction 4,15:55,15:08,4,4,734,6
1447,1447,13447,ER03,Kolkata Junction 3,18:06,18:08,3,5,508,7
1448,1448,13448,EC02,Hajipur Junction 2,21:17,21:22,2,6,1854,8
1449,1449,13449,EC01,Bhubaneswar Junction 1,00:28,00:37,11,7,1437,9
1450,1450,13450,EC08,Bhubaneswar Junction 8,03:39,03:54,4,1,753,10
1451,1451,13451,NR07,New Delhi Junction 7,06:50,06:56,9,2,1157,11
1452,1452,13452,NC06,Prayagraj Junction 6,09:01,09:14,9,3,514,12
1453,1453,13453,NE05,Gorakhpur Junction 5,12:12,12:21,15,4,1273,13
1454,1454,13454,NF04,Guwahati Junction 4,15:23,15:33,4,5,17,14
1455,1455,13455,NW03,Jaipur Junction 3,18:34,18:38,2,6,994,15
1456,1456,13456,SC02,Secunderabad Junction 2,21:45,21:59,8,7,1419,16
1457,1457,13457,SE01,Bilaspur Junction 1,00:56,00:09,12,1,1431,17
1458,1458,13458,SE08,Bilaspur Junction 8,03:07,03:19,5,2,925,18
1459,1459,13459,SE07,Kolkata Junction 7,06:18,06:25,13,3,899,19
1460,1460,13460,SW06,Hubballi Junction 6,09:29,09:44,4,4,378,20
1461,1461,13461,SR05,Chennai Junction 5,12:40,12:52,12,5,1493,21
1462,1462,13462,WC04,Jabalpur Junction 4,15:51,15:57,2,6,707,22
1463,1463,13463,WR03,Mumbai Junction 3,18:02,18:10,7,7,2028,23
1464,1464,13464,CR02,Mumbai Junction 2,21:13,21:27,12,1,48,24
1465,1465,13465,ER01,Kolkata Junction 1,00:24,00:27,8,2,1367,25
1466,1466,13466,ER08,Kolkata Junction 8,03:35,03:46,6,3,242,26
1467,1467,13467,EC07,Hajipur Junction 7,06:46,06:52,13,4,2170,27
1468,1468,13468,EC06,Bhubaneswar Junction 6,09:57,09:12,10,5,200,28
1469,1469,13469,NR05,New Delhi Junction 5,12:08,12:23,4,6,590,29
1470,1470,13470,NC04,Prayagraj Junction 4,15:19,15:34,9,7,435,30
1471,1471,13471,NE03,Gorakhpur Junction 3,18:30,18:39,3,1,694,1
1472,1472,13472,NF02,Guwahati Junction 2,21:41,21:56,6,2,1963,2
1473,1473,13473,NW01,Jaipur Junction 1,00:52,00:01,11,3,1546,3
1474,1474,13474,NW08,Jaipur Junction 8,03:03,03:12,2,4,2022,4
1475,1475,13475,SC07,Secunderabad Junction 7,06:14,06:22,11,5,1218,5
1476,1476,13476,SE06,Bilaspur Junction 6,09:25,09:36,6,6,1856,6
1477,1477,13477,SE05,Kolkata Junction 5,12:36,12:41,11,7,1271,7
1478,1478,13478,SW04,Hubballi Junction 4,15:47,15:56,2,1,857,8
1479,1479,13479,SR03,Chennai Junction 3,18:58,18:00,9,2,1513,9
1480,1480,13480,WC02,Jabalpur Junction 2,21:09,21:18,12,3,793,10
1481,1481,13481,WR01,Mumbai Junction 1,00:20,00:26,8,4,504,11
1482,1482,13482,WR08,Mumbai Junction 8,03:31,03:44,13,5,916,12
1483,1483,13483,CR07,Mumbai Junction 7,06:42,06:55,2,6,340,13
1484,1484,13484,ER06,Kolkata Junction 6,09:53,09:58,7,7,509,14
1485,1485,13485,EC05,Hajipur Junction 5,12:04,12:13,13,1,1003,15
1486,1486,13486,EC04,Bhubaneswar Junction 4,15:15,15:23,2,2,616,16
1487,1487,13487,NR03,New Delhi Junction 3,18:26,18:39,13,3,229,17
1488,1488,13488,NC02,Prayagraj Junction 2,21:37,21:39,13,4,383,18
1489,1489,13489,NE01,Gorakhpur Junction 1,00:48,00:58,13,5,1732,19
1490,1490,13490,NE08,Gorakhpur Junction 8,03:59,03:08,7,6,1702,20
1491,1491,13491,NF07,Guwahati Junction 7,06:10,06:21,13,7,1130,21
1492,1492,13492,NW06,Jaipur Junction 6,09:21,09:36,12,1,139,22
1493,1493,13493,SC05,Secunderabad Junction 5,12:32,12:38,13,2,255,23
1494,1494,13494,SE04,Bilaspur Junction 4,15:43,15:54,6,3,455,24
1495,1495,13495,SE03,Kolkata Junction 3,18:54,18:03,15,4,1974,25
1496,1496,13496,SW02,Hubballi Junction 2,21:05,21:12,2,5,1952,26
1497,1497,13497,SR01,Chennai Junction 1,00:16,00:30,10,6,1382,27
1498,1498,13498,SR08,Chennai Junction 8,03:27,03:36,2,7,350,28
1499,1499,13499,WC07,Jabalpur Junction 7,06:38,06:42,14,1,109,29
1500,1500,13500,WR06,Mumbai Junction 6,09:49,09:58,7,2,13,30
1501,1501,13501,CR05,Mumbai Junction 5,12:00,12:14,2,3,1882,1
1502,1502,13502,ER04,Kolkata Junction 4,15:11,15:23,13,4,356,2
1503,1503,13503,EC03,Hajipur Junction 3,18:22,18:36,10,5,884,3
1504,1504,13504,EC02,Bhubaneswar Junction 2,21:33,21:44,6,6,614,4
1505,1505,13505,NR01,New Delhi Junction 1,00:44,00:50,9,7,1322,5
1506,1506,13506,NR08,New Delhi Junction 8,03:55,03:00,5,1,2081,6
1507,1507,13507,NC07,Prayagraj Junction 7,06:06,06:15,14,2,726,7
1508,1508,13508,NE06,Gorakhpur Junction 6,09:17,09:23,5,3,1163,8
1509,1509,13509,NF05,Guwahati Junction 5,12:28,12:40,9,4,648,9
1510,1510,13510,NW04,Jaipur Junction 4,15:39,15:54,10,5,866,10
1511,1511,13511,SC03,Secunderabad Junction 3,18:50,18:52,9,6,1366,11
1512,1512,13512,SE02,Bilaspur Junction 2,21:01,21:16,5,7,358,12
1513,1513,13513,SE01,Kolkata Junction 1,00:12,00:27,9,1,59,13
1514,1514,13514,SE08,Kolkata Junction 8,03:23,03:26,8,2,1358,14
1515,1515,13515,SW07,Hubballi Junction 7,06:34,06:39,7,3,1619,15
1516,1516,13516,SR06,Chennai Junction 6,09:45,09:00,8,4,913,16
1517,1517,13517,WC05,Jabalpur Junction 5,12:56,12:03,3,5,116,17
1518,1518,13518,WR04,Mumbai Junction 4,15:07,15:20,2,6,1805,18
1519,1519,13519,CR03,Mumbai Junction 3,18:18,18:23,11,7,2093,19
1520,1520,13520,ER02,Kolkata Junction 2,21:29,21:41,12,1,582,20
1521,1521,13521,EC01,Hajipur Junction 1,00:40,00:50,10,2,935,21
1522,1522,13522,EC08,Hajipur Junction 8,03:51,03:53,14,3,433,22
1523,1523,13523,EC07,Bhubaneswar Junction 7,06:02,06:17,15,4,41,23
1524,1524,13524,NR06,New Delhi Junction 6,09:13,09:25,10,5,507,24
1525,1525,13525,NC05,Prayagraj Junction 5,12:24,12:37,3,6,547,25
1526,1526,13526,NE04,Gorakhpur Junction 4,15:35,15:50,12,7,246,26
1527,1527,13527,NF03,Guwahati Junction 3,18:46,18:50,5,1,155,27
1528,1528,13528,NW02,Jaipur Junction 2,21:57,21:01,10,2,16,28
1529,1529,13529,SC01,Secunderabad Junction 1,00:08,00:14,6,3,2135,29
1530,1530,13530,SC08,Secunderabad Junction 8,03:19,03:34,13,4,752,30
1531,1531,13531,SE07,Bilaspur Junction 7,06:30,06:39,9,5,1892,1
1532,1532,13532,SE06,Kolkata Junction 6,09:41,09:53,14,6,1212,2
1533,1533,13533,SW05,Hubballi Junction 5,12:52,12:06,12,7,1625,3
1534,1534,13534,SR04,Chennai Junction 4,15:03,15:14,6,1,1338,4
1535,1535,13535,WC03,Jabalpur Junction 3,18:14,18:20,11,2,560,5
1536,1536,13536,WR02,Mumbai Junction 2,21:25,21:38,9,3,1562,6
1537,1537,13537,CR01,Mumbai Junction 1,00:36,00:41,13,4,1765,7
1538,1538,13538,CR08,Mumbai Junction 8,03:47,03:51,6,5,1490,8
1539,1539,13539,ER07,Kolkata Junction 7,06:58,06:12,12,6,1037,9
1540,1540,13540,EC06,Hajipur Junction 6,09:09,09:15,14,7,1924,10
1541,1541,13541,EC05,Bhubaneswar Junction 5,12:20,12:34,6,1,960,11
1542,1542,13542,NR04,New Delhi Junction 4,15:31,15:36,15,2,1907,12
1543,1543,13543,NC03,Prayagraj Junction 3,18:42,18:46,5,3,1214,13
1544,1544,13544,NE02,Gorakhpur Junction 2,21:53,21:00,8,4,809,14
1545,1545,13545,NF01,Guwahati Junction 1,00:04,00:15,14,5,2017,15
1546,1546,13546,NF08,Guwahati Junction 8,03:15,03:23,13,6,1527,16
1547,1547,13547,NW07,Jaipur Junction 7,06:26,06:30,13,7,770,17
1548,1548,13548,SC06,Secunderabad Junction 6,09:37,09:47,12,1,2076,18
1549,1549,13549,SE05,Bilaspur Junction 5,12:48,12:03,13,2,1113,19
1550,1550,13550,SE04,Kolkata Junction 4,15:59,15:06,8,3,2091,20
1551,1551,13551,SW03,Hubballi Junction 3,18:10,18:14,9,4,1495,21
1552,1552,13552,SR02,Chennai Junction 2,21:21,21:23,10,5,572,22
1553,1553,13553,WC01,Jabalpur Junction 1,00:32,00:37,10,6,19,23
1554,1554,13554,WC08,Jabalpur Junction 8,03:43,03:47,8,7,1284,24
1555,1555,13555,WR07,Mumbai Junction 7,06:54,06:57,7,1,676,25
1556,1556,13556,CR06,Mumbai Junction 6,09:05,09:14,6,2,4,26
1557,1557,13557,ER05,Kolkata Junction 5,12:16,12:25,13,3,1286,27
1558,1558,13558,EC04,Hajipur Junction 4,15:27,15:34,8,4,308,28
1559,1559,13559,EC03,Bhubaneswar Junction 3,18:38,18:43,8,5,1303,29
1560,1560,13560,NR02,New Delhi Junction 2,21:49,21:57,15,6,1402,30
1561,1561,13561,NC01,Prayagraj Junction 1,00:00,00:02,9,7,1282,1
1562,1562,13562,NC08,Prayagraj Junction 8,03:11,03:13,7,1,1917,2
1563,1563,13563,NE07,Gorakhpur Junction 7,06:22,06:28,8,2,486,3
1564,1564,13564,NF06,Guwahati Junction 6,09:33,09:36,6,3,1700,4
1565,1565,13565,NW05,Jaipur Junction 5,12:44,12:59,11,4,1827,5
1566,1566,13566,SC04,Secunderabad Junction 4,15:55,15:06,11,5,939,6
1567,1567,13567,SE03,Bilaspur Junction 3,18:06,18:08,7,6,1902,7
1568,1568,13568,SE02,Kolkata Junction 2,21:17,21:26,12,7,111,8
1569,1569,13569,SW01,Hubballi Junction 1,00:28,00:32,6,1,790,9
1570,1570,13570,SW08,Hubballi Junction 8,03:39,03:54,8,2,1456,10
1571,1571,13571,SR07,Chennai Junction 7,06:50,06:01,7,3,2125,11
1572,1572,13572,WC06,Jabalpur Junction 6,09:01,09:06,2,4,1639,12
1573,1573,13573,WR05,Mumbai Junction 5,12:12,12:23,5,5,1909,13
1574,1574,13574,CR04,Mumbai Junction 4,15:23,15:27,5,6,339,14
1575,1575,13575,ER03,Kolkata Junction 3,18:34,18:38,12,7,1547,15
1576,1576,13576,EC02,Hajipur Junction 2,21:45,21:55,14,1,153,16
1577,1577,13577,EC01,Bhubaneswar Junction 1,00:56,00:06,3,2,2102,17
1578,1578,13578,EC08,Bhubaneswar Junction 8,03:07,03:17,12,3,1256,18
1579,1579,13579,NR07,New Delhi Junction 7,06:18,06:25,11,4,1838,19
1580,1580,13580,NC06,Prayagraj Junction 6,09:29,09:33,14,5,1598,20
1581,1581,13581,NE05,Gorakhpur Junction 5,12:40,12:43,15,6,396,21
1582,1582,13582,NF04,Guwahati Junction 4,15:51,15:01,3,7,431,22
1583,1583,13583,NW03,Jaipur Junction 3,18:02,18:13,11,1,1511,23
1584,1584,13584,SC02,Secunderabad Junction 2,21:13,21:19,13,2,108,24
1585,1585,13585,SE01,Bilaspur Junction 1,00:24,00:37,6,3,1365,25
1586,1586,13586,SE08,Bilaspur Junction 8,03:35,03:49,5,4,904,26
1587,1587,13587,SE07,Kolkata Junction 7,06:46,06:59,14,5,517,27
1588,1588,13588,SW06,Hubballi Junction 6,09:57,09:06,6,6,1137,28
1589,1589,13589,SR05,Chennai Junction 5,12:08,12:15,2,7,2033,29
1590,1590,13590,WC04,Jabalpur Junction 4,15:19,15:29,8,1,237,30
1591,1591,13591,WR03,Mumbai Junction 3,18:30,18:32,8,2,1427,1
1592,1592,13592,CR02,Mumbai Junction 2,21:41,21:46,12,3,863,2
1593,1593,13593,ER01,Kolkata Junction 1,00:52,00:54,9,4,398,3
1594,1594,13594,ER08,Kolkata Junction 8,03:03,03:05,3,5,626,4
1595,1595,13595,EC07,Hajipur Junction 7,06:14,06:23,15,6,480,5
1596,1596,13596,EC06,Bhubaneswar Junction 6,09:25,09:27,4,7,702,6
1597,1597,13597,NR05,New Delhi Junction 5,12:36,12:40,6,1,2131,7
1598,1598,13598,NC04,Prayagraj Junction 4,15:47,15:54,10,2,1506,8
1599,1599,13599,NE03,Gorakhpur Junction 3,18:58,18:01,5,3,914,9
1600,1600,13600,NF02,Guwahati Junction 2,21:09,21:17,2,4,1418,10
1601,1601,13601,NW01,Jaipur Junction 1,00:20,00:26,6,5,1326,11
1602,1602,13602,NW08,Jaipur Junction 8,03:31,03:46,14,6,2155,12
1603,1603,13603,SC07,Secunderabad Junction 7,06:42,06:49,3,7,475,13
1604,1604,13604,SE06,Bilaspur Junction 6,09:53,09:59,6,1,457,14
1605,1605,13605,SE05,Kolkata Junction 5,12:04,12:08,4,2,1448,15
1606,1606,13606,SW04,Hubballi Junction 4,15:15,15:23,2,3,1240,16
1607,1607,13607,SR03,Chennai Junction 3,18:26,18:39,7,4,700,17
1608,1608,13608,WC02,Jabalpur Junction 2,21:37,21:42,7,5,612,18
1609,1609,13609,WR01,Mumbai Junction 1,00:48,00:02,15,6,755,19
1610,1610,13610,WR08,Mumbai Junction 8,03:59,03:13,13,7,166,20
1611,1611,13611,CR07,Mumbai Junction 7,06:10,06:18,11,1,928,21
1612,1612,13612,ER06,Kolkata Junction 6,09:21,09:29,8,2,1515,22
1613,1613,13613,EC05,Hajipur Junction 5,12:32,12:38,10,3,535,23
1614,1614,13614,EC04,Bhubaneswar Junction 4,15:43,15:57,3,4,147,24
1615,1615,13615,NR03,New Delhi Junction 3,18:54,18:56,6,5,1333,25
1616,1616,13616,NC02,Prayagraj Junction 2,21:05,21:20,8,6,401,26
1617,1617,13617,NE01,Gorakhpur Junction 1,00:16,00:23,3,7,1038,27
1618,1618,13618,NE08,Gorakhpur Junction 8,03:27,03:39,2,1,1710,28
1619,1619,13619,NF07,Guwahati Junction 7,06:38,06:43,11,2,1794,29
1620,1620,13620,NW06,Jaipur Junction 6,09:49,09:01,11,3,1526,30
1621,1621,13621,SC05,Secunderabad Junction 5,12:00,12:04,3,4,838,1
1622,1622,13622,SE04,Bilaspur Junction 4,15:11,15:21,10,5,1709,2
1623,1623,13623,SE03,Kolkata Junction 3,18:22,18:28,14,6,988,3
1624,1624,13624,SW02,Hubballi Junction 2,21:33,21:38,12,7,280,4
1625,1625,13625,SR01,Chennai Junction 1,00:44,00:51,12,1,1696,5
1626,1626,13626,SR08,Chennai Junction 8,03:55,03:00,4,2,70,6
1627,1627,13627,WC07,Jabalpur Junction 7,06:06,06:09,13,3,1723,7
1628,1628,13628,WR06,Mumbai Junction 6,09:17,09:26,9,4,718,8
1629,1629,13629,CR05,Mumbai Junction 5,12:28,12:32,2,5,1478,9
1630,1630,13630,ER04,Kolkata Junction 4,15:39,15:41,3,6,1743,10
1631,1631,13631,EC03,Hajipur Junction 3,18:50,18:00,8,7,480,11
1632,1632,13632,EC02,Bhubaneswar Junction 2,21:01,21:05,8,1,788,12
1633,1633,13633,NR01,New Delhi Junction 1,00:12,00:21,4,2,509,13
1634,1634,13634,NR08,New Delhi Junction 8,03:23,03:26,7,3,607,14
1635,1635,13635,NC07,Prayagraj Junction 7,06:34,06:39,9,4,1094,15
1636,1636,13636,NE06,Gorakhpur Junction 6,09:45,09:49,11,5,756,16
1637,1637,13637,NF05,Guwahati Junction 5,12:56,12:02,8,6,305,17
1638,1638,13638,NW04,Jaipur Junction 4,15:07,15:14,10,7,282,18
1639,1639,13639,SC03,Secunderabad Junction 3,18:18,18:27,2,1,1327,19
1640,1640,13640,SE02,Bilaspur Junction 2,21:29,21:31,4,2,770,20
1641,1641,13641,SE01,Kolkata Junction 1,00:40,00:50,12,3,1031,21
1642,1642,13642,SE08,Kolkata Junction 8,03:51,03:54,7,4,1731,22
1643,1643,13643,SW07,Hubballi Junction 7,06:02,06:05,12,5,848,23
1644,1644,13644,SR06,Chennai Junction 6,09:13,09:15,11,6,58,24
1645,1645,13645,WC05,Jabalpur Junction 5,12:24,12:31,4,7,1284,25
1646,1646,13646,WR04,Mumbai Junction 4,15:35,15:37,3,1,1168,26
1647,1647,13647,CR03,Mumbai Junction 3,18:46,18:01,2,2,1013,27
1648,1648,13648,ER02,Kolkata Junction 2,21:57,21:10,6,3,1084,28
1649,1649,13649,EC01,Hajipur Junction 1,00:08,00:21,12,4,645,29
1650,1650,13650,EC08,Hajipur Junction 8,03:19,03:31,11,5,1114,30
1651,1651,13651,EC07,Bhubaneswar Junction 7,06:30,06:38,14,6,1923,1
1652,1652,13652,NR06,New Delhi Junction 6,09:41,09:56,11,7,790,2
1653,1653,13653,NC05,Prayagraj Junction 5,12:52,12:55,3,1,2092,3
1654,1654,13654,NE04,Gorakhpur Junction 4,15:03,15:10,3,2,491,4
1655,1655,13655,NF03,Guwahati Junction 3,18:14,18:16,9,3,1300,5
1656,1656,13656,NW02,Jaipur Junction 2,21:25,21:32,12,4,1056,6
1657,1657,13657,SC01,Secunderabad Junction 1,00:36,00:51,12,5,165,7
1658,1658,13658,SC08,Secunderabad Junction 8,03:47,03:52,12,6,1182,8
1659,1659,13659,SE07,Bilaspur Junction 7,06:58,06:10,6,7,83,9
1660,1660,13660,SE06,Kolkata Junction 6,09:09,09:21,12,1,1406,10
1661,1661,13661,SW05,Hubballi Junction 5,12:20,12:27,2,2,1601,11
1662,1662,13662,SR04,Chennai Junction 4,15:31,15:42,11,3,374,12
1663,1663,13663,WC03,Jabalpur Junction 3,18:42,18:54,12,4,1886,13
1664,1664,13664,WR02,Mumbai Junction 2,21:53,21:02,12,5,883,14
1665,1665,13665,CR01,Mumbai Junction 1,00:04,00:15,11,6,1715,15
1666,1666,13666,CR08,Mumbai Junction 8,03:15,03:28,2,7,1713,16
1667,1667,13667,ER07,Kolkata Junction 7,06:26,06:39,9,1,1143,17
1668,1668,13668,EC06,Hajipur Junction 6,09:37,09:49,8,2,910,18
1669,1669,13669,EC05,Bhubaneswar Junction 5,12:48,12:01,13,3,455,19
1670,1670,13670,NR04,New Delhi Junction 4,15:59,15:12,6,4,302,20
1671,1671,13671,NC03,Prayagraj Junction 3,18:10,18:24,5,5,446,21
1672,1672,13672,NE02,Gorakhpur Junction 2,21:21,21:26,8,6,365,22
1673,1673,13673,NF01,Guwahati Junction 1,00:32,00:36,7,7,479,23
1674,1674,13674,NF08,Guwahati Junction 8,03:43,03:47,14,1,1310,24
1675,1675,13675,NW07,Jaipur Junction 7,06:54,06:56,3,2,1790,25
1676,1676,13676,SC06,Secunderabad Junction 6,09:05,09:10,4,3,1464,26
1677,1677,13677,SE05,Bilaspur Junction 5,12:16,12:29,7,4,1634,27
1678,1678,13678,SE04,Kolkata Junction 4,15:27,15:34,3,5,1755,28
1679,1679,13679,SW03,Hubballi Junction 3,18:38,18:52,15,6,220,29
1680,1680,13680,SR02,Chennai Junction 2,21:49,21:58,10,7,173,30
1681,1681,13681,WC01,Jabalpur Junction 1,00:00,00:15,3,1,591,1
1682,1682,13682,WC08,Jabalpur Junction 8,03:11,03:26,9,2,1494,2
1683,1683,13683,WR07,Mumbai Junction 7,06:22,06:30,12,3,179,3
1684,1684,13684,CR06,Mumbai Junction 6,09:33,09:44,2,4,395,4
1685,1685,13685,ER05,Kolkata Junction 5,12:44,12:53,8,5,335,5
1686,1686,13686,EC04,Hajipur Junction 4,15:55,15:08,6,6,1905,6
1687,1687,13687,EC03,Bhubaneswar Junction 3,18:06,18:08,5,7,653,7
1688,1688,13688,NR02,New Delhi Junction 2,21:17,21:27,7,1,345,8
1689,1689,13689,NC01,Prayagraj Junction 1,00:28,00:37,15,2,294,9
1690,1690,13690,NC08,Prayagraj Junction 8,03:39,03:44,8,3,1598,10
1691,1691,13691,NE07,Gorakhpur Junction 7,06:50,06:53,5,4,517,11
1692,1692,13692,NF06,Guwahati Junction 6,09:01,09:11,3,5,1450,12
1693,1693,13693,NW05,Jaipur Junction 5,12:12,12:19,6,6,1896,13
1694,1694,13694,SC04,Secunderabad Junction 4,15:23,15:36,13,7,1947,14
1695,1695,13695,SE03,Bilaspur Junction 3,18:34,18:39,13,1,387,15
1696,1696,13696,SE02,Kolkata Junction 2,21:45,21:51,9,2,1637,16
1697,1697,13697,SW01,Hubballi Junction 1,00:56,00:06,9,3,828,17
1698,1698,13698,SW08,Hubballi Junction 8,03:07,03:17,8,4,1050,18
1699,1699,13699,SR07,Chennai Junction 7,06:18,06:28,10,5,725,19
1700,1700,13700,WC06,Jabalpur Junction 6,09:29,09:32,6,6,899,20
1701,1701,13701,WR05,Mumbai Junction 5,12:40,12:44,4,7,2092,21
1702,1702,13702,CR04,Mumbai Junction 4,15:51,15:56,12,1,281,22
1703,1703,13703,ER03,Kolkata Junction 3,18:02,18:17,4,2,866,23
1704,1704,13704,EC02,Hajipur Junction 2,21:13,21:25,4,3,1209,24
1705,1705,13705,EC01,Bhubaneswar Junction 1,00:24,00:36,2,4,55,25
1706,1706,13706,EC08,Bhubaneswar Junction 8,03:35,03:48,5,5,2000,26
1707,1707,13707,NR07,New Delhi Junction 7,06:46,06:00,14,6,2192,27
1708,1708,13708,NC06,Prayagraj Junction 6,09:57,09:10,7,7,2182,28
1709,1709,13709,NE05,Gorakhpur Junction 5,12:08,12:14,10,1,12,29
1710,1710,13710,NF04,Guwahati Junction 4,15:19,15:34,10,2,2087,30
1711,1711,13711,NW03,Jaipur Junction 3,18:30,18:36,6,3,1149,1
1712,1712,13712,SC02,Secunderabad Junction 2,21:41,21:55,9,4,1743,2
1713,1713,13713,SE01,Bilaspur Junction 1,00:52,00:57,12,5,1611,3
1714,1714,13714,SE08,Bilaspur Junction 8,03:03,03:17,2,6,845,4
1715,1715,13715,SE07,Kolkata Junction 7,06:14,06:17,7,7,1669,5
1716,1716,13716,SW06,Hubballi Junction 6,09:25,09:35,12,1,1623,6
1717,1717,13717,SR05,Chennai Junction 5,12:36,12:51,14,2,1289,7
1718,1718,13718,WC04,Jabalpur Junction 4,15:47,15:01,2,3,1586,8
1719,1719,13719,WR03,Mumbai Junction 3,18:58,18:07,15,4,1108,9
1720,1720,13720,CR02,Mumbai Junction 2,21:09,21:13,12,5,2090,10
1721,1721,13721,ER01,Kolkata Junction 1,00:20,00:22,2,6,1454,11
1722,1722,13722,ER08,Kolkata Junction 8,03:31,03:40,9,7,198,12
1723,1723,13723,EC07,Hajipur Junction 7,06:42,06:52,9,1,1868,13
1724,1724,13724,EC06,Bhubaneswar Junction 6,09:53,09:00,6,2,179,14
1725,1725,13725,NR05,New Delhi Junction 5,12:04,12:13,11,3,617,15
1726,1726,13726,NC04,Prayagraj Junction 4,15:15,15:27,15,4,383,16
1727,1727,13727,NE03,Gorakhpur Junction 3,18:26,18:36,11,5,40,17
1728,1728,13728,NF02,Guwahati Junction 2,21:37,21:41,7,6,302,18
1729,1729,13729,NW01,Jaipur Junction 1,00:48,00:54,4,7,1972,19
1730,1730,13730,NW08,Jaipur Junction 8,03:59,03:09,6,1,1713,20
1731,1731,13731,SC07,Secunderabad Junction 7,06:10,06:12,10,2,1503,21
1732,1732,13732,SE06,Bilaspur Junction 6,09:21,09:34,5,3,1301,22
1733,1733,13733,SE05,Kolkata Junction 5,12:32,12:44,13,4,386,23
1734,1734,13734,SW04,Hubballi Junction 4,15:43,15:58,5,5,860,24
1735,1735,13735,SR03,Chennai Junction 3,18:54,18:58,4,6,562,25
1736,1736,13736,WC02,Jabalpur Junction 2,21:05,21:08,12,7,1314,26
1737,1737,13737,WR01,Mumbai Junction 1,00:16,00:23,9,1,1329,27
1738,1738,13738,WR08,Mumbai Junction 8,03:27,03:31,6,2,1940,28
1739,1739,13739,CR07,Mumbai Junction 7,06:38,06:40,15,3,2121,29
1740,1740,13740,ER06,Kolkata Junction 6,09:49,09:54,6,4,455,30
1741,1741,13741,EC05,Hajipur Junction 5,12:00,12:09,4,5,1739,1
1742,1742,13742,EC04,Bhubaneswar Junction 4,15:11,15:18,15,6,1877,2
1743,1743,13743,NR03,New Delhi Junction 3,18:22,18:29,10,7,53,3
1744,1744,13744,NC02,Prayagraj Junction 2,21:33,21:35,9,1,1040,4
1745,1745,13745,NE01,Gorakhpur Junction 1,00:44,00:51,3,2,1847,5
1746,1746,13746,NE08,Gorakhpur Junction 8,03:55,03:02,8,3,887,6
1747,1747,13747,NF07,Guwahati Junction 7,06:06,06:14,11,4,1680,7
1748,1748,13748,NW06,Jaipur Junction 6,09:17,09:26,4,5,1924,8
1749,1749,13749,SC05,Secunderabad Junction 5,12:28,12:33,2,6,85,9
1750,1750,13750,SE04,Bilaspur Junction 4,15:39,15:51,7,7,49,10
1751,1751,13751,SE03,Kolkata Junction 3,18:50,18:03,6,1,2151,11
1752,1752,13752,SW02,Hubballi Junction 2,21:01,21:15,2,2,1518,12
1753,1753,13753,SR01,Chennai Junction 1,00:12,00:22,4,3,754,13
1754,1754,13754,SR08,Chennai Junction 8,03:23,03:31,4,4,1588,14
1755,1755,13755,WC07,Jabalpur Junction 7,06:34,06:39,15,5,1763,15
1756,1756,13756,WR06,Mumbai Junction 6,09:45,09:55,3,6,54,16
1757,1757,13757,CR05,Mumbai Junction 5,12:56,12:00,8,7,1718,17
1758,1758,13758,ER04,Kolkata Junction 4,15:07,15:11,11,1,105,18
1759,1759,13759,EC03,Hajipur Junction 3,18:18,18:23,10,2,1822,19
1760,1760,13760,EC02,Bhubaneswar Junction 2,21:29,21:41,9,3,79,20
1761,1761,13761,NR01,New Delhi Junction 1,00:40,00:46,12,4,178,21
1762,1762,13762,NR08,New Delhi Junction 8,03:51,03:02,11,5,1654,22
1763,1763,13763,NC07,Prayagraj Junction 7,06:02,06:07,5,6,436,23
1764,1764,13764,NE06,Gorakhpur Junction 6,09:13,09:20,9,7,263,24
1765,1765,13765,NF05,Guwahati Junction 5,12:24,12:33,5,1,1236,25
1766,1766,13766,NW04,Jaipur Junction 4,15:35,15:41,15,2,702,26
1767,1767,13767,SC03,Secunderabad Junction 3,18:46,18:00,4,3,186,27
1768,1768,13768,SE02,Bilaspur Junction 2,21:57,21:01,7,4,1983,28
1769,1769,13769,SE01,Kolkata Junction 1,00:08,00:12,12,5,1533,29
1770,1770,13770,SE08,Kolkata Junction 8,03:19,03:25,6,6,2084,30
1771,1771,13771,SW07,Hubballi Junction 7,06:30,06:42,5,7,2006,1
1772,1772,13772,SR06,Chennai Junction 6,09:41,09:48,3,1,1789,2
1773,1773,13773,WC05,Jabalpur Junction 5,12:52,12:06,8,2,1548,3
1774,1774,13774,WR04,Mumbai Junction 4,15:03,15:08,13,3,810,4
1775,1775,13775,CR03,Mumbai Junction 3,18:14,18:19,9,4,587,5
1776,1776,13776,ER02,Kolkata Junction 2,21:25,21:35,12,5,892,6
1777,1777,13777,EC01,Hajipur Junction 1,00:36,00:48,8,6,2134,7
1778,1778,13778,EC08,Hajipur Junction 8,03:47,03:52,11,7,1177,8
1779,1779,13779,EC07,Bhubaneswar Junction 7,06:58,06:13,5,1,432,9
1780,1780,13780,NR06,New Delhi Junction 6,09:09,09:23,14,2,1644,10
1781,1781,13781,NC05,Prayagraj Junction 5,12:20,12:28,7,3,1466,11
1782,1782,13782,NE04,Gorakhpur Junction 4,15:31,15:43,5,4,15,12
1783,1783,13783,NF03,Guwahati Junction 3,18:42,18:45,6,5,1499,13
1784,1784,13784,NW02,Jaipur Junction 2,21:53,21:01,10,6,1033,14
1785,1785,13785,SC01,Secunderabad Junction 1,00:04,00:09,12,7,1591,15
1786,1786,13786,SC08,Secunderabad Junction 8,03:15,03:30,13,1,835,16
1787,1787,13787,SE07,Bilaspur Junction 7,06:26,06:37,6,2,1920,17
1788,1788,13788,SE06,Kolkata Junction 6,09:37,09:47,13,3,618,18
1789,1789,13789,SW05,Hubballi Junction 5,12:48,12:50,3,4,1169,19
1790,1790,13790,SR04,Chennai Junction 4,15:59,15:14,10,5,1780,20
1791,1791,13791,WC03,Jabalpur Junction 3,18:10,18:18,15,6,2070,21
1792,1792,13792,WR02,Mumbai Junction 2,21:21,21:26,14,7,39,22
1793,1793,13793,CR01,Mumbai Junction 1,00:32,00:42,8,1,662,23
1794,1794,13794,CR08,Mumbai Junction 8,03:43,03:58,11,2,304,24
1795,1795,13795,ER07,Kolkata Junction 7,06:54,06:57,3,3,668,25
1796,1796,13796,EC06,Hajipur Junction 6,09:05,09:07,5,4,1683,26
1797,1797,13797,EC05,Bhubaneswar Junction 5,12:16,12:30,13,5,1091,27
1798,1798,13798,NR04,New Delhi Junction 4,15:27,15:38,15,6,117,28
1799,1799,13799,NC03,Prayagraj Junction 3,18:38,18:52,12,7,850,29
1800,1800,13800,NE02,Gorakhpur Junction 2,21:49,21:57,8,1,347,30
1801,1801,13801,NF01,Guwahati Junction 1,00:00,00:05,6,2,12,1
1802,1802,13802,NF08,Guwahati Junction 8,03:11,03:20,8,3,725,2
1803,1803,13803,NW07,Jaipur Junction 7,06:22,06:26,15,4,1492,3
1804,1804,13804,SC06,Secunderabad Junction 6,09:33,09:41,12,5,818,4
1805,1805,13805,SE05,Bilaspur Junction 5,12:44,12:49,11,6,1695,5
1806,1806,13806,SE04,Kolkata Junction 4,15:55,15:06,9,7,5,6
1807,1807,13807,SW03,Hubballi Junction 3,18:06,18:16,10,1,907,7
1808,1808,13808,SR02,Chennai Junction 2,21:17,21:22,15,2,825,8
1809,1809,13809,WC01,Jabalpur Junction 1,00:28,00:33,11,3,1060,9
1810,1810,13810,WC08,Jabalpur Junction 8,03:39,03:48,11,4,811,10
1811,1811,13811,WR07,Mumbai Junction 7,06:50,06:54,4,5,2067,11
1812,1812,13812,CR06,Mumbai Junction 6,09:01,09:10,7,6,702,12
1813,1813,13813,ER05,Kolkata Junction 5,12:12,12:24,14,7,1691,13
1814,1814,13814,EC04,Hajipur Junction 4,15:23,15:32,8,1,1905,14
1815,1815,13815,EC03,Bhubaneswar Junction 3,18:34,18:47,7,2,2121,15
1816,1816,13816,NR02,New Delhi Junction 2,21:45,21:58,13,3,124,16
1817,1817,13817,NC01,Prayagraj Junction 1,00:56,00:59,6,4,1674,17
1818,1818,13818,NC08,Prayagraj Junction 8,03:07,03:10,3,5,69,18
1819,1819,13819,NE07,Gorakhpur Junction 7,06:18,06:22,14,6,1586,19
1820,1820,13820,NF06,Guwahati Junction 6,09:29,09:41,6,7,1375,20
1821,1821,13821,NW05,Jaipur Junction 5,12:40,12:52,9,1,1883,21
1822,1822,13822,SC04,Secunderabad Junction 4,15:51,15:00,6,2,1405,22
1823,1823,13823,SE03,Bilaspur Junction 3,18:02,18:17,13,3,1096,23
1824,1824,13824,SE02,Kolkata Junction 2,21:13,21:23,15,4,1646,24
1825,1825,13825,SW01,Hubballi Junction 1,00:24,00:33,5,5,1992,25
1826,1826,13826,SW08,Hubballi Junction 8,03:35,03:50,2,6,70,26
1827,1827,13827,SR07,Chennai Junction 7,06:46,06:49,7,7,351,27
1828,1828,13828,WC06,Jabalpur Junction 6,09:57,09:11,14,1,397,28
1829,1829,13829,WR05,Mumbai Junction 5,12:08,12:21,3,2,1732,29
1830,1830,13830,CR04,Mumbai Junction 4,15:19,15:26,2,3,942,30
1831,1831,13831,ER03,Kolkata Junction 3,18:30,18:43,15,4,266,1
1832,1832,13832,EC02,Hajipur Junction 2,21:41,21:54,6,5,1020,2
1833,1833,13833,EC01,Bhubaneswar Junction 1,00:52,00:55,15,6,1738,3
1834,1834,13834,EC08,Bhubaneswar Junction 8,03:03,03:13,12,7,1922,4
1835,1835,13835,NR07,New Delhi Junction 7,06:14,06:18,5,1,82,5
1836,1836,13836,NC06,Prayagraj Junction 6,09:25,09:33,8,2,65,6
1837,1837,13837,NE05,Gorakhpur Junction 5,12:36,12:47,2,3,1744,7
1838,1838,13838,NF04,Guwahati Junction 4,15:47,15:58,13,4,260,8
1839,1839,13839,NW03,Jaipur Junction 3,18:58,18:12,9,5,1899,9
1840,1840,13840,SC02,Secunderabad Junction 2,21:09,21:20,11,6,70,10
1841,1841,13841,SE01,Bilaspur Junction 1,00:20,00:31,8,7,1868,11
1842,1842,13842,SE08,Bilaspur Junction 8,03:31,03:42,3,1,1957,12
1843,1843,13843,SE07,Kolkata Junction 7,06:42,06:44,6,2,476,13
1844,1844,13844,SW06,Hubballi Junction 6,09:53,09:08,4,3,1857,14
1845,1845,13845,SR05,Chennai Junction 5,12:04,12:09,11,4,198,15
1846,1846,13846,WC04,Jabalpur Junction 4,15:15,15:22,10,5,1564,16
1847,1847,13847,WR03,Mumbai Junction 3,18:26,18:40,13,6,1141,17
1848,1848,13848,CR02,Mumbai Junction 2,21:37,21:43,5,7,2184,18
1849,1849,13849,ER01,Kolkata Junction 1,00:48,00:58,14,1,954,19
1850,1850,13850,ER08,Kolkata Junction 8,03:59,03:07,13,2,1590,20
1851,1851,13851,EC07,Hajipur Junction 7,06:10,06:14,9,3,469,21
1852,1852,13852,EC06,Bhubaneswar Junction 6,09:21,09:33,2,4,1819,22
1853,1853,13853,NR05,New Delhi Junction 5,12:32,12:47,2,5,1386,23
1854,1854,13854,NC04,Prayagraj Junction 4,15:43,15:46,7,6,740,24
1855,1855,13855,NE03,Gorakhpur Junction 3,18:54,18:03,14,7,1015,25
1856,1856,13856,NF02,Guwahati Junction 2,21:05,21:12,3,1,1952,26
1857,1857,13857,NW01,Jaipur Junction 1,00:16,00:22,8,2,203,27
1858,1858,13858,NW08,Jaipur Junction 8,03:27,03:33,9,3,1981,28
1859,1859,13859,SC07,Secunderabad Junction 7,06:38,06:44,9,4,1926,29
1860,1860,13860,SE06,Bilaspur Junction 6,09:49,09:56,6,5,97,30
1861,1861,13861,SE05,Kolkata Junction 5,12:00,12:14,3,6,473,1
1862,1862,13862,SW04,Hubballi Junction 4,15:11,15:14,11,7,802,2
1863,1863,13863,SR03,Chennai Junction 3,18:22,18:33,10,1,33,3
1864,1864,13864,WC02,Jabalpur Junction 2,21:33,21:39,2,2,144,4
1865,1865,13865,WR01,Mumbai Junction 1,00:44,00:52,5,3,196,5
1866,1866,13866,WR08,Mumbai Junction 8,03:55,03:02,8,4,2182,6
1867,1867,13867,CR07,Mumbai Junction 7,06:06,06:17,7,5,1041,7
1868,1868,13868,ER06,Kolkata Junction 6,09:17,09:20,7,6,1278,8
1869,1869,13869,EC05,Hajipur Junction 5,12:28,12:30,14,7,1133,9
1870,1870,13870,EC04,Bhubaneswar Junction 4,15:39,15:52,5,1,1839,10
1871,1871,13871,NR03,New Delhi Junction 3,18:50,18:57,14,2,1148,11
1872,1872,13872,NC02,Prayagraj Junction 2,21:01,21:11,4,3,2188,12
1873,1873,13873,NE01,Gorakhpur Junction 1,00:12,00:16,2,4,967,13
1874,1874,13874,NE08,Gorakhpur Junction 8,03:23,03:36,14,5,1885,14
1875,1875,13875,NF07,Guwahati Junction 7,06:34,06:43,14,6,1082,15
1876,1876,13876,NW06,Jaipur Junction 6,09:45,09:53,4,7,1733,16
1877,1877,13877,SC05,Secunderabad Junction 5,12:56,12:02,4,1,813,17
1878,1878,13878,SE04,Bilaspur Junction 4,15:07,15:17,5,2,789,18
1879,1879,13879,SE03,Kolkata Junction 3,18:18,18:24,10,3,1570,19
1880,1880,13880,SW02,Hubballi Junction 2,21:29,21:40,3,4,763,20
1881,1881,13881,SR01,Chennai Junction 1,00:40,00:51,5,5,152,21
1882,1882,13882,SR08,Chennai Junction 8,03:51,03:57,11,6,1460,22
1883,1883,13883,WC07,Jabalpur Junction 7,06:02,06:05,11,7,427,23
1884,1884,13884,WR06,Mumbai Junction 6,09:13,09:25,9,1,278,24
1885,1885,13885,CR05,Mumbai Junction 5,12:24,12:30,13,2,951,25
1886,1886,13886,ER04,Kolkata Junction 4,15:35,15:46,12,3,67,26
1887,1887,13887,EC03,Hajipur Junction 3,18:46,18:01,6,4,1745,27
1888,1888,13888,EC02,Bhubaneswar Junction 2,21:57,21:05,10,5,793,28
1889,1889,13889,NR01,New Delhi Junction 1,00:08,00:21,3,6,1971,29
1890,1890,13890,NR08,New Delhi Junction 8,03:19,03:23,14,7,54,30
1891,1891,13891,NC07,Prayagraj Junction 7,06:30,06:32,3,1,1205,1
1892,1892,13892,NE06,Gorakhpur Junction 6,09:41,09:46,10,2,1803,2
1893,1893,13893,NF05,Guwahati Junction 5,12:52,12:54,9,3,1626,3
1894,1894,13894,NW04,Jaipur Junction 4,15:03,15:10,14,4,1456,4
1895,1895,13895,SC03,Secunderabad Junction 3,18:14,18:16,9,5,844,5
1896,1896,13896,SE02,Bilaspur Junction 2,21:25,21:28,15,6,489,6
1897,1897,13897,SE01,Kolkata Junction 1,00:36,00:39,5,7,1810,7
1898,1898,13898,SE08,Kolkata Junction 8,03:47,03:57,13,1,1015,8
1899,1899,13899,SW07,Hubballi Junction 7,06:58,06:01,7,2,439,9
1900,1900,13900,SR06,Chennai Junction 6,09:09,09:18,5,3,2134,10
1901,1901,13901,WC05,Jabalpur Junction 5,12:20,12:27,6,4,2165,11
1902,1902,13902,WR04,Mumbai Junction 4,15:31,15:40,4,5,1056,12
1903,1903,13903,CR03,Mumbai Junction 3,18:42,18:47,12,6,1262,13
1904,1904,13904,ER02,Kolkata Junction 2,21:53,21:05,15,7,1603,14
1905,1905,13905,EC01,Hajipur Junction 1,00:04,00:10,4,1,1164,15
1906,1906,13906,EC08,Hajipur Junction 8,03:15,03:23,6,2,1784,16
1907,1907,13907,EC07,Bhubaneswar Junction 7,06:26,06:40,7,3,1497,17
1908,1908,13908,NR06,New Delhi Junction 6,09:37,09:52,2,4,802,18
1909,1909,13909,NC05,Prayagraj Junction 5,12:48,12:00,8,5,1742,19
1910,1910,13910,NE04,Gorakhpur Junction 4,15:59,15:07,2,6,954,20
1911,1911,13911,NF03,Guwahati Junction 3,18:10,18:17,13,7,324,21
1912,1912,13912,NW02,Jaipur Junction 2,21:21,21:25,3,1,1248,22
1913,1913,13913,SC01,Secunderabad Junction 1,00:32,00:47,10,2,1795,23
1914,1914,13914,SC08,Secunderabad Junction 8,03:43,03:56,10,3,1340,24
1915,1915,13915,SE07,Bilaspur Junction 7,06:54,06:59,15,4,1733,25
1916,1916,13916,SE06,Kolkata Junction 6,09:05,09:19,15,5,767,26
1917,1917,13917,SW05,Hubballi Junction 5,12:16,12:20,14,6,1040,27
1918,1918,13918,SR04,Chennai Junction 4,15:27,15:42,11,7,565,28
1919,1919,13919,WC03,Jabalpur Junction 3,18:38,18:44,10,1,867,29
1920,1920,13920,WR02,Mumbai Junction 2,21:49,21:54,4,2,1429,30
1921,1921,13921,CR01,Mumbai Junction 1,00:00,00:02,3,3,93,1
1922,1922,13922,CR08,Mumbai Junction 8,03:11,03:23,2,4,923,2
1923,1923,13923,ER07,Kolkata Junction 7,06:22,06:25,10,5,75,3
1924,1924,13924,EC06,Hajipur Junction 6,09:33,09:35,7,6,1529,4
1925,1925,13925,EC05,Bhubaneswar Junction 5,12:44,12:47,8,7,1782,5
1926,1926,13926,NR04,New Delhi Junction 4,15:55,15:05,12,1,694,6
1927,1927,13927,NC03,Prayagraj Junction 3,18:06,18:21,4,2,1331,7
1928,1928,13928,NE02,Gorakhpur Junction 2,21:17,21:25,2,3,2076,8
1929,1929,13929,NF01,Guwahati Junction 1,00:28,00:39,5,4,115,9
1930,1930,13930,NF08,Guwahati Junction 8,03:39,03:50,9,5,109,10
1931,1931,13931,NW07,Jaipur Junction 7,06:50,06:05,12,6,1017,11
1932,1932,13932,SC06,Secunderabad Junction 6,09:01,09:06,5,7,993,12
1933,1933,13933,SE05,Bilaspur Junction 5,12:12,12:14,7,1,478,13
1934,1934,13934,SE04,Kolkata Junction 4,15:23,15:26,3,2,760,14
1935,1935,13935,SW03,Hubballi Junction 3,18:34,18:41,6,3,1517,15
1936,1936,13936,SR02,Chennai Junction 2,21:45,21:54,4,4,2139,16
1937,1937,13937,WC01,Jabalpur Junction 1,00:56,00:08,8,5,108,17
1938,1938,13938,WC08,Jabalpur Junction 8,03:07,03:21,12,6,1015,18
1939,1939,13939,WR07,Mumbai Junction 7,06:18,06:22,3,7,637,19
1940,1940,13940,CR06,Mumbai Junction 6,09:29,09:34,4,1,896,20
1941,1941,13941,ER05,Kolkata Junction 5,12:40,12:42,6,2,1916,21
1942,1942,13942,EC04,Hajipur Junction 4,15:51,15:05,2,3,1493,22
1943,1943,13943,EC03,Bhubaneswar Junction 3,18:02,18:17,10,4,858,23
1944,1944,13944,NR02,New Delhi Junction 2,21:13,21:21,4,5,873,24
1945,1945,13945,NC01,Prayagraj Junction 1,00:24,00:39,10,6,947,25
1946,1946,13946,NC08,Prayagraj Junction 8,03:35,03:38,14,7,357,26
1947,1947,13947,NE07,Gorakhpur Junction 7,06:46,06:58,6,1,612,27
1948,1948,13948,NF06,Guwahati Junction 6,09:57,09:01,7,2,1489,28
1949,1949,13949,NW05,Jaipur Junction 5,12:08,12:15,2,3,580,29
1950,1950,13950,SC04,Secunderabad Junction 4,15:19,15:23,7,4,1985,30
1951,1951,13951,SE03,Bilaspur Junction 3,18:30,18:45,15,5,247,1
1952,1952,13952,SE02,Kolkata Junction 2,21:41,21:49,2,6,1089,2
1953,1953,13953,SW01,Hubballi Junction 1,00:52,00:02,12,7,740,3
1954,1954,13954,SW08,Hubballi Junction 8,03:03,03:05,8,1,939,4
1955,1955,13955,SR07,Chennai Junction 7,06:14,06:24,3,2,1349,5
1956,1956,13956,WC06,Jabalpur Junction 6,09:25,09:32,12,3,2164,6
1957,1957,13957,WR05,Mumbai Junction 5,12:36,12:41,12,4,280,7
1958,1958,13958,CR04,Mumbai Junction 4,15:47,15:02,8,5,1641,8
1959,1959,13959,ER03,Kolkata Junction 3,18:58,18:10,10,6,845,9
1960,1960,13960,EC02,Hajipur Junction 2,21:09,21:21,8,7,1450,10
1961,1961,13961,EC01,Bhubaneswar Junction 1,00:20,00:30,8,1,257,11
1962,1962,13962,EC08,Bhubaneswar Junction 8,03:31,03:37,15,2,1144,12
1963,1963,13963,NR07,New Delhi Junction 7,06:42,06:52,5,3,1552,13
1964,1964,13964,NC06,Prayagraj Junction 6,09:53,09:01,5,4,321,14
1965,1965,13965,NE05,Gorakhpur Junction 5,12:04,12:11,9,5,616,15
1966,1966,13966,NF04,Guwahati Junction 4,15:15,15:20,5,6,645,16
1967,1967,13967,NW03,Jaipur Junction 3,18:26,18:38,8,7,1032,17
1968,1968,13968,SC02,Secunderabad Junction 2,21:37,21:41,9,1,2117,18
1969,1969,13969,SE01,Bilaspur Junction 1,00:48,00:00,8,2,675,19
1970,1970,13970,SE08,Bilaspur Junction 8,03:59,03:05,2,3,64,20
1971,1971,13971,SE07,Kolkata Junction 7,06:10,06:22,13,4,2130,21
1972,1972,13972,SW06,Hubballi Junction 6,09:21,09:31,15,5,916,22
1973,1973,13973,SR05,Chennai Junction 5,12:32,12:37,5,6,520,23
1974,1974,13974,WC04,Jabalpur Junction 4,15:43,15:55,2,7,2080,24
1975,1975,13975,WR03,Mumbai Junction 3,18:54,18:06,7,1,1544,25
1976,1976,13976,CR02,Mumbai Junction 2,21:05,21:08,8,2,240,26
1977,1977,13977,ER01,Kolkata Junction 1,00:16,00:19,2,3,1750,27
1978,1978,13978,ER08,Kolkata Junction 8,03:27,03:39,14,4,2159,28
1979,1979,13979,EC07,Hajipur Junction 7,06:38,06:53,15,5,34,29
1980,1980,13980,EC06,Bhubaneswar Junction 6,09:49,09:01,12,6,356,30
1981,1981,13981,NR05,New Delhi Junction 5,12:00,12:03,15,7,1941,1
1982,1982,13982,NC04,Prayagraj Junction 4,15:11,15:17,3,1,733,2
1983,1983,13983,NE03,Gorakhpur Junction 3,18:22,18:24,11,2,836,3
1984,1984,13984,NF02,Guwahati Junction 2,21:33,21:35,15,3,1816,4
1985,1985,13985,NW01,Jaipur Junction 1,00:44,00:58,15,4,31,5
1986,1986,13986,NW08,Jaipur Junction 8,03:55,03:07,13,5,1719,6
1987,1987,13987,SC07,Secunderabad Junction 7,06:06,06:11,7,6,2044,7
1988,1988,13988,SE06,Bilaspur Junction 6,09:17,09:19,10,7,1743,8
1989,1989,13989,SE05,Kolkata Junction 5,12:28,12:41,10,1,1687,9
1990,1990,13990,SW04,Hubballi Junction 4,15:39,15:53,12,2,255,10
1991,1991,13991,SR03,Chennai Junction 3,18:50,18:55,6,3,754,11
1992,1992,13992,WC02,Jabalpur Junction 2,21:01,21:08,5,4,1503,12
1993,1993,13993,WR01,Mumbai Junction 1,00:12,00:15,13,5,1449,13
1994,1994,13994,WR08,Mumbai Junction 8,03:23,03:38,2,6,649,14
1995,1995,13995,CR07,Mumbai Junction 7,06:34,06:48,8,7,1234,15
1996,1996,13996,ER06,Kolkata Junction 6,09:45,09:47,12,1,556,16
1997,1997,13997,EC05,Hajipur Junction 5,12:56,12:11,7,2,414,17
1998,1998,13998,EC04,Bhubaneswar Junction 4,15:07,15:17,8,3,1035,18
1999,1999,13999,NR03,New Delhi Junction 3,18:18,18:33,7,4,874,19
2000,2000,14000,NC02,Prayagraj Junction 2,21:29,21:39,4,5,1822,20
2001,2001,14001,NE01,Gorakhpur Junction 1,00:40,00:45,5,6,23,21
2002,2002,14002,NE08,Gorakhpur Junction 8,03:51,03:57,10,7,1550,22
2003,2003,14003,NF07,Guwahati Junction 7,06:02,06:16,12,1,706,23
2004,2004,14004,NW06,Jaipur Junction 6,09:13,09:26,4,2,460,24
2005,2005,14005,SC05,Secunderabad Junction 5,12:24,12:31,9,3,446,25
2006,2006,14006,SE04,Bilaspur Junction 4,15:35,15:49,5,4,862,26
2007,2007,14007,SE03,Kolkata Junction 3,18:46,18:56,8,5,888,27
2008,2008,14008,SW02,Hubballi Junction 2,21:57,21:12,8,6,248,28
2009,2009,14009,SR01,Chennai Junction 1,00:08,00:20,11,7,481,29
2010,2010,14010,SR08,Chennai Junction 8,03:19,03:32,7,1,331,30
2011,2011,14011,WC07,Jabalpur Junction 7,06:30,06:34,12,2,475,1
2012,2012,14012,WR06,Mumbai Junction 6,09:41,09:49,12,3,1876,2
2013,2013,14013,CR05,Mumbai Junction 5,12:52,12:00,14,4,665,3
2014,2014,14014,ER04,Kolkata Junction 4,15:03,15:17,5,5,141,4
2015,2015,14015,EC03,Hajipur Junction 3,18:14,18:26,12,6,2037,5
2016,2016,14016,EC02,Bhubaneswar Junction 2,21:25,21:39,3,7,1366,6
2017,2017,14017,NR01,New Delhi Junction 1,00:36,00:47,10,1,41,7
2018,2018,14018,NR08,New Delhi Junction 8,03:47,03:49,11,2,1883,8
2019,2019,14019,NC07,Prayagraj Junction 7,06:58,06:02,2,3,888,9
2020,2020,14020,NE06,Gorakhpur Junction 6,09:09,09:15,15,4,2036,10
2021,2021,14021,NF05,Guwahati Junction 5,12:20,12:29,15,5,503,11
2022,2022,14022,NW04,Jaipur Junction 4,15:31,15:46,8,6,1048,12
2023,2023,14023,SC03,Secunderabad Junction 3,18:42,18:44,4,7,427,13
2024,2024,14024,SE02,Bilaspur Junction 2,21:53,21:01,4,1,225,14
2025,2025,14025,SE01,Kolkata Junction 1,00:04,00:14,14,2,153,15
2026,2026,14026,SE08,Kolkata Junction 8,03:15,03:24,15,3,889,16
2027,2027,14027,SW07,Hubballi Junction 7,06:26,06:30,3,4,2059,17
2028,2028,14028,SR06,Chennai Junction 6,09:37,09:44,3,5,1905,18
2029,2029,14029,WC05,Jabalpur Junction 5,12:48,12:01,11,6,185,19
2030,2030,14030,WR04,Mumbai Junction 4,15:59,15:02,5,7,351,20
2031,2031,14031,CR03,Mumbai Junction 3,18:10,18:19,7,1,1683,21
2032,2032,14032,ER02,Kolkata Junction 2,21:21,21:24,12,2,2054,22
2033,2033,14033,EC01,Hajipur Junction 1,00:32,00:35,11,3,1119,23
2034,2034,14034,EC08,Hajipur Junction 8,03:43,03:46,6,4,1733,24
2035,2035,14035,EC07,Bhubaneswar Junction 7,06:54,06:08,7,5,234,25
2036,2036,14036,NR06,New Delhi Junction 6,09:05,09:10,13,6,1253,26
2037,2037,14037,NC05,Prayagraj Junction 5,12:16,12:24,2,7,1721,27
2038,2038,14038,NE04,Gorakhpur Junction 4,15:27,15:35,9,1,1856,28
2039,2039,14039,NF03,Guwahati Junction 3,18:38,18:47,14,2,1231,29
2040,2040,14040,NW02,Jaipur Junction 2,21:49,21:55,14,3,1413,30
2041,2041,14041,SC01,Secunderabad Junction 1,00:00,00:12,5,4,1476,1
2042,2042,14042,SC08,Secunderabad Junction 8,03:11,03:20,3,5,558,2
2043,2043,14043,SE07,Bilaspur Junction 7,06:22,06:36,9,6,1703,3
2044,2044,14044,SE06,Kolkata Junction 6,09:33,09:37,5,7,2070,4
2045,2045,14045,SW05,Hubballi Junction 5,12:44,12:51,14,1,1778,5
2046,2046,14046,SR04,Chennai Junction 4,15:55,15:01,15,2,1708,6
2047,2047,14047,WC03,Jabalpur Junction 3,18:06,18:09,3,3,278,7
2048,2048,14048,WR02,Mumbai Junction 2,21:17,21:29,4,4,621,8
2049,2049,14049,CR01,Mumbai Junction 1,00:28,00:36,3,5,726,9
2050,2050,14050,CR08,Mumbai Junction 8,03:39,03:50,15,6,1033,10
2051,2051,14051,ER07,Kolkata Junction 7,06:50,06:02,9,7,1025,11
2052,2052,14052,EC06,Hajipur Junction 6,09:01,09:10,15,1,130,12
2053,2053,14053,EC05,Bhubaneswar Junction 5,12:12,12:21,2,2,1925,13
2054,2054,14054,NR04,New Delhi Junction 4,15:23,15:33,2,3,1372,14
2055,2055,14055,NC03,Prayagraj Junction 3,18:34,18:42,2,4,2152,15
2056,2056,14056,NE02,Gorakhpur Junction 2,21:45,21:52,2,5,1348,16
2057,2057,14057,NF01,Guwahati Junction 1,00:56,00:03,11,6,357,17
2058,2058,14058,NF08,Guwahati Junction 8,03:07,03:20,7,7,925,18
2059,2059,14059,NW07,Jaipur Junction 7,06:18,06:31,9,1,2,19
2060,2060,14060,SC06,Secunderabad Junction 6,09:29,09:39,11,2,686,20
2061,2061,14061,SE05,Bilaspur Junction 5,12:40,12:44,2,3,1861,21
2062,2062,14062,SE04,Kolkata Junction 4,15:51,15:53,10,4,1839,22
2063,2063,14063,SW03,Hubballi Junction 3,18:02,18:08,4,5,1572,23
2064,2064,14064,SR02,Chennai Junction 2,21:13,21:23,2,6,1269,24
2065,2065,14065,WC01,Jabalpur Junction 1,00:24,00:26,7,7,668,25
2066,2066,14066,WC08,Jabalpur Junction 8,03:35,03:48,15,1,1536,26
2067,2067,14067,WR07,Mumbai Junction 7,06:46,06:58,2,2,140,27
2068,2068,14068,CR06,Mumbai Junction 6,09:57,09:09,7,3,1115,28
2069,2069,14069,ER05,Kolkata Junction 5,12:08,12:19,6,4,1500,29
2070,2070,14070,EC04,Hajipur Junction 4,15:19,15:31,5,5,1509,30
2071,2071,14071,EC03,Bhubaneswar Junction 3,18:30,18:34,6,6,1716,1
2072,2072,14072,NR02,New Delhi Junction 2,21:41,21:56,2,7,1427,2
2073,2073,14073,NC01,Prayagraj Junction 1,00:52,00:01,10,1,1730,3
2074,2074,14074,NC08,Prayagraj Junction 8,03:03,03:05,12,2,614,4
2075,2075,14075,NE07,Gorakhpur Junction 7,06:14,06:18,8,3,59,5
2076,2076,14076,NF06,Guwahati Junction 6,09:25,09:35,9,4,1128,6
2077,2077,14077,NW05,Jaipur Junction 5,12:36,12:38,12,5,77,7
2078,2078,14078,SC04,Secunderabad Junction 4,15:47,15:52,7,6,1544,8
2079,2079,14079,SE03,Bilaspur Junction 3,18:58,18:05,13,7,2055,9
2080,2080,14080,SE02,Kolkata Junction 2,21:09,21:21,2,1,1695,10
2081,2081,14081,SW01,Hubballi Junction 1,00:20,00:24,14,2,2153,11
2082,2082,14082,SW08,Hubballi Junction 8,03:31,03:34,3,3,1533,12
2083,2083,14083,SR07,Chennai Junction 7,06:42,06:46,15,4,1188,13
2084,2084,14084,WC06,Jabalpur Junction 6,09:53,09:03,14,5,478,14
2085,2085,14085,WR05,Mumbai Junction 5,12:04,12:13,15,6,48,15
2086,2086,14086,CR04,Mumbai Junction 4,15:15,15:19,4,7,738,16
2087,2087,14087,ER03,Kolkata Junction 3,18:26,18:29,4,1,1875,17
2088,2088,14088,EC02,Hajipur Junction 2,21:37,21:45,7,2,921,18
2089,2089,14089,EC01,Bhubaneswar Junction 1,00:48,00:03,8,3,1031,19
2090,2090,14090,EC08,Bhubaneswar Junction 8,03:59,03:13,2,4,1052,20
2091,2091,14091,NR07,New Delhi Junction 7,06:10,06:22,9,5,1910,21
2092,2092,14092,NC06,Prayagraj Junction 6,09:21,09:35,6,6,1799,22
2093,2093,14093,NE05,Gorakhpur Junction 5,12:32,12:37,5,7,2150,23
2094,2094,14094,NF04,Guwahati Junction 4,15:43,15:45,6,1,1384,24
2095,2095,14095,NW03,Jaipur Junction 3,18:54,18:01,13,2,553,25
2096,2096,14096,SC02,Secunderabad Junction 2,21:05,21:14,3,3,464,26
2097,2097,14097,SE01,Bilaspur Junction 1,00:16,00:20,12,4,445,27
2098,2098,14098,SE08,Bilaspur Junction 8,03:27,03:38,6,5,1243,28
2099,2099,14099,SE07,Kolkata Junction 7,06:38,06:52,14,6,24,29
2100,2100,14100,SW06,Hubballi Junction 6,09:49,09:01,15,7,1469,30
2101,2101,14101,SR05,Chennai Junction 5,12:00,12:04,11,1,1399,1
2102,2102,14102,WC04,Jabalpur Junction 4,15:11,15:22,8,2,1155,2
2103,2103,14103,WR03,Mumbai Junction 3,18:22,18:33,8,3,1701,3
2104,2104,14104,CR02,Mumbai Junction 2,21:33,21:44,6,4,1343,4
2105,2105,14105,ER01,Kolkata Junction 1,00:44,00:56,8,5,1573,5
2106,2106,14106,ER08,Kolkata Junction 8,03:55,03:58,7,6,1544,6
2107,2107,14107,EC07,Hajipur Junction 7,06:06,06:20,11,7,1460,7
2108,2108,14108,EC06,Bhubaneswar Junction 6,09:17,09:23,11,1,783,8
2109,2109,14109,NR05,New Delhi Junction 5,12:28,12:30,5,2,1344,9
2110,2110,14110,NC04,Prayagraj Junction 4,15:39,15:54,8,3,1892,10
2111,2111,14111,NE03,Gorakhpur Junction 3,18:50,18:02,9,4,1769,11
2112,2112,14112,NF02,Guwahati Junction 2,21:01,21:08,8,5,1621,12
2113,2113,14113,NW01,Jaipur Junction 1,00:12,00:22,9,6,953,13
2114,2114,14114,NW08,Jaipur Junction 8,03:23,03:38,2,7,121,14
2115,2115,14115,SC07,Secunderabad Junction 7,06:34,06:42,2,1,749,15
2116,2116,14116,SE06,Bilaspur Junction 6,09:45,09:54,7,2,447,16
2117,2117,14117,SE05,Kolkata Junction 5,12:56,12:01,10,3,2093,17
2118,2118,14118,SW04,Hubballi Junction 4,15:07,15:19,9,4,303,18
2119,2119,14119,SR03,Chennai Junction 3,18:18,18:23,8,5,542,19
2120,2120,14120,WC02,Jabalpur Junction 2,21:29,21:40,7,6,1834,20
2121,2121,14121,WR01,Mumbai Junction 1,00:40,00:45,8,7,1571,21
2122,2122,14122,WR08,Mumbai Junction 8,03:51,03:55,12,1,1288,22
2123,2123,14123,CR07,Mumbai Junction 7,06:02,06:13,8,2,2057,23
2124,2124,14124,ER06,Kolkata Junction 6,09:13,09:25,4,3,1222,24
2125,2125,14125,EC05,Hajipur Junction 5,12:24,12:38,5,4,1180,25
2126,2126,14126,EC04,Bhubaneswar Junction 4,15:35,15:47,5,5,1139,26
2127,2127,14127,NR03,New Delhi Junction 3,18:46,18:55,4,6,390,27
2128,2128,14128,NC02,Prayagraj Junction 2,21:57,21:06,4,7,2086,28
2129,2129,14129,NE01,Gorakhpur Junction 1,00:08,00:17,11,1,873,29
2130,2130,14130,NE08,Gorakhpur Junction 8,03:19,03:25,8,2,1563,30
2131,2131,14131,NF07,Guwahati Junction 7,06:30,06:37,5,3,316,1
2132,2132,14132,NW06,Jaipur Junction 6,09:41,09:50,11,4,1158,2
2133,2133,14133,SC05,Secunderabad Junction 5,12:52,12:57,5,5,829,3
2134,2134,14134,SE04,Bilaspur Junction 4,15:03,15:09,4,6,2072,4
2135,2135,14135,SE03,Kolkata Junction 3,18:14,18:20,5,7,1334,5
2136,2136,14136,SW02,Hubballi Junction 2,21:25,21:38,8,1,1468,6
2137,2137,14137,SR01,Chennai Junction 1,00:36,00:39,9,2,146,7
2138,2138,14138,SR08,Chennai Junction 8,03:47,03:50,10,3,450,8
2139,2139,14139,WC07,Jabalpur Junction 7,06:58,06:00,4,4,1700,9
2140,2140,14140,WR06,Mumbai Junction 6,09:09,09:19,7,5,2141,10
2141,2141,14141,CR05,Mumbai Junction 5,12:20,12:27,14,6,758,11
2142,2142,14142,ER04,Kolkata Junction 4,15:31,15:33,3,7,602,12
2143,2143,14143,EC03,Hajipur Junction 3,18:42,18:46,4,1,843,13
2144,2144,14144,EC02,Bhubaneswar Junction 2,21:53,21:08,4,2,518,14
2145,2145,14145,NR01,New Delhi Junction 1,00:04,00:19,4,3,1826,15
2146,2146,14146,NR08,New Delhi Junction 8,03:15,03:25,14,4,1223,16
2147,2147,14147,NC07,Prayagraj Junction 7,06:26,06:36,5,5,1264,17
2148,2148,14148,NE06,Gorakhpur Junction 6,09:37,09:48,15,6,213,18
2149,2149,14149,NF05,Guwahati Junction 5,12:48,12:52,2,7,1738,19
2150,2150,14150,NW04,Jaipur Junction 4,15:59,15:02,14,1,802,20
2151,2151,14151,SC03,Secunderabad Junction 3,18:10,18:16,15,2,1584,21
2152,2152,14152,SE02,Bilaspur Junction 2,21:21,21:30,14,3,1660,22
2153,2153,14153,SE01,Kolkata Junction 1,00:32,00:42,6,4,2169,23
2154,2154,14154,SE08,Kolkata Junction 8,03:43,03:55,15,5,2125,24
2155,2155,14155,SW07,Hubballi Junction 7,06:54,06:03,7,6,2083,25
2156,2156,14156,SR06,Chennai Junction 6,09:05,09:20,3,7,1404,26
2157,2157,14157,WC05,Jabalpur Junction 5,12:16,12:26,12,1,2145,27
2158,2158,14158,WR04,Mumbai Junction 4,15:27,15:32,15,2,1414,28
2159,2159,14159,CR03,Mumbai Junction 3,18:38,18:41,9,3,293,29
2160,2160,14160,ER02,Kolkata Junction 2,21:49,21:04,12,4,1990,30
2161,2161,14161,EC01,Hajipur Junction 1,00:00,00:10,7,5,942,1
2162,2162,14162,EC08,Hajipur Junction 8,03:11,03:26,4,6,1946,2
2163,2163,14163,EC07,Bhubaneswar Junction 7,06:22,06:29,10,7,1467,3
2164,2164,14164,NR06,New Delhi Junction 6,09:33,09:36,4,1,353,4
2165,2165,14165,NC05,Prayagraj Junction 5,12:44,12:56,3,2,1343,5
2166,2166,14166,NE04,Gorakhpur Junction 4,15:55,15:58,12,3,2149,6
2167,2167,14167,NF03,Guwahati Junction 3,18:06,18:13,4,4,978,7
2168,2168,14168,NW02,Jaipur Junction 2,21:17,21:28,12,5,1400,8
2169,2169,14169,SC01,Secunderabad Junction 1,00:28,00:38,10,6,478,9
2170,2170,14170,SC08,Secunderabad Junction 8,03:39,03:43,15,7,1274,10
2171,2171,14171,SE07,Bilaspur Junction 7,06:50,06:04,10,1,1001,11
2172,2172,14172,SE06,Kolkata Junction 6,09:01,09:10,11,2,409,12
2173,2173,14173,SW05,Hubballi Junction 5,12:12,12:20,12,3,191,13
2174,2174,14174,SR04,Chennai Junction 4,15:23,15:26,4,4,1300,14
2175,2175,14175,WC03,Jabalpur Junction 3,18:34,18:39,8,5,294,15
2176,2176,14176,WR02,Mumbai Junction 2,21:45,21:50,2,6,1776,16
2177,2177,14177,CR01,Mumbai Junction 1,00:56,00:04,4,7,1157,17
2178,2178,14178,CR08,Mumbai Junction 8,03:07,03:22,13,1,1946,18
2179,2179,14179,ER07,Kolkata Junction 7,06:18,06:25,7,2,695,19
2180,2180,14180,EC06,Hajipur Junction 6,09:29,09:35,14,3,302,20
2181,2181,14181,EC05,Bhubaneswar Junction 5,12:40,12:53,14,4,1856,21
2182,2182,14182,NR04,New Delhi Junction 4,15:51,15:01,13,5,69,22
2183,2183,14183,NC03,Prayagraj Junction 3,18:02,18:15,9,6,2108,23
2184,2184,14184,NE02,Gorakhpur Junction 2,21:13,21:16,15,7,1262,24
2185,2185,14185,NF01,Guwahati Junction 1,00:24,00:27,9,1,81,25
2186,2186,14186,NF08,Guwahati Junction 8,03:35,03:38,9,2,1794,26
2187,2187,14187,NW07,Jaipur Junction 7,06:46,06:49,5,3,860,27
2188,2188,14188,SC06,Secunderabad Junction 6,09:57,09:06,2,4,1405,28
2189,2189,14189,SE05,Bilaspur Junction 5,12:08,12:16,15,5,662,29
2190,2190,14190,SE04,Kolkata Junction 4,15:19,15:27,3,6,2018,30
2191,2191,14191,SW03,Hubballi Junction 3,18:30,18:43,6,7,1013,1
2192,2192,14192,SR02,Chennai Junction 2,21:41,21:55,6,1,518,2
2193,2193,14193,WC01,Jabalpur Junction 1,00:52,00:57,11,2,464,3
2194,2194,14194,WC08,Jabalpur Junction 8,03:03,03:06,4,3,2169,4
2195,2195,14195,WR07,Mumbai Junction 7,06:14,06:28,15,4,610,5
2196,2196,14196,CR06,Mumbai Junction 6,09:25,09:33,8,5,1152,6
2197,2197,14197,ER05,Kolkata Junction 5,12:36,12:38,10,6,85,7
2198,2198,14198,EC04,Hajipur Junction 4,15:47,15:52,6,7,1483,8
2199,2199,14199,EC03,Bhubaneswar Junction 3,18:58,18:12,11,1,957,9
2200,2200,14200,NR02,New Delhi Junction 2,21:09,21:18,9,2,325,10
2201,2201,14201,NC01,Prayagraj Junction 1,00:20,00:35,14,3,528,11
2202,2202,14202,NC08,Prayagraj Junction 8,03:31,03:34,4,4,1384,12
2203,2203,14203,NE07,Gorakhpur Junction 7,06:42,06:44,3,5,1426,13
2204,2204,14204,NF06,Guwahati Junction 6,09:53,09:57,2,6,45,14
2205,2205,14205,NW05,Jaipur Junction 5,12:04,12:15,7,7,625,15
2206,2206,14206,SC04,Secunderabad Junction 4,15:15,15:25,4,1,1147,16
2207,2207,14207,SE03,Bilaspur Junction 3,18:26,18:34,11,2,1372,17
2208,2208,14208,SE02,Kolkata Junction 2,21:37,21:48,4,3,308,18
2209,2209,14209,SW01,Hubballi Junction 1,00:48,00:57,2,4,999,19
2210,2210,14210,SW08,Hubballi Junction 8,03:59,03:09,13,5,1437,20
2211,2211,14211,SR07,Chennai Junction 7,06:10,06:25,9,6,981,21
2212,2212,14212,WC06,Jabalpur Junction 6,09:21,09:26,11,7,1783,22
2213,2213,14213,WR05,Mumbai Junction 5,12:32,12:38,3,1,23,23
2214,2214,14214,CR04,Mumbai Junction 4,15:43,15:53,11,2,264,24
2215,2215,14215,ER03,Kolkata Junction 3,18:54,18:56,11,3,875,25
2216,2216,14216,EC02,Hajipur Junction 2,21:05,21:12,5,4,1579,26
2217,2217,14217,EC01,Bhubaneswar Junction 1,00:16,00:28,2,5,196,27
2218,2218,14218,EC08,Bhubaneswar Junction 8,03:27,03:36,10,6,318,28
2219,2219,14219,NR07,New Delhi Junction 7,06:38,06:42,11,7,1000,29
2220,2220,14220,NC06,Prayagraj Junction 6,09:49,09:52,10,1,161,30
2221,2221,14221,NE05,Gorakhpur Junction 5,12:00,12:05,11,2,489,1
2222,2222,14222,NF04,Guwahati Junction 4,15:11,15:13,15,3,493,2
2223,2223,14223,NW03,Jaipur Junction 3,18:22,18:31,13,4,2177,3
2224,2224,14224,SC02,Secunderabad Junction 2,21:33,21:46,6,5,1879,4
2225,2225,14225,SE01,Bilaspur Junction 1,00:44,00:46,6,6,438,5
2226,2226,14226,SE08,Bilaspur Junction 8,03:55,03:04,14,7,1701,6
2227,2227,14227,SE07,Kolkata Junction 7,06:06,06:21,3,1,1654,7
2228,2228,14228,SW06,Hubballi Junction 6,09:17,09:29,8,2,214,8
2229,2229,14229,SR05,Chennai Junction 5,12:28,12:31,14,3,649,9
2230,2230,14230,WC04,Jabalpur Junction 4,15:39,15:49,15,4,1085,10
2231,2231,14231,WR03,Mumbai Junction 3,18:50,18:54,8,5,504,11
2232,2232,14232,CR02,Mumbai Junction 2,21:01,21:05,13,6,761,12
2233,2233,14233,ER01,Kolkata Junction 1,00:12,00:23,12,7,1208,13
2234,2234,14234,ER08,Kolkata Junction 8,03:23,03:32,4,1,1164,14
2235,2235,14235,EC07,Hajipur Junction 7,06:34,06:46,4,2,510,15
2236,2236,14236,EC06,Bhubaneswar Junction 6,09:45,09:56,15,3,862,16
2237,2237,14237,NR05,New Delhi Junction 5,12:56,12:09,4,4,1253,17
2238,2238,14238,NC04,Prayagraj Junction 4,15:07,15:22,8,5,1114,18
2239,2239,14239,NE03,Gorakhpur Junction 3,18:18,18:22,9,6,1288,19
2240,2240,14240,NF02,Guwahati Junction 2,21:29,21:44,4,7,806,20
2241,2241,14241,NW01,Jaipur Junction 1,00:40,00:51,15,1,523,21
2242,2242,14242,NW08,Jaipur Junction 8,03:51,03:02,14,2,1392,22
2243,2243,14243,SC07,Secunderabad Junction 7,06:02,06:09,5,3,633,23
2244,2244,14244,SE06,Bilaspur Junction 6,09:13,09:15,4,4,963,24
2245,2245,14245,SE05,Kolkata Junction 5,12:24,12:27,2,5,1523,25
2246,2246,14246,SW04,Hubballi Junction 4,15:35,15:37,3,6,1309,26
2247,2247,14247,SR03,Chennai Junction 3,18:46,18:00,12,7,71,27
2248,2248,14248,WC02,Jabalpur Junction 2,21:57,21:01,12,1,1611,28
2249,2249,14249,WR01,Mumbai Junction 1,00:08,00:15,15,2,1954,29
2250,2250,14250,WR08,Mumbai Junction 8,03:19,03:31,12,3,1726,30
2251,2251,14251,CR07,Mumbai Junction 7,06:30,06:34,11,4,2067,1
2252,2252,14252,ER06,Kolkata Junction 6,09:41,09:46,2,5,793,2
2253,2253,14253,EC05,Hajipur Junction 5,12:52,12:57,15,6,980,3
2254,2254,14254,EC04,Bhubaneswar Junction 4,15:03,15:14,15,7,1735,4
2255,2255,14255,NR03,New Delhi Junction 3,18:14,18:26,15,1,1515,5
2256,2256,14256,NC02,Prayagraj Junction 2,21:25,21:30,12,2,707,6
2257,2257,14257,NE01,Gorakhpur Junction 1,00:36,00:42,11,3,694,7
2258,2258,14258,NE08,Gorakhpur Junction 8,03:47,03:49,15,4,1256,8
2259,2259,14259,NF07,Guwahati Junction 7,06:58,06:09,13,5,1395,9
2260,2260,14260,NW06,Jaipur Junction 6,09:09,09:19,13,6,649,10
2261,2261,14261,SC05,Secunderabad Junction 5,12:20,12:33,12,7,400,11
2262,2262,14262,SE04,Bilaspur Junction 4,15:31,15:35,14,1,1968,12
2263,2263,14263,SE03,Kolkata Junction 3,18:42,18:57,3,2,1970,13
2264,2264,14264,SW02,Hubballi Junction 2,21:53,21:07,12,3,1095,14
2265,2265,14265,SR01,Chennai Junction 1,00:04,00:13,8,4,64,15
2266,2266,14266,SR08,Chennai Junction 8,03:15,03:24,5,5,440,16
2267,2267,14267,WC07,Jabalpur Junction 7,06:26,06:28,8,6,105,17
2268,2268,14268,WR06,Mumbai Junction 6,09:37,09:50,14,7,1762,18
2269,2269,14269,CR05,Mumbai Junction 5,12:48,12:54,4,1,1110,19
2270,2270,14270,ER04,Kolkata Junction 4,15:59,15:10,2,2,1885,20
2271,2271,14271,EC03,Hajipur Junction 3,18:10,18:18,13,3,171,21
2272,2272,14272,EC02,Bhubaneswar Junction 2,21:21,21:28,8,4,105,22
2273,2273,14273,NR01,New Delhi Junction 1,00:32,00:43,15,5,1189,23
2274,2274,14274,NR08,New Delhi Junction 8,03:43,03:50,10,6,794,24
2275,2275,14275,NC07,Prayagraj Junction 7,06:54,06:01,12,7,1299,25
2276,2276,14276,NE06,Gorakhpur Junction 6,09:05,09:10,7,1,1836,26
2277,2277,14277,NF05,Guwahati Junction 5,12:16,12:25,3,2,1885,27
2278,2278,14278,NW04,Jaipur Junction 4,15:27,15:39,5,3,2124,28
2279,2279,14279,SC03,Secunderabad Junction 3,18:38,18:53,15,4,831,29
2280,2280,14280,SE02,Bilaspur Junction 2,21:49,21:03,13,5,1915,30
2281,2281,14281,SE01,Kolkata Junction 1,00:00,00:09,5,6,498,1
2282,2282,14282,SE08,Kolkata Junction 8,03:11,03:26,9,7,2041,2
2283,2283,14283,SW07,Hubballi Junction 7,06:22,06:31,9,1,161,3
2284,2284,14284,SR06,Chennai Junction 6,09:33,09:40,9,2,240,4
2285,2285,14285,WC05,Jabalpur Junction 5,12:44,12:48,10,3,545,5
2286,2286,14286,WR04,Mumbai Junction 4,15:55,15:06,8,4,888,6
2287,2287,14287,CR03,Mumbai Junction 3,18:06,18:09,7,5,1192,7
2288,2288,14288,ER02,Kolkata Junction 2,21:17,21:27,5,6,61,8
2289,2289,14289,EC01,Hajipur Junction 1,00:28,00:43,15,7,1989,9
2290,2290,14290,EC08,Hajipur Junction 8,03:39,03:45,10,1,309,10
2291,2291,14291,EC07,Bhubaneswar Junction 7,06:50,06:04,2,2,1035,11
2292,2292,14292,NR06,New Delhi Junction 6,09:01,09:14,12,3,1899,12
2293,2293,14293,NC05,Prayagraj Junction 5,12:12,12:20,3,4,17,13
2294,2294,14294,NE04,Gorakhpur Junction 4,15:23,15:27,2,5,985,14
2295,2295,14295,NF03,Guwahati Junction 3,18:34,18:36,4,6,922,15
2296,2296,14296,NW02,Jaipur Junction 2,21:45,21:57,11,7,127,16
2297,2297,14297,SC01,Secunderabad Junction 1,00:56,00:10,9,1,767,17
2298,2298,14298,SC08,Secunderabad Junction 8,03:07,03:14,13,2,1022,18
2299,2299,14299,SE07,Bilaspur Junction 7,06:18,06:23,7,3,150,19
2300,2300,14300,SE06,Kolkata Junction 6,09:29,09:33,6,4,484,20
2301,2301,14301,SW05,Hubballi Junction 5,12:40,12:46,2,5,1342,21
2302,2302,14302,SR04,Chennai Junction 4,15:51,15:54,5,6,2151,22
2303,2303,14303,WC03,Jabalpur Junction 3,18:02,18:04,5,7,1100,23
2304,2304,14304,WR02,Mumbai Junction 2,21:13,21:19,6,1,279,24
2305,2305,14305,CR01,Mumbai Junction 1,00:24,00:31,12,2,1293,25
2306,2306,14306,CR08,Mumbai Junction 8,03:35,03:49,11,3,1737,26
2307,2307,14307,ER07,Kolkata Junction 7,06:46,06:54,10,4,1271,27
2308,2308,14308,EC06,Hajipur Junction 6,09:57,09:10,9,5,889,28
2309,2309,14309,EC05,Bhubaneswar Junction 5,12:08,12:10,14,6,958,29
2310,2310,14310,NR04,New Delhi Junction 4,15:19,15:32,11,7,3,30
2311,2311,14311,NC03,Prayagraj Junction 3,18:30,18:41,8,1,527,1
2312,2312,14312,NE02,Gorakhpur Junction 2,21:41,21:46,10,2,189,2
2313,2313,14313,NF01,Guwahati Junction 1,00:52,00:02,13,3,191,3
2314,2314,14314,NF08,Guwahati Junction 8,03:03,03:05,2,4,1606,4
2315,2315,14315,NW07,Jaipur Junction 7,06:14,06:27,15,5,63,5
2316,2316,14316,SC06,Secunderabad Junction 6,09:25,09:33,2,6,816,6
2317,2317,14317,SE05,Bilaspur Junction 5,12:36,12:42,10,7,1999,7
2318,2318,14318,SE04,Kolkata Junction 4,15:47,15:00,2,1,528,8
2319,2319,14319,SW03,Hubballi Junction 3,18:58,18:03,5,2,777,9
2320,2320,14320,SR02,Chennai Junction 2,21:09,21:19,12,3,2067,10
2321,2321,14321,WC01,Jabalpur Junction 1,00:20,00:31,6,4,405,11
2322,2322,14322,WC08,Jabalpur Junction 8,03:31,03:38,13,5,2185,12
2323,2323,14323,WR07,Mumbai Junction 7,06:42,06:49,4,6,10,13
2324,2324,14324,CR06,Mumbai Junction 6,09:53,09:56,10,7,1297,14
2325,2325,14325,ER05,Kolkata Junction 5,12:04,12:15,2,1,961,15
2326,2326,14326,EC04,Hajipur Junction 4,15:15,15:19,6,2,1368,16
2327,2327,14327,EC03,Bhubaneswar Junction 3,18:26,18:31,11,3,636,17
2328,2328,14328,NR02,New Delhi Junction 2,21:37,21:46,8,4,844,18
2329,2329,14329,NC01,Prayagraj Junction 1,00:48,00:51,10,5,2178,19
2330,2330,14330,NC08,Prayagraj Junction 8,03:59,03:10,12,6,1767,20
2331,2331,14331,NE07,Gorakhpur Junction 7,06:10,06:12,13,7,533,21
2332,2332,14332,NF06,Guwahati Junction 6,09:21,09:32,15,1,1967,22
2333,2333,14333,NW05,Jaipur Junction 5,12:32,12:39,13,2,1360,23
2334,2334,14334,SC04,Secunderabad Junction 4,15:43,15:46,5,3,2104,24
2335,2335,14335,SE03,Bilaspur Junction 3,18:54,18:08,14,4,845,25
2336,2336,14336,SE02,Kolkata Junction 2,21:05,21:11,13,5,44,26
2337,2337,14337,SW01,Hubballi Junction 1,00:16,00:30,10,6,1391,27
2338,2338,14338,SW08,Hubballi Junction 8,03:27,03:35,15,7,1649,28
2339,2339,14339,SR07,Chennai Junction 7,06:38,06:40,9,1,1891,29
2340,2340,14340,WC06,Jabalpur Junction 6,09:49,09:52,12,2,538,30
2341,2341,14341,WR05,Mumbai Junction 5,12:00,12:09,14,3,1083,1
2342,2342,14342,CR04,Mumbai Junction 4,15:11,15:13,2,4,1620,2
2343,2343,14343,ER03,Kolkata Junction 3,18:22,18:37,6,5,2057,3
2344,2344,14344,EC02,Hajipur Junction 2,21:33,21:41,2,6,1168,4
2345,2345,14345,EC01,Bhubaneswar Junction 1,00:44,00:59,5,7,2113,5
2346,2346,14346,EC08,Bhubaneswar Junction 8,03:55,03:06,7,1,1525,6
2347,2347,14347,NR07,New Delhi Junction 7,06:06,06:13,3,2,1915,7
2348,2348,14348,NC06,Prayagraj Junction 6,09:17,09:24,9,3,1637,8
2349,2349,14349,NE05,Gorakhpur Junction 5,12:28,12:31,12,4,803,9
2350,2350,14350,NF04,Guwahati Junction 4,15:39,15:48,8,5,1710,10
2351,2351,14351,NW03,Jaipur Junction 3,18:50,18:54,3,6,904,11
2352,2352,14352,SC02,Secunderabad Junction 2,21:01,21:04,5,7,1446,12
2353,2353,14353,SE01,Bilaspur Junction 1,00:12,00:25,11,1,698,13
2354,2354,14354,SE08,Bilaspur Junction 8,03:23,03:36,7,2,398,14
2355,2355,14355,SE07,Kolkata Junction 7,06:34,06:46,9,3,815,15
2356,2356,14356,SW06,Hubballi Junction 6,09:45,09:56,12,4,492,16
2357,2357,14357,SR05,Chennai Junction 5,12:56,12:59,9,5,113,17
2358,2358,14358,WC04,Jabalpur Junction 4,15:07,15:17,8,6,471,18
2359,2359,14359,WR03,Mumbai Junction 3,18:18,18:28,7,7,854,19
2360,2360,14360,CR02,Mumbai Junction 2,21:29,21:34,11,1,1986,20
2361,2361,14361,ER01,Kolkata Junction 1,00:40,00:50,5,2,1833,21
2362,2362,14362,ER08,Kolkata Junction 8,03:51,03:54,6,3,77,22
2363,2363,14363,EC07,Hajipur Junction 7,06:02,06:15,2,4,1201,23
2364,2364,14364,EC06,Bhubaneswar Junction 6,09:13,09:17,4,5,1338,24
2365,2365,14365,NR05,New Delhi Junction 5,12:24,12:37,2,6,348,25
2366,2366,14366,NC04,Prayagraj Junction 4,15:35,15:41,15,7,127,26
2367,2367,14367,NE03,Gorakhpur Junction 3,18:46,18:50,7,1,716,27
2368,2368,14368,NF02,Guwahati Junction 2,21:57,21:59,9,2,1336,28
2369,2369,14369,NW01,Jaipur Junction 1,00:08,00:12,11,3,124,29
2370,2370,14370,NW08,Jaipur Junction 8,03:19,03:31,5,4,493,30
2371,2371,14371,SC07,Secunderabad Junction 7,06:30,06:34,14,5,1104,1
2372,2372,14372,SE06,Bilaspur Junction 6,09:41,09:52,4,6,124,2
2373,2373,14373,SE05,Kolkata Junction 5,12:52,12:54,8,7,718,3
2374,2374,14374,SW04,Hubballi Junction 4,15:03,15:15,13,1,683,4
2375,2375,14375,SR03,Chennai Junction 3,18:14,18:22,7,2,1485,5
2376,2376,14376,WC02,Jabalpur Junction 2,21:25,21:35,11,3,122,6
2377,2377,14377,WR01,Mumbai Junction 1,00:36,00:42,15,4,751,7
2378,2378,14378,WR08,Mumbai Junction 8,03:47,03:51,4,5,58,8
2379,2379,14379,CR07,Mumbai Junction 7,06:58,06:10,2,6,1311,9
2380,2380,14380,ER06,Kolkata Junction 6,09:09,09:16,3,7,1945,10
2381,2381,14381,EC05,Hajipur Junction 5,12:20,12:32,13,1,2060,11
2382,2382,14382,EC04,Bhubaneswar Junction 4,15:31,15:45,11,2,1174,12
2383,2383,14383,NR03,New Delhi Junction 3,18:42,18:53,8,3,398,13
2384,2384,14384,NC02,Prayagraj Junction 2,21:53,21:00,8,4,102,14
2385,2385,14385,NE01,Gorakhpur Junction 1,00:04,00:17,14,5,923,15
2386,2386,14386,NE08,Gorakhpur Junction 8,03:15,03:23,13,6,1001,16
2387,2387,14387,NF07,Guwahati Junction 7,06:26,06:37,9,7,596,17
2388,2388,14388,NW06,Jaipur Junction 6,09:37,09:50,4,1,493,18
2389,2389,14389,SC05,Secunderabad Junction 5,12:48,12:59,11,2,2099,19
2390,2390,14390,SE04,Bilaspur Junction 4,15:59,15:10,2,3,1869,20
2391,2391,14391,SE03,Kolkata Junction 3,18:10,18:17,2,4,1273,21
2392,2392,14392,SW02,Hubballi Junction 2,21:21,21:25,7,5,1036,22
2393,2393,14393,SR01,Chennai Junction 1,00:32,00:35,13,6,1122,23
2394,2394,14394,SR08,Chennai Junction 8,03:43,03:58,8,7,1308,24
2395,2395,14395,WC07,Jabalpur Junction 7,06:54,06:07,4,1,1999,25
2396,2396,14396,WR06,Mumbai Junction 6,09:05,09:09,15,2,1406,26
2397,2397,14397,CR05,Mumbai Junction 5,12:16,12:25,4,3,1252,27
2398,2398,14398,ER04,Kolkata Junction 4,15:27,15:36,15,4,1836,28
2399,2399,14399,EC03,Hajipur Junction 3,18:38,18:46,7,5,851,29
2400,2400,14400,EC02,Bhubaneswar Junction 2,21:49,21:56,2,6,79,30
2401,2401,14401,NR01,New Delhi Junction 1,00:00,00:12,5,7,904,1
2402,2402,14402,NR08,New Delhi Junction 8,03:11,03:22,10,1,792,2
2403,2403,14403,NC07,Prayagraj Junction 7,06:22,06:34,4,2,1039,3
2404,2404,14404,NE06,Gorakhpur Junction 6,09:33,09:36,9,3,209,4
2405,2405,14405,NF05,Guwahati Junction 5,12:44,12:59,11,4,539,5
2406,2406,14406,NW04,Jaipur Junction 4,15:55,15:05,6,5,1140,6
2407,2407,14407,SC03,Secunderabad Junction 3,18:06,18:10,9,6,234,7
2408,2408,14408,SE02,Bilaspur Junction 2,21:17,21:21,10,7,1101,8
2409,2409,14409,SE01,Kolkata Junction 1,00:28,00:34,2,1,931,9
2410,2410,14410,SE08,Kolkata Junction 8,03:39,03:53,11,2,127,10
2411,2411,14411,SW07,Hubballi Junction 7,06:50,06:05,7,3,1266,11
2412,2412,14412,SR06,Chennai Junction 6,09:01,09:03,6,4,1729,12
2413,2413,14413,WC05,Jabalpur Junction 5,12:12,12:18,4,5,199,13
2414,2414,14414,WR04,Mumbai Junction 4,15:23,15:37,13,6,96,14
2415,2415,14415,CR03,Mumbai Junction 3,18:34,18:48,13,7,791,15
2416,2416,14416,ER02,Kolkata Junction 2,21:45,21:56,5,1,549,16
2417,2417,14417,EC01,Hajipur Junction 1,00:56,00:08,4,2,781,17
2418,2418,14418,EC08,Hajipur Junction 8,03:07,03:14,4,3,1822,18
2419,2419,14419,EC07,Bhubaneswar Junction 7,06:18,06:29,14,4,1152,19
2420,2420,14420,NR06,New Delhi Junction 6,09:29,09:33,5,5,777,20
2421,2421,14421,NC05,Prayagraj Junction 5,12:40,12:55,5,6,1524,21
2422,2422,14422,NE04,Gorakhpur Junction 4,15:51,15:54,15,7,1422,22
2423,2423,14423,NF03,Guwahati Junction 3,18:02,18:10,6,1,780,23
2424,2424,14424,NW02,Jaipur Junction 2,21:13,21:18,10,2,1905,24
2425,2425,14425,SC01,Secunderabad Junction 1,00:24,00:29,12,3,1245,25
2426,2426,14426,SC08,Secunderabad Junction 8,03:35,03:47,12,4,86,26
2427,2427,14427,SE07,Bilaspur Junction 7,06:46,06:48,14,5,341,27
2428,2428,14428,SE06,Kolkata Junction 6,09:57,09:07,12,6,1108,28
2429,2429,14429,SW05,Hubballi Junction 5,12:08,12:10,2,7,1473,29
2430,2430,14430,SR04,Chennai Junction 4,15:19,15:33,6,1,1196,30
2431,2431,14431,WC03,Jabalpur Junction 3,18:30,18:45,13,2,1189,1
2432,2432,14432,WR02,Mumbai Junction 2,21:41,21:52,15,3,1752,2
2433,2433,14433,CR01,Mumbai Junction 1,00:52,00:59,11,4,723,3
2434,2434,14434,CR08,Mumbai Junction 8,03:03,03:17,3,5,496,4
2435,2435,14435,ER07,Kolkata Junction 7,06:14,06:20,4,6,1309,5
2436,2436,14436,EC06,Hajipur Junction 6,09:25,09:36,14,7,1103,6
2437,2437,14437,EC05,Bhubaneswar Junction 5,12:36,12:46,10,1,7,7
2438,2438,14438,NR04,New Delhi Junction 4,15:47,15:58,2,2,1204,8
2439,2439,14439,NC03,Prayagraj Junction 3,18:58,18:13,13,3,1114,9
2440,2440,14440,NE02,Gorakhpur Junction 2,21:09,21:15,13,4,1889,10
2441,2441,14441,NF01,Guwahati Junction 1,00:20,00:27,3,5,1280,11
2442,2442,14442,NF08,Guwahati Junction 8,03:31,03:41,15,6,1958,12
2443,2443,14443,NW07,Jaipur Junction 7,06:42,06:47,5,7,2193,13
2444,2444,14444,SC06,Secunderabad Junction 6,09:53,09:59,8,1,671,14
2445,2445,14445,SE05,Bilaspur Junction 5,12:04,12:11,9,2,643,15
2446,2446,14446,SE04,Kolkata Junction 4,15:15,15:22,6,3,237,16
2447,2447,14447,SW03,Hubballi Junction 3,18:26,18:39,14,4,1082,17
2448,2448,14448,SR02,Chennai Junction 2,21:37,21:41,11,5,1174,18
2449,2449,14449,WC01,Jabalpur Junction 1,00:48,00:57,10,6,1579,19
2450,2450,14450,WC08,Jabalpur Junction 8,03:59,03:01,3,7,210,20
2451,2451,14451,WR07,Mumbai Junction 7,06:10,06:14,15,1,1606,21
2452,2452,14452,CR06,Mumbai Junction 6,09:21,09:32,11,2,73,22
2453,2453,14453,ER05,Kolkata Junction 5,12:32,12:36,13,3,1018,23
2454,2454,14454,EC04,Hajipur Junction 4,15:43,15:52,12,4,165,24
2455,2455,14455,EC03,Bhubaneswar Junction 3,18:54,18:07,11,5,887,25
2456,2456,14456,NR02,New Delhi Junction 2,21:05,21:13,3,6,450,26
2457,2457,14457,NC01,Prayagraj Junction 1,00:16,00:21,14,7,247,27
2458,2458,14458,NC08,Prayagraj Junction 8,03:27,03:33,3,1,626,28
2459,2459,14459,NE07,Gorakhpur Junction 7,06:38,06:40,5,2,1592,29
2460,2460,14460,NF06,Guwahati Junction 6,09:49,09:01,7,3,1553,30
2461,2461,14461,NW05,Jaipur Junction 5,12:00,12:10,14,4,1770,1
2462,2462,14462,SC04,Secunderabad Junction 4,15:11,15:16,10,5,1730,2
2463,2463,14463,SE03,Bilaspur Junction 3,18:22,18:28,10,6,880,3
2464,2464,14464,SE02,Kolkata Junction 2,21:33,21:39,4,7,77,4
2465,2465,14465,SW01,Hubballi Junction 1,00:44,00:56,13,1,1433,5
2466,2466,14466,SW08,Hubballi Junction 8,03:55,03:00,2,2,1389,6
2467,2467,14467,SR07,Chennai Junction 7,06:06,06:10,9,3,2134,7
2468,2468,14468,WC06,Jabalpur Junction 6,09:17,09:19,10,4,2187,8
2469,2469,14469,WR05,Mumbai Junction 5,12:28,12:34,13,5,1821,9
2470,2470,14470,CR04,Mumbai Junction 4,15:39,15:47,6,6,1496,10
2471,2471,14471,ER03,Kolkata Junction 3,18:50,18:00,8,7,424,11
2472,2472,14472,EC02,Hajipur Junction 2,21:01,21:13,4,1,295,12
2473,2473,14473,EC01,Bhubaneswar Junction 1,00:12,00:14,8,2,264,13
2474,2474,14474,EC08,Bhubaneswar Junction 8,03:23,03:29,5,3,1011,14
2475,2475,14475,NR07,New Delhi Junction 7,06:34,06:46,8,4,1225,15
2476,2476,14476,NC06,Prayagraj Junction 6,09:45,09:49,3,5,2148,16
2477,2477,14477,NE05,Gorakhpur Junction 5,12:56,12:06,2,6,1243,17
2478,2478,14478,NF04,Guwahati Junction 4,15:07,15:09,3,7,821,18
2479,2479,14479,NW03,Jaipur Junction 3,18:18,18:29,10,1,1740,19
2480,2480,14480,SC02,Secunderabad Junction 2,21:29,21:33,4,2,1173,20
2481,2481,14481,SE01,Bilaspur Junction 1,00:40,00:54,12,3,1472,21
2482,2482,14482,SE08,Bilaspur Junction 8,03:51,03:54,14,4,2165,22
2483,2483,14483,SE07,Kolkata Junction 7,06:02,06:12,6,5,1457,23
2484,2484,14484,SW06,Hubballi Junction 6,09:13,09:23,15,6,243,24
2485,2485,14485,SR05,Chennai Junction 5,12:24,12:33,11,7,767,25
2486,2486,14486,WC04,Jabalpur Junction 4,15:35,15:48,2,1,231,26
2487,2487,14487,WR03,Mumbai Junction 3,18:46,18:59,3,2,920,27
2488,2488,14488,CR02,Mumbai Junction 2,21:57,21:02,11,3,26,28
2489,2489,14489,ER01,Kolkata Junction 1,00:08,00:14,15,4,811,29
2490,2490,14490,ER08,Kolkata Junction 8,03:19,03:29,15,5,1336,30
2491,2491,14491,EC07,Hajipur Junction 7,06:30,06:42,15,6,1357,1
2492,2492,14492,EC06,Bhubaneswar Junction 6,09:41,09:54,9,7,1791,2
2493,2493,14493,NR05,New Delhi Junction 5,12:52,12:02,6,1,1228,3
2494,2494,14494,NC04,Prayagraj Junction 4,15:03,15:09,7,2,641,4
2495,2495,14495,NE03,Gorakhpur Junction 3,18:14,18:22,6,3,1377,5
2496,2496,14496,NF02,Guwahati Junction 2,21:25,21:32,8,4,308,6
2497,2497,14497,NW01,Jaipur Junction 1,00:36,00:43,6,5,2114,7
2498,2498,14498,NW08,Jaipur Junction 8,03:47,03:55,2,6,680,8
2499,2499,14499,SC07,Secunderabad Junction 7,06:58,06:10,4,7,358,9
2500,2500,14500,SE06,Bilaspur Junction 6,09:09,09:16,6,1,1057,10
2501,1,12001,SE05,Kolkata Junction 5,12:20,12:22,12,2,470,11
2502,2,12002,SW04,Hubballi Junction 4,15:31,15:42,9,3,445,12
2503,3,12003,SR03,Chennai Junction 3,18:42,18:50,2,4,1543,13
2504,4,12004,WC02,Jabalpur Junction 2,21:53,21:59,7,5,345,14
2505,5,12005,WR01,Mumbai Junction 1,00:04,00:11,7,6,494,15
2506,6,12006,WR08,Mumbai Junction 8,03:15,03:30,5,7,398,16
2507,7,12007,CR07,Mumbai Junction 7,06:26,06:35,6,1,998,17
2508,8,12008,ER06,Kolkata Junction 6,09:37,09:49,3,2,1120,18
2509,9,12009,EC05,Hajipur Junction 5,12:48,12:50,2,3,203,19
2510,10,12010,EC04,Bhubaneswar Junction 4,15:59,15:03,6,4,2057,20
2511,11,12011,NR03,New Delhi Junction 3,18:10,18:24,3,5,2180,21
2512,12,12012,NC02,Prayagraj Junction 2,21:21,21:31,9,6,1743,22
2513,13,12013,NE01,Gorakhpur Junction 1,00:32,00:40,5,7,1165,23
2514,14,12014,NE08,Gorakhpur Junction 8,03:43,03:55,11,1,373,24
2515,15,12015,NF07,Guwahati Junction 7,06:54,06:09,5,2,1803,25
2516,16,12016,NW06,Jaipur Junction 6,09:05,09:11,2,3,2192,26
2517,17,12017,SC05,Secunderabad Junction 5,12:16,12:26,5,4,0,27
2518,18,12018,SE04,Bilaspur Junction 4,15:27,15:30,4,5,2036,28
2519,19,12019,SE03,Kolkata Junction 3,18:38,18:42,4,6,1843,29
2520,20,12020,SW02,Hubballi Junction 2,21:49,21:03,4,7,1431,30
2521,21,12021,SR01,Chennai Junction 1,00:00,00:09,10,1,684,1
2522,22,12022,SR08,Chennai Junction 8,03:11,03:23,14,2,1597,2
2523,23,12023,WC07,Jabalpur Junction 7,06:22,06:36,3,3,1445,3
2524,24,12024,WR06,Mumbai Junction 6,09:33,09:48,9,4,2072,4
2525,25,12025,CR05,Mumbai Junction 5,12:44,12:50,14,5,2065,5
2526,26,12026,ER04,Kolkata Junction 4,15:55,15:05,11,6,1150,6
2527,27,12027,EC03,Hajipur Junction 3,18:06,18:12,9,7,2117,7
2528,28,12028,EC02,Bhubaneswar Junction 2,21:17,21:19,4,1,1098,8
2529,29,12029,NR01,New Delhi Junction 1,00:28,00:34,10,2,793,9
2530,30,12030,NR08,New Delhi Junction 8,03:39,03:50,3,3,730,10
2531,31,12031,NC07,Prayagraj Junction 7,06:50,06:01,8,4,1570,11
2532,32,12032,NE06,Gorakhpur Junction 6,09:01,09:11,6,5,942,12
2533,33,12033,NF05,Guwahati Junction 5,12:12,12:27,15,6,78,13
2534,34,12034,NW04,Jaipur Junction 4,15:23,15:34,8,7,2,14
2535,35,12035,SC03,Secunderabad Junction 3,18:34,18:44,2,1,701,15
2536,36,12036,SE02,Bilaspur Junction 2,21:45,21:56,13,2,907,16
2537,37,12037,SE01,Kolkata Junction 1,00:56,00:09,13,3,984,17
2538,38,12038,SE08,Kolkata Junction 8,03:07,03:11,11,4,30,18
2539,39,12039,SW07,Hubballi Junction 7,06:18,06:32,7,5,1672,19
2540,40,12040,SR06,Chennai Junction 6,09:29,09:41,8,6,2137,20
2541,41,12041,WC05,Jabalpur Junction 5,12:40,12:53,14,7,206,21
2542,42,12042,WR04,Mumbai Junction 4,15:51,15:59,15,1,1788,22
2543,43,12043,CR03,Mumbai Junction 3,18:02,18:10,2,2,620,23
2544,44,12044,ER02,Kolkata Junction 2,21:13,21:23,10,3,2033,24
2545,45,12045,EC01,Hajipur Junction 1,00:24,00:27,7,4,598,25
2546,46,12046,EC08,Hajipur Junction 8,03:35,03:50,4,5,485,26
2547,47,12047,EC07,Bhubaneswar Junction 7,06:46,06:52,3,6,1415,27
2548,48,12048,NR06,New Delhi Junction 6,09:57,09:06,9,7,1995,28
2549,49,12049,NC05,Prayagraj Junction 5,12:08,12:16,6,1,825,29
2550,50,12050,NE04,Gorakhpur Junction 4,15:19,15:32,9,2,372,30
2551,51,12051,NF03,Guwahati Junction 3,18:30,18:41,12,3,549,1
2552,52,12052,NW02,Jaipur Junction 2,21:41,21:50,9,4,385,2
2553,53,12053,SC01,Secunderabad Junction 1,00:52,00:54,12,5,1353,3
2554,54,12054,SC08,Secunderabad Junction 8,03:03,03:14,7,6,1133,4
2555,55,12055,SE07,Bilaspur Junction 7,06:14,06:29,5,7,1436,5
2556,56,12056,SE06,Kolkata Junction 6,09:25,09:28,2,1,2105,6
2557,57,12057,SW05,Hubballi Junction 5,12:36,12:39,11,2,1131,7
2558,58,12058,SR04,Chennai Junction 4,15:47,15:00,9,3,1533,8
2559,59,12059,WC03,Jabalpur Junction 3,18:58,18:12,13,4,1588,9
2560,60,12060,WR02,Mumbai Junction 2,21:09,21:13,4,5,1093,10
2561,61,12061,CR01,Mumbai Junction 1,00:20,00:31,11,6,1730,11
2562,62,12062,CR08,Mumbai Junction 8,03:31,03:34,4,7,329,12
2563,63,12063,ER07,Kolkata Junction 7,06:42,06:51,10,1,254,13
2564,64,12064,EC06,Hajipur Junction 6,09:53,09:07,6,2,1452,14
2565,65,12065,EC05,Bhubaneswar Junction 5,12:04,12:16,2,3,1902,15
2566,66,12066,NR04,New Delhi Junction 4,15:15,15:30,15,4,306,16
2567,67,12067,NC03,Prayagraj Junction 3,18:26,18:33,5,5,991,17
2568,68,12068,NE02,Gorakhpur Junction 2,21:37,21:52,12,6,1696,18
2569,69,12069,NF01,Guwahati Junction 1,00:48,00:55,15,7,2024,19
2570,70,12070,NF08,Guwahati Junction 8,03:59,03:12,13,1,1433,20
2571,71,12071,NW07,Jaipur Junction 7,06:10,06:13,5,2,1691,21
2572,72,12072,SC06,Secunderabad Junction 6,09:21,09:27,4,3,2083,22
2573,73,12073,SE05,Bilaspur Junction 5,12:32,12:40,14,4,625,23
2574,74,12074,SE04,Kolkata Junction 4,15:43,15:50,6,5,821,24
2575,75,12075,SW03,Hubballi Junction 3,18:54,18:02,6,6,1791,25
2576,76,12076,SR02,Chennai Junction 2,21:05,21:11,8,7,1893,26
2577,77,12077,WC01,Jabalpur Junction 1,00:16,00:24,2,1,1,27
2578,78,12078,WC08,Jabalpur Junction 8,03:27,03:35,11,2,2074,28
2579,79,12079,WR07,Mumbai Junction 7,06:38,06:41,9,3,635,29
2580,80,12080,CR06,Mumbai Junction 6,09:49,09:57,8,4,687,30
2581,81,12081,ER05,Kolkata Junction 5,12:00,12:02,3,5,1149,1
2582,82,12082,EC04,Hajipur Junction 4,15:11,15:16,6,6,199,2
2583,83,12083,EC03,Bhubaneswar Junction 3,18:22,18:24,3,7,829,3
2584,84,12084,NR02,New Delhi Junction 2,21:33,21:37,5,1,664,4
2585,85,12085,NC01,Prayagraj Junction 1,00:44,00:50,2,2,258,5
2586,86,12086,NC08,Prayagraj Junction 8,03:55,03:10,11,3,272,6
2587,87,12087,NE07,Gorakhpur Junction 7,06:06,06:11,7,4,1992,7
2588,88,12088,NF06,Guwahati Junction 6,09:17,09:31,12,5,234,8
2589,89,12089,NW05,Jaipur Junction 5,12:28,12:36,8,6,1402,9
2590,90,12090,SC04,Secunderabad Junction 4,15:39,15:52,6,7,1225,10
2591,91,12091,SE03,Bilaspur Junction 3,18:50,18:55,4,1,689,11
2592,92,12092,SE02,Kolkata Junction 2,21:01,21:13,8,2,1498,12
2593,93,12093,SW01,Hubballi Junction 1,00:12,00:23,7,3,2101,13
2594,94,12094,SW08,Hubballi Junction 8,03:23,03:25,14,4,17,14
2595,95,12095,SR07,Chennai Junction 7,06:34,06:41,13,5,1505,15
2596,96,12096,WC06,Jabalpur Junction 6,09:45,09:51,14,6,303,16
2597,97,12097,WR05,Mumbai Junction 5,12:56,12:07,9,7,455,17
2598,98,12098,CR04,Mumbai Junction 4,15:07,15:21,12,1,18,18
2599,99,12099,ER03,Kolkata Junction 3,18:18,18:21,2,2,913,19
2600,100,12100,EC02,Hajipur Junction 2,21:29,21:36,12,3,1487,20
2601,101,12101,EC01,Bhubaneswar Junction 1,00:40,00:42,8,4,1726,21
2602,102,12102,EC08,Bhubaneswar Junction 8,03:51,03:05,6,5,96,22
2603,103,12103,NR07,New Delhi Junction 7,06:02,06:06,6,6,974,23
2604,104,12104,NC06,Prayagraj Junction 6,09:13,09:19,3,7,748,24
2605,105,12105,NE05,Gorakhpur Junction 5,12:24,12:30,8,1,174,25
2606,106,12106,NF04,Guwahati Junction 4,15:35,15:48,7,2,699,26
2607,107,12107,NW03,Jaipur Junction 3,18:46,18:00,12,3,301,27
2608,108,12108,SC02,Secunderabad Junction 2,21:57,21:01,2,4,1233,28
2609,109,12109,SE01,Bilaspur Junction 1,00:08,00:14,7,5,1120,29
2610,110,12110,SE08,Bilaspur Junction 8,03:19,03:28,2,6,237,30
2611,111,12111,SE07,Kolkata Junction 7,06:30,06:43,15,7,1841,1
2612,112,12112,SW06,Hubballi Junction 6,09:41,09:55,8,1,1818,2
2613,113,12113,SR05,Chennai Junction 5,12:52,12:06,14,2,328,3
2614,114,12114,WC04,Jabalpur Junction 4,15:03,15:07,7,3,1108,4
2615,115,12115,WR03,Mumbai Junction 3,18:14,18:29,6,4,1829,5
2616,116,12116,CR02,Mumbai Junction 2,21:25,21:39,15,5,416,6
2617,117,12117,ER01,Kolkata Junction 1,00:36,00:41,5,6,1617,7
2618,118,12118,ER08,Kolkata Junction 8,03:47,03:58,7,7,195,8
2619,119,12119,EC07,Hajipur Junction 7,06:58,06:07,12,1,1043,9
2620,120,12120,EC06,Bhubaneswar Junction 6,09:09,09:14,10,2,1454,10
2621,121,12121,NR05,New Delhi Junction 5,12:20,12:30,14,3,690,11
2622,122,12122,NC04,Prayagraj Junction 4,15:31,15:41,13,4,467,12
2623,123,12123,NE03,Gorakhpur Junction 3,18:42,18:47,2,5,824,13
2624,124,12124,NF02,Guwahati Junction 2,21:53,21:55,12,6,195,14
2625,125,12125,NW01,Jaipur Junction 1,00:04,00:15,10,7,2173,15
2626,126,12126,NW08,Jaipur Junction 8,03:15,03:21,6,1,534,16
2627,127,12127,SC07,Secunderabad Junction 7,06:26,06:35,5,2,249,17
2628,128,12128,SE06,Bilaspur Junction 6,09:37,09:52,11,3,261,18
2629,129,12129,SE05,Kolkata Junction 5,12:48,12:58,6,4,396,19
2630,130,12130,SW04,Hubballi Junction 4,15:59,15:07,13,5,0,20
2631,131,12131,SR03,Chennai Junction 3,18:10,18:16,14,6,867,21
2632,132,12132,WC02,Jabalpur Junction 2,21:21,21:24,8,7,1501,22
2633,133,12133,WR01,Mumbai Junction 1,00:32,00:47,10,1,111,23
2634,134,12134,WR08,Mumbai Junction 8,03:43,03:56,12,2,1433,24
2635,135,12135,CR07,Mumbai Junction 7,06:54,06:08,12,3,510,25
2636,136,12136,ER06,Kolkata Junction 6,09:05,09:12,9,4,1075,26
2637,137,12137,EC05,Hajipur Junction 5,12:16,12:26,11,5,228,27
2638,138,12138,EC04,Bhubaneswar Junction 4,15:27,15:36,2,6,1125,28
2639,139,12139,NR03,New Delhi Junction 3,18:38,18:45,4,7,2179,29
2640,140,12140,NC02,Prayagraj Junction 2,21:49,21:54,2,1,788,30
2641,141,12141,NE01,Gorakhpur Junction 1,00:00,00:12,2,2,1084,1
2642,142,12142,NE08,Gorakhpur Junction 8,03:11,03:18,14,3,6,2
2643,143,12143,NF07,Guwahati Junction 7,06:22,06:24,9,4,394,3
2644,144,12144,NW06,Jaipur Junction 6,09:33,09:44,5,5,1236,4
2645,145,12145,SC05,Secunderabad Junction 5,12:44,12:46,11,6,1140,5
2646,146,12146,SE04,Bilaspur Junction 4,15:55,15:57,5,7,130,6
2647,147,12147,SE03,Kolkata Junction 3,18:06,18:08,11,1,941,7
2648,148,12148,SW02,Hubballi Junction 2,21:17,21:30,5,2,1578,8
2649,149,12149,SR01,Chennai Junction 1,00:28,00:38,11,3,1821,9
2650,150,12150,SR08,Chennai Junction 8,03:39,03:50,12,4,1627,10
2651,151,12151,WC07,Jabalpur Junction 7,06:50,06:58,12,5,1852,11
2652,152,12152,WR06,Mumbai Junction 6,09:01,09:13,10,6,162,12
2653,153,12153,CR05,Mumbai Junction 5,12:12,12:20,2,7,228,13
2654,154,12154,ER04,Kolkata Junction 4,15:23,15:30,8,1,1160,14
2655,155,12155,EC03,Hajipur Junction 3,18:34,18:48,12,2,930,15
2656,156,12156,EC02,Bhubaneswar Junction 2,21:45,21:51,11,3,605,16
2657,157,12157,NR01,New Delhi Junction 1,00:56,00:10,12,4,1501,17
2658,158,12158,NR08,New Delhi Junction 8,03:07,03:12,10,5,1805,18
2659,159,12159,NC07,Prayagraj Junction 7,06:18,06:21,4,6,1133,19
2660,160,12160,NE06,Gorakhpur Junction 6,09:29,09:36,11,7,882,20
2661,161,12161,NF05,Guwahati Junction 5,12:40,12:55,6,1,792,21
2662,162,12162,NW04,Jaipur Junction 4,15:51,15:53,5,2,518,22
2663,163,12163,SC03,Secunderabad Junction 3,18:02,18:14,6,3,447,23
2664,164,12164,SE02,Bilaspur Junction 2,21:13,21:19,9,4,1728,24
2665,165,12165,SE01,Kolkata Junction 1,00:24,00:39,2,5,1850,25
2666,166,12166,SE08,Kolkata Junction 8,03:35,03:42,13,6,82,26
2667,167,12167,SW07,Hubballi Junction 7,06:46,06:56,15,7,86,27
2668,168,12168,SR06,Chennai Junction 6,09:57,09:10,3,1,2160,28
2669,169,12169,WC05,Jabalpur Junction 5,12:08,12:20,14,2,1974,29
2670,170,12170,WR04,Mumbai Junction 4,15:19,15:25,7,3,1521,30
2671,171,12171,CR03,Mumbai Junction 3,18:30,18:34,6,4,217,1
2672,172,12172,ER02,Kolkata Junction 2,21:41,21:55,5,5,903,2
2673,173,12173,EC01,Hajipur Junction 1,00:52,00:00,7,6,1711,3
2674,174,12174,EC08,Hajipur Junction 8,03:03,03:17,10,7,1840,4
2675,175,12175,EC07,Bhubaneswar Junction 7,06:14,06:17,15,1,254,5
2676,176,12176,NR06,New Delhi Junction 6,09:25,09:27,2,2,535,6
2677,177,12177,NC05,Prayagraj Junction 5,12:36,12:49,6,3,1739,7
2678,178,12178,NE04,Gorakhpur Junction 4,15:47,15:54,3,4,1040,8
2679,179,12179,NF03,Guwahati Junction 3,18:58,18:03,6,5,1137,9
2680,180,12180,NW02,Jaipur Junction 2,21:09,21:22,10,6,491,10
2681,181,12181,SC01,Secunderabad Junction 1,00:20,00:32,11,7,521,11
2682,182,12182,SC08,Secunderabad Junction 8,03:31,03:44,13,1,1328,12
2683,183,12183,SE07,Bilaspur Junction 7,06:42,06:48,6,2,966,13
2684,184,12184,SE06,Kolkata Junction 6,09:53,09:57,6,3,295,14
2685,185,12185,SW05,Hubballi Junction 5,12:04,12:08,12,4,282,15
2686,186,12186,SR04,Chennai Junction 4,15:15,15:23,8,5,101,16
2687,187,12187,WC03,Jabalpur Junction 3,18:26,18:39,15,6,1404,17
2688,188,12188,WR02,Mumbai Junction 2,21:37,21:48,5,7,1857,18
2689,189,12189,CR01,Mumbai Junction 1,00:48,00:00,8,1,1552,19
2690,190,12190,CR08,Mumbai Junction 8,03:59,03:14,10,2,438,20
2691,191,12191,ER07,Kolkata Junction 7,06:10,06:16,4,3,729,21
2692,192,12192,EC06,Hajipur Junction 6,09:21,09:35,4,4,1961,22
2693,193,12193,EC05,Bhubaneswar Junction 5,12:32,12:37,8,5,1162,23
2694,194,12194,NR04,New Delhi Junction 4,15:43,15:46,4,6,671,24
2695,195,12195,NC03,Prayagraj Junction 3,18:54,18:56,12,7,1201,25
2696,196,12196,NE02,Gorakhpur Junction 2,21:05,21:18,14,1,764,26
2697,197,12197,NF01,Guwahati Junction 1,00:16,00:29,2,2,945,27
2698,198,12198,NF08,Guwahati Junction 8,03:27,03:38,8,3,1626,28
2699,199,12199,NW07,Jaipur Junction 7,06:38,06:52,7,4,603,29
2700,200,12200,SC06,Secunderabad Junction 6,09:49,09:59,14,5,2172,30
2701,201,12201,SE05,Bilaspur Junction 5,12:00,12:13,5,6,451,1
2702,202,12202,SE04,Kolkata Junction 4,15:11,15:21,7,7,1344,2
2703,203,12203,SW03,Hubballi Junction 3,18:22,18:36,9,1,782,3
2704,204,12204,SR02,Chennai Junction 2,21:33,21:47,8,2,1331,4
2705,205,12205,WC01,Jabalpur Junction 1,00:44,00:47,9,3,937,5
2706,206,12206,WC08,Jabalpur Junction 8,03:55,03:58,4,4,1547,6
2707,207,12207,WR07,Mumbai Junction 7,06:06,06:10,3,5,126,7
2708,208,12208,CR06,Mumbai Junction 6,09:17,09:19,8,6,1074,8
2709,209,12209,ER05,Kolkata Junction 5,12:28,12:38,10,7,1180,9
2710,210,12210,EC04,Hajipur Junction 4,15:39,15:54,5,1,1567,10
2711,211,12211,EC03,Bhubaneswar Junction 3,18:50,18:53,13,2,797,11
2712,212,12212,NR02,New Delhi Junction 2,21:01,21:07,3,3,1119,12
2713,213,12213,NC01,Prayagraj Junction 1,00:12,00:19,15,4,391,13
2714,214,12214,NC08,Prayagraj Junction 8,03:23,03:30,14,5,1776,14
2715,215,12215,NE07,Gorakhpur Junction 7,06:34,06:46,9,6,1921,15
2716,216,12216,NF06,Guwahati Junction 6,09:45,09:50,13,7,1276,16
2717,217,12217,NW05,Jaipur Junction 5,12:56,12:02,5,1,1147,17
2718,218,12218,SC04,Secunderabad Junction 4,15:07,15:09,12,2,518,18
2719,219,12219,SE03,Bilaspur Junction 3,18:18,18:25,4,3,1023,19
2720,220,12220,SE02,Kolkata Junction 2,21:29,21:36,4,4,1954,20
2721,221,12221,SW01,Hubballi Junction 1,00:40,00:52,7,5,126,21
2722,222,12222,SW08,Hubballi Junction 8,03:51,03:04,11,6,1222,22
2723,223,12223,SR07,Chennai Junction 7,06:02,06:12,2,7,1042,23
2724,224,12224,WC06,Jabalpur Junction 6,09:13,09:17,11,1,2048,24
2725,225,12225,WR05,Mumbai Junction 5,12:24,12:33,10,2,1468,25
2726,226,12226,CR04,Mumbai Junction 4,15:35,15:50,2,3,682,26
2727,227,12227,ER03,Kolkata Junction 3,18:46,18:51,12,4,985,27
2728,228,12228,EC02,Hajipur Junction 2,21:57,21:09,8,5,2146,28
2729,229,12229,EC01,Bhubaneswar Junction 1,00:08,00:20,2,6,2174,29
2730,230,12230,EC08,Bhubaneswar Junction 8,03:19,03:34,2,7,861,30
2731,231,12231,NR07,New Delhi Junction 7,06:30,06:45,13,1,1030,1
2732,232,12232,NC06,Prayagraj Junction 6,09:41,09:50,2,2,1242,2
2733,233,12233,NE05,Gorakhpur Junction 5,12:52,12:03,7,3,674,3
2734,234,12234,NF04,Guwahati Junction 4,15:03,15:16,8,4,580,4
2735,235,12235,NW03,Jaipur Junction 3,18:14,18:21,8,5,570,5
2736,236,12236,SC02,Secunderabad Junction 2,21:25,21:34,14,6,1633,6
2737,237,12237,SE01,Bilaspur Junction 1,00:36,00:41,8,7,1196,7
2738,238,12238,SE08,Bilaspur Junction 8,03:47,03:58,12,1,1067,8
2739,239,12239,SE07,Kolkata Junction 7,06:58,06:04,11,2,276,9
2740,240,12240,SW06,Hubballi Junction 6,09:09,09:20,14,3,1560,10
2741,241,12241,SR05,Chennai Junction 5,12:20,12:28,13,4,1170,11
2742,242,12242,WC04,Jabalpur Junction 4,15:31,15:40,13,5,425,12
2743,243,12243,WR03,Mumbai Junction 3,18:42,18:54,11,6,1163,13
2744,244,12244,CR02,Mumbai Junction 2,21:53,21:56,12,7,481,14
2745,245,12245,ER01,Kolkata Junction 1,00:04,00:18,13,1,799,15
2746,246,12246,ER08,Kolkata Junction 8,03:15,03:23,2,2,1095,16
2747,247,12247,EC07,Hajipur Junction 7,06:26,06:28,15,3,1408,17
2748,248,12248,EC06,Bhubaneswar Junction 6,09:37,09:42,13,4,43,18
2749,249,12249,NR05,New Delhi Junction 5,12:48,12:57,3,5,119,19
2750,250,12250,NC04,Prayagraj Junction 4,15:59,15:04,6,6,1597,20
2751,251,12251,NE03,Gorakhpur Junction 3,18:10,18:24,12,7,1627,21
2752,252,12252,NF02,Guwahati Junction 2,21:21,21:30,7,1,561,22
2753,253,12253,NW01,Jaipur Junction 1,00:32,00:47,9,2,1241,23
2754,254,12254,NW08,Jaipur Junction 8,03:43,03:45,8,3,1499,24
2755,255,12255,SC07,Secunderabad Junction 7,06:54,06:02,10,4,1781,25
2756,256,12256,SE06,Bilaspur Junction 6,09:05,09:07,14,5,1797,26
2757,257,12257,SE05,Kolkata Junction 5,12:16,12:23,12,6,146,27
2758,258,12258,SW04,Hubballi Junction 4,15:27,15:33,3,7,1397,28
2759,259,12259,SR03,Chennai Junction 3,18:38,18:51,10,1,1565,29
2760,260,12260,WC02,Jabalpur Junction 2,21:49,21:53,15,2,425,30
2761,261,12261,WR01,Mumbai Junction 1,00:00,00:09,11,3,1884,1
2762,262,12262,WR08,Mumbai Junction 8,03:11,03:26,10,4,1267,2
2763,263,12263,CR07,Mumbai Junction 7,06:22,06:29,9,5,1484,3
2764,264,12264,ER06,Kolkata Junction 6,09:33,09:44,10,6,969,4
2765,265,12265,EC05,Hajipur Junction 5,12:44,12:48,2,7,925,5
2766,266,12266,EC04,Bhubaneswar Junction 4,15:55,15:02,10,1,1980,6
2767,267,12267,NR03,New Delhi Junction 3,18:06,18:17,13,2,1271,7
2768,268,12268,NC02,Prayagraj Junction 2,21:17,21:31,15,3,336,8
2769,269,12269,NE01,Gorakhpur Junction 1,00:28,00:38,9,4,2138,9
2770,270,12270,NE08,Gorakhpur Junction 8,03:39,03:49,2,5,461,10
2771,271,12271,NF07,Guwahati Junction 7,06:50,06:53,4,6,210,11
2772,272,12272,NW06,Jaipur Junction 6,09:01,09:13,8,7,1478,12
2773,273,12273,SC05,Secunderabad Junction 5,12:12,12:27,11,1,1054,13
2774,274,12274,SE04,Bilaspur Junction 4,15:23,15:28,12,2,1114,14
2775,275,12275,SE03,Kolkata Junction 3,18:34,18:46,2,3,358,15
2776,276,12276,SW02,Hubballi Junction 2,21:45,21:48,11,4,1140,16
2777,277,12277,SR01,Chennai Junction 1,00:56,00:02,6,5,1334,17
2778,278,12278,SR08,Chennai Junction 8,03:07,03:22,15,6,1037,18
2779,279,12279,WC07,Jabalpur Junction 7,06:18,06:29,3,7,2079,19
2780,280,12280,WR06,Mumbai Junction 6,09:29,09:31,6,1,1595,20
2781,281,12281,CR05,Mumbai Junction 5,12:40,12:55,4,2,1454,21
2782,282,12282,ER04,Kolkata Junction 4,15:51,15:55,2,3,932,22
2783,283,12283,EC03,Hajipur Junction 3,18:02,18:12,5,4,2140,23
2784,284,12284,EC02,Bhubaneswar Junction 2,21:13,21:23,8,5,1068,24
2785,285,12285,NR01,New Delhi Junction 1,00:24,00:32,3,6,1334,25
2786,286,12286,NR08,New Delhi Junction 8,03:35,03:47,7,7,936,26
2787,287,12287,NC07,Prayagraj Junction 7,06:46,06:00,10,1,655,27
2788,288,12288,NE06,Gorakhpur Junction 6,09:57,09:59,13,2,1378,28
2789,289,12289,NF05,Guwahati Junction 5,12:08,12:18,5,3,409,29
2790,290,12290,NW04,Jaipur Junction 4,15:19,15:27,12,4,654,30
2791,291,12291,SC03,Secunderabad Junction 3,18:30,18:39,15,5,482,1
2792,292,12292,SE02,Bilaspur Junction 2,21:41,21:46,5,6,2008,2
2793,293,12293,SE01,Kolkata Junction 1,00:52,00:01,14,7,2085,3
2794,294,12294,SE08,Kolkata Junction 8,03:03,03:10,2,1,668,4
2795,295,12295,SW07,Hubballi Junction 7,06:14,06:23,7,2,4,5
2796,296,12296,SR06,Chennai Junction 6,09:25,09:40,6,3,1361,6
2797,297,12297,WC05,Jabalpur Junction 5,12:36,12:51,9,4,1527,7
2798,298,12298,WR04,Mumbai Junction 4,15:47,15:49,11,5,1865,8
2799,299,12299,CR03,Mumbai Junction 3,18:58,18:12,3,6,502,9
2800,300,12300,ER02,Kolkata Junction 2,21:09,21:11,14,7,604,10
2801,301,12301,EC01,Hajipur Junction 1,00:20,00:29,8,1,1515,11
2802,302,12302,EC08,Hajipur Junction 8,03:31,03:45,6,2,1738,12
2803,303,12303,EC07,Bhubaneswar Junction 7,06:42,06:48,4,3,233,13
2804,304,12304,NR06,New Delhi Junction 6,09:53,09:00,9,4,1716,14
2805,305,12305,NC05,Prayagraj Junction 5,12:04,12:17,9,5,899,15
2806,306,12306,NE04,Gorakhpur Junction 4,15:15,15:19,14,6,871,16
2807,307,12307,NF03,Guwahati Junction 3,18:26,18:38,10,7,2049,17
2808,308,12308,NW02,Jaipur Junction 2,21:37,21:52,11,1,1455,18
2809,309,12309,SC01,Secunderabad Junction 1,00:48,00:51,2,2,1201,19
2810,310,12310,SC08,Secunderabad Junction 8,03:59,03:10,12,3,551,20
2811,311,12311,SE07,Bilaspur Junction 7,06:10,06:19,14,4,210,21
2812,312,12312,SE06,Kolkata Junction 6,09:21,09:28,15,5,439,22
2813,313,12313,SW05,Hubballi Junction 5,12:32,12:38,8,6,1514,23
2814,314,12314,SR04,Chennai Junction 4,15:43,15:48,13,7,518,24
2815,315,12315,WC03,Jabalpur Junction 3,18:54,18:01,10,1,26,25
2816,316,12316,WR02,Mumbai Junction 2,21:05,21:17,11,2,1836,26
2817,317,12317,CR01,Mumbai Junction 1,00:16,00:21,7,3,1976,27
2818,318,12318,CR08,Mumbai Junction 8,03:27,03:29,8,4,1064,28
2819,319,12319,ER07,Kolkata Junction 7,06:38,06:46,8,5,1644,29
2820,320,12320,EC06,Hajipur Junction 6,09:49,09:53,14,6,1971,30
2821,321,12321,EC05,Bhubaneswar Junction 5,12:00,12:04,15,7,576,1
2822,322,12322,NR04,New Delhi Junction 4,15:11,15:13,7,1,1750,2
2823,323,12323,NC03,Prayagraj Junction 3,18:22,18:35,11,2,1784,3
2824,324,12324,NE02,Gorakhpur Junction 2,21:33,21:38,14,3,1397,4
2825,325,12325,NF01,Guwahati Junction 1,00:44,00:47,3,4,588,5
2826,326,12326,NF08,Guwahati Junction 8,03:55,03:57,5,5,2185,6
2827,327,12327,NW07,Jaipur Junction 7,06:06,06:11,10,6,2150,7
2828,328,12328,SC06,Secunderabad Junction 6,09:17,09:22,11,7,990,8
2829,329,12329,SE05,Bilaspur Junction 5,12:28,12:33,15,1,1444,9
2830,330,12330,SE04,Kolkata Junction 4,15:39,15:47,13,2,1980,10
2831,331,12331,SW03,Hubballi Junction 3,18:50,18:02,14,3,708,11
2832,332,12332,SR02,Chennai Junction 2,21:01,21:07,5,4,1531,12
2833,333,12333,WC01,Jabalpur Junction 1,00:12,00:25,11,5,1318,13
2834,334,12334,WC08,Jabalpur Junction 8,03:23,03:35,4,6,805,14
2835,335,12335,WR07,Mumbai Junction 7,06:34,06:45,2,7,2003,15
2836,336,12336,CR06,Mumbai Junction 6,09:45,09:49,13,1,1356,16
2837,337,12337,ER05,Kolkata Junction 5,12:56,12:09,12,2,1134,17
2838,338,12338,EC04,Hajipur Junction 4,15:07,15:19,6,3,1284,18
2839,339,12339,EC03,Bhubaneswar Junction 3,18:18,18:32,3,4,782,19
2840,340,12340,NR02,New Delhi Junction 2,21:29,21:31,9,5,1720,20
2841,341,12341,NC01,Prayagraj Junction 1,00:40,00:42,9,6,913,21
2842,342,12342,NC08,Prayagraj Junction 8,03:51,03:03,5,7,358,22
2843,343,12343,NE07,Gorakhpur Junction 7,06:02,06:05,7,1,1072,23
2844,344,12344,NF06,Guwahati Junction 6,09:13,09:27,8,2,377,24
2845,345,12345,NW05,Jaipur Junction 5,12:24,12:35,2,3,759,25
2846,346,12346,SC04,Secunderabad Junction 4,15:35,15:46,5,4,1307,26
2847,347,12347,SE03,Bilaspur Junction 3,18:46,18:54,15,5,632,27
2848,348,12348,SE02,Kolkata Junction 2,21:57,21:11,10,6,1648,28
2849,349,12349,SW01,Hubballi Junction 1,00:08,00:12,2,7,1607,29
2850,350,12350,SW08,Hubballi Junction 8,03:19,03:27,6,1,1971,30
2851,351,12351,SR07,Chennai Junction 7,06:30,06:36,8,2,1593,1
2852,352,12352,WC06,Jabalpur Junction 6,09:41,09:56,14,3,1435,2
2853,353,12353,WR05,Mumbai Junction 5,12:52,12:55,3,4,1524,3
2854,354,12354,CR04,Mumbai Junction 4,15:03,15:12,3,5,1530,4
2855,355,12355,ER03,Kolkata Junction 3,18:14,18:29,2,6,1816,5
2856,356,12356,EC02,Hajipur Junction 2,21:25,21:31,7,7,1577,6
2857,357,12357,EC01,Bhubaneswar Junction 1,00:36,00:41,4,1,2120,7
2858,358,12358,EC08,Bhubaneswar Junction 8,03:47,03:53,4,2,1517,8
2859,359,12359,NR07,New Delhi Junction 7,06:58,06:03,12,3,155,9
2860,360,12360,NC06,Prayagraj Junction 6,09:09,09:18,7,4,2105,10
2861,361,12361,NE05,Gorakhpur Junction 5,12:20,12:29,14,5,546,11
2862,362,12362,NF04,Guwahati Junction 4,15:31,15:39,13,6,352,12
2863,363,12363,NW03,Jaipur Junction 3,18:42,18:56,12,7,1489,13
2864,364,12364,SC02,Secunderabad Junction 2,21:53,21:58,13,1,1854,14
2865,365,12365,SE01,Bilaspur Junction 1,00:04,00:10,10,2,133,15
2866,366,12366,SE08,Bilaspur Junction 8,03:15,03:22,4,3,1224,16
2867,367,12367,SE07,Kolkata Junction 7,06:26,06:35,9,4,1489,17
2868,368,12368,SW06,Hubballi Junction 6,09:37,09:51,4,5,471,18
2869,369,12369,SR05,Chennai Junction 5,12:48,12:53,14,6,203,19
2870,370,12370,WC04,Jabalpur Junction 4,15:59,15:01,4,7,1692,20
2871,371,12371,WR03,Mumbai Junction 3,18:10,18:20,14,1,449,21
2872,372,12372,CR02,Mumbai Junction 2,21:21,21:28,9,2,160,22
2873,373,12373,ER01,Kolkata Junction 1,00:32,00:46,13,3,316,23
2874,374,12374,ER08,Kolkata Junction 8,03:43,03:56,8,4,739,24
2875,375,12375,EC07,Hajipur Junction 7,06:54,06:09,9,5,499,25
2876,376,12376,EC06,Bhubaneswar Junction 6,09:05,09:18,12,6,422,26
2877,377,12377,NR05,New Delhi Junction 5,12:16,12:27,10,7,605,27
2878,378,12378,NC04,Prayagraj Junction 4,15:27,15:35,13,1,383,28
2879,379,12379,NE03,Gorakhpur Junction 3,18:38,18:50,13,2,2060,29
2880,380,12380,NF02,Guwahati Junction 2,21:49,21:55,5,3,2055,30
2881,381,12381,NW01,Jaipur Junction 1,00:00,00:08,9,4,1128,1
2882,382,12382,NW08,Jaipur Junction 8,03:11,03:20,10,5,931,2
2883,383,12383,SC07,Secunderabad Junction 7,06:22,06:29,7,6,1443,3
2884,384,12384,SE06,Bilaspur Junction 6,09:33,09:46,9,7,1490,4
2885,385,12385,SE05,Kolkata Junction 5,12:44,12:51,12,1,866,5
2886,386,12386,SW04,Hubballi Junction 4,15:55,15:02,2,2,575,6
2887,387,12387,SR03,Chennai Junction 3,18:06,18:18,3,3,492,7
2888,388,12388,WC02,Jabalpur Junction 2,21:17,21:29,14,4,913,8
2889,389,12389,WR01,Mumbai Junction 1,00:28,00:35,9,5,1694,9
2890,390,12390,WR08,Mumbai Junction 8,03:39,03:47,4,6,948,10
2891,391,12391,CR07,Mumbai Junction 7,06:50,06:55,11,7,313,11
2892,392,12392,ER06,Kolkata Junction 6,09:01,09:11,3,1,2138,12
2893,393,12393,EC05,Hajipur Junction 5,12:12,12:22,3,2,2109,13
2894,394,12394,EC04,Bhubaneswar Junction 4,15:23,15:33,10,3,139,14
2895,395,12395,NR03,New Delhi Junction 3,18:34,18:38,13,4,1028,15
2896,396,12396,NC02,Prayagraj Junction 2,21:45,21:55,15,5,942,16
2897,397,12397,NE01,Gorakhpur Junction 1,00:56,00:03,13,6,145,17
2898,398,12398,NE08,Gorakhpur Junction 8,03:07,03:15,13,7,501,18
2899,399,12399,NF07,Guwahati Junction 7,06:18,06:24,8,1,163,19
2900,400,12400,NW06,Jaipur Junction 6,09:29,09:31,5,2,1975,20
2901,401,12401,SC05,Secunderabad Junction 5,12:40,12:45,12,3,937,21
2902,402,12402,SE04,Bilaspur Junction 4,15:51,15:03,6,4,1923,22
2903,403,12403,SE03,Kolkata Junction 3,18:02,18:09,13,5,1829,23
2904,404,12404,SW02,Hubballi Junction 2,21:13,21:21,11,6,261,24
2905,405,12405,SR01,Chennai Junction 1,00:24,00:32,7,7,2099,25
2906,406,12406,SR08,Chennai Junction 8,03:35,03:50,12,1,2087,26
2907,407,12407,WC07,Jabalpur Junction 7,06:46,06:01,12,2,1306,27
2908,408,12408,WR06,Mumbai Junction 6,09:57,09:01,13,3,427,28
2909,409,12409,CR05,Mumbai Junction 5,12:08,12:12,14,4,251,29
2910,410,12410,ER04,Kolkata Junction 4,15:19,15:22,9,5,1285,30
2911,411,12411,EC03,Hajipur Junction 3,18:30,18:32,7,6,495,1
2912,412,12412,EC02,Bhubaneswar Junction 2,21:41,21:47,4,7,1490,2
2913,413,12413,NR01,New Delhi Junction 1,00:52,00:00,15,1,18,3
2914,414,12414,NR08,New Delhi Junction 8,03:03,03:15,14,2,1069,4
2915,415,12415,NC07,Prayagraj Junction 7,06:14,06:25,8,3,1309,5
2916,416,12416,NE06,Gorakhpur Junction 6,09:25,09:39,9,4,1271,6
2917,417,12417,NF05,Guwahati Junction 5,12:36,12:51,8,5,381,7
2918,418,12418,NW04,Jaipur Junction 4,15:47,15:58,11,6,521,8
2919,419,12419,SC03,Secunderabad Junction 3,18:58,18:10,2,7,704,9
2920,420,12420,SE02,Bilaspur Junction 2,21:09,21:22,10,1,1335,10
2921,421,12421,SE01,Kolkata Junction 1,00:20,00:30,4,2,2114,11
2922,422,12422,SE08,Kolkata Junction 8,03:31,03:37,13,3,2177,12
2923,423,12423,SW07,Hubballi Junction 7,06:42,06:47,10,4,93,13
2924,424,12424,SR06,Chennai Junction 6,09:53,09:03,8,5,158,14
2925,425,12425,WC05,Jabalpur Junction 5,12:04,12:15,15,6,182,15
2926,426,12426,WR04,Mumbai Junction 4,15:15,15:29,13,7,1205,16
2927,427,12427,CR03,Mumbai Junction 3,18:26,18:40,6,1,1584,17
2928,428,12428,ER02,Kolkata Junction 2,21:37,21:48,10,2,1833,18
2929,429,12429,EC01,Hajipur Junction 1,00:48,00:02,13,3,1294,19
2930,430,12430,EC08,Hajipur Junction 8,03:59,03:14,9,4,1401,20
2931,431,12431,EC07,Bhubaneswar Junction 7,06:10,06:14,6,5,1990,21
2932,432,12432,NR06,New Delhi Junction 6,09:21,09:29,9,6,1795,22
2933,433,12433,NC05,Prayagraj Junction 5,12:32,12:38,5,7,19,23
2934,434,12434,NE04,Gorakhpur Junction 4,15:43,15:48,9,1,1594,24
2935,435,12435,NF03,Guwahati Junction 3,18:54,18:00,8,2,487,25
2936,436,12436,NW02,Jaipur Junction 2,21:05,21:18,9,3,316,26
2937,437,12437,SC01,Secunderabad Junction 1,00:16,00:26,6,4,1903,27
2938,438,12438,SC08,Secunderabad Junction 8,03:27,03:32,14,5,1535,28
2939,439,12439,SE07,Bilaspur Junction 7,06:38,06:41,12,6,1585,29
2940,440,12440,SE06,Kolkata Junction 6,09:49,09:57,4,7,1051,30
2941,441,12441,SW05,Hubballi Junction 5,12:00,12:10,3,1,750,1
2942,442,12442,SR04,Chennai Junction 4,15:11,15:22,9,2,2183,2
2943,443,12443,WC03,Jabalpur Junction 3,18:22,18:27,12,3,935,3
2944,444,12444,WR02,Mumbai Junction 2,21:33,21:38,15,4,1370,4
2945,445,12445,CR01,Mumbai Junction 1,00:44,00:53,6,5,1939,5
2946,446,12446,CR08,Mumbai Junction 8,03:55,03:57,3,6,395,6
2947,447,12447,ER07,Kolkata Junction 7,06:06,06:17,3,7,1753,7
2948,448,12448,EC06,Hajipur Junction 6,09:17,09:21,11,1,1750,8
2949,449,12449,EC05,Bhubaneswar Junction 5,12:28,12:42,6,2,164,9
2950,450,12450,NR04,New Delhi Junction 4,15:39,15:51,8,3,2087,10
2951,451,12451,NC03,Prayagraj Junction 3,18:50,18:54,10,4,262,11
2952,452,12452,NE02,Gorakhpur Junction 2,21:01,21:09,2,5,1650,12
2953,453,12453,NF01,Guwahati Junction 1,00:12,00:22,3,6,1098,13
2954,454,12454,NF08,Guwahati Junction 8,03:23,03:30,11,7,1097,14
2955,455,12455,NW07,Jaipur Junction 7,06:34,06:42,13,1,1141,15
2956,456,12456,SC06,Secunderabad Junction 6,09:45,09:58,14,2,1866,16
2957,457,12457,SE05,Bilaspur Junction 5,12:56,12:11,11,3,1235,17
2958,458,12458,SE04,Kolkata Junction 4,15:07,15:16,4,4,1821,18
2959,459,12459,SW03,Hubballi Junction 3,18:18,18:29,14,5,1543,19
2960,460,12460,SR02,Chennai Junction 2,21:29,21:37,6,6,2168,20
2961,461,12461,WC01,Jabalpur Junction 1,00:40,00:52,14,7,1287,21
2962,462,12462,WC08,Jabalpur Junction 8,03:51,03:00,2,1,152,22
2963,463,12463,WR07,Mumbai Junction 7,06:02,06:13,5,2,180,23
2964,464,12464,CR06,Mumbai Junction 6,09:13,09:25,10,3,244,24
2965,465,12465,ER05,Kolkata Junction 5,12:24,12:32,8,4,8,25
2966,466,12466,EC04,Hajipur Junction 4,15:35,15:45,7,5,1932,26
2967,467,12467,EC03,Bhubaneswar Junction 3,18:46,18:49,13,6,14,27
2968,468,12468,NR02,New Delhi Junction 2,21:57,21:09,12,7,896,28
2969,469,12469,NC01,Prayagraj Junction 1,00:08,00:13,3,1,747,29
2970,470,12470,NC08,Prayagraj Junction 8,03:19,03:30,12,2,398,30
2971,471,12471,NE07,Gorakhpur Junction 7,06:30,06:32,9,3,1277,1
2972,472,12472,NF06,Guwahati Junction 6,09:41,09:56,12,4,1210,2
2973,473,12473,NW05,Jaipur Junction 5,12:52,12:02,11,5,993,3
2974,474,12474,SC04,Secunderabad Junction 4,15:03,15:14,4,6,1826,4
2975,475,12475,SE03,Bilaspur Junction 3,18:14,18:28,8,7,1004,5
2976,476,12476,SE02,Kolkata Junction 2,21:25,21:33,13,1,387,6
2977,477,12477,SW01,Hubballi Junction 1,00:36,00:42,10,2,1525,7
2978,478,12478,SW08,Hubballi Junction 8,03:47,03:53,3,3,1116,8
2979,479,12479,SR07,Chennai Junction 7,06:58,06:08,12,4,6,9
2980,480,12480,WC06,Jabalpur Junction 6,09:09,09:11,7,5,1240,10
2981,481,12481,WR05,Mumbai Junction 5,12:20,12:22,4,6,921,11
2982,482,12482,CR04,Mumbai Junction 4,15:31,15:36,11,7,76,12
2983,483,12483,ER03,Kolkata Junction 3,18:42,18:56,4,1,969,13
2984,484,12484,EC02,Hajipur Junction 2,21:53,21:08,11,2,2196,14
2985,485,12485,EC01,Bhubaneswar Junction 1,00:04,00:06,12,3,166,15
2986,486,12486,EC08,Bhubaneswar Junction 8,03:15,03:25,6,4,1709,16
2987,487,12487,NR07,New Delhi Junction 7,06:26,06:29,14,5,1057,17
2988,488,12488,NC06,Prayagraj Junction 6,09:37,09:46,9,6,77,18
2989,489,12489,NE05,Gorakhpur Junction 5,12:48,12:54,11,7,2113,19
2990,490,12490,NF04,Guwahati Junction 4,15:59,15:14,9,1,567,20
2991,491,12491,NW03,Jaipur Junction 3,18:10,18:18,8,2,873,21
2992,492,12492,SC02,Secunderabad Junction 2,21:21,21:28,14,3,859,22
2993,493,12493,SE01,Bilaspur Junction 1,00:32,00:34,12,4,1463,23
2994,494,12494,SE08,Bilaspur Junction 8,03:43,03:50,10,5,2070,24
2995,495,12495,SE07,Kolkata Junction 7,06:54,06:08,13,6,1283,25
2996,496,12496,SW06,Hubballi Junction 6,09:05,09:07,9,7,1800,26
2997,497,12497,SR05,Chennai Junction 5,12:16,12:29,12,1,2170,27
2998,498,12498,WC04,Jabalpur Junction 4,15:27,15:36,3,2,1092,28
2999,499,12499,WR03,Mumbai Junction 3,18:38,18:44,13,3,1709,29
3000,500,12500,CR02,Mumbai Junction 2,21:49,21:56,7,4,350,30
3001,501,12501,ER01,Kolkata Junction 1,00:00,00:02,6,5,530,1
3002,502,12502,ER08,Kolkata Junction 8,03:11,03:16,15,6,1498,2
3003,503,12503,EC07,Hajipur Junction 7,06:22,06:31,4,7,1850,3
3004,504,12504,EC06,Bhubaneswar Junction 6,09:33,09:44,9,1,1025,4
3005,505,12505,NR05,New Delhi Junction 5,12:44,12:53,13,2,1584,5
3006,506,12506,NC04,Prayagraj Junction 4,15:55,15:03,11,3,2045,6
3007,507,12507,NE03,Gorakhpur Junction 3,18:06,18:12,14,4,1334,7
3008,508,12508,NF02,Guwahati Junction 2,21:17,21:21,15,5,1509,8
3009,509,12509,NW01,Jaipur Junction 1,00:28,00:35,5,6,2014,9
3010,510,12510,NW08,Jaipur Junction 8,03:39,03:52,2,7,1398,10
3011,511,12511,SC07,Secunderabad Junction 7,06:50,06:53,6,1,1249,11
3012,512,12512,SE06,Bilaspur Junction 6,09:01,09:06,9,2,945,12
3013,513,12513,SE05,Kolkata Junction 5,12:12,12:22,13,3,341,13
3014,514,12514,SW04,Hubballi Junction 4,15:23,15:36,5,4,73,14
3015,515,12515,SR03,Chennai Junction 3,18:34,18:42,6,5,405,15
3016,516,12516,WC02,Jabalpur Junction 2,21:45,21:52,14,6,1288,16
3017,517,12517,WR01,Mumbai Junction 1,00:56,00:08,4,7,166,17
3018,518,12518,WR08,Mumbai Junction 8,03:07,03:13,12,1,1948,18
3019,519,12519,CR07,Mumbai Junction 7,06:18,06:21,8,2,872,19
3020,520,12520,ER06,Kolkata Junction 6,09:29,09:41,4,3,1066,20
3021,521,12521,EC05,Hajipur Junction 5,12:40,12:53,8,4,1718,21
3022,522,12522,EC04,Bhubaneswar Junction 4,15:51,15:01,10,5,570,22
3023,523,12523,NR03,New Delhi Junction 3,18:02,18:17,5,6,2048,23
3024,524,12524,NC02,Prayagraj Junction 2,21:13,21:28,9,7,1911,24
3025,525,12525,NE01,Gorakhpur Junction 1,00:24,00:36,12,1,150,25
3026,526,12526,NE08,Gorakhpur Junction 8,03:35,03:38,2,2,66,26
3027,527,12527,NF07,Guwahati Junction 7,06:46,06:59,4,3,13,27
3028,528,12528,NW06,Jaipur Junction 6,09:57,09:12,5,4,1795,28
3029,529,12529,SC05,Secunderabad Junction 5,12:08,12:23,9,5,2038,29
3030,530,12530,SE04,Bilaspur Junction 4,15:19,15:34,4,6,322,30
3031,531,12531,SE03,Kolkata Junction 3,18:30,18:37,9,7,1729,1
3032,532,12532,SW02,Hubballi Junction 2,21:41,21:45,4,1,674,2
3033,533,12533,SR01,Chennai Junction 1,00:52,00:57,15,2,871,3
3034,534,12534,SR08,Chennai Junction 8,03:03,03:17,2,3,223,4
3035,535,12535,WC07,Jabalpur Junction 7,06:14,06:27,5,4,181,5
3036,536,12536,WR06,Mumbai Junction 6,09:25,09:35,4,5,134,6
3037,537,12537,CR05,Mumbai Junction 5,12:36,12:43,9,6,1160,7
3038,538,12538,ER04,Kolkata Junction 4,15:47,15:57,2,7,640,8
3039,539,12539,EC03,Hajipur Junction 3,18:58,18:04,6,1,1229,9
3040,540,12540,EC02,Bhubaneswar Junction 2,21:09,21:14,10,2,2058,10
3041,541,12541,NR01,New Delhi Junction 1,00:20,00:31,7,3,956,11
3042,542,12542,NR08,New Delhi Junction 8,03:31,03:41,12,4,663,12
3043,543,12543,NC07,Prayagraj Junction 7,06:42,06:44,11,5,1455,13
3044,544,12544,NE06,Gorakhpur Junction 6,09:53,09:56,10,6,157,14
3045,545,12545,NF05,Guwahati Junction 5,12:04,12:15,12,7,34,15
3046,546,12546,NW04,Jaipur Junction 4,15:15,15:27,3,1,583,16
3047,547,12547,SC03,Secunderabad Junction 3,18:26,18:37,6,2,2149,17
3048,548,12548,SE02,Bilaspur Junction 2,21:37,21:52,15,3,229,18
3049,549,12549,SE01,Kolkata Junction 1,00:48,00:52,4,4,1287,19
3050,550,12550,SE08,Kolkata Junction 8,03:59,03:07,12,5,620,20
3051,551,12551,SW07,Hubballi Junction 7,06:10,06:14,11,6,1357,21
3052,552,12552,SR06,Chennai Junction 6,09:21,09:32,6,7,1158,22
3053,553,12553,WC05,Jabalpur Junction 5,12:32,12:46,10,1,2051,23
3054,554,12554,WR04,Mumbai Junction 4,15:43,15:51,2,2,1672,24
3055,555,12555,CR03,Mumbai Junction 3,18:54,18:02,2,3,305,25
3056,556,12556,ER02,Kolkata Junction 2,21:05,21:11,4,4,1505,26
3057,557,12557,EC01,Hajipur Junction 1,00:16,00:26,6,5,186,27
3058,558,12558,EC08,Hajipur Junction 8,03:27,03:30,15,6,759,28
3059,559,12559,EC07,Bhubaneswar Junction 7,06:38,06:41,11,7,1913,29
3060,560,12560,NR06,New Delhi Junction 6,09:49,09:52,15,1,1594,30
3061,561,12561,NC05,Prayagraj Junction 5,12:00,12:05,12,2,923,1
3062,562,12562,NE04,Gorakhpur Junction 4,15:11,15:21,3,3,537,2
3063,563,12563,NF03,Guwahati Junction 3,18:22,18:34,13,4,24,3
3064,564,12564,NW02,Jaipur Junction 2,21:33,21:38,10,5,1992,4
3065,565,12565,SC01,Secunderabad Junction 1,00:44,00:55,11,6,855,5
3066,566,12566,SC08,Secunderabad Junction 8,03:55,03:57,12,7,1758,6
3067,567,12567,SE07,Bilaspur Junction 7,06:06,06:14,9,1,517,7
3068,568,12568,SE06,Kolkata Junction 6,09:17,09:25,5,2,925,8
3069,569,12569,SW05,Hubballi Junction 5,12:28,12:31,10,3,544,9
3070,570,12570,SR04,Chennai Junction 4,15:39,15:51,9,4,1971,10
3071,571,12571,WC03,Jabalpur Junction 3,18:50,18:55,5,5,534,11
3072,572,12572,WR02,Mumbai Junction 2,21:01,21:11,3,6,1509,12
3073,573,12573,CR01,Mumbai Junction 1,00:12,00:25,11,7,296,13
3074,574,12574,CR08,Mumbai Junction 8,03:23,03:31,9,1,860,14
3075,575,12575,ER07,Kolkata Junction 7,06:34,06:42,12,2,1836,15
3076,576,12576,EC06,Hajipur Junction 6,09:45,09:51,6,3,457,16
3077,577,12577,EC05,Bhubaneswar Junction 5,12:56,12:03,9,4,1569,17
3078,578,12578,NR04,New Delhi Junction 4,15:07,15:12,5,5,73,18
3079,579,12579,NC03,Prayagraj Junction 3,18:18,18:21,2,6,456,19
3080,580,12580,NE02,Gorakhpur Junction 2,21:29,21:40,12,7,2140,20
3081,581,12581,NF01,Guwahati Junction 1,00:40,00:49,8,1,1978,21
3082,582,12582,NF08,Guwahati Junction 8,03:51,03:55,10,2,1799,22
3083,583,12583,NW07,Jaipur Junction 7,06:02,06:11,5,3,1365,23
3084,584,12584,SC06,Secunderabad Junction 6,09:13,09:28,5,4,1239,24
3085,585,12585,SE05,Bilaspur Junction 5,12:24,12:26,5,5,1687,25
3086,586,12586,SE04,Kolkata Junction 4,15:35,15:43,4,6,737,26
3087,587,12587,SW03,Hubballi Junction 3,18:46,18:49,12,7,2074,27
3088,588,12588,SR02,Chennai Junction 2,21:57,21:00,5,1,1885,28
3089,589,12589,WC01,Jabalpur Junction 1,00:08,00:22,12,2,1573,29
3090,590,12590,WC08,Jabalpur Junction 8,03:19,03:33,7,3,1968,30
3091,591,12591,WR07,Mumbai Junction 7,06:30,06:44,5,4,160,1
3092,592,12592,CR06,Mumbai Junction 6,09:41,09:50,12,5,1869,2
3093,593,12593,ER05,Kolkata Junction 5,12:52,12:55,7,6,1689,3
3094,594,12594,EC04,Hajipur Junction 4,15:03,15:05,12,7,641,4
3095,595,12595,EC03,Bhubaneswar Junction 3,18:14,18:16,5,1,1632,5
3096,596,12596,NR02,New Delhi Junction 2,21:25,21:39,3,2,1020,6
3097,597,12597,NC01,Prayagraj Junction 1,00:36,00:40,11,3,1717,7
3098,598,12598,NC08,Prayagraj Junction 8,03:47,03:02,6,4,658,8
3099,599,12599,NE07,Gorakhpur Junction 7,06:58,06:04,12,5,979,9
3100,600,12600,NF06,Guwahati Junction 6,09:09,09:11,15,6,229,10
3101,601,12601,NW05,Jaipur Junction 5,12:20,12:34,4,7,1183,11
3102,602,12602,SC04,Secunderabad Junction 4,15:31,15:37,11,1,886,12
3103,603,12603,SE03,Bilaspur Junction 3,18:42,18:49,8,2,2135,13
3104,604,12604,SE02,Kolkata Junction 2,21:53,21:58,5,3,145,14
3105,605,12605,SW01,Hubballi Junction 1,00:04,00:16,11,4,1339,15
3106,606,12606,SW08,Hubballi Junction 8,03:15,03:17,13,5,1780,16
3107,607,12607,SR07,Chennai Junction 7,06:26,06:41,15,6,578,17
3108,608,12608,WC06,Jabalpur Junction 6,09:37,09:48,7,7,1311,18
3109,609,12609,WR05,Mumbai Junction 5,12:48,12:54,11,1,2096,19
3110,610,12610,CR04,Mumbai Junction 4,15:59,15:10,14,2,2049,20
3111,611,12611,ER03,Kolkata Junction 3,18:10,18:13,15,3,1800,21
3112,612,12612,EC02,Hajipur Junction 2,21:21,21:28,10,4,1357,22
3113,613,12613,EC01,Bhubaneswar Junction 1,00:32,00:45,13,5,225,23
3114,614,12614,EC08,Bhubaneswar Junction 8,03:43,03:45,5,6,1159,24
3115,615,12615,NR07,New Delhi Junction 7,06:54,06:07,11,7,298,25
3116,616,12616,NC06,Prayagraj Junction 6,09:05,09:17,8,1,811,26
3117,617,12617,NE05,Gorakhpur Junction 5,12:16,12:28,6,2,1361,27
3118,618,12618,NF04,Guwahati Junction 4,15:27,15:31,7,3,1227,28
3119,619,12619,NW03,Jaipur Junction 3,18:38,18:48,14,4,638,29
3120,620,12620,SC02,Secunderabad Junction 2,21:49,21:03,13,5,791,30
3121,621,12621,SE01,Bilaspur Junction 1,00:00,00:03,5,6,1447,1
3122,622,12622,SE08,Bilaspur Junction 8,03:11,03:24,10,7,1594,2
3123,623,12623,SE07,Kolkata Junction 7,06:22,06:25,9,1,1922,3
3124,624,12624,SW06,Hubballi Junction 6,09:33,09:40,14,2,272,4
3125,625,12625,SR05,Chennai Junction 5,12:44,12:59,12,3,1377,5
3126,626,12626,WC04,Jabalpur Junction 4,15:55,15:05,15,4,829,6
3127,627,12627,WR03,Mumbai Junction 3,18:06,18:10,14,5,226,7
3128,628,12628,CR02,Mumbai Junction 2,21:17,21:28,5,6,2044,8
3129,629,12629,ER01,Kolkata Junction 1,00:28,00:43,8,7,1173,9
3130,630,12630,ER08,Kolkata Junction 8,03:39,03:47,7,1,2061,10
3131,631,12631,EC07,Hajipur Junction 7,06:50,06:56,15,2,1430,11
3132,632,12632,EC06,Bhubaneswar Junction 6,09:01,09:16,10,3,1801,12
3133,633,12633,NR05,New Delhi Junction 5,12:12,12:20,8,4,566,13
3134,634,12634,NC04,Prayagraj Junction 4,15:23,15:27,2,5,843,14
3135,635,12635,NE03,Gorakhpur Junction 3,18:34,18:49,15,6,1518,15
3136,636,12636,NF02,Guwahati Junction 2,21:45,21:52,9,7,1664,16
3137,637,12637,NW01,Jaipur Junction 1,00:56,00:58,14,1,1914,17
3138,638,12638,NW08,Jaipur Junction 8,03:07,03:22,3,2,2084,18
3139,639,12639,SC07,Secunderabad Junction 7,06:18,06:28,9,3,394,19
3140,640,12640,SE06,Bilaspur Junction 6,09:29,09:37,7,4,2172,20
3141,641,12641,SE05,Kolkata Junction 5,12:40,12:46,5,5,2082,21
3142,642,12642,SW04,Hubballi Junction 4,15:51,15:55,14,6,2119,22
3143,643,12643,SR03,Chennai Junction 3,18:02,18:08,11,7,1752,23
3144,644,12644,WC02,Jabalpur Junction 2,21:13,21:22,11,1,290,24
3145,645,12645,WR01,Mumbai Junction 1,00:24,00:33,9,2,1246,25
3146,646,12646,WR08,Mumbai Junction 8,03:35,03:50,13,3,1326,26
3147,647,12647,CR07,Mumbai Junction 7,06:46,06:53,7,4,44,27
3148,648,12648,ER06,Kolkata Junction 6,09:57,09:06,5,5,1949,28
3149,649,12649,EC05,Hajipur Junction 5,12:08,12:20,14,6,2190,29
3150,650,12650,EC04,Bhubaneswar Junction 4,15:19,15:26,7,7,1337,30
3151,651,12651,NR03,New Delhi Junction 3,18:30,18:38,5,1,1555,1
3152,652,12652,NC02,Prayagraj Junction 2,21:41,21:49,15,2,483,2
3153,653,12653,NE01,Gorakhpur Junction 1,00:52,00:00,9,3,1997,3
3154,654,12654,NE08,Gorakhpur Junction 8,03:03,03:13,2,4,743,4
3155,655,12655,NF07,Guwahati Junction 7,06:14,06:28,5,5,749,5
3156,656,12656,NW06,Jaipur Junction 6,09:25,09:29,12,6,306,6
3157,657,12657,SC05,Secunderabad Junction 5,12:36,12:43,11,7,1970,7
3158,658,12658,SE04,Bilaspur Junction 4,15:47,15:52,6,1,259,8
3159,659,12659,SE03,Kolkata Junction 3,18:58,18:06,15,2,669,9
3160,660,12660,SW02,Hubballi Junction 2,21:09,21:14,7,3,1971,10
3161,661,12661,SR01,Chennai Junction 1,00:20,00:29,10,4,1717,11
3162,662,12662,SR08,Chennai Junction 8,03:31,03:43,10,5,1234,12
3163,663,12663,WC07,Jabalpur Junction 7,06:42,06:51,4,6,911,13
3164,664,12664,WR06,Mumbai Junction 6,09:53,09:06,2,7,1821,14
3165,665,12665,CR05,Mumbai Junction 5,12:04,12:13,6,1,250,15
3166,666,12666,ER04,Kolkata Junction 4,15:15,15:27,2,2,1194,16
3167,667,12667,EC03,Hajipur Junction 3,18:26,18:30,14,3,401,17
3168,668,12668,EC02,Bhubaneswar Junction 2,21:37,21:50,10,4,90,18
3169,669,12669,NR01,New Delhi Junction 1,00:48,00:00,14,5,487,19
3170,670,12670,NR08,New Delhi Junction 8,03:59,03:14,13,6,1632,20
3171,671,12671,NC07,Prayagraj Junction 7,06:10,06:16,3,7,944,21
3172,672,12672,NE06,Gorakhpur Junction 6,09:21,09:34,10,1,1424,22
3173,673,12673,NF05,Guwahati Junction 5,12:32,12:44,6,2,82,23
3174,674,12674,NW04,Jaipur Junction 4,15:43,15:57,10,3,1244,24
3175,675,12675,SC03,Secunderabad Junction 3,18:54,18:04,13,4,1692,25
3176,676,12676,SE02,Bilaspur Junction 2,21:05,21:16,12,5,634,26
3177,677,12677,SE01,Kolkata Junction 1,00:16,00:27,15,6,516,27
3178,678,12678,SE08,Kolkata Junction 8,03:27,03:36,11,7,1136,28
3179,679,12679,SW07,Hubballi Junction 7,06:38,06:53,7,1,479,29
3180,680,12680,SR06,Chennai Junction 6,09:49,09:52,13,2,1509,30
3181,681,12681,WC05,Jabalpur Junction 5,12:00,12:10,8,3,901,1
3182,682,12682,WR04,Mumbai Junction 4,15:11,15:26,11,4,2123,2
3183,683,12683,CR03,Mumbai Junction 3,18:22,18:35,12,5,1218,3
3184,684,12684,ER02,Kolkata Junction 2,21:33,21:38,11,6,1575,4
3185,685,12685,EC01,Hajipur Junction 1,00:44,00:53,2,7,2112,5
3186,686,12686,EC08,Hajipur Junction 8,03:55,03:08,6,1,1085,6
3187,687,12687,EC07,Bhubaneswar Junction 7,06:06,06:09,15,2,507,7
3188,688,12688,NR06,New Delhi Junction 6,09:17,09:24,7,3,578,8
3189,689,12689,NC05,Prayagraj Junction 5,12:28,12:38,15,4,1881,9
3190,690,12690,NE04,Gorakhpur Junction 4,15:39,15:48,3,5,1899,10
3191,691,12691,NF03,Guwahati Junction 3,18:50,18:55,14,6,869,11
3192,692,12692,NW02,Jaipur Junction 2,21:01,21:10,8,7,1002,12
3193,693,12693,SC01,Secunderabad Junction 1,00:12,00:16,9,1,886,13
3194,694,12694,SC08,Secunderabad Junction 8,03:23,03:36,8,2,2122,14
3195,695,12695,SE07,Bilaspur Junction 7,06:34,06:40,6,3,80,15
3196,696,12696,SE06,Kolkata Junction 6,09:45,09:57,3,4,627,16
3197,697,12697,SW05,Hubballi Junction 5,12:56,12:10,10,5,1229,17
3198,698,12698,SR04,Chennai Junction 4,15:07,15:20,12,6,1950,18
3199,699,12699,WC03,Jabalpur Junction 3,18:18,18:29,8,7,287,19
3200,700,12700,WR02,Mumbai Junction 2,21:29,21:36,11,1,557,20
3201,701,12701,CR01,Mumbai Junction 1,00:40,00:51,3,2,132,21
3202,702,12702,CR08,Mumbai Junction 8,03:51,03:58,5,3,1918,22
3203,703,12703,ER07,Kolkata Junction 7,06:02,06:09,7,4,887,23
3204,704,12704,EC06,Hajipur Junction 6,09:13,09:19,14,5,1626,24
3205,705,12705,EC05,Bhubaneswar Junction 5,12:24,12:28,5,6,178,25
3206,706,12706,NR04,New Delhi Junction 4,15:35,15:40,11,7,2058,26
3207,707,12707,NC03,Prayagraj Junction 3,18:46,18:54,3,1,104,27
3208,708,12708,NE02,Gorakhpur Junction 2,21:57,21:04,5,2,1268,28
3209,709,12709,NF01,Guwahati Junction 1,00:08,00:11,5,3,1222,29
3210,710,12710,NF08,Guwahati Junction 8,03:19,03:24,7,4,488,30
3211,711,12711,NW07,Jaipur Junction 7,06:30,06:32,6,5,725,1
3212,712,12712,SC06,Secunderabad Junction 6,09:41,09:55,14,6,949,2
3213,713,12713,SE05,Bilaspur Junction 5,12:52,12:58,7,7,1337,3
3214,714,12714,SE04,Kolkata Junction 4,15:03,15:10,12,1,2121,4
3215,715,12715,SW03,Hubballi Junction 3,18:14,18:21,3,2,265,5
3216,716,12716,SR02,Chennai Junction 2,21:25,21:39,7,3,719,6
3217,717,12717,WC01,Jabalpur Junction 1,00:36,00:46,15,4,934,7
3218,718,12718,WC08,Jabalpur Junction 8,03:47,03:53,14,5,182,8
3219,719,12719,WR07,Mumbai Junction 7,06:58,06:11,9,6,44,9
3220,720,12720,CR06,Mumbai Junction 6,09:09,09:14,11,7,1656,10
3221,721,12721,ER05,Kolkata Junction 5,12:20,12:24,11,1,2176,11
3222,722,12722,EC04,Hajipur Junction 4,15:31,15:42,11,2,425,12
3223,723,12723,EC03,Bhubaneswar Junction 3,18:42,18:52,11,3,243,13
3224,724,12724,NR02,New Delhi Junction 2,21:53,21:59,14,4,2197,14
3225,725,12725,NC01,Prayagraj Junction 1,00:04,00:08,12,5,1103,15
3226,726,12726,NC08,Prayagraj Junction 8,03:15,03:25,9,6,1907,16
3227,727,12727,NE07,Gorakhpur Junction 7,06:26,06:34,10,7,1472,17
3228,728,12728,NF06,Guwahati Junction 6,09:37,09:46,14,1,522,18
3229,729,12729,NW05,Jaipur Junction 5,12:48,12:03,11,2,2112,19
3230,730,12730,SC04,Secunderabad Junction 4,15:59,15:06,8,3,94,20
3231,731,12731,SE03,Bilaspur Junction 3,18:10,18:24,13,4,651,21
3232,732,12732,SE02,Kolkata Junction 2,21:21,21:23,11,5,1479,22
3233,733,12733,SW01,Hubballi Junction 1,00:32,00:41,4,6,2020,23
3234,734,12734,SW08,Hubballi Junction 8,03:43,03:51,12,7,1890,24
3235,735,12735,SR07,Chennai Junction 7,06:54,06:03,3,1,1952,25
3236,736,12736,WC06,Jabalpur Junction 6,09:05,09:16,14,2,1347,26
3237,737,12737,WR05,Mumbai Junction 5,12:16,12:30,14,3,474,27
3238,738,12738,CR04,Mumbai Junction 4,15:27,15:31,4,4,1759,28
3239,739,12739,ER03,Kolkata Junction 3,18:38,18:43,8,5,1733,29
3240,740,12740,EC02,Hajipur Junction 2,21:49,21:57,2,6,795,30
3241,741,12741,EC01,Bhubaneswar Junction 1,00:00,00:03,7,7,1620,1
3242,742,12742,EC08,Bhubaneswar Junction 8,03:11,03:20,11,1,234,2
3243,743,12743,NR07,New Delhi Junction 7,06:22,06:34,7,2,631,3
3244,744,12744,NC06,Prayagraj Junction 6,09:33,09:44,3,3,1096,4
3245,745,12745,NE05,Gorakhpur Junction 5,12:44,12:51,4,4,2094,5
3246,746,12746,NF04,Guwahati Junction 4,15:55,15:02,2,5,974,6
3247,747,12747,NW03,Jaipur Junction 3,18:06,18:21,11,6,1400,7
3248,748,12748,SC02,Secunderabad Junction 2,21:17,21:31,3,7,1210,8
3249,749,12749,SE01,Bilaspur Junction 1,00:28,00:34,11,1,1876,9
3250,750,12750,SE08,Bilaspur Junction 8,03:39,03:42,4,2,2099,10
3251,751,12751,SE07,Kolkata Junction 7,06:50,06:58,6,3,334,11
3252,752,12752,SW06,Hubballi Junction 6,09:01,09:07,2,4,490,12
3253,753,12753,SR05,Chennai Junction 5,12:12,12:16,3,5,2131,13
3254,754,12754,WC04,Jabalpur Junction 4,15:23,15:36,15,6,529,14
3255,755,12755,WR03,Mumbai Junction 3,18:34,18:40,5,7,1228,15
3256,756,12756,CR02,Mumbai Junction 2,21:45,21:49,5,1,2144,16
3257,757,12757,ER01,Kolkata Junction 1,00:56,00:02,12,2,503,17
3258,758,12758,ER08,Kolkata Junction 8,03:07,03:22,11,3,1895,18
3259,759,12759,EC07,Hajipur Junction 7,06:18,06:27,14,4,797,19
3260,760,12760,EC06,Bhubaneswar Junction 6,09:29,09:37,2,5,375,20
3261,761,12761,NR05,New Delhi Junction 5,12:40,12:52,6,6,224,21
3262,762,12762,NC04,Prayagraj Junction 4,15:51,15:57,6,7,1577,22
3263,763,12763,NE03,Gorakhpur Junction 3,18:02,18:05,2,1,1593,23
3264,764,12764,NF02,Guwahati Junction 2,21:13,21:16,7,2,1502,24
3265,765,12765,NW01,Jaipur Junction 1,00:24,00:33,3,3,1588,25
3266,766,12766,NW08,Jaipur Junction 8,03:35,03:37,5,4,240,26
3267,767,12767,SC07,Secunderabad Junction 7,06:46,06:55,11,5,1429,27
3268,768,12768,SE06,Bilaspur Junction 6,09:57,09:00,6,6,321,28
3269,769,12769,SE05,Kolkata Junction 5,12:08,12:14,5,7,1628,29
3270,770,12770,SW04,Hubballi Junction 4,15:19,15:31,13,1,440,30
3271,771,12771,SR03,Chennai Junction 3,18:30,18:32,2,2,1855,1
3272,772,12772,WC02,Jabalpur Junction 2,21:41,21:55,4,3,1927,2
3273,773,12773,WR01,Mumbai Junction 1,00:52,00:01,4,4,688,3
3274,774,12774,WR08,Mumbai Junction 8,03:03,03:08,12,5,414,4
3275,775,12775,CR07,Mumbai Junction 7,06:14,06:18,12,6,664,5
3276,776,12776,ER06,Kolkata Junction 6,09:25,09:30,13,7,2049,6
3277,777,12777,EC05,Hajipur Junction 5,12:36,12:45,13,1,1850,7
3278,778,12778,EC04,Bhubaneswar Junction 4,15:47,15:57,13,2,19,8
3279,779,12779,NR03,New Delhi Junction 3,18:58,18:00,14,3,308,9
3280,780,12780,NC02,Prayagraj Junction 2,21:09,21:21,7,4,1733,10
3281,781,12781,NE01,Gorakhpur Junction 1,00:20,00:31,3,5,741,11
3282,782,12782,NE08,Gorakhpur Junction 8,03:31,03:42,14,6,1770,12
3283,783,12783,NF07,Guwahati Junction 7,06:42,06:56,15,7,1967,13
3284,784,12784,NW06,Jaipur Junction 6,09:53,09:03,6,1,1117,14
3285,785,12785,SC05,Secunderabad Junction 5,12:04,12:17,7,2,1827,15
3286,786,12786,SE04,Bilaspur Junction 4,15:15,15:26,4,3,2025,16
3287,787,12787,SE03,Kolkata Junction 3,18:26,18:39,10,4,427,17
3288,788,12788,SW02,Hubballi Junction 2,21:37,21:42,13,5,38,18
3289,789,12789,SR01,Chennai Junction 1,00:48,00:56,10,6,511,19
3290,790,12790,SR08,Chennai Junction 8,03:59,03:13,9,7,145,20
3291,791,12791,WC07,Jabalpur Junction 7,06:10,06:16,7,1,490,21
3292,792,12792,WR06,Mumbai Junction 6,09:21,09:36,7,2,1103,22
3293,793,12793,CR05,Mumbai Junction 5,12:32,12:41,5,3,1249,23
3294,794,12794,ER04,Kolkata Junction 4,15:43,15:49,2,4,897,24
3295,795,12795,EC03,Hajipur Junction 3,18:54,18:04,3,5,1714,25
3296,796,12796,EC02,Bhubaneswar Junction 2,21:05,21:16,6,6,1302,26
3297,797,12797,NR01,New Delhi Junction 1,00:16,00:22,11,7,338,27
3298,798,12798,NR08,New Delhi Junction 8,03:27,03:37,2,1,36,28
3299,799,12799,NC07,Prayagraj Junction 7,06:38,06:43,4,2,1079,29
3300,800,12800,NE06,Gorakhpur Junction 6,09:49,09:53,5,3,215,30
3301,801,12801,NF05,Guwahati Junction 5,12:00,12:14,12,4,478,1
3302,802,12802,NW04,Jaipur Junction 4,15:11,15:14,13,5,1470,2
3303,803,12803,SC03,Secunderabad Junction 3,18:22,18:36,4,6,789,3
3304,804,12804,SE02,Bilaspur Junction 2,21:33,21:36,7,7,357,4
3305,805,12805,SE01,Kolkata Junction 1,00:44,00:46,9,1,2153,5
3306,806,12806,SE08,Kolkata Junction 8,03:55,03:06,12,2,1786,6
3307,807,12807,SW07,Hubballi Junction 7,06:06,06:21,3,3,551,7
3308,808,12808,SR06,Chennai Junction 6,09:17,09:27,13,4,1702,8
3309,809,12809,WC05,Jabalpur Junction 5,12:28,12:40,6,5,802,9
3310,810,12810,WR04,Mumbai Junction 4,15:39,15:42,6,6,343,10
3311,811,12811,CR03,Mumbai Junction 3,18:50,18:05,3,7,799,11
3312,812,12812,ER02,Kolkata Junction 2,21:01,21:15,15,1,828,12
3313,813,12813,EC01,Hajipur Junction 1,00:12,00:20,9,2,1808,13
3314,814,12814,EC08,Hajipur Junction 8,03:23,03:35,9,3,817,14
3315,815,12815,EC07,Bhubaneswar Junction 7,06:34,06:41,11,4,1837,15
3316,816,12816,NR06,New Delhi Junction 6,09:45,09:48,12,5,1057,16
3317,817,12817,NC05,Prayagraj Junction 5,12:56,12:00,3,6,741,17
3318,818,12818,NE04,Gorakhpur Junction 4,15:07,15:12,3,7,645,18
3319,819,12819,NF03,Guwahati Junction 3,18:18,18:31,12,1,459,19
3320,820,12820,NW02,Jaipur Junction 2,21:29,21:40,8,2,1643,20
3321,821,12821,SC01,Secunderabad Junction 1,00:40,00:45,2,3,688,21
3322,822,12822,SC08,Secunderabad Junction 8,03:51,03:06,9,4,119,22
3323,823,12823,SE07,Bilaspur Junction 7,06:02,06:17,13,5,1196,23
3324,824,12824,SE06,Kolkata Junction 6,09:13,09:25,4,6,1301,24
3325,825,12825,SW05,Hubballi Junction 5,12:24,12:38,8,7,85,25
3326,826,12826,SR04,Chennai Junction 4,15:35,15:47,12,1,1627,26
3327,827,12827,WC03,Jabalpur Junction 3,18:46,18:57,3,2,251,27
3328,828,12828,WR02,Mumbai Junction 2,21:57,21:10,13,3,172,28
3329,829,12829,CR01,Mumbai Junction 1,00:08,00:18,9,4,770,29
3330,830,12830,CR08,Mumbai Junction 8,03:19,03:30,14,5,1807,30
3331,831,12831,ER07,Kolkata Junction 7,06:30,06:34,8,6,2058,1
3332,832,12832,EC06,Hajipur Junction 6,09:41,09:46,13,7,1079,2
3333,833,12833,EC05,Bhubaneswar Junction 5,12:52,12:01,5,1,2022,3
3334,834,12834,NR04,New Delhi Junction 4,15:03,15:12,10,2,1017,4
3335,835,12835,NC03,Prayagraj Junction 3,18:14,18:17,12,3,722,5
3336,836,12836,NE02,Gorakhpur Junction 2,21:25,21:30,12,4,439,6
3337,837,12837,NF01,Guwahati Junction 1,00:36,00:47,8,5,1759,7
3338,838,12838,NF08,Guwahati Junction 8,03:47,03:49,12,6,504,8
3339,839,12839,NW07,Jaipur Junction 7,06:58,06:12,6,7,15,9
3340,840,12840,SC06,Secunderabad Junction 6,09:09,09:17,2,1,592,10
3341,841,12841,SE05,Bilaspur Junction 5,12:20,12:32,9,2,1559,11
3342,842,12842,SE04,Kolkata Junction 4,15:31,15:45,8,3,1196,12
3343,843,12843,SW03,Hubballi Junction 3,18:42,18:44,6,4,1593,13
3344,844,12844,SR02,Chennai Junction 2,21:53,21:55,7,5,300,14
3345,845,12845,WC01,Jabalpur Junction 1,00:04,00:18,9,6,1417,15
3346,846,12846,WC08,Jabalpur Junction 8,03:15,03:26,5,7,109,16
3347,847,12847,WR07,Mumbai Junction 7,06:26,06:33,4,1,708,17
3348,848,12848,CR06,Mumbai Junction 6,09:37,09:43,12,2,703,18
3349,849,12849,ER05,Kolkata Junction 5,12:48,12:52,15,3,107,19
3350,850,12850,EC04,Hajipur Junction 4,15:59,15:03,6,4,137,20
3351,851,12851,EC03,Bhubaneswar Junction 3,18:10,18:24,6,5,1720,21
3352,852,12852,NR02,New Delhi Junction 2,21:21,21:24,9,6,278,22
3353,853,12853,NC01,Prayagraj Junction 1,00:32,00:37,7,7,1897,23
3354,854,12854,NC08,Prayagraj Junction 8,03:43,03:49,12,1,201,24
3355,855,12855,NE07,Gorakhpur Junction 7,06:54,06:59,10,2,1030,25
3356,856,12856,NF06,Guwahati Junction 6,09:05,09:14,11,3,169,26
3357,857,12857,NW05,Jaipur Junction 5,12:16,12:27,14,4,1685,27
3358,858,12858,SC04,Secunderabad Junction 4,15:27,15:32,6,5,2115,28
3359,859,12859,SE03,Bilaspur Junction 3,18:38,18:51,15,6,2009,29
3360,860,12860,SE02,Kolkata Junction 2,21:49,21:57,3,7,502,30
3361,861,12861,SW01,Hubballi Junction 1,00:00,00:06,13,1,607,1
3362,862,12862,SW08,Hubballi Junction 8,03:11,03:18,13,2,359,2
3363,863,12863,SR07,Chennai Junction 7,06:22,06:33,9,3,2165,3
3364,864,12864,WC06,Jabalpur Junction 6,09:33,09:41,9,4,1870,4
3365,865,12865,WR05,Mumbai Junction 5,12:44,12:59,12,5,1535,5
3366,866,12866,CR04,Mumbai Junction 4,15:55,15:09,15,6,1616,6
3367,867,12867,ER03,Kolkata Junction 3,18:06,18:12,10,7,519,7
3368,868,12868,EC02,Hajipur Junction 2,21:17,21:26,8,1,2172,8
3369,869,12869,EC01,Bhubaneswar Junction 1,00:28,00:37,15,2,1777,9
3370,870,12870,EC08,Bhubaneswar Junction 8,03:39,03:52,4,3,1705,10
3371,871,12871,NR07,New Delhi Junction 7,06:50,06:55,10,4,1069,11
3372,872,12872,NC06,Prayagraj Junction 6,09:01,09:06,15,5,1925,12
3373,873,12873,NE05,Gorakhpur Junction 5,12:12,12:22,2,6,403,13
3374,874,12874,NF04,Guwahati Junction 4,15:23,15:28,15,7,888,14
3375,875,12875,NW03,Jaipur Junction 3,18:34,18:36,10,1,2090,15
3376,876,12876,SC02,Secunderabad Junction 2,21:45,21:54,8,2,386,16
3377,877,12877,SE01,Bilaspur Junction 1,00:56,00:10,3,3,2053,17
3378,878,12878,SE08,Bilaspur Junction 8,03:07,03:12,3,4,767,18
3379,879,12879,SE07,Kolkata Junction 7,06:18,06:20,2,5,410,19
3380,880,12880,SW06,Hubballi Junction 6,09:29,09:40,13,6,545,20
3381,881,12881,SR05,Chennai Junction 5,12:40,12:51,6,7,952,21
3382,882,12882,WC04,Jabalpur Junction 4,15:51,15:57,14,1,1126,22
3383,883,12883,WR03,Mumbai Junction 3,18:02,18:11,14,2,1445,23
3384,884,12884,CR02,Mumbai Junction 2,21:13,21:17,4,3,749,24
3385,885,12885,ER01,Kolkata Junction 1,00:24,00:27,11,4,1089,25
3386,886,12886,ER08,Kolkata Junction 8,03:35,03:37,7,5,1825,26
3387,887,12887,EC07,Hajipur Junction 7,06:46,06:00,15,6,2029,27
3388,888,12888,EC06,Bhubaneswar Junction 6,09:57,09:07,14,7,2104,28
3389,889,12889,NR05,New Delhi Junction 5,12:08,12:18,7,1,2125,29
3390,890,12890,NC04,Prayagraj Junction 4,15:19,15:26,4,2,233,30
3391,891,12891,NE03,Gorakhpur Junction 3,18:30,18:39,2,3,260,1
3392,892,12892,NF02,Guwahati Junction 2,21:41,21:46,9,4,1051,2
3393,893,12893,NW01,Jaipur Junction 1,00:52,00:01,9,5,2187,3
3394,894,12894,NW08,Jaipur Junction 8,03:03,03:08,8,6,1348,4
3395,895,12895,SC07,Secunderabad Junction 7,06:14,06:19,4,7,102,5
3396,896,12896,SE06,Bilaspur Junction 6,09:25,09:31,5,1,430,6
3397,897,12897,SE05,Kolkata Junction 5,12:36,12:41,11,2,1820,7
3398,898,12898,SW04,Hubballi Junction 4,15:47,15:56,2,3,1619,8
3399,899,12899,SR03,Chennai Junction 3,18:58,18:02,2,4,1250,9
3400,900,12900,WC02,Jabalpur Junction 2,21:09,21:16,6,5,2127,10
3401,901,12901,WR01,Mumbai Junction 1,00:20,00:23,2,6,1292,11
3402,902,12902,WR08,Mumbai Junction 8,03:31,03:38,13,7,88,12
3403,903,12903,CR07,Mumbai Junction 7,06:42,06:49,4,1,90,13
3404,904,12904,ER06,Kolkata Junction 6,09:53,09:01,12,2,346,14
3405,905,12905,EC05,Hajipur Junction 5,12:04,12:17,9,3,1057,15
3406,906,12906,EC04,Bhubaneswar Junction 4,15:15,15:29,6,4,440,16
3407,907,12907,NR03,New Delhi Junction 3,18:26,18:39,3,5,1918,17
3408,908,12908,NC02,Prayagraj Junction 2,21:37,21:50,15,6,1012,18
3409,909,12909,NE01,Gorakhpur Junction 1,00:48,00:58,14,7,289,19
3410,910,12910,NE08,Gorakhpur Junction 8,03:59,03:05,8,1,1380,20
3411,911,12911,NF07,Guwahati Junction 7,06:10,06:21,14,2,1076,21
3412,912,12912,NW06,Jaipur Junction 6,09:21,09:25,4,3,1761,22
3413,913,12913,SC05,Secunderabad Junction 5,12:32,12:40,10,4,1238,23
3414,914,12914,SE04,Bilaspur Junction 4,15:43,15:56,5,5,375,24
3415,915,12915,SE03,Kolkata Junction 3,18:54,18:06,8,6,1794,25
3416,916,12916,SW02,Hubballi Junction 2,21:05,21:08,5,7,2112,26
3417,917,12917,SR01,Chennai Junction 1,00:16,00:29,2,1,1797,27
3418,918,12918,SR08,Chennai Junction 8,03:27,03:29,3,2,1975,28
3419,919,12919,WC07,Jabalpur Junction 7,06:38,06:41,6,3,297,29
3420,920,12920,WR06,Mumbai Junction 6,09:49,09:59,2,4,632,30
3421,921,12921,CR05,Mumbai Junction 5,12:00,12:06,11,5,1092,1
3422,922,12922,ER04,Kolkata Junction 4,15:11,15:15,8,6,1009,2
3423,923,12923,EC03,Hajipur Junction 3,18:22,18:28,9,7,717,3
3424,924,12924,EC02,Bhubaneswar Junction 2,21:33,21:39,12,1,553,4
3425,925,12925,NR01,New Delhi Junction 1,00:44,00:50,3,2,1535,5
3426,926,12926,NR08,New Delhi Junction 8,03:55,03:06,11,3,370,6
3427,927,12927,NC07,Prayagraj Junction 7,06:06,06:14,6,4,1680,7
3428,928,12928,NE06,Gorakhpur Junction 6,09:17,09:23,7,5,999,8
3429,929,12929,NF05,Guwahati Junction 5,12:28,12:40,11,6,1803,9
3430,930,12930,NW04,Jaipur Junction 4,15:39,15:46,13,7,1916,10
3431,931,12931,SC03,Secunderabad Junction 3,18:50,18:59,11,1,2001,11
3432,932,12932,SE02,Bilaspur Junction 2,21:01,21:14,5,2,1575,12
3433,933,12933,SE01,Kolkata Junction 1,00:12,00:20,4,3,817,13
3434,934,12934,SE08,Kolkata Junction 8,03:23,03:38,15,4,1730,14
3435,935,12935,SW07,Hubballi Junction 7,06:34,06:49,10,5,1666,15
3436,936,12936,SR06,Chennai Junction 6,09:45,09:49,6,6,379,16
3437,937,12937,WC05,Jabalpur Junction 5,12:56,12:11,10,7,2051,17
3438,938,12938,WR04,Mumbai Junction 4,15:07,15:14,7,1,1486,18
3439,939,12939,CR03,Mumbai Junction 3,18:18,18:27,7,2,698,19
3440,940,12940,ER02,Kolkata Junction 2,21:29,21:38,3,3,413,20
3441,941,12941,EC01,Hajipur Junction 1,00:40,00:42,4,4,437,21
3442,942,12942,EC08,Hajipur Junction 8,03:51,03:54,2,5,1803,22
3443,943,12943,EC07,Bhubaneswar Junction 7,06:02,06:06,9,6,216,23
3444,944,12944,NR06,New Delhi Junction 6,09:13,09:28,5,7,1648,24
3445,945,12945,NC05,Prayagraj Junction 5,12:24,12:34,12,1,1384,25
3446,946,12946,NE04,Gorakhpur Junction 4,15:35,15:44,12,2,1793,26
3447,947,12947,NF03,Guwahati Junction 3,18:46,18:53,15,3,2172,27
3448,948,12948,NW02,Jaipur Junction 2,21:57,21:09,15,4,232,28
3449,949,12949,SC01,Secunderabad Junction 1,00:08,00:17,11,5,2040,29
3450,950,12950,SC08,Secunderabad Junction 8,03:19,03:22,13,6,169,30
3451,951,12951,SE07,Bilaspur Junction 7,06:30,06:37,11,7,640,1
3452,952,12952,SE06,Kolkata Junction 6,09:41,09:54,15,1,349,2
3453,953,12953,SW05,Hubballi Junction 5,12:52,12:57,3,2,1562,3
3454,954,12954,SR04,Chennai Junction 4,15:03,15:17,10,3,290,4
3455,955,12955,WC03,Jabalpur Junction 3,18:14,18:18,2,4,1077,5
3456,956,12956,WR02,Mumbai Junction 2,21:25,21:37,4,5,1864,6
3457,957,12957,CR01,Mumbai Junction 1,00:36,00:41,9,6,1468,7
3458,958,12958,CR08,Mumbai Junction 8,03:47,03:56,8,7,741,8
3459,959,12959,ER07,Kolkata Junction 7,06:58,06:06,5,1,647,9
3460,960,12960,EC06,Hajipur Junction 6,09:09,09:21,14,2,1868,10
3461,961,12961,EC05,Bhubaneswar Junction 5,12:20,12:26,6,3,128,11
3462,962,12962,NR04,New Delhi Junction 4,15:31,15:36,10,4,589,12
3463,963,12963,NC03,Prayagraj Junction 3,18:42,18:54,2,5,906,13
3464,964,12964,NE02,Gorakhpur Junction 2,21:53,21:58,8,6,56,14
3465,965,12965,NF01,Guwahati Junction 1,00:04,00:11,13,7,1885,15
3466,966,12966,NF08,Guwahati Junction 8,03:15,03:20,8,1,1518,16
3467,967,12967,NW07,Jaipur Junction 7,06:26,06:34,9,2,751,17
3468,968,12968,SC06,Secunderabad Junction 6,09:37,09:50,10,3,2112,18
3469,969,12969,SE05,Bilaspur Junction 5,12:48,12:00,7,4,721,19
3470,970,12970,SE04,Kolkata Junction 4,15:59,15:02,10,5,1649,20
3471,971,12971,SW03,Hubballi Junction 3,18:10,18:16,2,6,1816,21
3472,972,12972,SR02,Chennai Junction 2,21:21,21:26,10,7,117,22
3473,973,12973,WC01,Jabalpur Junction 1,00:32,00:34,14,1,1479,23
3474,974,12974,WC08,Jabalpur Junction 8,03:43,03:45,3,2,1084,24
3475,975,12975,WR07,Mumbai Junction 7,06:54,06:05,7,3,1920,25
3476,976,12976,CR06,Mumbai Junction 6,09:05,09:16,10,4,637,26
3477,977,12977,ER05,Kolkata Junction 5,12:16,12:27,14,5,107,27
3478,978,12978,EC04,Hajipur Junction 4,15:27,15:39,14,6,951,28
3479,979,12979,EC03,Bhubaneswar Junction 3,18:38,18:50,7,7,424,29
3480,980,12980,NR02,New Delhi Junction 2,21:49,21:02,6,1,1665,30
3481,981,12981,NC01,Prayagraj Junction 1,00:00,00:06,7,2,1507,1
3482,982,12982,NC08,Prayagraj Junction 8,03:11,03:17,13,3,85,2
3483,983,12983,NE07,Gorakhpur Junction 7,06:22,06:24,3,4,563,3
3484,984,12984,NF06,Guwahati Junction 6,09:33,09:35,7,5,53,4
3485,985,12985,NW05,Jaipur Junction 5,12:44,12:56,4,6,2138,5
3486,986,12986,SC04,Secunderabad Junction 4,15:55,15:08,11,7,1755,6
3487,987,12987,SE03,Bilaspur Junction 3,18:06,18:18,13,1,1221,7
3488,988,12988,SE02,Kolkata Junction 2,21:17,21:27,8,2,1372,8
3489,989,12989,SW01,Hubballi Junction 1,00:28,00:35,3,3,2048,9
3490,990,12990,SW08,Hubballi Junction 8,03:39,03:50,11,4,616,10
3491,991,12991,SR07,Chennai Junction 7,06:50,06:02,9,5,168,11
3492,992,12992,WC06,Jabalpur Junction 6,09:01,09:16,15,6,1915,12
3493,993,12993,WR05,Mumbai Junction 5,12:12,12:20,5,7,24,13
3494,994,12994,CR04,Mumbai Junction 4,15:23,15:35,14,1,228,14
3495,995,12995,ER03,Kolkata Junction 3,18:34,18:45,2,2,1708,15
3496,996,12996,EC02,Hajipur Junction 2,21:45,21:47,15,3,374,16
3497,997,12997,EC01,Bhubaneswar Junction 1,00:56,00:03,11,4,1861,17
3498,998,12998,EC08,Bhubaneswar Junction 8,03:07,03:14,15,5,35,18
3499,999,12999,NR07,New Delhi Junction 7,06:18,06:26,15,6,603,19
3500,1000,13000,NC06,Prayagraj Junction 6,09:29,09:38,8,7,866,20
3501,1001,13001,NE05,Gorakhpur Junction 5,12:40,12:52,9,1,1570,21
3502,1002,13002,NF04,Guwahati Junction 4,15:51,15:00,15,2,1034,22
3503,1003,13003,NW03,Jaipur Junction 3,18:02,18:15,10,3,1763,23
3504,1004,13004,SC02,Secunderabad Junction 2,21:13,21:27,5,4,663,24
3505,1005,13005,SE01,Bilaspur Junction 1,00:24,00:30,8,5,1082,25
3506,1006,13006,SE08,Bilaspur Junction 8,03:35,03:37,14,6,1891,26
3507,1007,13007,SE07,Kolkata Junction 7,06:46,06:56,6,7,1818,27
3508,1008,13008,SW06,Hubballi Junction 6,09:57,09:02,6,1,2194,28
3509,1009,13009,SR05,Chennai Junction 5,12:08,12:22,10,2,372,29
3510,1010,13010,WC04,Jabalpur Junction 4,15:19,15:22,15,3,584,30
3511,1011,13011,WR03,Mumbai Junction 3,18:30,18:41,6,4,1092,1
3512,1012,13012,CR02,Mumbai Junction 2,21:41,21:56,10,5,947,2
3513,1013,13013,ER01,Kolkata Junction 1,00:52,00:59,5,6,1224,3
3514,1014,13014,ER08,Kolkata Junction 8,03:03,03:12,3,7,890,4
3515,1015,13015,EC07,Hajipur Junction 7,06:14,06:25,2,1,2147,5
3516,1016,13016,EC06,Bhubaneswar Junction 6,09:25,09:39,10,2,34,6
3517,1017,13017,NR05,New Delhi Junction 5,12:36,12:45,14,3,49,7
3518,1018,13018,NC04,Prayagraj Junction 4,15:47,15:00,13,4,166,8
3519,1019,13019,NE03,Gorakhpur Junction 3,18:58,18:03,12,5,2005,9
3520,1020,13020,NF02,Guwahati Junction 2,21:09,21:21,9,6,1325,10
3521,1021,13021,NW01,Jaipur Junction 1,00:20,00:29,10,7,1695,11
3522,1022,13022,NW08,Jaipur Junction 8,03:31,03:33,4,1,130,12
3523,1023,13023,SC07,Secunderabad Junction 7,06:42,06:55,12,2,116,13
3524,1024,13024,SE06,Bilaspur Junction 6,09:53,09:56,5,3,532,14
3525,1025,13025,SE05,Kolkata Junction 5,12:04,12:13,8,4,786,15
3526,1026,13026,SW04,Hubballi Junction 4,15:15,15:19,11,5,1737,16
3527,1027,13027,SR03,Chennai Junction 3,18:26,18:36,13,6,2010,17
3528,1028,13028,WC02,Jabalpur Junction 2,21:37,21:50,11,7,109,18
3529,1029,13029,WR01,Mumbai Junction 1,00:48,00:54,7,1,1567,19
3530,1030,13030,WR08,Mumbai Junction 8,03:59,03:12,10,2,799,20
3531,1031,13031,CR07,Mumbai Junction 7,06:10,06:23,11,3,1755,21
3532,1032,13032,ER06,Kolkata Junction 6,09:21,09:31,11,4,763,22
3533,1033,13033,EC05,Hajipur Junction 5,12:32,12:39,5,5,565,23
3534,1034,13034,EC04,Bhubaneswar Junction 4,15:43,15:54,7,6,293,24
3535,1035,13035,NR03,New Delhi Junction 3,18:54,18:56,14,7,957,25
3536,1036,13036,NC02,Prayagraj Junction 2,21:05,21:15,14,1,245,26
3537,1037,13037,NE01,Gorakhpur Junction 1,00:16,00:31,11,2,1408,27
3538,1038,13038,NE08,Gorakhpur Junction 8,03:27,03:35,11,3,448,28
3539,1039,13039,NF07,Guwahati Junction 7,06:38,06:44,15,4,606,29
3540,1040,13040,NW06,Jaipur Junction 6,09:49,09:01,15,5,1304,30
3541,1041,13041,SC05,Secunderabad Junction 5,12:00,12:06,13,6,1817,1
3542,1042,13042,SE04,Bilaspur Junction 4,15:11,15:20,3,7,971,2
3543,1043,13043,SE03,Kolkata Junction 3,18:22,18:30,4,1,884,3
3544,1044,13044,SW02,Hubballi Junction 2,21:33,21:37,11,2,950,4
3545,1045,13045,SR01,Chennai Junction 1,00:44,00:56,8,3,1570,5
3546,1046,13046,SR08,Chennai Junction 8,03:55,03:07,4,4,972,6
3547,1047,13047,WC07,Jabalpur Junction 7,06:06,06:18,10,5,487,7
3548,1048,13048,WR06,Mumbai Junction 6,09:17,09:30,4,6,2185,8
3549,1049,13049,CR05,Mumbai Junction 5,12:28,12:39,6,7,428,9
3550,1050,13050,ER04,Kolkata Junction 4,15:39,15:53,9,1,1773,10
3551,1051,13051,EC03,Hajipur Junction 3,18:50,18:03,2,2,1504,11
3552,1052,13052,EC02,Bhubaneswar Junction 2,21:01,21:07,14,3,481,12
3553,1053,13053,NR01,New Delhi Junction 1,00:12,00:14,11,4,1214,13
3554,1054,13054,NR08,New Delhi Junction 8,03:23,03:32,5,5,1088,14
3555,1055,13055,NC07,Prayagraj Junction 7,06:34,06:49,12,6,2166,15
3556,1056,13056,NE06,Gorakhpur Junction 6,09:45,09:51,14,7,842,16
3557,1057,13057,NF05,Guwahati Junction 5,12:56,12:11,14,1,362,17
3558,1058,13058,NW04,Jaipur Junction 4,15:07,15:22,10,2,1707,18
3559,1059,13059,SC03,Secunderabad Junction 3,18:18,18:28,5,3,2166,19
3560,1060,13060,SE02,Bilaspur Junction 2,21:29,21:32,13,4,460,20
3561,1061,13061,SE01,Kolkata Junction 1,00:40,00:52,7,5,520,21
3562,1062,13062,SE08,Kolkata Junction 8,03:51,03:56,6,6,1982,22
3563,1063,13063,SW07,Hubballi Junction 7,06:02,06:14,11,7,1385,23
3564,1064,13064,SR06,Chennai Junction 6,09:13,09:20,14,1,602,24
3565,1065,13065,WC05,Jabalpur Junction 5,12:24,12:39,7,2,751,25
3566,1066,13066,WR04,Mumbai Junction 4,15:35,15:43,12,3,1570,26
3567,1067,13067,CR03,Mumbai Junction 3,18:46,18:58,3,4,354,27
3568,1068,13068,ER02,Kolkata Junction 2,21:57,21:10,15,5,280,28
3569,1069,13069,EC01,Hajipur Junction 1,00:08,00:22,5,6,2154,29
3570,1070,13070,EC08,Hajipur Junction 8,03:19,03:34,10,7,418,30
3571,1071,13071,EC07,Bhubaneswar Junction 7,06:30,06:43,3,1,735,1
3572,1072,13072,NR06,New Delhi Junction 6,09:41,09:51,2,2,864,2
3573,1073,13073,NC05,Prayagraj Junction 5,12:52,12:05,3,3,806,3
3574,1074,13074,NE04,Gorakhpur Junction 4,15:03,15:05,11,4,174,4
3575,1075,13075,NF03,Guwahati Junction 3,18:14,18:19,9,5,471,5
3576,1076,13076,NW02,Jaipur Junction 2,21:25,21:30,13,6,1710,6
3577,1077,13077,SC01,Secunderabad Junction 1,00:36,00:39,14,7,1029,7
3578,1078,13078,SC08,Secunderabad Junction 8,03:47,03:51,14,1,741,8
3579,1079,13079,SE07,Bilaspur Junction 7,06:58,06:04,4,2,1949,9
3580,1080,13080,SE06,Kolkata Junction 6,09:09,09:15,10,3,526,10
3581,1081,13081,SW05,Hubballi Junction 5,12:20,12:34,13,4,1106,11
3582,1082,13082,SR04,Chennai Junction 4,15:31,15:37,11,5,1090,12
3583,1083,13083,WC03,Jabalpur Junction 3,18:42,18:57,11,6,59,13
3584,1084,13084,WR02,Mumbai Junction 2,21:53,21:06,4,7,662,14
3585,1085,13085,CR01,Mumbai Junction 1,00:04,00:12,4,1,2073,15
3586,1086,13086,CR08,Mumbai Junction 8,03:15,03:30,4,2,704,16
3587,1087,13087,ER07,Kolkata Junction 7,06:26,06:33,11,3,1315,17
3588,1088,13088,EC06,Hajipur Junction 6,09:37,09:48,2,4,1130,18
3589,1089,13089,EC05,Bhubaneswar Junction 5,12:48,12:52,5,5,1704,19
3590,1090,13090,NR04,New Delhi Junction 4,15:59,15:02,2,6,1071,20
3591,1091,13091,NC03,Prayagraj Junction 3,18:10,18:22,9,7,354,21
3592,1092,13092,NE02,Gorakhpur Junction 2,21:21,21:33,7,1,1561,22
3593,1093,13093,NF01,Guwahati Junction 1,00:32,00:36,14,2,623,23
3594,1094,13094,NF08,Guwahati Junction 8,03:43,03:58,7,3,1601,24
3595,1095,13095,NW07,Jaipur Junction 7,06:54,06:03,3,4,216,25
3596,1096,13096,SC06,Secunderabad Junction 6,09:05,09:12,4,5,1339,26
3597,1097,13097,SE05,Bilaspur Junction 5,12:16,12:19,10,6,450,27
3598,1098,13098,SE04,Kolkata Junction 4,15:27,15:31,7,7,1282,28
3599,1099,13099,SW03,Hubballi Junction 3,18:38,18:45,6,1,748,29
3600,1100,13100,SR02,Chennai Junction 2,21:49,21:55,7,2,1834,30
3601,1101,13101,WC01,Jabalpur Junction 1,00:00,00:10,7,3,1648,1
3602,1102,13102,WC08,Jabalpur Junction 8,03:11,03:20,15,4,1238,2
3603,1103,13103,WR07,Mumbai Junction 7,06:22,06:27,9,5,1701,3
3604,1104,13104,CR06,Mumbai Junction 6,09:33,09:37,4,6,1318,4
3605,1105,13105,ER05,Kolkata Junction 5,12:44,12:58,6,7,1115,5
3606,1106,13106,EC04,Hajipur Junction 4,15:55,15:06,11,1,320,6
3607,1107,13107,EC03,Bhubaneswar Junction 3,18:06,18:13,15,2,1954,7
3608,1108,13108,NR02,New Delhi Junction 2,21:17,21:29,2,3,917,8
3609,1109,13109,NC01,Prayagraj Junction 1,00:28,00:30,6,4,1902,9
3610,1110,13110,NC08,Prayagraj Junction 8,03:39,03:46,4,5,1586,10
3611,1111,13111,NE07,Gorakhpur Junction 7,06:50,06:02,11,6,1779,11
3612,1112,13112,NF06,Guwahati Junction 6,09:01,09:12,10,7,1955,12
3613,1113,13113,NW05,Jaipur Junction 5,12:12,12:18,8,1,1238,13
3614,1114,13114,SC04,Secunderabad Junction 4,15:23,15:34,8,2,971,14
3615,1115,13115,SE03,Bilaspur Junction 3,18:34,18:38,10,3,271,15
3616,1116,13116,SE02,Kolkata Junction 2,21:45,21:53,7,4,1708,16
3617,1117,13117,SW01,Hubballi Junction 1,00:56,00:04,2,5,1113,17
3618,1118,13118,SW08,Hubballi Junction 8,03:07,03:12,7,6,652,18
3619,1119,13119,SR07,Chennai Junction 7,06:18,06:22,15,7,557,19
3620,1120,13120,WC06,Jabalpur Junction 6,09:29,09:38,13,1,801,20
3621,1121,13121,WR05,Mumbai Junction 5,12:40,12:55,7,2,2082,21
3622,1122,13122,CR04,Mumbai Junction 4,15:51,15:59,2,3,1909,22
3623,1123,13123,ER03,Kolkata Junction 3,18:02,18:16,15,4,272,23
3624,1124,13124,EC02,Hajipur Junction 2,21:13,21:26,6,5,1851,24
3625,1125,13125,EC01,Bhubaneswar Junction 1,00:24,00:39,4,6,816,25
3626,1126,13126,EC08,Bhubaneswar Junction 8,03:35,03:40,6,7,1311,26
3627,1127,13127,NR07,New Delhi Junction 7,06:46,06:53,11,1,1483,27
3628,1128,13128,NC06,Prayagraj Junction 6,09:57,09:01,2,2,1641,28
3629,1129,13129,NE05,Gorakhpur Junction 5,12:08,12:12,4,3,1322,29
3630,1130,13130,NF04,Guwahati Junction 4,15:19,15:24,4,4,674,30
3631,1131,13131,NW03,Jaipur Junction 3,18:30,18:39,13,5,2175,1
3632,1132,13132,SC02,Secunderabad Junction 2,21:41,21:53,14,6,1167,2
3633,1133,13133,SE01,Bilaspur Junction 1,00:52,00:59,13,7,665,3
3634,1134,13134,SE08,Bilaspur Junction 8,03:03,03:16,15,1,857,4
3635,1135,13135,SE07,Kolkata Junction 7,06:14,06:24,12,2,1723,5
3636,1136,13136,SW06,Hubballi Junction 6,09:25,09:29,15,3,1107,6
3637,1137,13137,SR05,Chennai Junction 5,12:36,12:38,3,4,1600,7
3638,1138,13138,WC04,Jabalpur Junction 4,15:47,15:54,3,5,1144,8
3639,1139,13139,WR03,Mumbai Junction 3,18:58,18:08,3,6,770,9
3640,1140,13140,CR02,Mumbai Junction 2,21:09,21:17,12,7,1433,10
3641,1141,13141,ER01,Kolkata Junction 1,00:20,00:23,10,1,1985,11
3642,1142,13142,ER08,Kolkata Junction 8,03:31,03:33,15,2,209,12
3643,1143,13143,EC07,Hajipur Junction 7,06:42,06:52,6,3,1607,13
3644,1144,13144,EC06,Bhubaneswar Junction 6,09:53,09:06,13,4,1913,14
3645,1145,13145,NR05,New Delhi Junction 5,12:04,12:17,6,5,1023,15
3646,1146,13146,NC04,Prayagraj Junction 4,15:15,15:27,4,6,1270,16
3647,1147,13147,NE03,Gorakhpur Junction 3,18:26,18:35,15,7,109,17
3648,1148,13148,NF02,Guwahati Junction 2,21:37,21:40,2,1,1205,18
3649,1149,13149,NW01,Jaipur Junction 1,00:48,00:57,10,2,532,19
3650,1150,13150,NW08,Jaipur Junction 8,03:59,03:05,7,3,103,20
3651,1151,13151,SC07,Secunderabad Junction 7,06:10,06:22,2,4,1467,21
3652,1152,13152,SE06,Bilaspur Junction 6,09:21,09:29,15,5,1523,22
3653,1153,13153,SE05,Kolkata Junction 5,12:32,12:40,11,6,257,23
3654,1154,13154,SW04,Hubballi Junction 4,15:43,15:47,8,7,1887,24
3655,1155,13155,SR03,Chennai Junction 3,18:54,18:07,7,1,624,25
3656,1156,13156,WC02,Jabalpur Junction 2,21:05,21:20,9,2,259,26
3657,1157,13157,WR01,Mumbai Junction 1,00:16,00:21,13,3,1976,27
3658,1158,13158,WR08,Mumbai Junction 8,03:27,03:41,2,4,1809,28
3659,1159,13159,CR07,Mumbai Junction 7,06:38,06:41,13,5,1939,29
3660,1160,13160,ER06,Kolkata Junction 6,09:49,09:56,4,6,1569,30
3661,1161,13161,EC05,Hajipur Junction 5,12:00,12:02,10,7,729,1
3662,1162,13162,EC04,Bhubaneswar Junction 4,15:11,15:18,13,1,2184,2
3663,1163,13163,NR03,New Delhi Junction 3,18:22,18:29,6,2,1835,3
3664,1164,13164,NC02,Prayagraj Junction 2,21:33,21:40,4,3,1986,4
3665,1165,13165,NE01,Gorakhpur Junction 1,00:44,00:59,6,4,347,5
3666,1166,13166,NE08,Gorakhpur Junction 8,03:55,03:59,10,5,681,6
3667,1167,13167,NF07,Guwahati Junction 7,06:06,06:16,12,6,12,7
3668,1168,13168,NW06,Jaipur Junction 6,09:17,09:31,2,7,251,8
3669,1169,13169,SC05,Secunderabad Junction 5,12:28,12:40,10,1,2152,9
3670,1170,13170,SE04,Bilaspur Junction 4,15:39,15:48,7,2,1471,10
3671,1171,13171,SE03,Kolkata Junction 3,18:50,18:02,11,3,815,11
3672,1172,13172,SW02,Hubballi Junction 2,21:01,21:16,6,4,762,12
3673,1173,13173,SR01,Chennai Junction 1,00:12,00:17,6,5,468,13
3674,1174,13174,SR08,Chennai Junction 8,03:23,03:33,12,6,944,14
3675,1175,13175,WC07,Jabalpur Junction 7,06:34,06:48,8,7,1027,15
3676,1176,13176,WR06,Mumbai Junction 6,09:45,09:47,14,1,326,16
3677,1177,13177,CR05,Mumbai Junction 5,12:56,12:00,15,2,1142,17
3678,1178,13178,ER04,Kolkata Junction 4,15:07,15:09,8,3,1298,18
3679,1179,13179,EC03,Hajipur Junction 3,18:18,18:20,12,4,1470,19
3680,1180,13180,EC02,Bhubaneswar Junction 2,21:29,21:31,10,5,490,20
3681,1181,13181,NR01,New Delhi Junction 1,00:40,00:52,7,6,444,21
3682,1182,13182,NR08,New Delhi Junction 8,03:51,03:00,8,7,751,22
3683,1183,13183,NC07,Prayagraj Junction 7,06:02,06:16,11,1,1072,23
3684,1184,13184,NE06,Gorakhpur Junction 6,09:13,09:18,9,2,56,24
3685,1185,13185,NF05,Guwahati Junction 5,12:24,12:38,2,3,1537,25
3686,1186,13186,NW04,Jaipur Junction 4,15:35,15:41,12,4,795,26
3687,1187,13187,SC03,Secunderabad Junction 3,18:46,18:48,15,5,1685,27
3688,1188,13188,SE02,Bilaspur Junction 2,21:57,21:59,2,6,1166,28
3689,1189,13189,SE01,Kolkata Junction 1,00:08,00:23,10,7,23,29
3690,1190,13190,SE08,Kolkata Junction 8,03:19,03:30,7,1,1405,30
3691,1191,13191,SW07,Hubballi Junction 7,06:30,06:36,2,2,40,1
3692,1192,13192,SR06,Chennai Junction 6,09:41,09:51,10,3,709,2
3693,1193,13193,WC05,Jabalpur Junction 5,12:52,12:55,12,4,332,3
3694,1194,13194,WR04,Mumbai Junction 4,15:03,15:07,8,5,1575,4
3695,1195,13195,CR03,Mumbai Junction 3,18:14,18:29,10,6,2112,5
3696,1196,13196,ER02,Kolkata Junction 2,21:25,21:36,13,7,387,6
3697,1197,13197,EC01,Hajipur Junction 1,00:36,00:38,11,1,2145,7
3698,1198,13198,EC08,Hajipur Junction 8,03:47,03:59,6,2,1076,8
3699,1199,13199,EC07,Bhubaneswar Junction 7,06:58,06:01,6,3,1502,9
3700,1200,13200,NR06,New Delhi Junction 6,09:09,09:13,8,4,637,10
3701,1201,13201,NC05,Prayagraj Junction 5,12:20,12:28,12,5,1946,11
3702,1202,13202,NE04,Gorakhpur Junction 4,15:31,15:38,13,6,1545,12
3703,1203,13203,NF03,Guwahati Junction 3,18:42,18:56,12,7,1211,13
3704,1204,13204,NW02,Jaipur Junction 2,21:53,21:04,6,1,1481,14
3705,1205,13205,SC01,Secunderabad Junction 1,00:04,00:15,10,2,226,15
3706,1206,13206,SC08,Secunderabad Junction 8,03:15,03:24,11,3,435,16
3707,1207,13207,SE07,Bilaspur Junction 7,06:26,06:39,13,4,1185,17
3708,1208,13208,SE06,Kolkata Junction 6,09:37,09:52,14,5,1026,18
3709,1209,13209,SW05,Hubballi Junction 5,12:48,12:02,15,6,237,19
3710,1210,13210,SR04,Chennai Junction 4,15:59,15:14,2,7,1069,20
3711,1211,13211,WC03,Jabalpur Junction 3,18:10,18:25,12,1,586,21
3712,1212,13212,WR02,Mumbai Junction 2,21:21,21:32,5,2,521,22
3713,1213,13213,CR01,Mumbai Junction 1,00:32,00:46,2,3,2116,23
3714,1214,13214,CR08,Mumbai Junction 8,03:43,03:51,2,4,1731,24
3715,1215,13215,ER07,Kolkata Junction 7,06:54,06:56,6,5,529,25
3716,1216,13216,EC06,Hajipur Junction 6,09:05,09:17,7,6,1440,26
3717,1217,13217,EC05,Bhubaneswar Junction 5,12:16,12:19,11,7,1563,27
3718,1218,13218,NR04,New Delhi Junction 4,15:27,15:33,14,1,1034,28
3719,1219,13219,NC03,Prayagraj Junction 3,18:38,18:49,4,2,2052,29
3720,1220,13220,NE02,Gorakhpur Junction 2,21:49,21:54,10,3,197,30
3721,1221,13221,NF01,Guwahati Junction 1,00:00,00:02,3,4,2074,1
3722,1222,13222,NF08,Guwahati Junction 8,03:11,03:15,14,5,1276,2
3723,1223,13223,NW07,Jaipur Junction 7,06:22,06:25,8,6,1054,3
3724,1224,13224,SC06,Secunderabad Junction 6,09:33,09:38,10,7,1894,4
3725,1225,13225,SE05,Bilaspur Junction 5,12:44,12:58,9,1,1965,5
3726,1226,13226,SE04,Kolkata Junction 4,15:55,15:09,3,2,1396,6
3727,1227,13227,SW03,Hubballi Junction 3,18:06,18:18,2,3,1327,7
3728,1228,13228,SR02,Chennai Junction 2,21:17,21:31,5,4,1886,8
3729,1229,13229,WC01,Jabalpur Junction 1,00:28,00:43,10,5,1384,9
3730,1230,13230,WC08,Jabalpur Junction 8,03:39,03:48,7,6,996,10
3731,1231,13231,WR07,Mumbai Junction 7,06:50,06:59,8,7,1817,11
3732,1232,13232,CR06,Mumbai Junction 6,09:01,09:13,6,1,1128,12
3733,1233,13233,ER05,Kolkata Junction 5,12:12,12:17,4,2,811,13
3734,1234,13234,EC04,Hajipur Junction 4,15:23,15:25,13,3,277,14
3735,1235,13235,EC03,Bhubaneswar Junction 3,18:34,18:40,5,4,455,15
3736,1236,13236,NR02,New Delhi Junction 2,21:45,21:52,12,5,1963,16
3737,1237,13237,NC01,Prayagraj Junction 1,00:56,00:00,5,6,1033,17
3738,1238,13238,NC08,Prayagraj Junction 8,03:07,03:13,13,7,490,18
3739,1239,13239,NE07,Gorakhpur Junction 7,06:18,06:25,9,1,839,19
3740,1240,13240,NF06,Guwahati Junction 6,09:29,09:39,13,2,1170,20
3741,1241,13241,NW05,Jaipur Junction 5,12:40,12:48,15,3,2159,21
3742,1242,13242,SC04,Secunderabad Junction 4,15:51,15:06,2,4,1842,22
3743,1243,13243,SE03,Bilaspur Junction 3,18:02,18:16,13,5,1649,23
3744,1244,13244,SE02,Kolkata Junction 2,21:13,21:20,12,6,1275,24
3745,1245,13245,SW01,Hubballi Junction 1,00:24,00:37,6,7,1633,25
3746,1246,13246,SW08,Hubballi Junction 8,03:35,03:47,13,1,378,26
3747,1247,13247,SR07,Chennai Junction 7,06:46,06:00,5,2,2061,27
3748,1248,13248,WC06,Jabalpur Junction 6,09:57,09:59,5,3,1339,28
3749,1249,13249,WR05,Mumbai Junction 5,12:08,12:17,11,4,887,29
3750,1250,13250,CR04,Mumbai Junction 4,15:19,15:21,10,5,1123,30
3751,1251,13251,ER03,Kolkata Junction 3,18:30,18:39,7,6,1959,1
3752,1252,13252,EC02,Hajipur Junction 2,21:41,21:54,4,7,85,2
3753,1253,13253,EC01,Bhubaneswar Junction 1,00:52,00:56,2,1,1560,3
3754,1254,13254,EC08,Bhubaneswar Junction 8,03:03,03:13,8,2,1301,4
3755,1255,13255,NR07,New Delhi Junction 7,06:14,06:27,13,3,955,5
3756,1256,13256,NC06,Prayagraj Junction 6,09:25,09:35,10,4,2088,6
3757,1257,13257,NE05,Gorakhpur Junction 5,12:36,12:48,6,5,1951,7
3758,1258,13258,NF04,Guwahati Junction 4,15:47,15:54,12,6,2150,8
3759,1259,13259,NW03,Jaipur Junction 3,18:58,18:11,3,7,452,9
3760,1260,13260,SC02,Secunderabad Junction 2,21:09,21:22,3,1,25,10
3761,1261,13261,SE01,Bilaspur Junction 1,00:20,00:25,8,2,282,11
3762,1262,13262,SE08,Bilaspur Junction 8,03:31,03:35,6,3,1317,12
3763,1263,13263,SE07,Kolkata Junction 7,06:42,06:51,13,4,2157,13
3764,1264,13264,SW06,Hubballi Junction 6,09:53,09:55,11,5,360,14
3765,1265,13265,SR05,Chennai Junction 5,12:04,12:11,6,6,1541,15
3766,1266,13266,WC04,Jabalpur Junction 4,15:15,15:20,14,7,843,16
3767,1267,13267,WR03,Mumbai Junction 3,18:26,18:39,15,1,1123,17
3768,1268,13268,CR02,Mumbai Junction 2,21:37,21:40,11,2,931,18
3769,1269,13269,ER01,Kolkata Junction 1,00:48,00:54,8,3,659,19
3770,1270,13270,ER08,Kolkata Junction 8,03:59,03:04,15,4,612,20
3771,1271,13271,EC07,Hajipur Junction 7,06:10,06:18,12,5,486,21
3772,1272,13272,EC06,Bhubaneswar Junction 6,09:21,09:31,14,6,1788,22
3773,1273,13273,NR05,New Delhi Junction 5,12:32,12:34,7,7,0,23
3774,1274,13274,NC04,Prayagraj Junction 4,15:43,15:53,6,1,1965,24
3775,1275,13275,NE03,Gorakhpur Junction 3,18:54,18:58,13,2,753,25
3776,1276,13276,NF02,Guwahati Junction 2,21:05,21:19,4,3,591,26
3777,1277,13277,NW01,Jaipur Junction 1,00:16,00:22,15,4,1614,27
3778,1278,13278,NW08,Jaipur Junction 8,03:27,03:40,9,5,1748,28
3779,1279,13279,SC07,Secunderabad Junction 7,06:38,06:48,11,6,1841,29
3780,1280,13280,SE06,Bilaspur Junction 6,09:49,09:04,10,7,971,30
3781,1281,13281,SE05,Kolkata Junction 5,12:00,12:11,12,1,2169,1
3782,1282,13282,SW04,Hubballi Junction 4,15:11,15:22,15,2,1610,2
3783,1283,13283,SR03,Chennai Junction 3,18:22,18:37,12,3,1946,3
3784,1284,13284,WC02,Jabalpur Junction 2,21:33,21:37,15,4,767,4
3785,1285,13285,WR01,Mumbai Junction 1,00:44,00:57,7,5,1007,5
3786,1286,13286,WR08,Mumbai Junction 8,03:55,03:07,9,6,1575,6
3787,1287,13287,CR07,Mumbai Junction 7,06:06,06:09,13,7,898,7
3788,1288,13288,ER06,Kolkata Junction 6,09:17,09:30,5,1,1311,8
3789,1289,13289,EC05,Hajipur Junction 5,12:28,12:38,3,2,1043,9
3790,1290,13290,EC04,Bhubaneswar Junction 4,15:39,15:49,13,3,1951,10
3791,1291,13291,NR03,New Delhi Junction 3,18:50,18:57,11,4,384,11
3792,1292,13292,NC02,Prayagraj Junction 2,21:01,21:15,14,5,2197,12
3793,1293,13293,NE01,Gorakhpur Junction 1,00:12,00:20,7,6,1667,13
3794,1294,13294,NE08,Gorakhpur Junction 8,03:23,03:35,4,7,1187,14
3795,1295,13295,NF07,Guwahati Junction 7,06:34,06:45,8,1,816,15
3796,1296,13296,NW06,Jaipur Junction 6,09:45,09:50,7,2,541,16
3797,1297,13297,SC05,Secunderabad Junction 5,12:56,12:02,4,3,827,17
3798,1298,13298,SE04,Bilaspur Junction 4,15:07,15:17,7,4,312,18
3799,1299,13299,SE03,Kolkata Junction 3,18:18,18:31,8,5,1284,19
3800,1300,13300,SW02,Hubballi Junction 2,21:29,21:38,9,6,964,20
3801,1301,13301,SR01,Chennai Junction 1,00:40,00:52,13,7,1988,21
3802,1302,13302,SR08,Chennai Junction 8,03:51,03:59,6,1,182,22
3803,1303,13303,WC07,Jabalpur Junction 7,06:02,06:10,15,2,572,23
3804,1304,13304,WR06,Mumbai Junction 6,09:13,09:26,12,3,1452,24
3805,1305,13305,CR05,Mumbai Junction 5,12:24,12:33,12,4,216,25
3806,1306,13306,ER04,Kolkata Junction 4,15:35,15:38,4,5,1685,26
3807,1307,13307,EC03,Hajipur Junction 3,18:46,18:54,4,6,98,27
3808,1308,13308,EC02,Bhubaneswar Junction 2,21:57,21:05,7,7,391,28
3809,1309,13309,NR01,New Delhi Junction 1,00:08,00:10,12,1,1714,29
3810,1310,13310,NR08,New Delhi Junction 8,03:19,03:24,8,2,557,30
3811,1311,13311,NC07,Prayagraj Junction 7,06:30,06:37,3,3,2081,1
3812,1312,13312,NE06,Gorakhpur Junction 6,09:41,09:53,14,4,650,2
3813,1313,13313,NF05,Guwahati Junction 5,12:52,12:06,9,5,435,3
3814,1314,13314,NW04,Jaipur Junction 4,15:03,15:09,13,6,1704,4
3815,1315,13315,SC03,Secunderabad Junction 3,18:14,18:26,5,7,1425,5
3816,1316,13316,SE02,Bilaspur Junction 2,21:25,21:40,2,1,706,6
3817,1317,13317,SE01,Kolkata Junction 1,00:36,00:39,3,2,2195,7
3818,1318,13318,SE08,Kolkata Junction 8,03:47,03:52,4,3,162,8
3819,1319,13319,SW07,Hubballi Junction 7,06:58,06:13,8,4,1741,9
3820,1320,13320,SR06,Chennai Junction 6,09:09,09:14,10,5,1949,10
3821,1321,13321,WC05,Jabalpur Junction 5,12:20,12:31,9,6,463,11
3822,1322,13322,WR04,Mumbai Junction 4,15:31,15:36,10,7,992,12
3823,1323,13323,CR03,Mumbai Junction 3,18:42,18:44,4,1,950,13
3824,1324,13324,ER02,Kolkata Junction 2,21:53,21:57,9,2,661,14
3825,1325,13325,EC01,Hajipur Junction 1,00:04,00:10,3,3,1107,15
3826,1326,13326,EC08,Hajipur Junction 8,03:15,03:19,10,4,2063,16
3827,1327,13327,EC07,Bhubaneswar Junction 7,06:26,06:40,11,5,1776,17
3828,1328,13328,NR06,New Delhi Junction 6,09:37,09:51,11,6,565,18
3829,1329,13329,NC05,Prayagraj Junction 5,12:48,12:57,13,7,1469,19
3830,1330,13330,NE04,Gorakhpur Junction 4,15:59,15:06,4,1,317,20
3831,1331,13331,NF03,Guwahati Junction 3,18:10,18:17,13,2,1215,21
3832,1332,13332,NW02,Jaipur Junction 2,21:21,21:23,14,3,890,22
3833,1333,13333,SC01,Secunderabad Junction 1,00:32,00:39,13,4,829,23
3834,1334,13334,SC08,Secunderabad Junction 8,03:43,03:53,14,5,1139,24
3835,1335,13335,SE07,Bilaspur Junction 7,06:54,06:04,6,6,1959,25
3836,1336,13336,SE06,Kolkata Junction 6,09:05,09:08,5,7,2180,26
3837,1337,13337,SW05,Hubballi Junction 5,12:16,12:24,4,1,910,27
3838,1338,13338,SR04,Chennai Junction 4,15:27,15:32,9,2,519,28
3839,1339,13339,WC03,Jabalpur Junction 3,18:38,18:45,14,3,181,29
3840,1340,13340,WR02,Mumbai Junction 2,21:49,21:01,3,4,1006,30
3841,1341,13341,CR01,Mumbai Junction 1,00:00,00:11,15,5,550,1
3842,1342,13342,CR08,Mumbai Junction 8,03:11,03:13,12,6,1966,2
3843,1343,13343,ER07,Kolkata Junction 7,06:22,06:31,2,7,1101,3
3844,1344,13344,EC06,Hajipur Junction 6,09:33,09:40,8,1,118,4
3845,1345,13345,EC05,Bhubaneswar Junction 5,12:44,12:50,15,2,100,5
3846,1346,13346,NR04,New Delhi Junction 4,15:55,15:09,9,3,1286,6
3847,1347,13347,NC03,Prayagraj Junction 3,18:06,18:21,5,4,2165,7
3848,1348,13348,NE02,Gorakhpur Junction 2,21:17,21:22,6,5,988,8
3849,1349,13349,NF01,Guwahati Junction 1,00:28,00:38,6,6,1744,9
3850,1350,13350,NF08,Guwahati Junction 8,03:39,03:41,11,7,1443,10
3851,1351,13351,NW07,Jaipur Junction 7,06:50,06:59,10,1,1644,11
3852,1352,13352,SC06,Secunderabad Junction 6,09:01,09:15,5,2,1049,12
3853,1353,13353,SE05,Bilaspur Junction 5,12:12,12:21,6,3,2142,13
3854,1354,13354,SE04,Kolkata Junction 4,15:23,15:32,10,4,428,14
3855,1355,13355,SW03,Hubballi Junction 3,18:34,18:41,10,5,942,15
3856,1356,13356,SR02,Chennai Junction 2,21:45,21:57,3,6,337,16
3857,1357,13357,WC01,Jabalpur Junction 1,00:56,00:02,6,7,1793,17
3858,1358,13358,WC08,Jabalpur Junction 8,03:07,03:21,8,1,1112,18
3859,1359,13359,WR07,Mumbai Junction 7,06:18,06:24,9,2,1554,19
3860,1360,13360,CR06,Mumbai Junction 6,09:29,09:41,15,3,1271,20
3861,1361,13361,ER05,Kolkata Junction 5,12:40,12:46,2,4,1513,21
3862,1362,13362,EC04,Hajipur Junction 4,15:51,15:04,9,5,2030,22
3863,1363,13363,EC03,Bhubaneswar Junction 3,18:02,18:08,2,6,1392,23
3864,1364,13364,NR02,New Delhi Junction 2,21:13,21:16,3,7,1544,24
3865,1365,13365,NC01,Prayagraj Junction 1,00:24,00:32,10,1,1644,25
3866,1366,13366,NC08,Prayagraj Junction 8,03:35,03:42,10,2,1186,26
3867,1367,13367,NE07,Gorakhpur Junction 7,06:46,06:56,11,3,836,27
3868,1368,13368,NF06,Guwahati Junction 6,09:57,09:06,10,4,308,28
3869,1369,13369,NW05,Jaipur Junction 5,12:08,12:12,3,5,435,29
3870,1370,13370,SC04,Secunderabad Junction 4,15:19,15:27,15,6,2030,30
3871,1371,13371,SE03,Bilaspur Junction 3,18:30,18:42,9,7,445,1
3872,1372,13372,SE02,Kolkata Junction 2,21:41,21:48,12,1,1999,2
3873,1373,13373,SW01,Hubballi Junction 1,00:52,00:07,7,2,1070,3
3874,1374,13374,SW08,Hubballi Junction 8,03:03,03:12,2,3,256,4
3875,1375,13375,SR07,Chennai Junction 7,06:14,06:16,12,4,493,5
3876,1376,13376,WC06,Jabalpur Junction 6,09:25,09:36,7,5,1747,6
3877,1377,13377,WR05,Mumbai Junction 5,12:36,12:39,6,6,450,7
3878,1378,13378,CR04,Mumbai Junction 4,15:47,15:55,9,7,370,8
3879,1379,13379,ER03,Kolkata Junction 3,18:58,18:09,15,1,95,9
3880,1380,13380,EC02,Hajipur Junction 2,21:09,21:12,15,2,1427,10
3881,1381,13381,EC01,Bhubaneswar Junction 1,00:20,00:34,11,3,1578,11
3882,1382,13382,EC08,Bhubaneswar Junction 8,03:31,03:35,9,4,803,12
3883,1383,13383,NR07,New Delhi Junction 7,06:42,06:55,2,5,39,13
3884,1384,13384,NC06,Prayagraj Junction 6,09:53,09:02,15,6,2188,14
3885,1385,13385,NE05,Gorakhpur Junction 5,12:04,12:14,8,7,600,15
3886,1386,13386,NF04,Guwahati Junction 4,15:15,15:30,4,1,277,16
3887,1387,13387,NW03,Jaipur Junction 3,18:26,18:35,7,2,1090,17
3888,1388,13388,SC02,Secunderabad Junction 2,21:37,21:51,5,3,1928,18
3889,1389,13389,SE01,Bilaspur Junction 1,00:48,00:52,6,4,9,19
3890,1390,13390,SE08,Bilaspur Junction 8,03:59,03:10,14,5,1949,20
3891,1391,13391,SE07,Kolkata Junction 7,06:10,06:14,12,6,310,21
3892,1392,13392,SW06,Hubballi Junction 6,09:21,09:31,11,7,335,22
3893,1393,13393,SR05,Chennai Junction 5,12:32,12:35,3,1,1558,23
3894,1394,13394,WC04,Jabalpur Junction 4,15:43,15:53,3,2,1100,24
3895,1395,13395,WR03,Mumbai Junction 3,18:54,18:07,5,3,1332,25
3896,1396,13396,CR02,Mumbai Junction 2,21:05,21:11,5,4,862,26
3897,1397,13397,ER01,Kolkata Junction 1,00:16,00:22,8,5,451,27
3898,1398,13398,ER08,Kolkata Junction 8,03:27,03:34,10,6,852,28
3899,1399,13399,EC07,Hajipur Junction 7,06:38,06:49,3,7,302,29
3900,1400,13400,EC06,Bhubaneswar Junction 6,09:49,09:03,8,1,1340,30
3901,1401,13401,NR05,New Delhi Junction 5,12:00,12:12,4,2,2138,1
3902,1402,13402,NC04,Prayagraj Junction 4,15:11,15:18,14,3,916,2
3903,1403,13403,NE03,Gorakhpur Junction 3,18:22,18:29,10,4,419,3
3904,1404,13404,NF02,Guwahati Junction 2,21:33,21:43,15,5,1419,4
3905,1405,13405,NW01,Jaipur Junction 1,00:44,00:46,11,6,73,5
3906,1406,13406,NW08,Jaipur Junction 8,03:55,03:58,5,7,670,6
3907,1407,13407,SC07,Secunderabad Junction 7,06:06,06:08,2,1,1736,7
3908,1408,13408,SE06,Bilaspur Junction 6,09:17,09:25,4,2,944,8
3909,1409,13409,SE05,Kolkata Junction 5,12:28,12:39,12,3,633,9
3910,1410,13410,SW04,Hubballi Junction 4,15:39,15:43,15,4,1389,10
3911,1411,13411,SR03,Chennai Junction 3,18:50,18:05,6,5,244,11
3912,1412,13412,WC02,Jabalpur Junction 2,21:01,21:08,6,6,1582,12
3913,1413,13413,WR01,Mumbai Junction 1,00:12,00:24,3,7,1293,13
3914,1414,13414,WR08,Mumbai Junction 8,03:23,03:29,10,1,860,14
3915,1415,13415,CR07,Mumbai Junction 7,06:34,06:43,12,2,645,15
3916,1416,13416,ER06,Kolkata Junction 6,09:45,09:49,11,3,2084,16
3917,1417,13417,EC05,Hajipur Junction 5,12:56,12:04,15,4,406,17
3918,1418,13418,EC04,Bhubaneswar Junction 4,15:07,15:20,15,5,659,18
3919,1419,13419,NR03,New Delhi Junction 3,18:18,18:22,11,6,1912,19
3920,1420,13420,NC02,Prayagraj Junction 2,21:29,21:32,10,7,1916,20
3921,1421,13421,NE01,Gorakhpur Junction 1,00:40,00:42,9,1,169,21
3922,1422,13422,NE08,Gorakhpur Junction 8,03:51,03:55,8,2,720,22
3923,1423,13423,NF07,Guwahati Junction 7,06:02,06:05,13,3,446,23
3924,1424,13424,NW06,Jaipur Junction 6,09:13,09:27,4,4,1143,24
3925,1425,13425,SC05,Secunderabad Junction 5,12:24,12:36,8,5,917,25
3926,1426,13426,SE04,Bilaspur Junction 4,15:35,15:47,2,6,1817,26
3927,1427,13427,SE03,Kolkata Junction 3,18:46,18:57,12,7,926,27
3928,1428,13428,SW02,Hubballi Junction 2,21:57,21:04,10,1,1412,28
3929,1429,13429,SR01,Chennai Junction 1,00:08,00:22,14,2,118,29
3930,1430,13430,SR08,Chennai Junction 8,03:19,03:23,15,3,853,30
3931,1431,13431,WC07,Jabalpur Junction 7,06:30,06:40,2,4,230,1
3932,1432,13432,WR06,Mumbai Junction 6,09:41,09:48,12,5,1699,2
3933,1433,13433,CR05,Mumbai Junction 5,12:52,12:06,4,6,444,3
3934,1434,13434,ER04,Kolkata Junction 4,15:03,15:12,9,7,80,4
3935,1435,13435,EC03,Hajipur Junction 3,18:14,18:22,14,1,360,5
3936,1436,13436,EC02,Bhubaneswar Junction 2,21:25,21:38,8,2,1153,6
3937,1437,13437,NR01,New Delhi Junction 1,00:36,00:46,11,3,1402,7
3938,1438,13438,NR08,New Delhi Junction 8,03:47,03:50,6,4,1859,8
3939,1439,13439,NC07,Prayagraj Junction 7,06:58,06:00,12,5,1145,9
3940,1440,13440,NE06,Gorakhpur Junction 6,09:09,09:12,3,6,2157,10
3941,1441,13441,NF05,Guwahati Junction 5,12:20,12:22,2,7,36,11
3942,1442,13442,NW04,Jaipur Junction 4,15:31,15:41,14,1,377,12
3943,1443,13443,SC03,Secunderabad Junction 3,18:42,18:55,12,2,505,13
3944,1444,13444,SE02,Bilaspur Junction 2,21:53,21:55,8,3,178,14
3945,1445,13445,SE01,Kolkata Junction 1,00:04,00:07,8,4,1794,15
3946,1446,13446,SE08,Kolkata Junction 8,03:15,03:30,10,5,608,16
3947,1447,13447,SW07,Hubballi Junction 7,06:26,06:32,10,6,381,17
3948,1448,13448,SR06,Chennai Junction 6,09:37,09:46,12,7,1852,18
3949,1449,13449,WC05,Jabalpur Junction 5,12:48,12:50,6,1,560,19
3950,1450,13450,WR04,Mumbai Junction 4,15:59,15:08,4,2,2091,20
3951,1451,13451,CR03,Mumbai Junction 3,18:10,18:24,6,3,895,21
3952,1452,13452,ER02,Kolkata Junction 2,21:21,21:29,2,4,1955,22
3953,1453,13453,EC01,Hajipur Junction 1,00:32,00:44,6,5,1204,23
3954,1454,13454,EC08,Hajipur Junction 8,03:43,03:50,5,6,669,24
3955,1455,13455,EC07,Bhubaneswar Junction 7,06:54,06:57,13,7,1440,25
3956,1456,13456,NR06,New Delhi Junction 6,09:05,09:20,2,1,1388,26
3957,1457,13457,NC05,Prayagraj Junction 5,12:16,12:25,10,2,2177,27
3958,1458,13458,NE04,Gorakhpur Junction 4,15:27,15:34,3,3,27,28
3959,1459,13459,NF03,Guwahati Junction 3,18:38,18:46,4,4,310,29
3960,1460,13460,NW02,Jaipur Junction 2,21:49,21:53,5,5,254,30
3961,1461,13461,SC01,Secunderabad Junction 1,00:00,00:08,11,6,636,1
3962,1462,13462,SC08,Secunderabad Junction 8,03:11,03:14,10,7,188,2
3963,1463,13463,SE07,Bilaspur Junction 7,06:22,06:34,7,1,901,3
3964,1464,13464,SE06,Kolkata Junction 6,09:33,09:38,5,2,320,4
3965,1465,13465,SW05,Hubballi Junction 5,12:44,12:53,4,3,1497,5
3966,1466,13466,SR04,Chennai Junction 4,15:55,15:00,9,4,1181,6
3967,1467,13467,WC03,Jabalpur Junction 3,18:06,18:16,12,5,1233,7
3968,1468,13468,WR02,Mumbai Junction 2,21:17,21:30,5,6,1653,8
3969,1469,13469,CR01,Mumbai Junction 1,00:28,00:34,10,7,1082,9
3970,1470,13470,CR08,Mumbai Junction 8,03:39,03:53,5,1,1143,10
3971,1471,13471,ER07,Kolkata Junction 7,06:50,06:54,10,2,81,11
3972,1472,13472,EC06,Hajipur Junction 6,09:01,09:08,2,3,720,12
3973,1473,13473,EC05,Bhubaneswar Junction 5,12:12,12:20,6,4,849,13
3974,1474,13474,NR04,New Delhi Junction 4,15:23,15:27,12,5,1752,14
3975,1475,13475,NC03,Prayagraj Junction 3,18:34,18:42,2,6,137,15
3976,1476,13476,NE02,Gorakhpur Junction 2,21:45,21:56,15,7,1901,16
3977,1477,13477,NF01,Guwahati Junction 1,00:56,00:03,8,1,358,17
3978,1478,13478,NF08,Guwahati Junction 8,03:07,03:09,12,2,942,18
3979,1479,13479,NW07,Jaipur Junction 7,06:18,06:26,6,3,688,19
3980,1480,13480,SC06,Secunderabad Junction 6,09:29,09:44,13,4,1520,20
3981,1481,13481,SE05,Bilaspur Junction 5,12:40,12:47,12,5,746,21
3982,1482,13482,SE04,Kolkata Junction 4,15:51,15:00,4,6,1560,22
3983,1483,13483,SW03,Hubballi Junction 3,18:02,18:04,12,7,1328,23
3984,1484,13484,SR02,Chennai Junction 2,21:13,21:15,9,1,489,24
3985,1485,13485,WC01,Jabalpur Junction 1,00:24,00:32,2,2,1587,25
3986,1486,13486,WC08,Jabalpur Junction 8,03:35,03:44,7,3,1926,26
3987,1487,13487,WR07,Mumbai Junction 7,06:46,06:57,10,4,323,27
3988,1488,13488,CR06,Mumbai Junction 6,09:57,09:06,11,5,2037,28
3989,1489,13489,ER05,Kolkata Junction 5,12:08,12:18,4,6,1491,29
3990,1490,13490,EC04,Hajipur Junction 4,15:19,15:22,6,7,2018,30
3991,1491,13491,EC03,Bhubaneswar Junction 3,18:30,18:43,14,1,775,1
3992,1492,13492,NR02,New Delhi Junction 2,21:41,21:52,11,2,541,2
3993,1493,13493,NC01,Prayagraj Junction 1,00:52,00:07,15,3,242,3
3994,1494,13494,NC08,Prayagraj Junction 8,03:03,03:15,8,4,1482,4
3995,1495,13495,NE07,Gorakhpur Junction 7,06:14,06:23,5,5,211,5
3996,1496,13496,NF06,Guwahati Junction 6,09:25,09:34,13,6,1809,6
3997,1497,13497,NW05,Jaipur Junction 5,12:36,12:41,14,7,783,7
3998,1498,13498,SC04,Secunderabad Junction 4,15:47,15:56,6,1,1150,8
3999,1499,13499,SE03,Bilaspur Junction 3,18:58,18:07,11,2,1038,9
4000,1500,13500,SE02,Kolkata Junction 2,21:09,21:18,11,3,918,10
4001,1501,13501,SW01,Hubballi Junction 1,00:20,00:29,3,4,1913,11
4002,1502,13502,SW08,Hubballi Junction 8,03:31,03:34,14,5,1672,12
4003,1503,13503,SR07,Chennai Junction 7,06:42,06:57,2,6,477,13
4004,1504,13504,WC06,Jabalpur Junction 6,09:53,09:55,7,7,1990,14
4005,1505,13505,WR05,Mumbai Junction 5,12:04,12:16,11,1,1866,15
4006,1506,13506,CR04,Mumbai Junction 4,15:15,15:17,13,2,686,16
4007,1507,13507,ER03,Kolkata Junction 3,18:26,18:37,12,3,1508,17
4008,1508,13508,EC02,Hajipur Junction 2,21:37,21:44,10,4,1031,18
4009,1509,13509,EC01,Bhubaneswar Junction 1,00:48,00:58,8,5,866,19
4010,1510,13510,EC08,Bhubaneswar Junction 8,03:59,03:03,7,6,1587,20
4011,1511,13511,NR07,New Delhi Junction 7,06:10,06:24,3,7,402,21
4012,1512,13512,NC06,Prayagraj Junction 6,09:21,09:30,11,1,373,22
4013,1513,13513,NE05,Gorakhpur Junction 5,12:32,12:38,2,2,115,23
4014,1514,13514,NF04,Guwahati Junction 4,15:43,15:47,12,3,1912,24
4015,1515,13515,NW03,Jaipur Junction 3,18:54,18:02,4,4,2027,25
4016,1516,13516,SC02,Secunderabad Junction 2,21:05,21:10,4,5,303,26
4017,1517,13517,SE01,Bilaspur Junction 1,00:16,00:22,12,6,873,27
4018,1518,13518,SE08,Bilaspur Junction 8,03:27,03:35,6,7,2075,28
4019,1519,13519,SE07,Kolkata Junction 7,06:38,06:49,11,1,962,29
4020,1520,13520,SW06,Hubballi Junction 6,09:49,09:58,14,2,1444,30
4021,1521,13521,SR05,Chennai Junction 5,12:00,12:13,2,3,1891,1
4022,1522,13522,WC04,Jabalpur Junction 4,15:11,15:26,11,4,2104,2
4023,1523,13523,WR03,Mumbai Junction 3,18:22,18:31,5,5,1333,3
4024,1524,13524,CR02,Mumbai Junction 2,21:33,21:43,4,6,444,4
4025,1525,13525,ER01,Kolkata Junction 1,00:44,00:50,9,7,325,5
4026,1526,13526,ER08,Kolkata Junction 8,03:55,03:07,3,1,2067,6
4027,1527,13527,EC07,Hajipur Junction 7,06:06,06:17,6,2,819,7
4028,1528,13528,EC06,Bhubaneswar Junction 6,09:17,09:28,3,3,1576,8
4029,1529,13529,NR05,New Delhi Junction 5,12:28,12:37,5,4,1974,9
4030,1530,13530,NC04,Prayagraj Junction 4,15:39,15:49,4,5,1441,10
4031,1531,13531,NE03,Gorakhpur Junction 3,18:50,18:57,12,6,1082,11
4032,1532,13532,NF02,Guwahati Junction 2,21:01,21:16,14,7,88,12
4033,1533,13533,NW01,Jaipur Junction 1,00:12,00:19,4,1,990,13
4034,1534,13534,NW08,Jaipur Junction 8,03:23,03:27,9,2,339,14
4035,1535,13535,SC07,Secunderabad Junction 7,06:34,06:44,8,3,2184,15
4036,1536,13536,SE06,Bilaspur Junction 6,09:45,09:59,10,4,987,16
4037,1537,13537,SE05,Kolkata Junction 5,12:56,12:08,11,5,306,17
4038,1538,13538,SW04,Hubballi Junction 4,15:07,15:14,15,6,703,18
4039,1539,13539,SR03,Chennai Junction 3,18:18,18:20,13,7,2052,19
4040,1540,13540,WC02,Jabalpur Junction 2,21:29,21:40,10,1,771,20
4041,1541,13541,WR01,Mumbai Junction 1,00:40,00:47,14,2,1887,21
4042,1542,13542,WR08,Mumbai Junction 8,03:51,03:59,6,3,414,22
4043,1543,13543,CR07,Mumbai Junction 7,06:02,06:04,8,4,1218,23
4044,1544,13544,ER06,Kolkata Junction 6,09:13,09:24,13,5,807,24
4045,1545,13545,EC05,Hajipur Junction 5,12:24,12:28,13,6,1677,25
4046,1546,13546,EC04,Bhubaneswar Junction 4,15:35,15:44,2,7,1029,26
4047,1547,13547,NR03,New Delhi Junction 3,18:46,18:56,14,1,1118,27
4048,1548,13548,NC02,Prayagraj Junction 2,21:57,21:05,7,2,911,28
4049,1549,13549,NE01,Gorakhpur Junction 1,00:08,00:10,3,3,1663,29
4050,1550,13550,NE08,Gorakhpur Junction 8,03:19,03:26,13,4,873,30
4051,1551,13551,NF07,Guwahati Junction 7,06:30,06:45,4,5,413,1
4052,1552,13552,NW06,Jaipur Junction 6,09:41,09:51,13,6,316,2
4053,1553,13553,SC05,Secunderabad Junction 5,12:52,12:01,5,7,1621,3
4054,1554,13554,SE04,Bilaspur Junction 4,15:03,15:12,11,1,591,4
4055,1555,13555,SE03,Kolkata Junction 3,18:14,18:20,10,2,776,5
4056,1556,13556,SW02,Hubballi Junction 2,21:25,21:36,4,3,662,6
4057,1557,13557,SR01,Chennai Junction 1,00:36,00:39,3,4,577,7
4058,1558,13558,SR08,Chennai Junction 8,03:47,03:55,4,5,204,8
4059,1559,13559,WC07,Jabalpur Junction 7,06:58,06:12,9,6,1574,9
4060,1560,13560,WR06,Mumbai Junction 6,09:09,09:21,3,7,1364,10
4061,1561,13561,CR05,Mumbai Junction 5,12:20,12:34,8,1,1896,11
4062,1562,13562,ER04,Kolkata Junction 4,15:31,15:46,9,2,223,12
4063,1563,13563,EC03,Hajipur Junction 3,18:42,18:52,14,3,1274,13
4064,1564,13564,EC02,Bhubaneswar Junction 2,21:53,21:06,9,4,923,14
4065,1565,13565,NR01,New Delhi Junction 1,00:04,00:19,4,5,984,15
4066,1566,13566,NR08,New Delhi Junction 8,03:15,03:19,11,6,2027,16
4067,1567,13567,NC07,Prayagraj Junction 7,06:26,06:41,5,7,1600,17
4068,1568,13568,NE06,Gorakhpur Junction 6,09:37,09:51,13,1,1107,18
4069,1569,13569,NF05,Guwahati Junction 5,12:48,12:52,8,2,1707,19
4070,1570,13570,NW04,Jaipur Junction 4,15:59,15:09,7,3,473,20
4071,1571,13571,SC03,Secunderabad Junction 3,18:10,18:21,7,4,1038,21
4072,1572,13572,SE02,Bilaspur Junction 2,21:21,21:36,2,5,524,22
4073,1573,13573,SE01,Kolkata Junction 1,00:32,00:46,14,6,665,23
4074,1574,13574,SE08,Kolkata Junction 8,03:43,03:58,4,7,114,24
4075,1575,13575,SW07,Hubballi Junction 7,06:54,06:00,9,1,13,25
4076,1576,13576,SR06,Chennai Junction 6,09:05,09:09,13,2,1367,26
4077,1577,13577,WC05,Jabalpur Junction 5,12:16,12:26,15,3,502,27
4078,1578,13578,WR04,Mumbai Junction 4,15:27,15:41,6,4,2034,28
4079,1579,13579,CR03,Mumbai Junction 3,18:38,18:50,4,5,460,29
4080,1580,13580,ER02,Kolkata Junction 2,21:49,21:58,9,6,516,30
4081,1581,13581,EC01,Hajipur Junction 1,00:00,00:05,14,7,1658,1
4082,1582,13582,EC08,Hajipur Junction 8,03:11,03:15,12,1,338,2
4083,1583,13583,EC07,Bhubaneswar Junction 7,06:22,06:30,2,2,1428,3
4084,1584,13584,NR06,New Delhi Junction 6,09:33,09:37,5,3,417,4
4085,1585,13585,NC05,Prayagraj Junction 5,12:44,12:48,3,4,1219,5
4086,1586,13586,NE04,Gorakhpur Junction 4,15:55,15:09,6,5,1715,6
4087,1587,13587,NF03,Guwahati Junction 3,18:06,18:15,5,6,135,7
4088,1588,13588,NW02,Jaipur Junction 2,21:17,21:29,2,7,928,8
4089,1589,13589,SC01,Secunderabad Junction 1,00:28,00:30,12,1,2177,9
4090,1590,13590,SC08,Secunderabad Junction 8,03:39,03:45,6,2,1242,10
4091,1591,13591,SE07,Bilaspur Junction 7,06:50,06:59,7,3,804,11
4092,1592,13592,SE06,Kolkata Junction 6,09:01,09:05,5,4,1288,12
4093,1593,13593,SW05,Hubballi Junction 5,12:12,12:24,12,5,1136,13
4094,1594,13594,SR04,Chennai Junction 4,15:23,15:35,10,6,783,14
4095,1595,13595,WC03,Jabalpur Junction 3,18:34,18:40,9,7,676,15
4096,1596,13596,WR02,Mumbai Junction 2,21:45,21:57,4,1,119,16
4097,1597,13597,CR01,Mumbai Junction 1,00:56,00:04,3,2,421,17
4098,1598,13598,CR08,Mumbai Junction 8,03:07,03:14,2,3,491,18
4099,1599,13599,ER07,Kolkata Junction 7,06:18,06:27,7,4,1971,19
4100,1600,13600,EC06,Hajipur Junction 6,09:29,09:32,12,5,1302,20
4101,1601,13601,EC05,Bhubaneswar Junction 5,12:40,12:51,11,6,115,21
4102,1602,13602,NR04,New Delhi Junction 4,15:51,15:04,6,7,1431,22
4103,1603,13603,NC03,Prayagraj Junction 3,18:02,18:08,7,1,1540,23
4104,1604,13604,NE02,Gorakhpur Junction 2,21:13,21:28,14,2,1597,24
4105,1605,13605,NF01,Guwahati Junction 1,00:24,00:33,9,3,2124,25
4106,1606,13606,NF08,Guwahati Junction 8,03:35,03:39,15,4,1427,26
4107,1607,13607,NW07,Jaipur Junction 7,06:46,06:56,10,5,1787,27
4108,1608,13608,SC06,Secunderabad Junction 6,09:57,09:08,3,6,1718,28
4109,1609,13609,SE05,Bilaspur Junction 5,12:08,12:20,14,7,2060,29
4110,1610,13610,SE04,Kolkata Junction 4,15:19,15:34,2,1,1386,30
4111,1611,13611,SW03,Hubballi Junction 3,18:30,18:45,15,2,1208,1
4112,1612,13612,SR02,Chennai Junction 2,21:41,21:55,14,3,5,2
4113,1613,13613,WC01,Jabalpur Junction 1,00:52,00:06,10,4,1262,3
4114,1614,13614,WC08,Jabalpur Junction 8,03:03,03:07,14,5,649,4
4115,1615,13615,WR07,Mumbai Junction 7,06:14,06:21,6,6,2133,5
4116,1616,13616,CR06,Mumbai Junction 6,09:25,09:33,3,7,23,6
4117,1617,13617,ER05,Kolkata Junction 5,12:36,12:51,5,1,1695,7
4118,1618,13618,EC04,Hajipur Junction 4,15:47,15:49,14,2,1431,8
4119,1619,13619,EC03,Bhubaneswar Junction 3,18:58,18:03,14,3,655,9
4120,1620,13620,NR02,New Delhi Junction 2,21:09,21:24,10,4,986,10
4121,1621,13621,NC01,Prayagraj Junction 1,00:20,00:22,5,5,128,11
4122,1622,13622,NC08,Prayagraj Junction 8,03:31,03:44,3,6,248,12
4123,1623,13623,NE07,Gorakhpur Junction 7,06:42,06:45,15,7,2135,13
4124,1624,13624,NF06,Guwahati Junction 6,09:53,09:05,3,1,1108,14
4125,1625,13625,NW05,Jaipur Junction 5,12:04,12:19,3,2,1745,15
4126,1626,13626,SC04,Secunderabad Junction 4,15:15,15:17,13,3,1197,16
4127,1627,13627,SE03,Bilaspur Junction 3,18:26,18:40,7,4,1727,17
4128,1628,13628,SE02,Kolkata Junction 2,21:37,21:50,6,5,1413,18
4129,1629,13629,SW01,Hubballi Junction 1,00:48,00:56,8,6,1759,19
4130,1630,13630,SW08,Hubballi Junction 8,03:59,03:04,3,7,1056,20
4131,1631,13631,SR07,Chennai Junction 7,06:10,06:23,4,1,748,21
4132,1632,13632,WC06,Jabalpur Junction 6,09:21,09:32,8,2,1332,22
4133,1633,13633,WR05,Mumbai Junction 5,12:32,12:41,13,3,1925,23
4134,1634,13634,CR04,Mumbai Junction 4,15:43,15:51,8,4,613,24
4135,1635,13635,ER03,Kolkata Junction 3,18:54,18:02,13,5,1103,25
4136,1636,13636,EC02,Hajipur Junction 2,21:05,21:16,7,6,1554,26
4137,1637,13637,EC01,Bhubaneswar Junction 1,00:16,00:27,9,7,2055,27
4138,1638,13638,EC08,Bhubaneswar Junction 8,03:27,03:41,4,1,501,28
4139,1639,13639,NR07,New Delhi Junction 7,06:38,06:53,7,2,682,29
4140,1640,13640,NC06,Prayagraj Junction 6,09:49,09:02,10,3,292,30
4141,1641,13641,NE05,Gorakhpur Junction 5,12:00,12:03,13,4,1682,1
4142,1642,13642,NF04,Guwahati Junction 4,15:11,15:17,14,5,276,2
4143,1643,13643,NW03,Jaipur Junction 3,18:22,18:36,3,6,1399,3
4144,1644,13644,SC02,Secunderabad Junction 2,21:33,21:46,10,7,1712,4
4145,1645,13645,SE01,Bilaspur Junction 1,00:44,00:50,6,1,585,5
4146,1646,13646,SE08,Bilaspur Junction 8,03:55,03:58,5,2,543,6
4147,1647,13647,SE07,Kolkata Junction 7,06:06,06:18,4,3,365,7
4148,1648,13648,SW06,Hubballi Junction 6,09:17,09:29,9,4,474,8
4149,1649,13649,SR05,Chennai Junction 5,12:28,12:39,5,5,1728,9
4150,1650,13650,WC04,Jabalpur Junction 4,15:39,15:41,10,6,1313,10
4151,1651,13651,WR03,Mumbai Junction 3,18:50,18:57,11,7,835,11
4152,1652,13652,CR02,Mumbai Junction 2,21:01,21:12,5,1,1250,12
4153,1653,13653,ER01,Kolkata Junction 1,00:12,00:24,15,2,792,13
4154,1654,13654,ER08,Kolkata Junction 8,03:23,03:31,8,3,1892,14
4155,1655,13655,EC07,Hajipur Junction 7,06:34,06:49,11,4,1808,15
4156,1656,13656,EC06,Bhubaneswar Junction 6,09:45,09:48,12,5,1782,16
4157,1657,13657,NR05,New Delhi Junction 5,12:56,12:08,10,6,1979,17
4158,1658,13658,NC04,Prayagraj Junction 4,15:07,15:18,13,7,396,18
4159,1659,13659,NE03,Gorakhpur Junction 3,18:18,18:29,8,1,1910,19
4160,1660,13660,NF02,Guwahati Junction 2,21:29,21:43,13,2,473,20
4161,1661,13661,NW01,Jaipur Junction 1,00:40,00:48,2,3,2155,21
4162,1662,13662,NW08,Jaipur Junction 8,03:51,03:56,10,4,1072,22
4163,1663,13663,SC07,Secunderabad Junction 7,06:02,06:16,13,5,1709,23
4164,1664,13664,SE06,Bilaspur Junction 6,09:13,09:24,3,6,2021,24
4165,1665,13665,SE05,Kolkata Junction 5,12:24,12:26,8,7,834,25
4166,1666,13666,SW04,Hubballi Junction 4,15:35,15:42,15,1,509,26
4167,1667,13667,SR03,Chennai Junction 3,18:46,18:56,5,2,2005,27
4168,1668,13668,WC02,Jabalpur Junction 2,21:57,21:09,7,3,176,28
4169,1669,13669,WR01,Mumbai Junction 1,00:08,00:12,5,4,893,29
4170,1670,13670,WR08,Mumbai Junction 8,03:19,03:33,3,5,1269,30
4171,1671,13671,CR07,Mumbai Junction 7,06:30,06:36,2,6,1362,1
4172,1672,13672,ER06,Kolkata Junction 6,09:41,09:52,15,7,1114,2
4173,1673,13673,EC05,Hajipur Junction 5,12:52,12:58,13,1,544,3
4174,1674,13674,EC04,Bhubaneswar Junction 4,15:03,15:14,15,2,9,4
4175,1675,13675,NR03,New Delhi Junction 3,18:14,18:28,4,3,1059,5
4176,1676,13676,NC02,Prayagraj Junction 2,21:25,21:30,4,4,1544,6
4177,1677,13677,NE01,Gorakhpur Junction 1,00:36,00:44,9,5,1063,7
4178,1678,13678,NE08,Gorakhpur Junction 8,03:47,03:59,15,6,1128,8
4179,1679,13679,NF07,Guwahati Junction 7,06:58,06:02,6,7,1091,9
4180,1680,13680,NW06,Jaipur Junction 6,09:09,09:12,5,1,445,10
4181,1681,13681,SC05,Secunderabad Junction 5,12:20,12:35,7,2,1933,11
4182,1682,13682,SE04,Bilaspur Junction 4,15:31,15:40,9,3,2065,12
4183,1683,13683,SE03,Kolkata Junction 3,18:42,18:53,5,4,619,13
4184,1684,13684,SW02,Hubballi Junction 2,21:53,21:04,2,5,335,14
4185,1685,13685,SR01,Chennai Junction 1,00:04,00:07,11,6,970,15
4186,1686,13686,SR08,Chennai Junction 8,03:15,03:17,12,7,1443,16
4187,1687,13687,WC07,Jabalpur Junction 7,06:26,06:38,4,1,1924,17
4188,1688,13688,WR06,Mumbai Junction 6,09:37,09:41,9,2,1229,18
4189,1689,13689,CR05,Mumbai Junction 5,12:48,12:53,7,3,114,19
4190,1690,13690,ER04,Kolkata Junction 4,15:59,15:07,11,4,679,20
4191,1691,13691,EC03,Hajipur Junction 3,18:10,18:19,15,5,516,21
4192,1692,13692,EC02,Bhubaneswar Junction 2,21:21,21:27,3,6,1192,22
4193,1693,13693,NR01,New Delhi Junction 1,00:32,00:36,13,7,640,23
4194,1694,13694,NR08,New Delhi Junction 8,03:43,03:54,4,1,710,24
4195,1695,13695,NC07,Prayagraj Junction 7,06:54,06:58,9,2,61,25
4196,1696,13696,NE06,Gorakhpur Junction 6,09:05,09:08,9,3,1200,26
4197,1697,13697,NF05,Guwahati Junction 5,12:16,12:22,8,4,916,27
4198,1698,13698,NW04,Jaipur Junction 4,15:27,15:39,8,5,1865,28
4199,1699,13699,SC03,Secunderabad Junction 3,18:38,18:43,4,6,888,29
4200,1700,13700,SE02,Bilaspur Junction 2,21:49,21:52,11,7,859,30
4201,1701,13701,SE01,Kolkata Junction 1,00:00,00:07,9,1,180,1
4202,1702,13702,SE08,Kolkata Junction 8,03:11,03:18,15,2,1382,2
4203,1703,13703,SW07,Hubballi Junction 7,06:22,06:32,9,3,1031,3
4204,1704,13704,SR06,Chennai Junction 6,09:33,09:48,15,4,900,4
4205,1705,13705,WC05,Jabalpur Junction 5,12:44,12:58,3,5,703,5
4206,1706,13706,WR04,Mumbai Junction 4,15:55,15:01,11,6,1332,6
4207,1707,13707,CR03,Mumbai Junction 3,18:06,18:14,5,7,1115,7
4208,1708,13708,ER02,Kolkata Junction 2,21:17,21:22,8,1,747,8
4209,1709,13709,EC01,Hajipur Junction 1,00:28,00:42,12,2,385,9
4210,1710,13710,EC08,Hajipur Junction 8,03:39,03:54,11,3,770,10
4211,1711,13711,EC07,Bhubaneswar Junction 7,06:50,06:59,4,4,103,11
4212,1712,13712,NR06,New Delhi Junction 6,09:01,09:08,12,5,774,12
4213,1713,13713,NC05,Prayagraj Junction 5,12:12,12:19,15,6,2171,13
4214,1714,13714,NE04,Gorakhpur Junction 4,15:23,15:31,2,7,1494,14
4215,1715,13715,NF03,Guwahati Junction 3,18:34,18:46,14,1,2085,15
4216,1716,13716,NW02,Jaipur Junction 2,21:45,21:55,3,2,548,16
4217,1717,13717,SC01,Secunderabad Junction 1,00:56,00:08,10,3,959,17
4218,1718,13718,SC08,Secunderabad Junction 8,03:07,03:14,11,4,929,18
4219,1719,13719,SE07,Bilaspur Junction 7,06:18,06:22,15,5,768,19
4220,1720,13720,SE06,Kolkata Junction 6,09:29,09:34,2,6,1031,20
4221,1721,13721,SW05,Hubballi Junction 5,12:40,12:55,4,7,538,21
4222,1722,13722,SR04,Chennai Junction 4,15:51,15:55,3,1,1327,22
4223,1723,13723,WC03,Jabalpur Junction 3,18:02,18:08,12,2,881,23
4224,1724,13724,WR02,Mumbai Junction 2,21:13,21:23,3,3,724,24
4225,1725,13725,CR01,Mumbai Junction 1,00:24,00:31,2,4,922,25
4226,1726,13726,CR08,Mumbai Junction 8,03:35,03:43,7,5,1109,26
4227,1727,13727,ER07,Kolkata Junction 7,06:46,06:59,12,6,31,27
4228,1728,13728,EC06,Hajipur Junction 6,09:57,09:07,14,7,1916,28
4229,1729,13729,EC05,Bhubaneswar Junction 5,12:08,12:14,12,1,1762,29
4230,1730,13730,NR04,New Delhi Junction 4,15:19,15:26,14,2,1390,30
4231,1731,13731,NC03,Prayagraj Junction 3,18:30,18:42,12,3,1718,1
4232,1732,13732,NE02,Gorakhpur Junction 2,21:41,21:56,14,4,929,2
4233,1733,13733,NF01,Guwahati Junction 1,00:52,00:01,11,5,1884,3
4234,1734,13734,NF08,Guwahati Junction 8,03:03,03:10,6,6,1623,4
4235,1735,13735,NW07,Jaipur Junction 7,06:14,06:29,14,7,325,5
4236,1736,13736,SC06,Secunderabad Junction 6,09:25,09:39,13,1,345,6
4237,1737,13737,SE05,Bilaspur Junction 5,12:36,12:38,4,2,2044,7
4238,1738,13738,SE04,Kolkata Junction 4,15:47,15:59,10,3,1388,8
4239,1739,13739,SW03,Hubballi Junction 3,18:58,18:05,14,4,343,9
4240,1740,13740,SR02,Chennai Junction 2,21:09,21:15,4,5,1865,10
4241,1741,13741,WC01,Jabalpur Junction 1,00:20,00:29,11,6,2022,11
4242,1742,13742,WC08,Jabalpur Junction 8,03:31,03:35,15,7,278,12
4243,1743,13743,WR07,Mumbai Junction 7,06:42,06:54,11,1,1815,13
4244,1744,13744,CR06,Mumbai Junction 6,09:53,09:57,15,2,1747,14
4245,1745,13745,ER05,Kolkata Junction 5,12:04,12:07,9,3,1797,15
4246,1746,13746,EC04,Hajipur Junction 4,15:15,15:23,7,4,606,16
4247,1747,13747,EC03,Bhubaneswar Junction 3,18:26,18:35,15,5,1336,17
4248,1748,13748,NR02,New Delhi Junction 2,21:37,21:49,12,6,1711,18
4249,1749,13749,NC01,Prayagraj Junction 1,00:48,00:55,12,7,721,19
4250,1750,13750,NC08,Prayagraj Junction 8,03:59,03:09,6,1,2067,20
4251,1751,13751,NE07,Gorakhpur Junction 7,06:10,06:22,10,2,993,21
4252,1752,13752,NF06,Guwahati Junction 6,09:21,09:30,12,3,602,22
4253,1753,13753,NW05,Jaipur Junction 5,12:32,12:45,5,4,311,23
4254,1754,13754,SC04,Secunderabad Junction 4,15:43,15:55,11,5,736,24
4255,1755,13755,SE03,Bilaspur Junction 3,18:54,18:05,12,6,1733,25
4256,1756,13756,SE02,Kolkata Junction 2,21:05,21:20,13,7,966,26
4257,1757,13757,SW01,Hubballi Junction 1,00:16,00:21,3,1,1262,27
4258,1758,13758,SW08,Hubballi Junction 8,03:27,03:38,11,2,20,28
4259,1759,13759,SR07,Chennai Junction 7,06:38,06:49,13,3,1587,29
4260,1760,13760,WC06,Jabalpur Junction 6,09:49,09:58,2,4,1077,30
4261,1761,13761,WR05,Mumbai Junction 5,12:00,12:11,9,5,1264,1
4262,1762,13762,CR04,Mumbai Junction 4,15:11,15:20,9,6,712,2
4263,1763,13763,ER03,Kolkata Junction 3,18:22,18:32,5,7,1081,3
4264,1764,13764,EC02,Hajipur Junction 2,21:33,21:40,11,1,1968,4
4265,1765,13765,EC01,Bhubaneswar Junction 1,00:44,00:54,3,2,1468,5
4266,1766,13766,EC08,Bhubaneswar Junction 8,03:55,03:01,2,3,423,6
4267,1767,13767,NR07,New Delhi Junction 7,06:06,06:21,7,4,443,7
4268,1768,13768,NC06,Prayagraj Junction 6,09:17,09:20,11,5,1673,8
4269,1769,13769,NE05,Gorakhpur Junction 5,12:28,12:34,3,6,780,9
4270,1770,13770,NF04,Guwahati Junction 4,15:39,15:50,3,7,588,10
4271,1771,13771,NW03,Jaipur Junction 3,18:50,18:52,8,1,375,11
4272,1772,13772,SC02,Secunderabad Junction 2,21:01,21:05,3,2,1606,12
4273,1773,13773,SE01,Bilaspur Junction 1,00:12,00:20,15,3,869,13
4274,1774,13774,SE08,Bilaspur Junction 8,03:23,03:28,4,4,2096,14
4275,1775,13775,SE07,Kolkata Junction 7,06:34,06:44,6,5,1439,15
4276,1776,13776,SW06,Hubballi Junction 6,09:45,09:54,3,6,1543,16
4277,1777,13777,SR05,Chennai Junction 5,12:56,12:59,4,7,1569,17
4278,1778,13778,WC04,Jabalpur Junction 4,15:07,15:15,5,1,149,18
4279,1779,13779,WR03,Mumbai Junction 3,18:18,18:28,11,2,446,19
4280,1780,13780,CR02,Mumbai Junction 2,21:29,21:36,6,3,1961,20
4281,1781,13781,ER01,Kolkata Junction 1,00:40,00:53,5,4,1129,21
4282,1782,13782,ER08,Kolkata Junction 8,03:51,03:05,6,5,310,22
4283,1783,13783,EC07,Hajipur Junction 7,06:02,06:08,10,6,2183,23
4284,1784,13784,EC06,Bhubaneswar Junction 6,09:13,09:19,2,7,399,24
4285,1785,13785,NR05,New Delhi Junction 5,12:24,12:31,3,1,76,25
4286,1786,13786,NC04,Prayagraj Junction 4,15:35,15:46,13,2,512,26
4287,1787,13787,NE03,Gorakhpur Junction 3,18:46,18:55,10,3,1468,27
4288,1788,13788,NF02,Guwahati Junction 2,21:57,21:12,14,4,695,28
4289,1789,13789,NW01,Jaipur Junction 1,00:08,00:23,2,5,2116,29
4290,1790,13790,NW08,Jaipur Junction 8,03:19,03:22,3,6,262,30
4291,1791,13791,SC07,Secunderabad Junction 7,06:30,06:33,8,7,1408,1
4292,1792,13792,SE06,Bilaspur Junction 6,09:41,09:53,2,1,652,2
4293,1793,13793,SE05,Kolkata Junction 5,12:52,12:55,4,2,1642,3
4294,1794,13794,SW04,Hubballi Junction 4,15:03,15:13,4,3,662,4
4295,1795,13795,SR03,Chennai Junction 3,18:14,18:28,10,4,525,5
4296,1796,13796,WC02,Jabalpur Junction 2,21:25,21:40,4,5,640,6
4297,1797,13797,WR01,Mumbai Junction 1,00:36,00:47,9,6,152,7
4298,1798,13798,WR08,Mumbai Junction 8,03:47,03:00,5,7,1521,8
4299,1799,13799,CR07,Mumbai Junction 7,06:58,06:04,12,1,1975,9
4300,1800,13800,ER06,Kolkata Junction 6,09:09,09:21,14,2,1187,10
4301,1801,13801,EC05,Hajipur Junction 5,12:20,12:22,9,3,1014,11
4302,1802,13802,EC04,Bhubaneswar Junction 4,15:31,15:43,5,4,1534,12
4303,1803,13803,NR03,New Delhi Junction 3,18:42,18:50,11,5,923,13
4304,1804,13804,NC02,Prayagraj Junction 2,21:53,21:00,4,6,1822,14
4305,1805,13805,NE01,Gorakhpur Junction 1,00:04,00:06,5,7,938,15
4306,1806,13806,NE08,Gorakhpur Junction 8,03:15,03:19,14,1,759,16
4307,1807,13807,NF07,Guwahati Junction 7,06:26,06:31,5,2,421,17
4308,1808,13808,NW06,Jaipur Junction 6,09:37,09:48,8,3,508,18
4309,1809,13809,SC05,Secunderabad Junction 5,12:48,12:02,11,4,886,19
4310,1810,13810,SE04,Bilaspur Junction 4,15:59,15:08,11,5,335,20
4311,1811,13811,SE03,Kolkata Junction 3,18:10,18:23,5,6,65,21
4312,1812,13812,SW02,Hubballi Junction 2,21:21,21:30,14,7,1612,22
4313,1813,13813,SR01,Chennai Junction 1,00:32,00:38,7,1,1311,23
4314,1814,13814,SR08,Chennai Junction 8,03:43,03:48,13,2,649,24
4315,1815,13815,WC07,Jabalpur Junction 7,06:54,06:59,3,3,1525,25
4316,1816,13816,WR06,Mumbai Junction 6,09:05,09:07,13,4,2140,26
4317,1817,13817,CR05,Mumbai Junction 5,12:16,12:19,3,5,2055,27
4318,1818,13818,ER04,Kolkata Junction 4,15:27,15:30,7,6,1916,28
4319,1819,13819,EC03,Hajipur Junction 3,18:38,18:41,11,7,841,29
4320,1820,13820,EC02,Bhubaneswar Junction 2,21:49,21:57,15,1,1427,30
4321,1821,13821,NR01,New Delhi Junction 1,00:00,00:06,15,2,1277,1
4322,1822,13822,NR08,New Delhi Junction 8,03:11,03:14,7,3,536,2
4323,1823,13823,NC07,Prayagraj Junction 7,06:22,06:32,14,4,86,3
4324,1824,13824,NE06,Gorakhpur Junction 6,09:33,09:45,14,5,2187,4
4325,1825,13825,NF05,Guwahati Junction 5,12:44,12:55,6,6,319,5
4326,1826,13826,NW04,Jaipur Junction 4,15:55,15:10,7,7,756,6
4327,1827,13827,SC03,Secunderabad Junction 3,18:06,18:18,12,1,1780,7
4328,1828,13828,SE02,Bilaspur Junction 2,21:17,21:31,14,2,375,8
4329,1829,13829,SE01,Kolkata Junction 1,00:28,00:32,4,3,1380,9
4330,1830,13830,SE08,Kolkata Junction 8,03:39,03:49,14,4,1856,10
4331,1831,13831,SW07,Hubballi Junction 7,06:50,06:03,3,5,1530,11
4332,1832,13832,SR06,Chennai Junction 6,09:01,09:14,15,6,754,12
4333,1833,13833,WC05,Jabalpur Junction 5,12:12,12:24,7,7,353,13
4334,1834,13834,WR04,Mumbai Junction 4,15:23,15:29,5,1,2005,14
4335,1835,13835,CR03,Mumbai Junction 3,18:34,18:38,3,2,1275,15
4336,1836,13836,ER02,Kolkata Junction 2,21:45,21:55,9,3,325,16
4337,1837,13837,EC01,Hajipur Junction 1,00:56,00:04,15,4,197,17
4338,1838,13838,EC08,Hajipur Junction 8,03:07,03:20,3,5,514,18
4339,1839,13839,EC07,Bhubaneswar Junction 7,06:18,06:32,6,6,1149,19
4340,1840,13840,NR06,New Delhi Junction 6,09:29,09:36,10,7,891,20
4341,1841,13841,NC05,Prayagraj Junction 5,12:40,12:48,13,1,1219,21
4342,1842,13842,NE04,Gorakhpur Junction 4,15:51,15:00,13,2,941,22
4343,1843,13843,NF03,Guwahati Junction 3,18:02,18:15,12,3,1944,23
4344,1844,13844,NW02,Jaipur Junction 2,21:13,21:21,9,4,282,24
4345,1845,13845,SC01,Secunderabad Junction 1,00:24,00:27,3,5,1392,25
4346,1846,13846,SC08,Secunderabad Junction 8,03:35,03:41,6,6,1326,26
4347,1847,13847,SE07,Bilaspur Junction 7,06:46,06:53,3,7,1226,27
4348,1848,13848,SE06,Kolkata Junction 6,09:57,09:06,3,1,593,28
4349,1849,13849,SW05,Hubballi Junction 5,12:08,12:13,11,2,548,29
4350,1850,13850,SR04,Chennai Junction 4,15:19,15:21,5,3,1031,30
4351,1851,13851,WC03,Jabalpur Junction 3,18:30,18:42,2,4,1938,1
4352,1852,13852,WR02,Mumbai Junction 2,21:41,21:47,6,5,34,2
4353,1853,13853,CR01,Mumbai Junction 1,00:52,00:57,8,6,1377,3
4354,1854,13854,CR08,Mumbai Junction 8,03:03,03:15,9,7,220,4
4355,1855,13855,ER07,Kolkata Junction 7,06:14,06:21,12,1,1407,5
4356,1856,13856,EC06,Hajipur Junction 6,09:25,09:35,9,2,1110,6
4357,1857,13857,EC05,Bhubaneswar Junction 5,12:36,12:51,10,3,1313,7
4358,1858,13858,NR04,New Delhi Junction 4,15:47,15:53,8,4,1562,8
4359,1859,13859,NC03,Prayagraj Junction 3,18:58,18:12,12,5,1457,9
4360,1860,13860,NE02,Gorakhpur Junction 2,21:09,21:21,2,6,592,10
4361,1861,13861,NF01,Guwahati Junction 1,00:20,00:25,11,7,1657,11
4362,1862,13862,NF08,Guwahati Junction 8,03:31,03:35,4,1,1089,12
4363,1863,13863,NW07,Jaipur Junction 7,06:42,06:57,2,2,1934,13
4364,1864,13864,SC06,Secunderabad Junction 6,09:53,09:57,5,3,1389,14
4365,1865,13865,SE05,Bilaspur Junction 5,12:04,12:16,14,4,12,15
4366,1866,13866,SE04,Kolkata Junction 4,15:15,15:17,8,5,1228,16
4367,1867,13867,SW03,Hubballi Junction 3,18:26,18:31,10,6,583,17
4368,1868,13868,SR02,Chennai Junction 2,21:37,21:52,4,7,1441,18
4369,1869,13869,WC01,Jabalpur Junction 1,00:48,00:57,3,1,1330,19
4370,1870,13870,WC08,Jabalpur Junction 8,03:59,03:03,9,2,1398,20
4371,1871,13871,WR07,Mumbai Junction 7,06:10,06:13,5,3,650,21
4372,1872,13872,CR06,Mumbai Junction 6,09:21,09:35,5,4,2025,22
4373,1873,13873,ER05,Kolkata Junction 5,12:32,12:41,15,5,1828,23
4374,1874,13874,EC04,Hajipur Junction 4,15:43,15:49,9,6,1577,24
4375,1875,13875,EC03,Bhubaneswar Junction 3,18:54,18:57,11,7,1011,25
4376,1876,13876,NR02,New Delhi Junction 2,21:05,21:07,14,1,584,26
4377,1877,13877,NC01,Prayagraj Junction 1,00:16,00:30,4,2,1191,27
4378,1878,13878,NC08,Prayagraj Junction 8,03:27,03:34,14,3,2096,28
4379,1879,13879,NE07,Gorakhpur Junction 7,06:38,06:50,13,4,1691,29
4380,1880,13880,NF06,Guwahati Junction 6,09:49,09:55,14,5,1166,30
4381,1881,13881,NW05,Jaipur Junction 5,12:00,12:06,4,6,1561,1
4382,1882,13882,SC04,Secunderabad Junction 4,15:11,15:16,11,7,143,2
4383,1883,13883,SE03,Bilaspur Junction 3,18:22,18:32,10,1,1154,3
4384,1884,13884,SE02,Kolkata Junction 2,21:33,21:44,15,2,1844,4
4385,1885,13885,SW01,Hubballi Junction 1,00:44,00:52,14,3,2099,5
4386,1886,13886,SW08,Hubballi Junction 8,03:55,03:59,7,4,1634,6
4387,1887,13887,SR07,Chennai Junction 7,06:06,06:15,3,5,1039,7
4388,1888,13888,WC06,Jabalpur Junction 6,09:17,09:24,12,6,1134,8
4389,1889,13889,WR05,Mumbai Junction 5,12:28,12:31,2,7,632,9
4390,1890,13890,CR04,Mumbai Junction 4,15:39,15:43,14,1,596,10
4391,1891,13891,ER03,Kolkata Junction 3,18:50,18:00,3,2,971,11
4392,1892,13892,EC02,Hajipur Junction 2,21:01,21:16,11,3,634,12
4393,1893,13893,EC01,Bhubaneswar Junction 1,00:12,00:24,9,4,517,13
4394,1894,13894,EC08,Bhubaneswar Junction 8,03:23,03:38,15,5,1246,14
4395,1895,13895,NR07,New Delhi Junction 7,06:34,06:36,7,6,1130,15
4396,1896,13896,NC06,Prayagraj Junction 6,09:45,09:00,12,7,489,16
4397,1897,13897,NE05,Gorakhpur Junction 5,12:56,12:05,4,1,1042,17
4398,1898,13898,NF04,Guwahati Junction 4,15:07,15:16,9,2,940,18
4399,1899,13899,NW03,Jaipur Junction 3,18:18,18:26,13,3,1112,19
4400,1900,13900,SC02,Secunderabad Junction 2,21:29,21:31,12,4,1358,20
4401,1901,13901,SE01,Bilaspur Junction 1,00:40,00:51,11,5,381,21
4402,1902,13902,SE08,Bilaspur Junction 8,03:51,03:06,15,6,320,22
4403,1903,13903,SE07,Kolkata Junction 7,06:02,06:07,5,7,2126,23
4404,1904,13904,SW06,Hubballi Junction 6,09:13,09:28,5,1,1387,24
4405,1905,13905,SR05,Chennai Junction 5,12:24,12:29,2,2,506,25
4406,1906,13906,WC04,Jabalpur Junction 4,15:35,15:38,13,3,1727,26
4407,1907,13907,WR03,Mumbai Junction 3,18:46,18:50,9,4,451,27
4408,1908,13908,CR02,Mumbai Junction 2,21:57,21:06,14,5,1935,28
4409,1909,13909,ER01,Kolkata Junction 1,00:08,00:21,5,6,419,29
4410,1910,13910,ER08,Kolkata Junction 8,03:19,03:23,3,7,1350,30
4411,1911,13911,EC07,Hajipur Junction 7,06:30,06:41,14,1,198,1
4412,1912,13912,EC06,Bhubaneswar Junction 6,09:41,09:46,12,2,1498,2
4413,1913,13913,NR05,New Delhi Junction 5,12:52,12:59,4,3,1065,3
4414,1914,13914,NC04,Prayagraj Junction 4,15:03,15:07,9,4,1983,4
4415,1915,13915,NE03,Gorakhpur Junction 3,18:14,18:18,3,5,1622,5
4416,1916,13916,NF02,Guwahati Junction 2,21:25,21:27,15,6,1704,6
4417,1917,13917,NW01,Jaipur Junction 1,00:36,00:43,7,7,851,7
4418,1918,13918,NW08,Jaipur Junction 8,03:47,03:54,13,1,1759,8
4419,1919,13919,SC07,Secunderabad Junction 7,06:58,06:02,4,2,1189,9
4420,1920,13920,SE06,Bilaspur Junction 6,09:09,09:20,12,3,689,10
4421,1921,13921,SE05,Kolkata Junction 5,12:20,12:28,3,4,1002,11
4422,1922,13922,SW04,Hubballi Junction 4,15:31,15:42,6,5,701,12
4423,1923,13923,SR03,Chennai Junction 3,18:42,18:50,14,6,1329,13
4424,1924,13924,WC02,Jabalpur Junction 2,21:53,21:07,2,7,1867,14
4425,1925,13925,WR01,Mumbai Junction 1,00:04,00:06,6,1,938,15
4426,1926,13926,WR08,Mumbai Junction 8,03:15,03:20,15,2,1964,16
4427,1927,13927,CR07,Mumbai Junction 7,06:26,06:35,8,3,1675,17
4428,1928,13928,ER06,Kolkata Junction 6,09:37,09:48,8,4,1819,18
4429,1929,13929,EC05,Hajipur Junction 5,12:48,12:52,5,5,38,19
4430,1930,13930,EC04,Bhubaneswar Junction 4,15:59,15:02,4,6,1374,20
4431,1931,13931,NR03,New Delhi Junction 3,18:10,18:23,10,7,979,21
4432,1932,13932,NC02,Prayagraj Junction 2,21:21,21:26,3,1,1286,22
4433,1933,13933,NE01,Gorakhpur Junction 1,00:32,00:35,13,2,899,23
4434,1934,13934,NE08,Gorakhpur Junction 8,03:43,03:49,2,3,533,24
4435,1935,13935,NF07,Guwahati Junction 7,06:54,06:56,12,4,1077,25
4436,1936,13936,NW06,Jaipur Junction 6,09:05,09:18,9,5,2099,26
4437,1937,13937,SC05,Secunderabad Junction 5,12:16,12:28,4,6,256,27
4438,1938,13938,SE04,Bilaspur Junction 4,15:27,15:41,5,7,1683,28
4439,1939,13939,SE03,Kolkata Junction 3,18:38,18:48,11,1,586,29
4440,1940,13940,SW02,Hubballi Junction 2,21:49,21:55,9,2,48,30
4441,1941,13941,SR01,Chennai Junction 1,00:00,00:06,9,3,449,1
4442,1942,13942,SR08,Chennai Junction 8,03:11,03:17,15,4,637,2
4443,1943,13943,WC07,Jabalpur Junction 7,06:22,06:36,14,5,1482,3
4444,1944,13944,WR06,Mumbai Junction 6,09:33,09:37,4,6,2055,4
4445,1945,13945,CR05,Mumbai Junction 5,12:44,12:46,9,7,1311,5
4446,1946,13946,ER04,Kolkata Junction 4,15:55,15:08,14,1,623,6
4447,1947,13947,EC03,Hajipur Junction 3,18:06,18:15,10,2,2123,7
4448,1948,13948,EC02,Bhubaneswar Junction 2,21:17,21:26,3,3,2033,8
4449,1949,13949,NR01,New Delhi Junction 1,00:28,00:37,4,4,418,9
4450,1950,13950,NR08,New Delhi Junction 8,03:39,03:43,12,5,2087,10
4451,1951,13951,NC07,Prayagraj Junction 7,06:50,06:58,3,6,1954,11
4452,1952,13952,NE06,Gorakhpur Junction 6,09:01,09:11,9,7,133,12
4453,1953,13953,NF05,Guwahati Junction 5,12:12,12:27,3,1,1342,13
4454,1954,13954,NW04,Jaipur Junction 4,15:23,15:33,9,2,1213,14
4455,1955,13955,SC03,Secunderabad Junction 3,18:34,18:41,10,3,800,15
4456,1956,13956,SE02,Bilaspur Junction 2,21:45,21:53,11,4,1633,16
4457,1957,13957,SE01,Kolkata Junction 1,00:56,00:00,15,5,212,17
4458,1958,13958,SE08,Kolkata Junction 8,03:07,03:12,6,6,711,18
4459,1959,13959,SW07,Hubballi Junction 7,06:18,06:24,6,7,959,19
4460,1960,13960,SR06,Chennai Junction 6,09:29,09:41,13,1,765,20
4461,1961,13961,WC05,Jabalpur Junction 5,12:40,12:45,11,2,131,21
4462,1962,13962,WR04,Mumbai Junction 4,15:51,15:59,5,3,1337,22
4463,1963,13963,CR03,Mumbai Junction 3,18:02,18:05,13,4,593,23
4464,1964,13964,ER02,Kolkata Junction 2,21:13,21:22,10,5,1045,24
4465,1965,13965,EC01,Hajipur Junction 1,00:24,00:32,5,6,1699,25
4466,1966,13966,EC08,Hajipur Junction 8,03:35,03:44,5,7,577,26
4467,1967,13967,EC07,Bhubaneswar Junction 7,06:46,06:54,13,1,2115,27
4468,1968,13968,NR06,New Delhi Junction 6,09:57,09:04,7,2,284,28
4469,1969,13969,NC05,Prayagraj Junction 5,12:08,12:17,5,3,1803,29
4470,1970,13970,NE04,Gorakhpur Junction 4,15:19,15:28,5,4,2015,30
4471,1971,13971,NF03,Guwahati Junction 3,18:30,18:43,6,5,264,1
4472,1972,13972,NW02,Jaipur Junction 2,21:41,21:46,7,6,894,2
4473,1973,13973,SC01,Secunderabad Junction 1,00:52,00:05,15,7,1644,3
4474,1974,13974,SC08,Secunderabad Junction 8,03:03,03:16,3,1,329,4
4475,1975,13975,SE07,Bilaspur Junction 7,06:14,06:28,10,2,518,5
4476,1976,13976,SE06,Kolkata Junction 6,09:25,09:38,4,3,1689,6
4477,1977,13977,SW05,Hubballi Junction 5,12:36,12:50,8,4,1444,7
4478,1978,13978,SR04,Chennai Junction 4,15:47,15:59,14,5,1283,8
4479,1979,13979,WC03,Jabalpur Junction 3,18:58,18:04,4,6,782,9
4480,1980,13980,WR02,Mumbai Junction 2,21:09,21:11,11,7,812,10
4481,1981,13981,CR01,Mumbai Junction 1,00:20,00:31,2,1,708,11
4482,1982,13982,CR08,Mumbai Junction 8,03:31,03:38,3,2,1823,12
4483,1983,13983,ER07,Kolkata Junction 7,06:42,06:52,13,3,1764,13
4484,1984,13984,EC06,Hajipur Junction 6,09:53,09:55,14,4,152,14
4485,1985,13985,EC05,Bhubaneswar Junction 5,12:04,12:18,11,5,1802,15
4486,1986,13986,NR04,New Delhi Junction 4,15:15,15:23,4,6,328,16
4487,1987,13987,NC03,Prayagraj Junction 3,18:26,18:29,13,7,1173,17
4488,1988,13988,NE02,Gorakhpur Junction 2,21:37,21:42,3,1,171,18
4489,1989,13989,NF01,Guwahati Junction 1,00:48,00:53,12,2,1963,19
4490,1990,13990,NF08,Guwahati Junction 8,03:59,03:09,15,3,867,20
4491,1991,13991,NW07,Jaipur Junction 7,06:10,06:16,11,4,296,21
4492,1992,13992,SC06,Secunderabad Junction 6,09:21,09:35,12,5,75,22
4493,1993,13993,SE05,Bilaspur Junction 5,12:32,12:36,10,6,1624,23
4494,1994,13994,SE04,Kolkata Junction 4,15:43,15:48,12,7,1043,24
4495,1995,13995,SW03,Hubballi Junction 3,18:54,18:05,7,1,999,25
4496,1996,13996,SR02,Chennai Junction 2,21:05,21:12,4,2,418,26
4497,1997,13997,WC01,Jabalpur Junction 1,00:16,00:20,13,3,931,27
4498,1998,13998,WC08,Jabalpur Junction 8,03:27,03:34,13,4,1951,28
4499,1999,13999,WR07,Mumbai Junction 7,06:38,06:43,6,5,905,29
4500,2000,14000,CR06,Mumbai Junction 6,09:49,09:02,11,6,1197,30
4501,2001,14001,ER05,Kolkata Junction 5,12:00,12:05,7,7,63,1
4502,2002,14002,EC04,Hajipur Junction 4,15:11,15:22,14,1,1730,2
4503,2003,14003,EC03,Bhubaneswar Junction 3,18:22,18:28,8,2,2106,3
4504,2004,14004,NR02,New Delhi Junction 2,21:33,21:40,13,3,1270,4
4505,2005,14005,NC01,Prayagraj Junction 1,00:44,00:52,10,4,491,5
4506,2006,14006,NC08,Prayagraj Junction 8,03:55,03:02,6,5,1666,6
4507,2007,14007,NE07,Gorakhpur Junction 7,06:06,06:16,7,6,1809,7
4508,2008,14008,NF06,Guwahati Junction 6,09:17,09:25,15,7,1331,8
4509,2009,14009,NW05,Jaipur Junction 5,12:28,12:42,15,1,719,9
4510,2010,14010,SC04,Secunderabad Junction 4,15:39,15:44,13,2,510,10
4511,2011,14011,SE03,Bilaspur Junction 3,18:50,18:02,4,3,1913,11
4512,2012,14012,SE02,Kolkata Junction 2,21:01,21:12,9,4,988,12
4513,2013,14013,SW01,Hubballi Junction 1,00:12,00:22,7,5,875,13
4514,2014,14014,SW08,Hubballi Junction 8,03:23,03:27,4,6,1960,14
4515,2015,14015,SR07,Chennai Junction 7,06:34,06:46,8,7,1829,15
4516,2016,14016,WC06,Jabalpur Junction 6,09:45,09:55,10,1,247,16
4517,2017,14017,WR05,Mumbai Junction 5,12:56,12:05,3,2,1504,17
4518,2018,14018,CR04,Mumbai Junction 4,15:07,15:09,9,3,808,18
4519,2019,14019,ER03,Kolkata Junction 3,18:18,18:21,8,4,441,19
4520,2020,14020,EC02,Hajipur Junction 2,21:29,21:34,14,5,769,20
4521,2021,14021,EC01,Bhubaneswar Junction 1,00:40,00:47,2,6,661,21
4522,2022,14022,EC08,Bhubaneswar Junction 8,03:51,03:57,12,7,262,22
4523,2023,14023,NR07,New Delhi Junction 7,06:02,06:17,3,1,1436,23
4524,2024,14024,NC06,Prayagraj Junction 6,09:13,09:15,13,2,1532,24
4525,2025,14025,NE05,Gorakhpur Junction 5,12:24,12:37,15,3,1834,25
4526,2026,14026,NF04,Guwahati Junction 4,15:35,15:45,13,4,211,26
4527,2027,14027,NW03,Jaipur Junction 3,18:46,18:57,15,5,829,27
4528,2028,14028,SC02,Secunderabad Junction 2,21:57,21:12,9,6,1030,28
4529,2029,14029,SE01,Bilaspur Junction 1,00:08,00:14,3,7,1927,29
4530,2030,14030,SE08,Bilaspur Junction 8,03:19,03:31,7,1,2115,30
4531,2031,14031,SE07,Kolkata Junction 7,06:30,06:34,12,2,994,1
4532,2032,14032,SW06,Hubballi Junction 6,09:41,09:51,2,3,1343,2
4533,2033,14033,SR05,Chennai Junction 5,12:52,12:03,15,4,761,3
4534,2034,14034,WC04,Jabalpur Junction 4,15:03,15:06,2,5,329,4
4535,2035,14035,WR03,Mumbai Junction 3,18:14,18:20,13,6,429,5
4536,2036,14036,CR02,Mumbai Junction 2,21:25,21:29,2,7,843,6
4537,2037,14037,ER01,Kolkata Junction 1,00:36,00:46,5,1,1090,7
4538,2038,14038,ER08,Kolkata Junction 8,03:47,03:52,13,2,56,8
4539,2039,14039,EC07,Hajipur Junction 7,06:58,06:02,9,3,1853,9
4540,2040,14040,EC06,Bhubaneswar Junction 6,09:09,09:16,2,4,1213,10
4541,2041,14041,NR05,New Delhi Junction 5,12:20,12:25,6,5,2028,11
4542,2042,14042,NC04,Prayagraj Junction 4,15:31,15:46,5,6,1300,12
4543,2043,14043,NE03,Gorakhpur Junction 3,18:42,18:51,15,7,2081,13
4544,2044,14044,NF02,Guwahati Junction 2,21:53,21:59,2,1,5,14
4545,2045,14045,NW01,Jaipur Junction 1,00:04,00:06,12,2,1627,15
4546,2046,14046,NW08,Jaipur Junction 8,03:15,03:28,3,3,129,16
4547,2047,14047,SC07,Secunderabad Junction 7,06:26,06:30,10,4,19,17
4548,2048,14048,SE06,Bilaspur Junction 6,09:37,09:48,14,5,320,18
4549,2049,14049,SE05,Kolkata Junction 5,12:48,12:00,9,6,2077,19
4550,2050,14050,SW04,Hubballi Junction 4,15:59,15:04,5,7,36,20
4551,2051,14051,SR03,Chennai Junction 3,18:10,18:21,14,1,41,21
4552,2052,14052,WC02,Jabalpur Junction 2,21:21,21:29,12,2,1719,22
4553,2053,14053,WR01,Mumbai Junction 1,00:32,00:47,12,3,2025,23
4554,2054,14054,WR08,Mumbai Junction 8,03:43,03:58,14,4,963,24
4555,2055,14055,CR07,Mumbai Junction 7,06:54,06:01,7,5,2091,25
4556,2056,14056,ER06,Kolkata Junction 6,09:05,09:10,12,6,1375,26
4557,2057,14057,EC05,Hajipur Junction 5,12:16,12:18,8,7,428,27
4558,2058,14058,EC04,Bhubaneswar Junction 4,15:27,15:39,8,1,784,28
4559,2059,14059,NR03,New Delhi Junction 3,18:38,18:40,3,2,1680,29
4560,2060,14060,NC02,Prayagraj Junction 2,21:49,21:03,6,3,1821,30
4561,2061,14061,NE01,Gorakhpur Junction 1,00:00,00:09,6,4,993,1
4562,2062,14062,NE08,Gorakhpur Junction 8,03:11,03:22,14,5,1083,2
4563,2063,14063,NF07,Guwahati Junction 7,06:22,06:28,12,6,1155,3
4564,2064,14064,NW06,Jaipur Junction 6,09:33,09:40,8,7,1178,4
4565,2065,14065,SC05,Secunderabad Junction 5,12:44,12:47,2,1,1462,5
4566,2066,14066,SE04,Bilaspur Junction 4,15:55,15:59,9,2,1719,6
4567,2067,14067,SE03,Kolkata Junction 3,18:06,18:11,7,3,2152,7
4568,2068,14068,SW02,Hubballi Junction 2,21:17,21:19,12,4,368,8
4569,2069,14069,SR01,Chennai Junction 1,00:28,00:42,7,5,14,9
4570,2070,14070,SR08,Chennai Junction 8,03:39,03:51,4,6,799,10
4571,2071,14071,WC07,Jabalpur Junction 7,06:50,06:59,12,7,921,11
4572,2072,14072,WR06,Mumbai Junction 6,09:01,09:15,8,1,750,12
4573,2073,14073,CR05,Mumbai Junction 5,12:12,12:18,13,2,1462,13
4574,2074,14074,ER04,Kolkata Junction 4,15:23,15:26,12,3,913,14
4575,2075,14075,EC03,Hajipur Junction 3,18:34,18:40,3,4,2196,15
4576,2076,14076,EC02,Bhubaneswar Junction 2,21:45,21:47,15,5,141,16
4577,2077,14077,NR01,New Delhi Junction 1,00:56,00:05,3,6,1084,17
4578,2078,14078,NR08,New Delhi Junction 8,03:07,03:20,10,7,1196,18
4579,2079,14079,NC07,Prayagraj Junction 7,06:18,06:21,15,1,825,19
4580,2080,14080,NE06,Gorakhpur Junction 6,09:29,09:38,14,2,1383,20
4581,2081,14081,NF05,Guwahati Junction 5,12:40,12:52,4,3,1012,21
4582,2082,14082,NW04,Jaipur Junction 4,15:51,15:00,4,4,847,22
4583,2083,14083,SC03,Secunderabad Junction 3,18:02,18:15,15,5,1811,23
4584,2084,14084,SE02,Bilaspur Junction 2,21:13,21:28,15,6,436,24
4585,2085,14085,SE01,Kolkata Junction 1,00:24,00:37,10,7,1889,25
4586,2086,14086,SE08,Kolkata Junction 8,03:35,03:45,3,1,1237,26
4587,2087,14087,SW07,Hubballi Junction 7,06:46,06:58,3,2,1109,27
4588,2088,14088,SR06,Chennai Junction 6,09:57,09:08,8,3,1757,28
4589,2089,14089,WC05,Jabalpur Junction 5,12:08,12:11,6,4,2092,29
4590,2090,14090,WR04,Mumbai Junction 4,15:19,15:28,4,5,255,30
4591,2091,14091,CR03,Mumbai Junction 3,18:30,18:40,15,6,108,1
4592,2092,14092,ER02,Kolkata Junction 2,21:41,21:44,7,7,458,2
4593,2093,14093,EC01,Hajipur Junction 1,00:52,00:55,6,1,1414,3
4594,2094,14094,EC08,Hajipur Junction 8,03:03,03:16,6,2,1541,4
4595,2095,14095,EC07,Bhubaneswar Junction 7,06:14,06:27,2,3,1876,5
4596,2096,14096,NR06,New Delhi Junction 6,09:25,09:29,11,4,1650,6
4597,2097,14097,NC05,Prayagraj Junction 5,12:36,12:49,7,5,1450,7
4598,2098,14098,NE04,Gorakhpur Junction 4,15:47,15:49,8,6,2120,8
4599,2099,14099,NF03,Guwahati Junction 3,18:58,18:02,4,7,1540,9
4600,2100,14100,NW02,Jaipur Junction 2,21:09,21:18,8,1,546,10
4601,2101,14101,SC01,Secunderabad Junction 1,00:20,00:24,12,2,787,11
4602,2102,14102,SC08,Secunderabad Junction 8,03:31,03:43,8,3,873,12
4603,2103,14103,SE07,Bilaspur Junction 7,06:42,06:47,11,4,626,13
4604,2104,14104,SE06,Kolkata Junction 6,09:53,09:07,7,5,1792,14
4605,2105,14105,SW05,Hubballi Junction 5,12:04,12:12,7,6,997,15
4606,2106,14106,SR04,Chennai Junction 4,15:15,15:23,8,7,1951,16
4607,2107,14107,WC03,Jabalpur Junction 3,18:26,18:37,2,1,128,17
4608,2108,14108,WR02,Mumbai Junction 2,21:37,21:39,11,2,452,18
4609,2109,14109,CR01,Mumbai Junction 1,00:48,00:55,13,3,289,19
4610,2110,14110,CR08,Mumbai Junction 8,03:59,03:03,3,4,627,20
4611,2111,14111,ER07,Kolkata Junction 7,06:10,06:13,10,5,1620,21
4612,2112,14112,EC06,Hajipur Junction 6,09:21,09:25,9,6,666,22
4613,2113,14113,EC05,Bhubaneswar Junction 5,12:32,12:35,8,7,1534,23
4614,2114,14114,NR04,New Delhi Junction 4,15:43,15:48,13,1,2183,24
4615,2115,14115,NC03,Prayagraj Junction 3,18:54,18:56,4,2,636,25
4616,2116,14116,NE02,Gorakhpur Junction 2,21:05,21:18,3,3,1034,26
4617,2117,14117,NF01,Guwahati Junction 1,00:16,00:25,3,4,92,27
4618,2118,14118,NF08,Guwahati Junction 8,03:27,03:30,2,5,1100,28
4619,2119,14119,NW07,Jaipur Junction 7,06:38,06:53,6,6,564,29
4620,2120,14120,SC06,Secunderabad Junction 6,09:49,09:54,15,7,2109,30
4621,2121,14121,SE05,Bilaspur Junction 5,12:00,12:11,8,1,351,1
4622,2122,14122,SE04,Kolkata Junction 4,15:11,15:26,2,2,360,2
4623,2123,14123,SW03,Hubballi Junction 3,18:22,18:33,4,3,238,3
4624,2124,14124,SR02,Chennai Junction 2,21:33,21:43,2,4,593,4
4625,2125,14125,WC01,Jabalpur Junction 1,00:44,00:54,4,5,1670,5
4626,2126,14126,WC08,Jabalpur Junction 8,03:55,03:58,10,6,167,6
4627,2127,14127,WR07,Mumbai Junction 7,06:06,06:18,12,7,1748,7
4628,2128,14128,CR06,Mumbai Junction 6,09:17,09:22,5,1,2152,8
4629,2129,14129,ER05,Kolkata Junction 5,12:28,12:40,4,2,64,9
4630,2130,14130,EC04,Hajipur Junction 4,15:39,15:45,11,3,824,10
4631,2131,14131,EC03,Bhubaneswar Junction 3,18:50,18:03,9,4,2180,11
4632,2132,14132,NR02,New Delhi Junction 2,21:01,21:15,8,5,1836,12
4633,2133,14133,NC01,Prayagraj Junction 1,00:12,00:20,2,6,677,13
4634,2134,14134,NC08,Prayagraj Junction 8,03:23,03:30,15,7,1821,14
4635,2135,14135,NE07,Gorakhpur Junction 7,06:34,06:38,2,1,1163,15
4636,2136,14136,NF06,Guwahati Junction 6,09:45,09:54,12,2,570,16
4637,2137,14137,NW05,Jaipur Junction 5,12:56,12:09,7,3,736,17
4638,2138,14138,SC04,Secunderabad Junction 4,15:07,15:14,15,4,861,18
4639,2139,14139,SE03,Bilaspur Junction 3,18:18,18:27,14,5,40,19
4640,2140,14140,SE02,Kolkata Junction 2,21:29,21:38,11,6,1988,20
4641,2141,14141,SW01,Hubballi Junction 1,00:40,00:42,12,7,1765,21
4642,2142,14142,SW08,Hubballi Junction 8,03:51,03:57,12,1,1085,22
4643,2143,14143,SR07,Chennai Junction 7,06:02,06:13,7,2,389,23
4644,2144,14144,WC06,Jabalpur Junction 6,09:13,09:26,5,3,412,24
4645,2145,14145,WR05,Mumbai Junction 5,12:24,12:38,15,4,1340,25
4646,2146,14146,CR04,Mumbai Junction 4,15:35,15:45,7,5,1345,26
4647,2147,14147,ER03,Kolkata Junction 3,18:46,18:56,9,6,1441,27
4648,2148,14148,EC02,Hajipur Junction 2,21:57,21:06,14,7,1468,28
4649,2149,14149,EC01,Bhubaneswar Junction 1,00:08,00:15,11,1,506,29
4650,2150,14150,EC08,Bhubaneswar Junction 8,03:19,03:23,13,2,1281,30
4651,2151,14151,NR07,New Delhi Junction 7,06:30,06:32,6,3,2165,1
4652,2152,14152,NC06,Prayagraj Junction 6,09:41,09:51,14,4,1205,2
4653,2153,14153,NE05,Gorakhpur Junction 5,12:52,12:54,4,5,202,3
4654,2154,14154,NF04,Guwahati Junction 4,15:03,15:15,12,6,1005,4
4655,2155,14155,NW03,Jaipur Junction 3,18:14,18:26,9,7,1627,5
4656,2156,14156,SC02,Secunderabad Junction 2,21:25,21:36,8,1,1436,6
4657,2157,14157,SE01,Bilaspur Junction 1,00:36,00:42,12,2,2010,7
4658,2158,14158,SE08,Bilaspur Junction 8,03:47,03:51,11,3,242,8
4659,2159,14159,SE07,Kolkata Junction 7,06:58,06:05,11,4,610,9
4660,2160,14160,SW06,Hubballi Junction 6,09:09,09:14,7,5,252,10
4661,2161,14161,SR05,Chennai Junction 5,12:20,12:30,3,6,732,11
4662,2162,14162,WC04,Jabalpur Junction 4,15:31,15:37,15,7,2181,12
4663,2163,14163,WR03,Mumbai Junction 3,18:42,18:45,4,1,1610,13
4664,2164,14164,CR02,Mumbai Junction 2,21:53,21:59,11,2,2025,14
4665,2165,14165,ER01,Kolkata Junction 1,00:04,00:08,15,3,115,15
4666,2166,14166,ER08,Kolkata Junction 8,03:15,03:20,9,4,1936,16
4667,2167,14167,EC07,Hajipur Junction 7,06:26,06:35,3,5,547,17
4668,2168,14168,EC06,Bhubaneswar Junction 6,09:37,09:49,9,6,28,18
4669,2169,14169,NR05,New Delhi Junction 5,12:48,12:57,7,7,1,19
4670,2170,14170,NC04,Prayagraj Junction 4,15:59,15:04,15,1,1548,20
4671,2171,14171,NE03,Gorakhpur Junction 3,18:10,18:12,2,2,761,21
4672,2172,14172,NF02,Guwahati Junction 2,21:21,21:29,8,3,1532,22
4673,2173,14173,NW01,Jaipur Junction 1,00:32,00:36,2,4,1479,23
4674,2174,14174,NW08,Jaipur Junction 8,03:43,03:57,4,5,794,24
4675,2175,14175,SC07,Secunderabad Junction 7,06:54,06:04,4,6,1891,25
4676,2176,14176,SE06,Bilaspur Junction 6,09:05,09:10,9,7,745,26
4677,2177,14177,SE05,Kolkata Junction 5,12:16,12:27,4,1,216,27
4678,2178,14178,SW04,Hubballi Junction 4,15:27,15:36,14,2,1392,28
4679,2179,14179,SR03,Chennai Junction 3,18:38,18:50,8,3,308,29
4680,2180,14180,WC02,Jabalpur Junction 2,21:49,21:56,15,4,1719,30
4681,2181,14181,WR01,Mumbai Junction 1,00:00,00:11,6,5,1319,1
4682,2182,14182,WR08,Mumbai Junction 8,03:11,03:21,11,6,1964,2
4683,2183,14183,CR07,Mumbai Junction 7,06:22,06:33,5,7,487,3
4684,2184,14184,ER06,Kolkata Junction 6,09:33,09:43,14,1,2085,4
4685,2185,14185,EC05,Hajipur Junction 5,12:44,12:54,9,2,1795,5
4686,2186,14186,EC04,Bhubaneswar Junction 4,15:55,15:10,2,3,682,6
4687,2187,14187,NR03,New Delhi Junction 3,18:06,18:12,9,4,648,7
4688,2188,14188,NC02,Prayagraj Junction 2,21:17,21:23,2,5,8,8
4689,2189,14189,NE01,Gorakhpur Junction 1,00:28,00:36,15,6,650,9
4690,2190,14190,NE08,Gorakhpur Junction 8,03:39,03:44,5,7,2140,10
4691,2191,14191,NF07,Guwahati Junction 7,06:50,06:01,11,1,416,11
4692,2192,14192,NW06,Jaipur Junction 6,09:01,09:15,4,2,2127,12
4693,2193,14193,SC05,Secunderabad Junction 5,12:12,12:27,9,3,1909,13
4694,2194,14194,SE04,Bilaspur Junction 4,15:23,15:38,10,4,1688,14
4695,2195,14195,SE03,Kolkata Junction 3,18:34,18:44,9,5,736,15
4696,2196,14196,SW02,Hubballi Junction 2,21:45,21:56,5,6,427,16
4697,2197,14197,SR01,Chennai Junction 1,00:56,00:01,2,7,2054,17
4698,2198,14198,SR08,Chennai Junction 8,03:07,03:12,13,1,956,18
4699,2199,14199,WC07,Jabalpur Junction 7,06:18,06:24,5,2,1805,19
4700,2200,14200,WR06,Mumbai Junction 6,09:29,09:38,8,3,1447,20
4701,2201,14201,CR05,Mumbai Junction 5,12:40,12:53,11,4,1029,21
4702,2202,14202,ER04,Kolkata Junction 4,15:51,15:05,14,5,2125,22
4703,2203,14203,EC03,Hajipur Junction 3,18:02,18:05,14,6,424,23
4704,2204,14204,EC02,Bhubaneswar Junction 2,21:13,21:23,11,7,452,24
4705,2205,14205,NR01,New Delhi Junction 1,00:24,00:26,15,1,1960,25
4706,2206,14206,NR08,New Delhi Junction 8,03:35,03:39,10,2,333,26
4707,2207,14207,NC07,Prayagraj Junction 7,06:46,06:55,6,3,1653,27
4708,2208,14208,NE06,Gorakhpur Junction 6,09:57,09:07,8,4,1499,28
4709,2209,14209,NF05,Guwahati Junction 5,12:08,12:16,2,5,1311,29
4710,2210,14210,NW04,Jaipur Junction 4,15:19,15:31,8,6,385,30
4711,2211,14211,SC03,Secunderabad Junction 3,18:30,18:32,6,7,1689,1
4712,2212,14212,SE02,Bilaspur Junction 2,21:41,21:47,15,1,731,2
4713,2213,14213,SE01,Kolkata Junction 1,00:52,00:59,12,2,1350,3
4714,2214,14214,SE08,Kolkata Junction 8,03:03,03:05,3,3,432,4
4715,2215,14215,SW07,Hubballi Junction 7,06:14,06:28,2,4,157,5
4716,2216,14216,SR06,Chennai Junction 6,09:25,09:37,10,5,2164,6
4717,2217,14217,WC05,Jabalpur Junction 5,12:36,12:41,11,6,295,7
4718,2218,14218,WR04,Mumbai Junction 4,15:47,15:57,3,7,1997,8
4719,2219,14219,CR03,Mumbai Junction 3,18:58,18:05,5,1,2165,9
4720,2220,14220,ER02,Kolkata Junction 2,21:09,21:11,13,2,1121,10
4721,2221,14221,EC01,Hajipur Junction 1,00:20,00:31,5,3,1938,11
4722,2222,14222,EC08,Hajipur Junction 8,03:31,03:39,7,4,1003,12
4723,2223,14223,EC07,Bhubaneswar Junction 7,06:42,06:48,6,5,308,13
4724,2224,14224,NR06,New Delhi Junction 6,09:53,09:01,8,6,836,14
4725,2225,14225,NC05,Prayagraj Junction 5,12:04,12:19,3,7,2002,15
4726,2226,14226,NE04,Gorakhpur Junction 4,15:15,15:29,2,1,1542,16
4727,2227,14227,NF03,Guwahati Junction 3,18:26,18:30,2,2,1894,17
4728,2228,14228,NW02,Jaipur Junction 2,21:37,21:40,6,3,212,18
4729,2229,14229,SC01,Secunderabad Junction 1,00:48,00:51,2,4,1853,19
4730,2230,14230,SC08,Secunderabad Junction 8,03:59,03:01,12,5,345,20
4731,2231,14231,SE07,Bilaspur Junction 7,06:10,06:24,13,6,1384,21
4732,2232,14232,SE06,Kolkata Junction 6,09:21,09:34,6,7,1722,22
4733,2233,14233,SW05,Hubballi Junction 5,12:32,12:37,10,1,2022,23
4734,2234,14234,SR04,Chennai Junction 4,15:43,15:55,5,2,1624,24
4735,2235,14235,WC03,Jabalpur Junction 3,18:54,18:08,14,3,1626,25
4736,2236,14236,WR02,Mumbai Junction 2,21:05,21:17,12,4,1620,26
4737,2237,14237,CR01,Mumbai Junction 1,00:16,00:19,13,5,395,27
4738,2238,14238,CR08,Mumbai Junction 8,03:27,03:36,6,6,468,28
4739,2239,14239,ER07,Kolkata Junction 7,06:38,06:43,3,7,967,29
4740,2240,14240,EC06,Hajipur Junction 6,09:49,09:56,7,1,201,30
4741,2241,14241,EC05,Bhubaneswar Junction 5,12:00,12:10,4,2,1883,1
4742,2242,14242,NR04,New Delhi Junction 4,15:11,15:13,2,3,660,2
4743,2243,14243,NC03,Prayagraj Junction 3,18:22,18:29,15,4,1155,3
4744,2244,14244,NE02,Gorakhpur Junction 2,21:33,21:40,13,5,529,4
4745,2245,14245,NF01,Guwahati Junction 1,00:44,00:58,7,6,687,5
4746,2246,14246,NF08,Guwahati Junction 8,03:55,03:01,2,7,1482,6
4747,2247,14247,NW07,Jaipur Junction 7,06:06,06:16,10,1,1434,7
4748,2248,14248,SC06,Secunderabad Junction 6,09:17,09:19,14,2,1124,8
4749,2249,14249,SE05,Bilaspur Junction 5,12:28,12:39,2,3,1674,9
4750,2250,14250,SE04,Kolkata Junction 4,15:39,15:50,7,4,2058,10
4751,2251,14251,SW03,Hubballi Junction 3,18:50,18:01,14,5,1807,11
4752,2252,14252,SR02,Chennai Junction 2,21:01,21:05,15,6,1633,12
4753,2253,14253,WC01,Jabalpur Junction 1,00:12,00:16,13,7,943,13
4754,2254,14254,WC08,Jabalpur Junction 8,03:23,03:37,4,1,571,14
4755,2255,14255,WR07,Mumbai Junction 7,06:34,06:40,8,2,1388,15
4756,2256,14256,CR06,Mumbai Junction 6,09:45,09:50,11,3,53,16
4757,2257,14257,ER05,Kolkata Junction 5,12:56,12:02,11,4,582,17
4758,2258,14258,EC04,Hajipur Junction 4,15:07,15:15,10,5,545,18
4759,2259,14259,EC03,Bhubaneswar Junction 3,18:18,18:33,13,6,2136,19
4760,2260,14260,NR02,New Delhi Junction 2,21:29,21:37,6,7,2188,20
4761,2261,14261,NC01,Prayagraj Junction 1,00:40,00:52,13,1,401,21
4762,2262,14262,NC08,Prayagraj Junction 8,03:51,03:05,9,2,1701,22
4763,2263,14263,NE07,Gorakhpur Junction 7,06:02,06:15,3,3,217,23
4764,2264,14264,NF06,Guwahati Junction 6,09:13,09:15,11,4,2013,24
4765,2265,14265,NW05,Jaipur Junction 5,12:24,12:26,3,5,1069,25
4766,2266,14266,SC04,Secunderabad Junction 4,15:35,15:42,3,6,1341,26
4767,2267,14267,SE03,Bilaspur Junction 3,18:46,18:00,4,7,6,27
4768,2268,14268,SE02,Kolkata Junction 2,21:57,21:02,4,1,1025,28
4769,2269,14269,SW01,Hubballi Junction 1,00:08,00:11,7,2,262,29
4770,2270,14270,SW08,Hubballi Junction 8,03:19,03:30,8,3,165,30
4771,2271,14271,SR07,Chennai Junction 7,06:30,06:32,8,4,1301,1
4772,2272,14272,WC06,Jabalpur Junction 6,09:41,09:45,6,5,1334,2
4773,2273,14273,WR05,Mumbai Junction 5,12:52,12:00,3,6,860,3
4774,2274,14274,CR04,Mumbai Junction 4,15:03,15:07,14,7,1768,4
4775,2275,14275,ER03,Kolkata Junction 3,18:14,18:20,5,1,296,5
4776,2276,14276,EC02,Hajipur Junction 2,21:25,21:37,14,2,600,6
4777,2277,14277,EC01,Bhubaneswar Junction 1,00:36,00:46,5,3,2017,7
4778,2278,14278,EC08,Bhubaneswar Junction 8,03:47,03:53,3,4,1938,8
4779,2279,14279,NR07,New Delhi Junction 7,06:58,06:13,7,5,1996,9
4780,2280,14280,NC06,Prayagraj Junction 6,09:09,09:14,5,6,1180,10
4781,2281,14281,NE05,Gorakhpur Junction 5,12:20,12:30,7,7,1759,11
4782,2282,14282,NF04,Guwahati Junction 4,15:31,15:44,3,1,2178,12
4783,2283,14283,NW03,Jaipur Junction 3,18:42,18:46,9,2,930,13
4784,2284,14284,SC02,Secunderabad Junction 2,21:53,21:01,3,3,754,14
4785,2285,14285,SE01,Bilaspur Junction 1,00:04,00:06,15,4,316,15
4786,2286,14286,SE08,Bilaspur Junction 8,03:15,03:23,5,5,391,16
4787,2287,14287,SE07,Kolkata Junction 7,06:26,06:33,15,6,1052,17
4788,2288,14288,SW06,Hubballi Junction 6,09:37,09:52,13,7,958,18
4789,2289,14289,SR05,Chennai Junction 5,12:48,12:02,6,1,1103,19
4790,2290,14290,WC04,Jabalpur Junction 4,15:59,15:10,10,2,1823,20
4791,2291,14291,WR03,Mumbai Junction 3,18:10,18:14,8,3,1462,21
4792,2292,14292,CR02,Mumbai Junction 2,21:21,21:27,14,4,663,22
4793,2293,14293,ER01,Kolkata Junction 1,00:32,00:38,6,5,1488,23
4794,2294,14294,ER08,Kolkata Junction 8,03:43,03:46,4,6,1712,24
4795,2295,14295,EC07,Hajipur Junction 7,06:54,06:58,3,7,580,25
4796,2296,14296,EC06,Bhubaneswar Junction 6,09:05,09:12,2,1,1836,26
4797,2297,14297,NR05,New Delhi Junction 5,12:16,12:19,7,2,444,27
4798,2298,14298,NC04,Prayagraj Junction 4,15:27,15:33,2,3,2086,28
4799,2299,14299,NE03,Gorakhpur Junction 3,18:38,18:53,3,4,434,29
4800,2300,14300,NF02,Guwahati Junction 2,21:49,21:03,7,5,136,30
4801,2301,14301,NW01,Jaipur Junction 1,00:00,00:03,7,6,1227,1
4802,2302,14302,NW08,Jaipur Junction 8,03:11,03:21,4,7,814,2
4803,2303,14303,SC07,Secunderabad Junction 7,06:22,06:27,9,1,707,3
4804,2304,14304,SE06,Bilaspur Junction 6,09:33,09:37,13,2,1251,4
4805,2305,14305,SE05,Kolkata Junction 5,12:44,12:52,3,3,155,5
4806,2306,14306,SW04,Hubballi Junction 4,15:55,15:08,15,4,1284,6
4807,2307,14307,SR03,Chennai Junction 3,18:06,18:08,8,5,616,7
4808,2308,14308,WC02,Jabalpur Junction 2,21:17,21:19,3,6,1099,8
4809,2309,14309,WR01,Mumbai Junction 1,00:28,00:35,9,7,1525,9
4810,2310,14310,WR08,Mumbai Junction 8,03:39,03:44,6,1,1490,10
4811,2311,14311,CR07,Mumbai Junction 7,06:50,06:54,3,2,1877,11
4812,2312,14312,ER06,Kolkata Junction 6,09:01,09:05,3,3,1622,12
4813,2313,14313,EC05,Hajipur Junction 5,12:12,12:21,4,4,1871,13
4814,2314,14314,EC04,Bhubaneswar Junction 4,15:23,15:28,11,5,1431,14
4815,2315,14315,NR03,New Delhi Junction 3,18:34,18:47,12,6,1546,15
4816,2316,14316,NC02,Prayagraj Junction 2,21:45,21:47,15,7,278,16
4817,2317,14317,NE01,Gorakhpur Junction 1,00:56,00:01,8,1,634,17
4818,2318,14318,NE08,Gorakhpur Junction 8,03:07,03:17,2,2,998,18
4819,2319,14319,NF07,Guwahati Junction 7,06:18,06:24,11,3,1143,19
4820,2320,14320,NW06,Jaipur Junction 6,09:29,09:41,4,4,2088,20
4821,2321,14321,SC05,Secunderabad Junction 5,12:40,12:47,6,5,1206,21
4822,2322,14322,SE04,Bilaspur Junction 4,15:51,15:55,13,6,580,22
4823,2323,14323,SE03,Kolkata Junction 3,18:02,18:16,4,7,1901,23
4824,2324,14324,SW02,Hubballi Junction 2,21:13,21:20,10,1,1919,24
4825,2325,14325,SR01,Chennai Junction 1,00:24,00:27,6,2,2086,25
4826,2326,14326,SR08,Chennai Junction 8,03:35,03:39,3,3,1149,26
4827,2327,14327,WC07,Jabalpur Junction 7,06:46,06:48,15,4,1988,27
4828,2328,14328,WR06,Mumbai Junction 6,09:57,09:01,4,5,1711,28
4829,2329,14329,CR05,Mumbai Junction 5,12:08,12:17,13,6,2128,29
4830,2330,14330,ER04,Kolkata Junction 4,15:19,15:26,5,7,1363,30
4831,2331,14331,EC03,Hajipur Junction 3,18:30,18:40,8,1,657,1
4832,2332,14332,EC02,Bhubaneswar Junction 2,21:41,21:46,9,2,937,2
4833,2333,14333,NR01,New Delhi Junction 1,00:52,00:00,3,3,1937,3
4834,2334,14334,NR08,New Delhi Junction 8,03:03,03:14,14,4,1824,4
4835,2335,14335,NC07,Prayagraj Junction 7,06:14,06:24,6,5,1438,5
4836,2336,14336,NE06,Gorakhpur Junction 6,09:25,09:34,14,6,510,6
4837,2337,14337,NF05,Guwahati Junction 5,12:36,12:38,3,7,385,7
4838,2338,14338,NW04,Jaipur Junction 4,15:47,15:58,4,1,295,8
4839,2339,14339,SC03,Secunderabad Junction 3,18:58,18:05,12,2,933,9
4840,2340,14340,SE02,Bilaspur Junction 2,21:09,21:14,5,3,1800,10
4841,2341,14341,SE01,Kolkata Junction 1,00:20,00:28,7,4,1701,11
4842,2342,14342,SE08,Kolkata Junction 8,03:31,03:38,6,5,1651,12
4843,2343,14343,SW07,Hubballi Junction 7,06:42,06:48,9,6,1462,13
4844,2344,14344,SR06,Chennai Junction 6,09:53,09:57,3,7,1870,14
4845,2345,14345,WC05,Jabalpur Junction 5,12:04,12:10,6,1,1297,15
4846,2346,14346,WR04,Mumbai Junction 4,15:15,15:18,2,2,915,16
4847,2347,14347,CR03,Mumbai Junction 3,18:26,18:41,10,3,1272,17
4848,2348,14348,ER02,Kolkata Junction 2,21:37,21:47,14,4,1838,18
4849,2349,14349,EC01,Hajipur Junction 1,00:48,00:50,9,5,1202,19
4850,2350,14350,EC08,Hajipur Junction 8,03:59,03:04,15,6,575,20
4851,2351,14351,EC07,Bhubaneswar Junction 7,06:10,06:23,3,7,1323,21
4852,2352,14352,NR06,New Delhi Junction 6,09:21,09:33,9,1,233,22
4853,2353,14353,NC05,Prayagraj Junction 5,12:32,12:35,10,2,1897,23
4854,2354,14354,NE04,Gorakhpur Junction 4,15:43,15:53,3,3,1728,24
4855,2355,14355,NF03,Guwahati Junction 3,18:54,18:02,3,4,809,25
4856,2356,14356,NW02,Jaipur Junction 2,21:05,21:09,15,5,2001,26
4857,2357,14357,SC01,Secunderabad Junction 1,00:16,00:19,10,6,15,27
4858,2358,14358,SC08,Secunderabad Junction 8,03:27,03:35,4,7,1644,28
4859,2359,14359,SE07,Bilaspur Junction 7,06:38,06:41,14,1,508,29
4860,2360,14360,SE06,Kolkata Junction 6,09:49,09:54,14,2,1983,30
4861,2361,14361,SW05,Hubballi Junction 5,12:00,12:03,3,3,1877,1
4862,2362,14362,SR04,Chennai Junction 4,15:11,15:26,8,4,362,2
4863,2363,14363,WC03,Jabalpur Junction 3,18:22,18:26,5,5,1507,3
4864,2364,14364,WR02,Mumbai Junction 2,21:33,21:36,10,6,1768,4
4865,2365,14365,CR01,Mumbai Junction 1,00:44,00:48,15,7,2172,5
4866,2366,14366,CR08,Mumbai Junction 8,03:55,03:01,3,1,716,6
4867,2367,14367,ER07,Kolkata Junction 7,06:06,06:11,5,2,2034,7
4868,2368,14368,EC06,Hajipur Junction 6,09:17,09:21,6,3,1732,8
4869,2369,14369,EC05,Bhubaneswar Junction 5,12:28,12:30,2,4,664,9
4870,2370,14370,NR04,New Delhi Junction 4,15:39,15:54,13,5,2040,10
4871,2371,14371,NC03,Prayagraj Junction 3,18:50,18:04,3,6,882,11
4872,2372,14372,NE02,Gorakhpur Junction 2,21:01,21:10,4,7,2184,12
4873,2373,14373,NF01,Guwahati Junction 1,00:12,00:22,13,1,569,13
4874,2374,14374,NF08,Guwahati Junction 8,03:23,03:35,3,2,49,14
4875,2375,14375,NW07,Jaipur Junction 7,06:34,06:44,2,3,607,15
4876,2376,14376,SC06,Secunderabad Junction 6,09:45,09:58,8,4,828,16
4877,2377,14377,SE05,Bilaspur Junction 5,12:56,12:02,11,5,2099,17
4878,2378,14378,SE04,Kolkata Junction 4,15:07,15:19,7,6,928,18
4879,2379,14379,SW03,Hubballi Junction 3,18:18,18:21,4,7,590,19
4880,2380,14380,SR02,Chennai Junction 2,21:29,21:36,15,1,1916,20
4881,2381,14381,WC01,Jabalpur Junction 1,00:40,00:43,6,2,123,21
4882,2382,14382,WC08,Jabalpur Junction 8,03:51,03:53,7,3,2110,22
4883,2383,14383,WR07,Mumbai Junction 7,06:02,06:06,11,4,863,23
4884,2384,14384,CR06,Mumbai Junction 6,09:13,09:22,14,5,1824,24
4885,2385,14385,ER05,Kolkata Junction 5,12:24,12:37,7,6,106,25
4886,2386,14386,EC04,Hajipur Junction 4,15:35,15:50,15,7,1886,26
4887,2387,14387,EC03,Bhubaneswar Junction 3,18:46,18:54,5,1,384,27
4888,2388,14388,NR02,New Delhi Junction 2,21:57,21:04,6,2,606,28
4889,2389,14389,NC01,Prayagraj Junction 1,00:08,00:23,11,3,490,29
4890,2390,14390,NC08,Prayagraj Junction 8,03:19,03:29,11,4,1149,30
4891,2391,14391,NE07,Gorakhpur Junction 7,06:30,06:45,15,5,950,1
4892,2392,14392,NF06,Guwahati Junction 6,09:41,09:49,5,6,1724,2
4893,2393,14393,NW05,Jaipur Junction 5,12:52,12:07,11,7,442,3
4894,2394,14394,SC04,Secunderabad Junction 4,15:03,15:12,13,1,92,4
4895,2395,14395,SE03,Bilaspur Junction 3,18:14,18:24,11,2,1180,5
4896,2396,14396,SE02,Kolkata Junction 2,21:25,21:35,14,3,274,6
4897,2397,14397,SW01,Hubballi Junction 1,00:36,00:45,13,4,1808,7
4898,2398,14398,SW08,Hubballi Junction 8,03:47,03:55,15,5,713,8
4899,2399,14399,SR07,Chennai Junction 7,06:58,06:06,13,6,966,9
4900,2400,14400,WC06,Jabalpur Junction 6,09:09,09:15,9,7,1368,10
4901,2401,14401,WR05,Mumbai Junction 5,12:20,12:35,10,1,407,11
4902,2402,14402,CR04,Mumbai Junction 4,15:31,15:33,15,2,930,12
4903,2403,14403,ER03,Kolkata Junction 3,18:42,18:46,5,3,233,13
4904,2404,14404,EC02,Hajipur Junction 2,21:53,21:57,12,4,1440,14
4905,2405,14405,EC01,Bhubaneswar Junction 1,00:04,00:14,2,5,1479,15
4906,2406,14406,EC08,Bhubaneswar Junction 8,03:15,03:30,14,6,869,16
4907,2407,14407,NR07,New Delhi Junction 7,06:26,06:36,6,7,1954,17
4908,2408,14408,NC06,Prayagraj Junction 6,09:37,09:51,5,1,1070,18
4909,2409,14409,NE05,Gorakhpur Junction 5,12:48,12:53,10,2,644,19
4910,2410,14410,NF04,Guwahati Junction 4,15:59,15:10,15,3,1917,20
4911,2411,14411,NW03,Jaipur Junction 3,18:10,18:14,3,4,1792,21
4912,2412,14412,SC02,Secunderabad Junction 2,21:21,21:24,7,5,2186,22
4913,2413,14413,SE01,Bilaspur Junction 1,00:32,00:40,2,6,2145,23
4914,2414,14414,SE08,Bilaspur Junction 8,03:43,03:54,6,7,1344,24
4915,2415,14415,SE07,Kolkata Junction 7,06:54,06:04,9,1,2114,25
4916,2416,14416,SW06,Hubballi Junction 6,09:05,09:18,5,2,2183,26
4917,2417,14417,SR05,Chennai Junction 5,12:16,12:31,2,3,653,27
4918,2418,14418,WC04,Jabalpur Junction 4,15:27,15:37,14,4,1576,28
4919,2419,14419,WR03,Mumbai Junction 3,18:38,18:48,6,5,212,29
4920,2420,14420,CR02,Mumbai Junction 2,21:49,21:03,9,6,1005,30
4921,2421,14421,ER01,Kolkata Junction 1,00:00,00:15,4,7,558,1
4922,2422,14422,ER08,Kolkata Junction 8,03:11,03:24,5,1,2074,2
4923,2423,14423,EC07,Hajipur Junction 7,06:22,06:36,3,2,1006,3
4924,2424,14424,EC06,Bhubaneswar Junction 6,09:33,09:45,8,3,473,4
4925,2425,14425,NR05,New Delhi Junction 5,12:44,12:46,2,4,392,5
4926,2426,14426,NC04,Prayagraj Junction 4,15:55,15:00,6,5,1880,6
4927,2427,14427,NE03,Gorakhpur Junction 3,18:06,18:15,3,6,183,7
4928,2428,14428,NF02,Guwahati Junction 2,21:17,21:20,6,7,1625,8
4929,2429,14429,NW01,Jaipur Junction 1,00:28,00:30,7,1,984,9
4930,2430,14430,NW08,Jaipur Junction 8,03:39,03:43,2,2,506,10
4931,2431,14431,SC07,Secunderabad Junction 7,06:50,06:54,13,3,2016,11
4932,2432,14432,SE06,Bilaspur Junction 6,09:01,09:11,12,4,1674,12
4933,2433,14433,SE05,Kolkata Junction 5,12:12,12:26,3,5,2193,13
4934,2434,14434,SW04,Hubballi Junction 4,15:23,15:31,9,6,1753,14
4935,2435,14435,SR03,Chennai Junction 3,18:34,18:42,5,7,41,15
4936,2436,14436,WC02,Jabalpur Junction 2,21:45,21:49,3,1,839,16
4937,2437,14437,WR01,Mumbai Junction 1,00:56,00:08,6,2,1314,17
4938,2438,14438,WR08,Mumbai Junction 8,03:07,03:11,10,3,2098,18
4939,2439,14439,CR07,Mumbai Junction 7,06:18,06:24,8,4,2118,19
4940,2440,14440,ER06,Kolkata Junction 6,09:29,09:39,7,5,266,20
4941,2441,14441,EC05,Hajipur Junction 5,12:40,12:55,10,6,125,21
4942,2442,14442,EC04,Bhubaneswar Junction 4,15:51,15:00,15,7,2050,22
4943,2443,14443,NR03,New Delhi Junction 3,18:02,18:06,7,1,2170,23
4944,2444,14444,NC02,Prayagraj Junction 2,21:13,21:25,9,2,669,24
4945,2445,14445,NE01,Gorakhpur Junction 1,00:24,00:36,10,3,1152,25
4946,2446,14446,NE08,Gorakhpur Junction 8,03:35,03:49,7,4,1375,26
4947,2447,14447,NF07,Guwahati Junction 7,06:46,06:48,11,5,1203,27
4948,2448,14448,NW06,Jaipur Junction 6,09:57,09:11,6,6,2035,28
4949,2449,14449,SC05,Secunderabad Junction 5,12:08,12:18,4,7,352,29
4950,2450,14450,SE04,Bilaspur Junction 4,15:19,15:23,6,1,1211,30
4951,2451,14451,SE03,Kolkata Junction 3,18:30,18:44,15,2,1492,1
4952,2452,14452,SW02,Hubballi Junction 2,21:41,21:49,10,3,727,2
4953,2453,14453,SR01,Chennai Junction 1,00:52,00:57,9,4,1820,3
4954,2454,14454,SR08,Chennai Junction 8,03:03,03:05,3,5,389,4
4955,2455,14455,WC07,Jabalpur Junction 7,06:14,06:18,4,6,286,5
4956,2456,14456,WR06,Mumbai Junction 6,09:25,09:27,6,7,1588,6
4957,2457,14457,CR05,Mumbai Junction 5,12:36,12:40,6,1,2141,7
4958,2458,14458,ER04,Kolkata Junction 4,15:47,15:51,15,2,1126,8
4959,2459,14459,EC03,Hajipur Junction 3,18:58,18:10,6,3,714,9
4960,2460,14460,EC02,Bhubaneswar Junction 2,21:09,21:16,3,4,694,10
4961,2461,14461,NR01,New Delhi Junction 1,00:20,00:34,2,5,1258,11
4962,2462,14462,NR08,New Delhi Junction 8,03:31,03:42,3,6,243,12
4963,2463,14463,NC07,Prayagraj Junction 7,06:42,06:51,5,7,2151,13
4964,2464,14464,NE06,Gorakhpur Junction 6,09:53,09:57,3,1,729,14
4965,2465,14465,NF05,Guwahati Junction 5,12:04,12:10,4,2,1462,15
4966,2466,14466,NW04,Jaipur Junction 4,15:15,15:21,9,3,535,16
4967,2467,14467,SC03,Secunderabad Junction 3,18:26,18:29,2,4,116,17
4968,2468,14468,SE02,Bilaspur Junction 2,21:37,21:51,5,5,672,18
4969,2469,14469,SE01,Kolkata Junction 1,00:48,00:58,3,6,1321,19
4970,2470,14470,SE08,Kolkata Junction 8,03:59,03:08,13,7,271,20
4971,2471,14471,SW07,Hubballi Junction 7,06:10,06:12,12,1,814,21
4972,2472,14472,SR06,Chennai Junction 6,09:21,09:23,9,2,1022,22
4973,2473,14473,WC05,Jabalpur Junction 5,12:32,12:47,15,3,1185,23
4974,2474,14474,WR04,Mumbai Junction 4,15:43,15:47,12,4,443,24
4975,2475,14475,CR03,Mumbai Junction 3,18:54,18:07,10,5,779,25
4976,2476,14476,ER02,Kolkata Junction 2,21:05,21:20,9,6,848,26
4977,2477,14477,EC01,Hajipur Junction 1,00:16,00:20,11,7,593,27
4978,2478,14478,EC08,Hajipur Junction 8,03:27,03:31,3,1,1411,28
4979,2479,14479,EC07,Bhubaneswar Junction 7,06:38,06:52,5,2,478,29
4980,2480,14480,NR06,New Delhi Junction 6,09:49,09:59,4,3,195,30
4981,2481,14481,NC05,Prayagraj Junction 5,12:00,12:10,9,4,62,1
4982,2482,14482,NE04,Gorakhpur Junction 4,15:11,15:16,4,5,1499,2
4983,2483,14483,NF03,Guwahati Junction 3,18:22,18:33,12,6,218,3
4984,2484,14484,NW02,Jaipur Junction 2,21:33,21:46,4,7,2183,4
4985,2485,14485,SC01,Secunderabad Junction 1,00:44,00:58,8,1,1728,5
4986,2486,14486,SC08,Secunderabad Junction 8,03:55,03:06,12,2,40,6
4987,2487,14487,SE07,Bilaspur Junction 7,06:06,06:09,14,3,1719,7
4988,2488,14488,SE06,Kolkata Junction 6,09:17,09:27,6,4,926,8
4989,2489,14489,SW05,Hubballi Junction 5,12:28,12:35,8,5,1382,9
4990,2490,14490,SR04,Chennai Junction 4,15:39,15:51,7,6,1833,10
4991,2491,14491,WC03,Jabalpur Junction 3,18:50,18:53,13,7,1488,11
4992,2492,14492,WR02,Mumbai Junction 2,21:01,21:10,7,1,816,12
4993,2493,14493,CR01,Mumbai Junction 1,00:12,00:19,15,2,58,13
4994,2494,14494,CR08,Mumbai Junction 8,03:23,03:33,15,3,1196,14
4995,2495,14495,ER07,Kolkata Junction 7,06:34,06:44,10,4,1112,15
4996,2496,14496,EC06,Hajipur Junction 6,09:45,09:55,14,5,1568,16
4997,2497,14497,EC05,Bhubaneswar Junction 5,12:56,12:09,9,6,1701,17
4998,2498,14498,NR04,New Delhi Junction 4,15:07,15:21,4,7,1891,18
4999,2499,14499,NC03,Prayagraj Junction 3,18:18,18:29,8,1,1703,19
5000,2500,14500,NE02,Gorakhpur Junction 2,21:29,21:33,11,2,1268,20
5001,1,12001,NF01,Guwahati Junction 1,00:40,00:54,10,3,1156,21
5002,2,12002,NF08,Guwahati Junction 8,03:51,03:00,9,4,1959,22
5003,3,12003,NW07,Jaipur Junction 7,06:02,06:14,3,5,1171,23
5004,4,12004,SC06,Secunderabad Junction 6,09:13,09:19,4,6,1904,24
5005,5,12005,SE05,Bilaspur Junction 5,12:24,12:38,15,7,866,25
5006,6,12006,SE04,Kolkata Junction 4,15:35,15:42,12,1,423,26
5007,7,12007,SW03,Hubballi Junction 3,18:46,18:48,7,2,1384,27
5008,8,12008,SR02,Chennai Junction 2,21:57,21:05,4,3,1143,28
5009,9,12009,WC01,Jabalpur Junction 1,00:08,00:23,5,4,880,29
5010,10,12010,WC08,Jabalpur Junction 8,03:19,03:25,6,5,1442,30
5011,11,12011,WR07,Mumbai Junction 7,06:30,06:37,10,6,43,1
5012,12,12012,CR06,Mumbai Junction 6,09:41,09:52,3,7,830,2
5013,13,12013,ER05,Kolkata Junction 5,12:52,12:06,6,1,1535,3
5014,14,12014,EC04,Hajipur Junction 4,15:03,15:09,14,2,2092,4
5015,15,12015,EC03,Bhubaneswar Junction 3,18:14,18:28,7,3,698,5
5016,16,12016,NR02,New Delhi Junction 2,21:25,21:35,13,4,1150,6
5017,17,12017,NC01,Prayagraj Junction 1,00:36,00:48,14,5,1654,7
5018,18,12018,NC08,Prayagraj Junction 8,03:47,03:54,5,6,955,8
5019,19,12019,NE07,Gorakhpur Junction 7,06:58,06:08,13,7,661,9
5020,20,12020,NF06,Guwahati Junction 6,09:09,09:13,6,1,1307,10
5021,21,12021,NW05,Jaipur Junction 5,12:20,12:25,7,2,564,11
5022,22,12022,SC04,Secunderabad Junction 4,15:31,15:46,9,3,1587,12
5023,23,12023,SE03,Bilaspur Junction 3,18:42,18:51,2,4,580,13
5024,24,12024,SE02,Kolkata Junction 2,21:53,21:06,9,5,1546,14
5025,25,12025,SW01,Hubballi Junction 1,00:04,00:16,9,6,1270,15
5026,26,12026,SW08,Hubballi Junction 8,03:15,03:20,5,7,328,16
5027,27,12027,SR07,Chennai Junction 7,06:26,06:32,10,1,2042,17
5028,28,12028,WC06,Jabalpur Junction 6,09:37,09:45,10,2,1895,18
5029,29,12029,WR05,Mumbai Junction 5,12:48,12:59,5,3,618,19
5030,30,12030,CR04,Mumbai Junction 4,15:59,15:09,6,4,547,20
5031,31,12031,ER03,Kolkata Junction 3,18:10,18:20,10,5,557,21
5032,32,12032,EC02,Hajipur Junction 2,21:21,21:23,12,6,861,22
5033,33,12033,EC01,Bhubaneswar Junction 1,00:32,00:42,4,7,691,23
5034,34,12034,EC08,Bhubaneswar Junction 8,03:43,03:53,3,1,696,24
5035,35,12035,NR07,New Delhi Junction 7,06:54,06:06,12,2,776,25
5036,36,12036,NC06,Prayagraj Junction 6,09:05,09:08,2,3,1223,26
5037,37,12037,NE05,Gorakhpur Junction 5,12:16,12:27,10,4,891,27
5038,38,12038,NF04,Guwahati Junction 4,15:27,15:29,5,5,79,28
5039,39,12039,NW03,Jaipur Junction 3,18:38,18:46,6,6,156,29
5040,40,12040,SC02,Secunderabad Junction 2,21:49,21:59,7,7,2117,30
5041,41,12041,SE01,Bilaspur Junction 1,00:00,00:07,3,1,1551,1
5042,42,12042,SE08,Bilaspur Junction 8,03:11,03:22,15,2,1523,2
5043,43,12043,SE07,Kolkata Junction 7,06:22,06:29,11,3,1755,3
5044,44,12044,SW06,Hubballi Junction 6,09:33,09:42,13,4,2127,4
5045,45,12045,SR05,Chennai Junction 5,12:44,12:56,9,5,1084,5
5046,46,12046,WC04,Jabalpur Junction 4,15:55,15:08,14,6,577,6
5047,47,12047,WR03,Mumbai Junction 3,18:06,18:08,13,7,519,7
5048,48,12048,CR02,Mumbai Junction 2,21:17,21:32,2,1,2002,8
5049,49,12049,ER01,Kolkata Junction 1,00:28,00:39,6,2,76,9
5050,50,12050,ER08,Kolkata Junction 8,03:39,03:52,3,3,209,10
5051,51,12051,EC07,Hajipur Junction 7,06:50,06:03,11,4,280,11
5052,52,12052,EC06,Bhubaneswar Junction 6,09:01,09:07,11,5,1449,12
5053,53,12053,NR05,New Delhi Junction 5,12:12,12:19,7,6,175,13
5054,54,12054,NC04,Prayagraj Junction 4,15:23,15:25,15,7,508,14
5055,55,12055,NE03,Gorakhpur Junction 3,18:34,18:48,2,1,2177,15
5056,56,12056,NF02,Guwahati Junction 2,21:45,21:52,13,2,1848,16
5057,57,12057,NW01,Jaipur Junction 1,00:56,00:02,12,3,735,17
5058,58,12058,NW08,Jaipur Junction 8,03:07,03:20,15,4,1775,18
5059,59,12059,SC07,Secunderabad Junction 7,06:18,06:30,7,5,239,19
5060,60,12060,SE06,Bilaspur Junction 6,09:29,09:38,3,6,1118,20
5061,61,12061,SE05,Kolkata Junction 5,12:40,12:54,3,7,1982,21
5062,62,12062,SW04,Hubballi Junction 4,15:51,15:01,2,1,1584,22
5063,63,12063,SR03,Chennai Junction 3,18:02,18:04,10,2,1116,23
5064,64,12064,WC02,Jabalpur Junction 2,21:13,21:25,7,3,261,24
5065,65,12065,WR01,Mumbai Junction 1,00:24,00:31,12,4,2098,25
5066,66,12066,WR08,Mumbai Junction 8,03:35,03:39,6,5,1929,26
5067,67,12067,CR07,Mumbai Junction 7,06:46,06:52,5,6,1829,27
5068,68,12068,ER06,Kolkata Junction 6,09:57,09:05,10,7,1071,28
5069,69,12069,EC05,Hajipur Junction 5,12:08,12:18,5,1,1610,29
5070,70,12070,EC04,Bhubaneswar Junction 4,15:19,15:26,9,2,408,30
5071,71,12071,NR03,New Delhi Junction 3,18:30,18:32,9,3,305,1
5072,72,12072,NC02,Prayagraj Junction 2,21:41,21:55,15,4,696,2
5073,73,12073,NE01,Gorakhpur Junction 1,00:52,00:58,9,5,449,3
5074,74,12074,NE08,Gorakhpur Junction 8,03:03,03:17,3,6,995,4
5075,75,12075,NF07,Guwahati Junction 7,06:14,06:18,13,7,317,5
5076,76,12076,NW06,Jaipur Junction 6,09:25,09:33,13,1,968,6
5077,77,12077,SC05,Secunderabad Junction 5,12:36,12:40,4,2,1330,7
5078,78,12078,SE04,Bilaspur Junction 4,15:47,15:50,6,3,1345,8
5079,79,12079,SE03,Kolkata Junction 3,18:58,18:05,13,4,1513,9
5080,80,12080,SW02,Hubballi Junction 2,21:09,21:12,13,5,2002,10
5081,81,12081,SR01,Chennai Junction 1,00:20,00:24,7,6,869,11
5082,82,12082,SR08,Chennai Junction 8,03:31,03:38,8,7,1967,12
5083,83,12083,WC07,Jabalpur Junction 7,06:42,06:53,14,1,771,13
5084,84,12084,WR06,Mumbai Junction 6,09:53,09:02,3,2,608,14
5085,85,12085,CR05,Mumbai Junction 5,12:04,12:14,4,3,2112,15
5086,86,12086,ER04,Kolkata Junction 4,15:15,15:20,4,4,1717,16
5087,87,12087,EC03,Hajipur Junction 3,18:26,18:29,6,5,437,17
5088,88,12088,EC02,Bhubaneswar Junction 2,21:37,21:48,13,6,429,18
5089,89,12089,NR01,New Delhi Junction 1,00:48,00:55,8,7,1520,19
5090,90,12090,NR08,New Delhi Junction 8,03:59,03:05,9,1,1107,20
5091,91,12091,NC07,Prayagraj Junction 7,06:10,06:12,9,2,1249,21
5092,92,12092,NE06,Gorakhpur Junction 6,09:21,09:36,9,3,1979,22
5093,93,12093,NF05,Guwahati Junction 5,12:32,12:38,11,4,1983,23
5094,94,12094,NW04,Jaipur Junction 4,15:43,15:47,9,5,2021,24
5095,95,12095,SC03,Secunderabad Junction 3,18:54,18:03,14,6,923,25
5096,96,12096,SE02,Bilaspur Junction 2,21:05,21:19,10,7,1053,26
5097,97,12097,SE01,Kolkata Junction 1,00:16,00:21,4,1,635,27
5098,98,12098,SE08,Kolkata Junction 8,03:27,03:39,8,2,854,28
5099,99,12099,SW07,Hubballi Junction 7,06:38,06:46,6,3,1775,29
5100,100,12100,SR06,Chennai Junction 6,09:49,09:56,8,4,1229,30
5101,101,12101,WC05,Jabalpur Junction 5,12:00,12:11,6,5,161,1
5102,102,12102,WR04,Mumbai Junction 4,15:11,15:22,9,6,1424,2
5103,103,12103,CR03,Mumbai Junction 3,18:22,18:31,9,7,2086,3
5104,104,12104,ER02,Kolkata Junction 2,21:33,21:35,3,1,2060,4
5105,105,12105,EC01,Hajipur Junction 1,00:44,00:58,7,2,1189,5
5106,106,12106,EC08,Hajipur Junction 8,03:55,03:03,15,3,1003,6
5107,107,12107,EC07,Bhubaneswar Junction 7,06:06,06:18,7,4,838,7
5108,108,12108,NR06,New Delhi Junction 6,09:17,09:28,7,5,30,8
5109,109,12109,NC05,Prayagraj Junction 5,12:28,12:32,14,6,807,9
5110,110,12110,NE04,Gorakhpur Junction 4,15:39,15:42,15,7,2199,10
5111,111,12111,NF03,Guwahati Junction 3,18:50,18:58,10,1,1660,11
5112,112,12112,NW02,Jaipur Junction 2,21:01,21:03,6,2,1237,12
5113,113,12113,SC01,Secunderabad Junction 1,00:12,00:21,6,3,3,13
5114,114,12114,SC08,Secunderabad Junction 8,03:23,03:38,10,4,1662,14
5115,115,12115,SE07,Bilaspur Junction 7,06:34,06:42,9,5,977,15
5116,116,12116,SE06,Kolkata Junction 6,09:45,09:53,11,6,2190,16
5117,117,12117,SW05,Hubballi Junction 5,12:56,12:08,11,7,26,17
5118,118,12118,SR04,Chennai Junction 4,15:07,15:16,15,1,875,18
5119,119,12119,WC03,Jabalpur Junction 3,18:18,18:27,6,2,420,19
5120,120,12120,WR02,Mumbai Junction 2,21:29,21:40,6,3,1293,20
5121,121,12121,CR01,Mumbai Junction 1,00:40,00:50,13,4,2063,21
5122,122,12122,CR08,Mumbai Junction 8,03:51,03:00,2,5,1281,22
5123,123,12123,ER07,Kolkata Junction 7,06:02,06:16,8,6,1242,23
5124,124,12124,EC06,Hajipur Junction 6,09:13,09:25,8,7,912,24
5125,125,12125,EC05,Bhubaneswar Junction 5,12:24,12:32,13,1,1073,25
5126,126,12126,NR04,New Delhi Junction 4,15:35,15:41,10,2,1523,26
5127,127,12127,NC03,Prayagraj Junction 3,18:46,18:00,14,3,1723,27
5128,128,12128,NE02,Gorakhpur Junction 2,21:57,21:09,8,4,753,28
5129,129,12129,NF01,Guwahati Junction 1,00:08,00:17,11,5,1140,29
5130,130,12130,NF08,Guwahati Junction 8,03:19,03:23,2,6,127,30
5131,131,12131,NW07,Jaipur Junction 7,06:30,06:37,13,7,1737,1
5132,132,12132,SC06,Secunderabad Junction 6,09:41,09:54,11,1,50,2
5133,133,12133,SE05,Bilaspur Junction 5,12:52,12:06,15,2,1869,3
5134,134,12134,SE04,Kolkata Junction 4,15:03,15:11,5,3,1991,4
5135,135,12135,SW03,Hubballi Junction 3,18:14,18:18,13,4,2123,5
5136,136,12136,SR02,Chennai Junction 2,21:25,21:39,9,5,1833,6
5137,137,12137,WC01,Jabalpur Junction 1,00:36,00:49,15,6,792,7
5138,138,12138,WC08,Jabalpur Junction 8,03:47,03:57,13,7,499,8
5139,139,12139,WR07,Mumbai Junction 7,06:58,06:03,7,1,792,9
5140,140,12140,CR06,Mumbai Junction 6,09:09,09:21,15,2,345,10
5141,141,12141,ER05,Kolkata Junction 5,12:20,12:26,15,3,1308,11
5142,142,12142,EC04,Hajipur Junction 4,15:31,15:35,10,4,1927,12
5143,143,12143,EC03,Bhubaneswar Junction 3,18:42,18:49,8,5,1349,13
5144,144,12144,NR02,New Delhi Junction 2,21:53,21:06,9,6,2108,14
5145,145,12145,NC01,Prayagraj Junction 1,00:04,00:16,7,7,1072,15
5146,146,12146,NC08,Prayagraj Junction 8,03:15,03:26,2,1,498,16
5147,147,12147,NE07,Gorakhpur Junction 7,06:26,06:31,13,2,1809,17
5148,148,12148,NF06,Guwahati Junction 6,09:37,09:50,3,3,649,18
5149,149,12149,NW05,Jaipur Junction 5,12:48,12:54,2,4,567,19
5150,150,12150,SC04,Secunderabad Junction 4,15:59,15:07,14,5,374,20
5151,151,12151,SE03,Bilaspur Junction 3,18:10,18:24,13,6,348,21
5152,152,12152,SE02,Kolkata Junction 2,21:21,21:26,8,7,2076,22
5153,153,12153,SW01,Hubballi Junction 1,00:32,00:44,15,1,687,23
5154,154,12154,SW08,Hubballi Junction 8,03:43,03:57,15,2,1319,24
5155,155,12155,SR07,Chennai Junction 7,06:54,06:58,5,3,283,25
5156,156,12156,WC06,Jabalpur Junction 6,09:05,09:18,6,4,1543,26
5157,157,12157,WR05,Mumbai Junction 5,12:16,12:21,15,5,1701,27
5158,158,12158,CR04,Mumbai Junction 4,15:27,15:34,8,6,129,28
5159,159,12159,ER03,Kolkata Junction 3,18:38,18:41,15,7,1794,29
5160,160,12160,EC02,Hajipur Junction 2,21:49,21:02,11,1,487,30
5161,161,12161,EC01,Bhubaneswar Junction 1,00:00,00:03,12,2,729,1
5162,162,12162,EC08,Bhubaneswar Junction 8,03:11,03:13,2,3,1227,2
5163,163,12163,NR07,New Delhi Junction 7,06:22,06:35,7,4,2199,3
5164,164,12164,NC06,Prayagraj Junction 6,09:33,09:40,12,5,537,4
5165,165,12165,NE05,Gorakhpur Junction 5,12:44,12:54,5,6,1712,5
5166,166,12166,NF04,Guwahati Junction 4,15:55,15:03,2,7,545,6
5167,167,12167,NW03,Jaipur Junction 3,18:06,18:12,8,1,594,7
5168,168,12168,SC02,Secunderabad Junction 2,21:17,21:27,15,2,1564,8
5169,169,12169,SE01,Bilaspur Junction 1,00:28,00:34,11,3,2126,9
5170,170,12170,SE08,Bilaspur Junction 8,03:39,03:44,5,4,86,10
5171,171,12171,SE07,Kolkata Junction 7,06:50,06:03,13,5,910,11
5172,172,12172,SW06,Hubballi Junction 6,09:01,09:15,11,6,2153,12
5173,173,12173,SR05,Chennai Junction 5,12:12,12:26,15,7,863,13
5174,174,12174,WC04,Jabalpur Junction 4,15:23,15:33,4,1,1967,14
5175,175,12175,WR03,Mumbai Junction 3,18:34,18:40,8,2,1307,15
5176,176,12176,CR02,Mumbai Junction 2,21:45,21:58,12,3,2101,16
5177,177,12177,ER01,Kolkata Junction 1,00:56,00:07,13,4,1259,17
5178,178,12178,ER08,Kolkata Junction 8,03:07,03:14,14,5,831,18
5179,179,12179,EC07,Hajipur Junction 7,06:18,06:28,6,6,1061,19
5180,180,12180,EC06,Bhubaneswar Junction 6,09:29,09:36,5,7,1805,20
5181,181,12181,NR05,New Delhi Junction 5,12:40,12:52,11,1,182,21
5182,182,12182,NC04,Prayagraj Junction 4,15:51,15:56,5,2,1565,22
5183,183,12183,NE03,Gorakhpur Junction 3,18:02,18:16,7,3,726,23
5184,184,12184,NF02,Guwahati Junction 2,21:13,21:22,15,4,814,24
5185,185,12185,NW01,Jaipur Junction 1,00:24,00:29,9,5,2014,25
5186,186,12186,NW08,Jaipur Junction 8,03:35,03:47,9,6,1608,26
5187,187,12187,SC07,Secunderabad Junction 7,06:46,06:48,12,7,214,27
5188,188,12188,SE06,Bilaspur Junction 6,09:57,09:04,6,1,1519,28
5189,189,12189,SE05,Kolkata Junction 5,12:08,12:13,5,2,1945,29
5190,190,12190,SW04,Hubballi Junction 4,15:19,15:27,12,3,1282,30
5191,191,12191,SR03,Chennai Junction 3,18:30,18:40,11,4,1468,1
5192,192,12192,WC02,Jabalpur Junction 2,21:41,21:55,12,5,670,2
5193,193,12193,WR01,Mumbai Junction 1,00:52,00:56,13,6,819,3
5194,194,12194,WR08,Mumbai Junction 8,03:03,03:09,3,7,1214,4
5195,195,12195,CR07,Mumbai Junction 7,06:14,06:23,13,1,1646,5
5196,196,12196,ER06,Kolkata Junction 6,09:25,09:37,9,2,1898,6
5197,197,12197,EC05,Hajipur Junction 5,12:36,12:51,13,3,765,7
5198,198,12198,EC04,Bhubaneswar Junction 4,15:47,15:52,2,4,2184,8
5199,199,12199,NR03,New Delhi Junction 3,18:58,18:10,15,5,1732,9
5200,200,12200,NC02,Prayagraj Junction 2,21:09,21:17,4,6,103,10
5201,201,12201,NE01,Gorakhpur Junction 1,00:20,00:33,6,7,834,11
5202,202,12202,NE08,Gorakhpur Junction 8,03:31,03:44,8,1,2091,12
5203,203,12203,NF07,Guwahati Junction 7,06:42,06:51,13,2,277,13
5204,204,12204,NW06,Jaipur Junction 6,09:53,09:00,4,3,124,14
5205,205,12205,SC05,Secunderabad Junction 5,12:04,12:19,9,4,778,15
5206,206,12206,SE04,Bilaspur Junction 4,15:15,15:22,5,5,270,16
5207,207,12207,SE03,Kolkata Junction 3,18:26,18:40,3,6,846,17
5208,208,12208,SW02,Hubballi Junction 2,21:37,21:41,15,7,452,18
5209,209,12209,SR01,Chennai Junction 1,00:48,00:55,12,1,1254,19
5210,210,12210,SR08,Chennai Junction 8,03:59,03:06,9,2,961,20
5211,211,12211,WC07,Jabalpur Junction 7,06:10,06:16,10,3,803,21
5212,212,12212,WR06,Mumbai Junction 6,09:21,09:36,8,4,1664,22
5213,213,12213,CR05,Mumbai Junction 5,12:32,12:37,11,5,1230,23
5214,214,12214,ER04,Kolkata Junction 4,15:43,15:55,8,6,1582,24
5215,215,12215,EC03,Hajipur Junction 3,18:54,18:56,11,7,1657,25
5216,216,12216,EC02,Bhubaneswar Junction 2,21:05,21:13,2,1,1247,26
5217,217,12217,NR01,New Delhi Junction 1,00:16,00:28,8,2,207,27
5218,218,12218,NR08,New Delhi Junction 8,03:27,03:34,15,3,595,28
5219,219,12219,NC07,Prayagraj Junction 7,06:38,06:47,6,4,1567,29
5220,220,12220,NE06,Gorakhpur Junction 6,09:49,09:56,7,5,1274,30
5221,221,12221,NF05,Guwahati Junction 5,12:00,12:10,8,6,568,1
5222,222,12222,NW04,Jaipur Junction 4,15:11,15:14,11,7,747,2
5223,223,12223,SC03,Secunderabad Junction 3,18:22,18:32,7,1,1878,3
5224,224,12224,SE02,Bilaspur Junction 2,21:33,21:44,7,2,732,4
5225,225,12225,SE01,Kolkata Junction 1,00:44,00:56,2,3,126,5
5226,226,12226,SE08,Kolkata Junction 8,03:55,03:58,6,4,1093,6
5227,227,12227,SW07,Hubballi Junction 7,06:06,06:12,4,5,688,7
5228,228,12228,SR06,Chennai Junction 6,09:17,09:25,6,6,1263,8
5229,229,12229,WC05,Jabalpur Junction 5,12:28,12:35,15,7,2183,9
5230,230,12230,WR04,Mumbai Junction 4,15:39,15:50,9,1,68,10
5231,231,12231,CR03,Mumbai Junction 3,18:50,18:00,7,2,637,11
5232,232,12232,ER02,Kolkata Junction 2,21:01,21:14,2,3,573,12
5233,233,12233,EC01,Hajipur Junction 1,00:12,00:24,14,4,1132,13
5234,234,12234,EC08,Hajipur Junction 8,03:23,03:32,15,5,203,14
5235,235,12235,EC07,Bhubaneswar Junction 7,06:34,06:42,5,6,1048,15
5236,236,12236,NR06,New Delhi Junction 6,09:45,09:59,10,7,2181,16
5237,237,12237,NC05,Prayagraj Junction 5,12:56,12:05,14,1,373,17
5238,238,12238,NE04,Gorakhpur Junction 4,15:07,15:13,5,2,1691,18
5239,239,12239,NF03,Guwahati Junction 3,18:18,18:27,5,3,380,19
5240,240,12240,NW02,Jaipur Junction 2,21:29,21:36,4,4,1533,20
5241,241,12241,SC01,Secunderabad Junction 1,00:40,00:53,15,5,518,21
5242,242,12242,SC08,Secunderabad Junction 8,03:51,03:59,9,6,1090,22
5243,243,12243,SE07,Bilaspur Junction 7,06:02,06:10,5,7,246,23
5244,244,12244,SE06,Kolkata Junction 6,09:13,09:20,3,1,138,24
5245,245,12245,SW05,Hubballi Junction 5,12:24,12:33,14,2,1189,25
5246,246,12246,SR04,Chennai Junction 4,15:35,15:37,13,3,1503,26
5247,247,12247,WC03,Jabalpur Junction 3,18:46,18:52,5,4,1979,27
5248,248,12248,WR02,Mumbai Junction 2,21:57,21:05,3,5,619,28
5249,249,12249,CR01,Mumbai Junction 1,00:08,00:13,7,6,760,29
5250,250,12250,CR08,Mumbai Junction 8,03:19,03:28,6,7,1409,30
5251,251,12251,ER07,Kolkata Junction 7,06:30,06:38,15,1,1821,1
5252,252,12252,EC06,Hajipur Junction 6,09:41,09:47,2,2,1286,2
5253,253,12253,EC05,Bhubaneswar Junction 5,12:52,12:58,14,3,892,3
5254,254,12254,NR04,New Delhi Junction 4,15:03,15:09,6,4,1903,4
5255,255,12255,NC03,Prayagraj Junction 3,18:14,18:17,15,5,513,5
5256,256,12256,NE02,Gorakhpur Junction 2,21:25,21:38,9,6,1253,6
5257,257,12257,NF01,Guwahati Junction 1,00:36,00:40,12,7,1426,7
5258,258,12258,NF08,Guwahati Junction 8,03:47,03:55,8,1,1313,8
5259,259,12259,NW07,Jaipur Junction 7,06:58,06:06,15,2,91,9
5260,260,12260,SC06,Secunderabad Junction 6,09:09,09:14,13,3,1743,10
5261,261,12261,SE05,Bilaspur Junction 5,12:20,12:26,9,4,59,11
5262,262,12262,SE04,Kolkata Junction 4,15:31,15:35,15,5,1415,12
5263,263,12263,SW03,Hubballi Junction 3,18:42,18:44,13,6,887,13
5264,264,12264,SR02,Chennai Junction 2,21:53,21:02,13,7,1842,14
5265,265,12265,WC01,Jabalpur Junction 1,00:04,00:07,7,1,599,15
5266,266,12266,WC08,Jabalpur Junction 8,03:15,03:29,12,2,1426,16
5267,267,12267,WR07,Mumbai Junction 7,06:26,06:28,13,3,1234,17
5268,268,12268,CR06,Mumbai Junction 6,09:37,09:42,8,4,981,18
5269,269,12269,ER05,Kolkata Junction 5,12:48,12:54,14,5,2018,19
5270,270,12270,EC04,Hajipur Junction 4,15:59,15:01,15,6,888,20
5271,271,12271,EC03,Bhubaneswar Junction 3,18:10,18:23,12,7,1317,21
5272,272,12272,NR02,New Delhi Junction 2,21:21,21:33,11,1,1873,22
5273,273,12273,NC01,Prayagraj Junction 1,00:32,00:39,12,2,2154,23
5274,274,12274,NC08,Prayagraj Junction 8,03:43,03:58,4,3,1096,24
5275,275,12275,NE07,Gorakhpur Junction 7,06:54,06:03,10,4,1423,25
5276,276,12276,NF06,Guwahati Junction 6,09:05,09:18,9,5,1543,26
5277,277,12277,NW05,Jaipur Junction 5,12:16,12:30,3,6,1413,27
5278,278,12278,SC04,Secunderabad Junction 4,15:27,15:34,14,7,1215,28
5279,279,12279,SE03,Bilaspur Junction 3,18:38,18:48,12,1,532,29
5280,280,12280,SE02,Kolkata Junction 2,21:49,21:58,12,2,1710,30
5281,281,12281,SW01,Hubballi Junction 1,00:00,00:05,13,3,358,1
5282,282,12282,SW08,Hubballi Junction 8,03:11,03:16,13,4,1355,2
5283,283,12283,SR07,Chennai Junction 7,06:22,06:31,9,5,2132,3
5284,284,12284,WC06,Jabalpur Junction 6,09:33,09:38,6,6,1077,4
5285,285,12285,WR05,Mumbai Junction 5,12:44,12:57,9,7,1597,5
5286,286,12286,CR04,Mumbai Junction 4,15:55,15:08,14,1,1014,6
5287,287,12287,ER03,Kolkata Junction 3,18:06,18:14,3,2,176,7
5288,288,12288,EC02,Hajipur Junction 2,21:17,21:25,12,3,1843,8
5289,289,12289,EC01,Bhubaneswar Junction 1,00:28,00:35,9,4,1787,9
5290,290,12290,EC08,Bhubaneswar Junction 8,03:39,03:45,4,5,2026,10
5291,291,12291,NR07,New Delhi Junction 7,06:50,06:59,4,6,554,11
5292,292,12292,NC06,Prayagraj Junction 6,09:01,09:07,4,7,961,12
5293,293,12293,NE05,Gorakhpur Junction 5,12:12,12:25,12,1,2017,13
5294,294,12294,NF04,Guwahati Junction 4,15:23,15:36,6,2,128,14
5295,295,12295,NW03,Jaipur Junction 3,18:34,18:38,13,3,748,15
5296,296,12296,SC02,Secunderabad Junction 2,21:45,21:57,8,4,1968,16
5297,297,12297,SE01,Bilaspur Junction 1,00:56,00:05,14,5,551,17
5298,298,12298,SE08,Bilaspur Junction 8,03:07,03:19,9,6,418,18
5299,299,12299,SE07,Kolkata Junction 7,06:18,06:23,6,7,340,19
5300,300,12300,SW06,Hubballi Junction 6,09:29,09:44,4,1,1315,20
5301,301,12301,SR05,Chennai Junction 5,12:40,12:49,9,2,1380,21
5302,302,12302,WC04,Jabalpur Junction 4,15:51,15:05,15,3,1923,22
5303,303,12303,WR03,Mumbai Junction 3,18:02,18:10,12,4,408,23
5304,304,12304,CR02,Mumbai Junction 2,21:13,21:27,4,5,250,24
5305,305,12305,ER01,Kolkata Junction 1,00:24,00:37,12,6,304,25
5306,306,12306,ER08,Kolkata Junction 8,03:35,03:50,3,7,107,26
5307,307,12307,EC07,Hajipur Junction 7,06:46,06:01,5,1,516,27
5308,308,12308,EC06,Bhubaneswar Junction 6,09:57,09:10,10,2,1144,28
5309,309,12309,NR05,New Delhi Junction 5,12:08,12:23,3,3,2036,29
5310,310,12310,NC04,Prayagraj Junction 4,15:19,15:24,10,4,712,30
5311,311,12311,NE03,Gorakhpur Junction 3,18:30,18:36,6,5,1229,1
5312,312,12312,NF02,Guwahati Junction 2,21:41,21:55,3,6,1456,2
5313,313,12313,NW01,Jaipur Junction 1,00:52,00:06,12,7,2156,3
5314,314,12314,NW08,Jaipur Junction 8,03:03,03:05,7,1,940,4
5315,315,12315,SC07,Secunderabad Junction 7,06:14,06:23,6,2,557,5
5316,316,12316,SE06,Bilaspur Junction 6,09:25,09:38,5,3,2098,6
5317,317,12317,SE05,Kolkata Junction 5,12:36,12:38,7,4,1340,7
5318,318,12318,SW04,Hubballi Junction 4,15:47,15:02,12,5,31,8
5319,319,12319,SR03,Chennai Junction 3,18:58,18:10,6,6,1891,9
5320,320,12320,WC02,Jabalpur Junction 2,21:09,21:21,4,7,792,10
5321,321,12321,WR01,Mumbai Junction 1,00:20,00:33,14,1,1327,11
5322,322,12322,WR08,Mumbai Junction 8,03:31,03:36,7,2,1750,12
5323,323,12323,CR07,Mumbai Junction 7,06:42,06:52,4,3,628,13
5324,324,12324,ER06,Kolkata Junction 6,09:53,09:57,8,4,980,14
5325,325,12325,EC05,Hajipur Junction 5,12:04,12:13,15,5,1433,15
5326,326,12326,EC04,Bhubaneswar Junction 4,15:15,15:25,7,6,1397,16
5327,327,12327,NR03,New Delhi Junction 3,18:26,18:41,2,7,769,17
5328,328,12328,NC02,Prayagraj Junction 2,21:37,21:39,4,1,147,18
5329,329,12329,NE01,Gorakhpur Junction 1,00:48,00:58,13,2,2068,19
5330,330,12330,NE08,Gorakhpur Junction 8,03:59,03:04,11,3,723,20
5331,331,12331,NF07,Guwahati Junction 7,06:10,06:16,10,4,1493,21
5332,332,12332,NW06,Jaipur Junction 6,09:21,09:31,3,5,903,22
5333,333,12333,SC05,Secunderabad Junction 5,12:32,12:37,2,6,89,23
5334,334,12334,SE04,Bilaspur Junction 4,15:43,15:51,3,7,1625,24
5335,335,12335,SE03,Kolkata Junction 3,18:54,18:56,5,1,2168,25
5336,336,12336,SW02,Hubballi Junction 2,21:05,21:16,9,2,33,26
5337,337,12337,SR01,Chennai Junction 1,00:16,00:18,14,3,1758,27
5338,338,12338,SR08,Chennai Junction 8,03:27,03:42,13,4,5,28
5339,339,12339,WC07,Jabalpur Junction 7,06:38,06:51,8,5,1523,29
5340,340,12340,WR06,Mumbai Junction 6,09:49,09:56,12,6,1852,30
5341,341,12341,CR05,Mumbai Junction 5,12:00,12:15,9,7,613,1
5342,342,12342,ER04,Kolkata Junction 4,15:11,15:21,8,1,445,2
5343,343,12343,EC03,Hajipur Junction 3,18:22,18:34,3,2,886,3
5344,344,12344,EC02,Bhubaneswar Junction 2,21:33,21:44,14,3,1365,4
5345,345,12345,NR01,New Delhi Junction 1,00:44,00:59,13,4,519,5
5346,346,12346,NR08,New Delhi Junction 8,03:55,03:08,6,5,1388,6
5347,347,12347,NC07,Prayagraj Junction 7,06:06,06:10,9,6,1494,7
5348,348,12348,NE06,Gorakhpur Junction 6,09:17,09:31,15,7,1762,8
5349,349,12349,NF05,Guwahati Junction 5,12:28,12:37,14,1,233,9
5350,350,12350,NW04,Jaipur Junction 4,15:39,15:54,4,2,887,10
5351,351,12351,SC03,Secunderabad Junction 3,18:50,18:04,12,3,1869,11
5352,352,12352,SE02,Bilaspur Junction 2,21:01,21:12,10,4,383,12
5353,353,12353,SE01,Kolkata Junction 1,00:12,00:27,10,5,1470,13
5354,354,12354,SE08,Kolkata Junction 8,03:23,03:30,15,6,991,14
5355,355,12355,SW07,Hubballi Junction 7,06:34,06:38,4,7,1536,15
5356,356,12356,SR06,Chennai Junction 6,09:45,09:57,4,1,1535,16
5357,357,12357,WC05,Jabalpur Junction 5,12:56,12:11,9,2,2135,17
5358,358,12358,WR04,Mumbai Junction 4,15:07,15:11,7,3,1225,18
5359,359,12359,CR03,Mumbai Junction 3,18:18,18:25,3,4,1008,19
5360,360,12360,ER02,Kolkata Junction 2,21:29,21:35,4,5,819,20
5361,361,12361,EC01,Hajipur Junction 1,00:40,00:47,14,6,1081,21
5362,362,12362,EC08,Hajipur Junction 8,03:51,03:58,7,7,1316,22
5363,363,12363,EC07,Bhubaneswar Junction 7,06:02,06:07,14,1,921,23
5364,364,12364,NR06,New Delhi Junction 6,09:13,09:20,2,2,1944,24
5365,365,12365,NC05,Prayagraj Junction 5,12:24,12:32,3,3,377,25
5366,366,12366,NE04,Gorakhpur Junction 4,15:35,15:42,12,4,208,26
5367,367,12367,NF03,Guwahati Junction 3,18:46,18:49,9,5,1097,27
5368,368,12368,NW02,Jaipur Junction 2,21:57,21:12,12,6,1445,28
5369,369,12369,SC01,Secunderabad Junction 1,00:08,00:14,10,7,1285,29
5370,370,12370,SC08,Secunderabad Junction 8,03:19,03:24,7,1,2048,30
5371,371,12371,SE07,Bilaspur Junction 7,06:30,06:39,8,2,1752,1
5372,372,12372,SE06,Kolkata Junction 6,09:41,09:46,5,3,2172,2
5373,373,12373,SW05,Hubballi Junction 5,12:52,12:05,7,4,2081,3
5374,374,12374,SR04,Chennai Junction 4,15:03,15:10,11,5,76,4
5375,375,12375,WC03,Jabalpur Junction 3,18:14,18:25,4,6,531,5
5376,376,12376,WR02,Mumbai Junction 2,21:25,21:38,4,7,1061,6
5377,377,12377,CR01,Mumbai Junction 1,00:36,00:50,15,1,976,7
5378,378,12378,CR08,Mumbai Junction 8,03:47,03:50,6,2,1355,8
5379,379,12379,ER07,Kolkata Junction 7,06:58,06:04,12,3,2183,9
5380,380,12380,EC06,Hajipur Junction 6,09:09,09:19,10,4,1165,10
5381,381,12381,EC05,Bhubaneswar Junction 5,12:20,12:24,10,5,2050,11
5382,382,12382,NR04,New Delhi Junction 4,15:31,15:42,12,6,1899,12
5383,383,12383,NC03,Prayagraj Junction 3,18:42,18:49,6,7,2133,13
5384,384,12384,NE02,Gorakhpur Junction 2,21:53,21:01,12,1,1399,14
5385,385,12385,NF01,Guwahati Junction 1,00:04,00:07,6,2,717,15
5386,386,12386,NF08,Guwahati Junction 8,03:15,03:19,12,3,2125,16
5387,387,12387,NW07,Jaipur Junction 7,06:26,06:41,4,4,988,17
5388,388,12388,SC06,Secunderabad Junction 6,09:37,09:42,2,5,1361,18
5389,389,12389,SE05,Bilaspur Junction 5,12:48,12:02,3,6,1412,19
5390,390,12390,SE04,Kolkata Junction 4,15:59,15:01,13,7,140,20
5391,391,12391,SW03,Hubballi Junction 3,18:10,18:18,3,1,906,21
5392,392,12392,SR02,Chennai Junction 2,21:21,21:29,9,2,1824,22
5393,393,12393,WC01,Jabalpur Junction 1,00:32,00:47,6,3,2031,23
5394,394,12394,WC08,Jabalpur Junction 8,03:43,03:50,3,4,1320,24
5395,395,12395,WR07,Mumbai Junction 7,06:54,06:06,6,5,1297,25
5396,396,12396,CR06,Mumbai Junction 6,09:05,09:13,4,6,849,26
5397,397,12397,ER05,Kolkata Junction 5,12:16,12:23,6,7,2013,27
5398,398,12398,EC04,Hajipur Junction 4,15:27,15:34,10,1,24,28
5399,399,12399,EC03,Bhubaneswar Junction 3,18:38,18:44,14,2,1963,29
5400,400,12400,NR02,New Delhi Junction 2,21:49,21:04,2,3,1897,30
5401,401,12401,NC01,Prayagraj Junction 1,00:00,00:05,2,4,203,1
5402,402,12402,NC08,Prayagraj Junction 8,03:11,03:23,10,5,1260,2
5403,403,12403,NE07,Gorakhpur Junction 7,06:22,06:36,3,6,181,3
5404,404,12404,NF06,Guwahati Junction 6,09:33,09:48,10,7,1707,4
5405,405,12405,NW05,Jaipur Junction 5,12:44,12:53,4,1,1149,5
5406,406,12406,SC04,Secunderabad Junction 4,15:55,15:10,3,2,277,6
5407,407,12407,SE03,Bilaspur Junction 3,18:06,18:12,8,3,1383,7
5408,408,12408,SE02,Kolkata Junction 2,21:17,21:21,15,4,330,8
5409,409,12409,SW01,Hubballi Junction 1,00:28,00:32,15,5,828,9
5410,410,12410,SW08,Hubballi Junction 8,03:39,03:49,8,6,570,10
5411,411,12411,SR07,Chennai Junction 7,06:50,06:59,12,7,25,11
5412,412,12412,WC06,Jabalpur Junction 6,09:01,09:15,4,1,2018,12
5413,413,12413,WR05,Mumbai Junction 5,12:12,12:27,15,2,1431,13
5414,414,12414,CR04,Mumbai Junction 4,15:23,15:37,14,3,1405,14
5415,415,12415,ER03,Kolkata Junction 3,18:34,18:48,6,4,1836,15
5416,416,12416,EC02,Hajipur Junction 2,21:45,21:59,10,5,269,16
5417,417,12417,EC01,Bhubaneswar Junction 1,00:56,00:00,4,6,1172,17
5418,418,12418,EC08,Bhubaneswar Junction 8,03:07,03:15,13,7,624,18
5419,419,12419,NR07,New Delhi Junction 7,06:18,06:22,10,1,305,19
5420,420,12420,NC06,Prayagraj Junction 6,09:29,09:43,3,2,1080,20
5421,421,12421,NE05,Gorakhpur Junction 5,12:40,12:55,9,3,1778,21
5422,422,12422,NF04,Guwahati Junction 4,15:51,15:58,12,4,1556,22
5423,423,12423,NW03,Jaipur Junction 3,18:02,18:11,3,5,2136,23
5424,424,12424,SC02,Secunderabad Junction 2,21:13,21:15,6,6,1410,24
5425,425,12425,SE01,Bilaspur Junction 1,00:24,00:36,9,7,882,25
5426,426,12426,SE08,Bilaspur Junction 8,03:35,03:42,15,1,734,26
5427,427,12427,SE07,Kolkata Junction 7,06:46,06:59,2,2,1450,27
5428,428,12428,SW06,Hubballi Junction 6,09:57,09:08,11,3,927,28
5429,429,12429,SR05,Chennai Junction 5,12:08,12:19,8,4,1306,29
5430,430,12430,WC04,Jabalpur Junction 4,15:19,15:33,11,5,1622,30
5431,431,12431,WR03,Mumbai Junction 3,18:30,18:45,5,6,1293,1
5432,432,12432,CR02,Mumbai Junction 2,21:41,21:52,11,7,290,2
5433,433,12433,ER01,Kolkata Junction 1,00:52,00:04,4,1,899,3
5434,434,12434,ER08,Kolkata Junction 8,03:03,03:14,5,2,276,4
5435,435,12435,EC07,Hajipur Junction 7,06:14,06:25,5,3,1817,5
5436,436,12436,EC06,Bhubaneswar Junction 6,09:25,09:39,6,4,1624,6
5437,437,12437,NR05,New Delhi Junction 5,12:36,12:41,15,5,540,7
5438,438,12438,NC04,Prayagraj Junction 4,15:47,15:01,13,6,687,8
5439,439,12439,NE03,Gorakhpur Junction 3,18:58,18:11,10,7,1473,9
5440,440,12440,NF02,Guwahati Junction 2,21:09,21:16,5,1,1533,10
5441,441,12441,NW01,Jaipur Junction 1,00:20,00:22,6,2,311,11
5442,442,12442,NW08,Jaipur Junction 8,03:31,03:33,2,3,206,12
5443,443,12443,SC07,Secunderabad Junction 7,06:42,06:57,12,4,2176,13
5444,444,12444,SE06,Bilaspur Junction 6,09:53,09:56,15,5,1318,14
5445,445,12445,SE05,Kolkata Junction 5,12:04,12:17,14,6,576,15
5446,446,12446,SW04,Hubballi Junction 4,15:15,15:27,11,7,909,16
5447,447,12447,SR03,Chennai Junction 3,18:26,18:34,4,1,407,17
5448,448,12448,WC02,Jabalpur Junction 2,21:37,21:51,12,2,1246,18
5449,449,12449,WR01,Mumbai Junction 1,00:48,00:59,7,3,549,19
5450,450,12450,WR08,Mumbai Junction 8,03:59,03:14,15,4,473,20
5451,451,12451,CR07,Mumbai Junction 7,06:10,06:23,8,5,1557,21
5452,452,12452,ER06,Kolkata Junction 6,09:21,09:24,8,6,274,22
5453,453,12453,EC05,Hajipur Junction 5,12:32,12:45,7,7,580,23
5454,454,12454,EC04,Bhubaneswar Junction 4,15:43,15:54,15,1,745,24
5455,455,12455,NR03,New Delhi Junction 3,18:54,18:06,11,2,1077,25
5456,456,12456,NC02,Prayagraj Junction 2,21:05,21:18,3,3,1930,26
5457,457,12457,NE01,Gorakhpur Junction 1,00:16,00:23,2,4,2176,27
5458,458,12458,NE08,Gorakhpur Junction 8,03:27,03:39,13,5,323,28
5459,459,12459,NF07,Guwahati Junction 7,06:38,06:50,11,6,1986,29
5460,460,12460,NW06,Jaipur Junction 6,09:49,09:56,14,7,1557,30
5461,461,12461,SC05,Secunderabad Junction 5,12:00,12:05,4,1,1987,1
5462,462,12462,SE04,Bilaspur Junction 4,15:11,15:22,3,2,276,2
5463,463,12463,SE03,Kolkata Junction 3,18:22,18:35,4,3,481,3
5464,464,12464,SW02,Hubballi Junction 2,21:33,21:43,14,4,740,4
5465,465,12465,SR01,Chennai Junction 1,00:44,00:55,11,5,1320,5
5466,466,12466,SR08,Chennai Junction 8,03:55,03:06,5,6,1367,6
5467,467,12467,WC07,Jabalpur Junction 7,06:06,06:08,12,7,1743,7
5468,468,12468,WR06,Mumbai Junction 6,09:17,09:30,2,1,2005,8
5469,469,12469,CR05,Mumbai Junction 5,12:28,12:36,3,2,1175,9
5470,470,12470,ER04,Kolkata Junction 4,15:39,15:49,7,3,1647,10
5471,471,12471,EC03,Hajipur Junction 3,18:50,18:59,5,4,1364,11
5472,472,12472,EC02,Bhubaneswar Junction 2,21:01,21:06,3,5,587,12
5473,473,12473,NR01,New Delhi Junction 1,00:12,00:26,10,6,699,13
5474,474,12474,NR08,New Delhi Junction 8,03:23,03:30,14,7,1465,14
5475,475,12475,NC07,Prayagraj Junction 7,06:34,06:46,10,1,2182,15
5476,476,12476,NE06,Gorakhpur Junction 6,09:45,09:56,7,2,555,16
5477,477,12477,NF05,Guwahati Junction 5,12:56,12:58,12,3,2052,17
5478,478,12478,NW04,Jaipur Junction 4,15:07,15:18,8,4,287,18
5479,479,12479,SC03,Secunderabad Junction 3,18:18,18:29,4,5,1368,19
5480,480,12480,SE02,Bilaspur Junction 2,21:29,21:35,14,6,2059,20
5481,481,12481,SE01,Kolkata Junction 1,00:40,00:45,6,7,2028,21
5482,482,12482,SE08,Kolkata Junction 8,03:51,03:53,9,1,311,22
5483,483,12483,SW07,Hubballi Junction 7,06:02,06:10,2,2,309,23
5484,484,12484,SR06,Chennai Junction 6,09:13,09:20,2,3,1753,24
5485,485,12485,WC05,Jabalpur Junction 5,12:24,12:34,8,4,1039,25
5486,486,12486,WR04,Mumbai Junction 4,15:35,15:48,13,5,104,26
5487,487,12487,CR03,Mumbai Junction 3,18:46,18:57,8,6,1722,27
5488,488,12488,ER02,Kolkata Junction 2,21:57,21:10,11,7,1484,28
5489,489,12489,EC01,Hajipur Junction 1,00:08,00:12,13,1,1541,29
5490,490,12490,EC08,Hajipur Junction 8,03:19,03:24,5,2,1101,30
5491,491,12491,EC07,Bhubaneswar Junction 7,06:30,06:36,11,3,894,1
5492,492,12492,NR06,New Delhi Junction 6,09:41,09:45,7,4,1794,2
5493,493,12493,NC05,Prayagraj Junction 5,12:52,12:05,6,5,1750,3
5494,494,12494,NE04,Gorakhpur Junction 4,15:03,15:06,15,6,1684,4
5495,495,12495,NF03,Guwahati Junction 3,18:14,18:16,11,7,1086,5
5496,496,12496,NW02,Jaipur Junction 2,21:25,21:39,5,1,1962,6
5497,497,12497,SC01,Secunderabad Junction 1,00:36,00:50,5,2,951,7
5498,498,12498,SC08,Secunderabad Junction 8,03:47,03:57,5,3,2198,8
5499,499,12499,SE07,Bilaspur Junction 7,06:58,06:02,5,4,1101,9
5500,500,12500,SE06,Kolkata Junction 6,09:09,09:17,2,5,2002,10
5501,501,12501,SW05,Hubballi Junction 5,12:20,12:25,3,6,1142,11
5502,502,12502,SR04,Chennai Junction 4,15:31,15:45,2,7,1073,12
5503,503,12503,WC03,Jabalpur Junction 3,18:42,18:56,14,1,375,13
5504,504,12504,WR02,Mumbai Junction 2,21:53,21:03,13,2,1477,14
5505,505,12505,CR01,Mumbai Junction 1,00:04,00:15,12,3,997,15
5506,506,12506,CR08,Mumbai Junction 8,03:15,03:17,10,4,1381,16
5507,507,12507,ER07,Kolkata Junction 7,06:26,06:39,14,5,743,17
5508,508,12508,EC06,Hajipur Junction 6,09:37,09:52,2,6,2130,18
5509,509,12509,EC05,Bhubaneswar Junction 5,12:48,12:51,11,7,1503,19
5510,510,12510,NR04,New Delhi Junction 4,15:59,15:09,15,1,1215,20
5511,511,12511,NC03,Prayagraj Junction 3,18:10,18:13,10,2,639,21
5512,512,12512,NE02,Gorakhpur Junction 2,21:21,21:31,7,3,93,22
5513,513,12513,NF01,Guwahati Junction 1,00:32,00:42,3,4,721,23
5514,514,12514,NF08,Guwahati Junction 8,03:43,03:53,14,5,691,24
5515,515,12515,NW07,Jaipur Junction 7,06:54,06:00,6,6,1265,25
5516,516,12516,SC06,Secunderabad Junction 6,09:05,09:09,9,7,1762,26
5517,517,12517,SE05,Bilaspur Junction 5,12:16,12:19,15,1,1169,27
5518,518,12518,SE04,Kolkata Junction 4,15:27,15:37,10,2,2079,28
5519,519,12519,SW03,Hubballi Junction 3,18:38,18:49,14,3,629,29
5520,520,12520,SR02,Chennai Junction 2,21:49,21:54,11,4,337,30
5521,521,12521,WC01,Jabalpur Junction 1,00:00,00:03,4,5,596,1
5522,522,12522,WC08,Jabalpur Junction 8,03:11,03:14,12,6,1282,2
5523,523,12523,WR07,Mumbai Junction 7,06:22,06:26,5,7,2045,3
5524,524,12524,CR06,Mumbai Junction 6,09:33,09:47,3,1,1349,4
5525,525,12525,ER05,Kolkata Junction 5,12:44,12:50,7,2,1319,5
5526,526,12526,EC04,Hajipur Junction 4,15:55,15:10,10,3,2097,6
5527,527,12527,EC03,Bhubaneswar Junction 3,18:06,18:19,12,4,1738,7
5528,528,12528,NR02,New Delhi Junction 2,21:17,21:30,5,5,2149,8
5529,529,12529,NC01,Prayagraj Junction 1,00:28,00:42,10,6,1564,9
5530,530,12530,NC08,Prayagraj Junction 8,03:39,03:53,4,7,142,10
5531,531,12531,NE07,Gorakhpur Junction 7,06:50,06:05,9,1,1588,11
5532,532,12532,NF06,Guwahati Junction 6,09:01,09:10,9,2,82,12
5533,533,12533,NW05,Jaipur Junction 5,12:12,12:18,3,3,951,13
5534,534,12534,SC04,Secunderabad Junction 4,15:23,15:25,13,4,646,14
5535,535,12535,SE03,Bilaspur Junction 3,18:34,18:46,2,5,73,15
5536,536,12536,SE02,Kolkata Junction 2,21:45,21:52,13,6,1788,16
5537,537,12537,SW01,Hubballi Junction 1,00:56,00:05,10,7,1515,17
5538,538,12538,SW08,Hubballi Junction 8,03:07,03:18,12,1,69,18
5539,539,12539,SR07,Chennai Junction 7,06:18,06:26,13,2,967,19
5540,540,12540,WC06,Jabalpur Junction 6,09:29,09:33,11,3,665,20
5541,541,12541,WR05,Mumbai Junction 5,12:40,12:49,9,4,1531,21
5542,542,12542,CR04,Mumbai Junction 4,15:51,15:06,11,5,2195,22
5543,543,12543,ER03,Kolkata Junction 3,18:02,18:04,12,6,917,23
5544,544,12544,EC02,Hajipur Junction 2,21:13,21:25,3,7,1160,24
5545,545,12545,EC01,Bhubaneswar Junction 1,00:24,00:26,11,1,476,25
5546,546,12546,EC08,Bhubaneswar Junction 8,03:35,03:39,3,2,592,26
5547,547,12547,NR07,New Delhi Junction 7,06:46,06:01,15,3,176,27
5548,548,12548,NC06,Prayagraj Junction 6,09:57,09:12,10,4,710,28
5549,549,12549,NE05,Gorakhpur Junction 5,12:08,12:23,5,5,399,29
5550,550,12550,NF04,Guwahati Junction 4,15:19,15:24,4,6,1066,30
5551,551,12551,NW03,Jaipur Junction 3,18:30,18:33,5,7,816,1
5552,552,12552,SC02,Secunderabad Junction 2,21:41,21:52,14,1,164,2
5553,553,12553,SE01,Bilaspur Junction 1,00:52,00:02,3,2,2179,3
5554,554,12554,SE08,Bilaspur Junction 8,03:03,03:08,13,3,1710,4
5555,555,12555,SE07,Kolkata Junction 7,06:14,06:20,6,4,697,5
5556,556,12556,SW06,Hubballi Junction 6,09:25,09:33,8,5,1444,6
5557,557,12557,SR05,Chennai Junction 5,12:36,12:44,13,6,1026,7
5558,558,12558,WC04,Jabalpur Junction 4,15:47,15:53,6,7,1608,8
5559,559,12559,WR03,Mumbai Junction 3,18:58,18:01,6,1,685,9
5560,560,12560,CR02,Mumbai Junction 2,21:09,21:20,3,2,991,10
5561,561,12561,ER01,Kolkata Junction 1,00:20,00:31,14,3,962,11
5562,562,12562,ER08,Kolkata Junction 8,03:31,03:46,10,4,1703,12
5563,563,12563,EC07,Hajipur Junction 7,06:42,06:47,14,5,570,13
5564,564,12564,EC06,Bhubaneswar Junction 6,09:53,09:56,3,6,1439,14
5565,565,12565,NR05,New Delhi Junction 5,12:04,12:14,4,7,1933,15
5566,566,12566,NC04,Prayagraj Junction 4,15:15,15:20,10,1,1150,16
5567,567,12567,NE03,Gorakhpur Junction 3,18:26,18:36,12,2,2040,17
5568,568,12568,NF02,Guwahati Junction 2,21:37,21:49,14,3,1912,18
5569,569,12569,NW01,Jaipur Junction 1,00:48,00:55,9,4,435,19
5570,570,12570,NW08,Jaipur Junction 8,03:59,03:13,15,5,1953,20
5571,571,12571,SC07,Secunderabad Junction 7,06:10,06:22,13,6,1746,21
5572,572,12572,SE06,Bilaspur Junction 6,09:21,09:26,5,7,1169,22
5573,573,12573,SE05,Kolkata Junction 5,12:32,12:39,12,1,1619,23
5574,574,12574,SW04,Hubballi Junction 4,15:43,15:58,13,2,25,24
5575,575,12575,SR03,Chennai Junction 3,18:54,18:00,6,3,1393,25
5576,576,12576,WC02,Jabalpur Junction 2,21:05,21:11,15,4,634,26
5577,577,12577,WR01,Mumbai Junction 1,00:16,00:24,13,5,807,27
5578,578,12578,WR08,Mumbai Junction 8,03:27,03:29,6,6,790,28
5579,579,12579,CR07,Mumbai Junction 7,06:38,06:48,11,7,1207,29
5580,580,12580,ER06,Kolkata Junction 6,09:49,09:56,9,1,316,30
5581,581,12581,EC05,Hajipur Junction 5,12:00,12:04,10,2,1903,1
5582,582,12582,EC04,Bhubaneswar Junction 4,15:11,15:20,2,3,2160,2
5583,583,12583,NR03,New Delhi Junction 3,18:22,18:28,12,4,1974,3
5584,584,12584,NC02,Prayagraj Junction 2,21:33,21:48,3,5,409,4
5585,585,12585,NE01,Gorakhpur Junction 1,00:44,00:55,12,6,1836,5
5586,586,12586,NE08,Gorakhpur Junction 8,03:55,03:04,4,7,1567,6
5587,587,12587,NF07,Guwahati Junction 7,06:06,06:17,8,1,1402,7
5588,588,12588,NW06,Jaipur Junction 6,09:17,09:21,13,2,100,8
5589,589,12589,SC05,Secunderabad Junction 5,12:28,12:41,13,3,1512,9
5590,590,12590,SE04,Bilaspur Junction 4,15:39,15:52,14,4,357,10
5591,591,12591,SE03,Kolkata Junction 3,18:50,18:59,11,5,2073,11
5592,592,12592,SW02,Hubballi Junction 2,21:01,21:13,10,6,1226,12
5593,593,12593,SR01,Chennai Junction 1,00:12,00:16,6,7,953,13
5594,594,12594,SR08,Chennai Junction 8,03:23,03:37,14,1,1413,14
5595,595,12595,WC07,Jabalpur Junction 7,06:34,06:37,12,2,1009,15
5596,596,12596,WR06,Mumbai Junction 6,09:45,09:56,8,3,1586,16
5597,597,12597,CR05,Mumbai Junction 5,12:56,12:01,4,4,483,17
5598,598,12598,ER04,Kolkata Junction 4,15:07,15:21,3,5,628,18
5599,599,12599,EC03,Hajipur Junction 3,18:18,18:24,13,6,790,19
5600,600,12600,EC02,Bhubaneswar Junction 2,21:29,21:43,15,7,1432,20
5601,601,12601,NR01,New Delhi Junction 1,00:40,00:46,10,1,1472,21
5602,602,12602,NR08,New Delhi Junction 8,03:51,03:54,13,2,959,22
5603,603,12603,NC07,Prayagraj Junction 7,06:02,06:15,10,3,1893,23
5604,604,12604,NE06,Gorakhpur Junction 6,09:13,09:16,2,4,245,24
5605,605,12605,NF05,Guwahati Junction 5,12:24,12:38,15,5,2197,25
5606,606,12606,NW04,Jaipur Junction 4,15:35,15:41,5,6,769,26
5607,607,12607,SC03,Secunderabad Junction 3,18:46,18:59,5,7,1204,27
5608,608,12608,SE02,Bilaspur Junction 2,21:57,21:08,7,1,1040,28
5609,609,12609,SE01,Kolkata Junction 1,00:08,00:19,13,2,417,29
5610,610,12610,SE08,Kolkata Junction 8,03:19,03:28,4,3,33,30
5611,611,12611,SW07,Hubballi Junction 7,06:30,06:41,8,4,570,1
5612,612,12612,SR06,Chennai Junction 6,09:41,09:43,15,5,1818,2
5613,613,12613,WC05,Jabalpur Junction 5,12:52,12:07,3,6,30,3
5614,614,12614,WR04,Mumbai Junction 4,15:03,15:08,3,7,1011,4
5615,615,12615,CR03,Mumbai Junction 3,18:14,18:25,4,1,872,5
5616,616,12616,ER02,Kolkata Junction 2,21:25,21:34,6,2,1013,6
5617,617,12617,EC01,Hajipur Junction 1,00:36,00:46,15,3,682,7
5618,618,12618,EC08,Hajipur Junction 8,03:47,03:50,14,4,1268,8
5619,619,12619,EC07,Bhubaneswar Junction 7,06:58,06:06,12,5,2158,9
5620,620,12620,NR06,New Delhi Junction 6,09:09,09:12,14,6,1400,10
5621,621,12621,NC05,Prayagraj Junction 5,12:20,12:30,14,7,669,11
5622,622,12622,NE04,Gorakhpur Junction 4,15:31,15:44,9,1,2057,12
5623,623,12623,NF03,Guwahati Junction 3,18:42,18:50,12,2,1094,13
5624,624,12624,NW02,Jaipur Junction 2,21:53,21:00,7,3,2024,14
5625,625,12625,SC01,Secunderabad Junction 1,00:04,00:17,5,4,1904,15
5626,626,12626,SC08,Secunderabad Junction 8,03:15,03:25,3,5,1684,16
5627,627,12627,SE07,Bilaspur Junction 7,06:26,06:30,14,6,999,17
5628,628,12628,SE06,Kolkata Junction 6,09:37,09:51,8,7,186,18
5629,629,12629,SW05,Hubballi Junction 5,12:48,12:00,12,1,665,19
5630,630,12630,SR04,Chennai Junction 4,15:59,15:03,14,2,1714,20
5631,631,12631,WC03,Jabalpur Junction 3,18:10,18:16,11,3,529,21
5632,632,12632,WR02,Mumbai Junction 2,21:21,21:25,11,4,1832,22
5633,633,12633,CR01,Mumbai Junction 1,00:32,00:46,8,5,315,23
5634,634,12634,CR08,Mumbai Junction 8,03:43,03:52,11,6,2137,24
5635,635,12635,ER07,Kolkata Junction 7,06:54,06:57,11,7,1127,25
5636,636,12636,EC06,Hajipur Junction 6,09:05,09:15,3,1,36,26
5637,637,12637,EC05,Bhubaneswar Junction 5,12:16,12:26,4,2,1350,27
5638,638,12638,NR04,New Delhi Junction 4,15:27,15:29,13,3,733,28
5639,639,12639,NC03,Prayagraj Junction 3,18:38,18:46,6,4,920,29
5640,640,12640,NE02,Gorakhpur Junction 2,21:49,21:58,11,5,1517,30
5641,641,12641,NF01,Guwahati Junction 1,00:00,00:15,4,6,1917,1
5642,642,12642,NF08,Guwahati Junction 8,03:11,03:21,6,7,2017,2
5643,643,12643,NW07,Jaipur Junction 7,06:22,06:33,4,1,384,3
5644,644,12644,SC06,Secunderabad Junction 6,09:33,09:44,12,2,100,4
5645,645,12645,SE05,Bilaspur Junction 5,12:44,12:54,9,3,2132,5
5646,646,12646,SE04,Kolkata Junction 4,15:55,15:07,14,4,74,6
5647,647,12647,SW03,Hubballi Junction 3,18:06,18:18,6,5,1217,7
5648,648,12648,SR02,Chennai Junction 2,21:17,21:31,14,6,496,8
5649,649,12649,WC01,Jabalpur Junction 1,00:28,00:33,12,7,1931,9
5650,650,12650,WC08,Jabalpur Junction 8,03:39,03:49,2,1,360,10
5651,651,12651,WR07,Mumbai Junction 7,06:50,06:02,12,2,1972,11
5652,652,12652,CR06,Mumbai Junction 6,09:01,09:10,7,3,246,12
5653,653,12653,ER05,Kolkata Junction 5,12:12,12:24,15,4,99,13
5654,654,12654,EC04,Hajipur Junction 4,15:23,15:31,6,5,1639,14
5655,655,12655,EC03,Bhubaneswar Junction 3,18:34,18:46,5,6,2094,15
5656,656,12656,NR02,New Delhi Junction 2,21:45,21:48,12,7,1630,16
5657,657,12657,NC01,Prayagraj Junction 1,00:56,00:00,11,1,594,17
5658,658,12658,NC08,Prayagraj Junction 8,03:07,03:12,3,2,1641,18
5659,659,12659,NE07,Gorakhpur Junction 7,06:18,06:31,9,3,1707,19
5660,660,12660,NF06,Guwahati Junction 6,09:29,09:35,9,4,1731,20
5661,661,12661,NW05,Jaipur Junction 5,12:40,12:48,10,5,319,21
5662,662,12662,SC04,Secunderabad Junction 4,15:51,15:00,13,6,1700,22
5663,663,12663,SE03,Bilaspur Junction 3,18:02,18:08,9,7,1363,23
5664,664,12664,SE02,Kolkata Junction 2,21:13,21:28,13,1,1799,24
5665,665,12665,SW01,Hubballi Junction 1,00:24,00:36,7,2,829,25
5666,666,12666,SW08,Hubballi Junction 8,03:35,03:43,7,3,2106,26
5667,667,12667,SR07,Chennai Junction 7,06:46,06:00,14,4,1336,27
5668,668,12668,WC06,Jabalpur Junction 6,09:57,09:01,4,5,603,28
5669,669,12669,WR05,Mumbai Junction 5,12:08,12:19,7,6,1441,29
5670,670,12670,CR04,Mumbai Junction 4,15:19,15:33,6,7,2040,30
5671,671,12671,ER03,Kolkata Junction 3,18:30,18:39,13,1,131,1
5672,672,12672,EC02,Hajipur Junction 2,21:41,21:46,15,2,1951,2
5673,673,12673,EC01,Bhubaneswar Junction 1,00:52,00:01,2,3,131,3
5674,674,12674,EC08,Bhubaneswar Junction 8,03:03,03:10,14,4,830,4
5675,675,12675,NR07,New Delhi Junction 7,06:14,06:28,9,5,296,5
5676,676,12676,NC06,Prayagraj Junction 6,09:25,09:34,7,6,495,6
5677,677,12677,NE05,Gorakhpur Junction 5,12:36,12:47,4,7,1992,7
5678,678,12678,NF04,Guwahati Junction 4,15:47,15:00,12,1,167,8
5679,679,12679,NW03,Jaipur Junction 3,18:58,18:13,8,2,1612,9
5680,680,12680,SC02,Secunderabad Junction 2,21:09,21:13,12,3,703,10
5681,681,12681,SE01,Bilaspur Junction 1,00:20,00:31,5,4,2051,11
5682,682,12682,SE08,Bilaspur Junction 8,03:31,03:42,8,5,1003,12
5683,683,12683,SE07,Kolkata Junction 7,06:42,06:44,6,6,1736,13
5684,684,12684,SW06,Hubballi Junction 6,09:53,09:06,15,7,188,14
5685,685,12685,SR05,Chennai Junction 5,12:04,12:09,12,1,794,15
5686,686,12686,WC04,Jabalpur Junction 4,15:15,15:20,5,2,2019,16
5687,687,12687,WR03,Mumbai Junction 3,18:26,18:40,2,3,1849,17
5688,688,12688,CR02,Mumbai Junction 2,21:37,21:46,13,4,1368,18
5689,689,12689,ER01,Kolkata Junction 1,00:48,00:59,10,5,1616,19
5690,690,12690,ER08,Kolkata Junction 8,03:59,03:12,9,6,246,20
5691,691,12691,EC07,Hajipur Junction 7,06:10,06:13,7,7,1041,21
5692,692,12692,EC06,Bhubaneswar Junction 6,09:21,09:35,2,1,1955,22
5693,693,12693,NR05,New Delhi Junction 5,12:32,12:34,8,2,929,23
5694,694,12694,NC04,Prayagraj Junction 4,15:43,15:52,2,3,1680,24
5695,695,12695,NE03,Gorakhpur Junction 3,18:54,18:57,12,4,1247,25
5696,696,12696,NF02,Guwahati Junction 2,21:05,21:19,15,5,1856,26
5697,697,12697,NW01,Jaipur Junction 1,00:16,00:24,7,6,1458,27
5698,698,12698,NW08,Jaipur Junction 8,03:27,03:38,13,7,1063,28
5699,699,12699,SC07,Secunderabad Junction 7,06:38,06:46,3,1,371,29
5700,700,12700,SE06,Bilaspur Junction 6,09:49,09:02,15,2,1323,30
5701,701,12701,SE05,Kolkata Junction 5,12:00,12:06,2,3,95,1
5702,702,12702,SW04,Hubballi Junction 4,15:11,15:22,10,4,622,2
5703,703,12703,SR03,Chennai Junction 3,18:22,18:26,2,5,1501,3
5704,704,12704,WC02,Jabalpur Junction 2,21:33,21:43,6,6,1610,4
5705,705,12705,WR01,Mumbai Junction 1,00:44,00:57,9,7,577,5
5706,706,12706,WR08,Mumbai Junction 8,03:55,03:57,13,1,1269,6
5707,707,12707,CR07,Mumbai Junction 7,06:06,06:12,2,2,1790,7
5708,708,12708,ER06,Kolkata Junction 6,09:17,09:31,8,3,588,8
5709,709,12709,EC05,Hajipur Junction 5,12:28,12:38,14,4,1292,9
5710,710,12710,EC04,Bhubaneswar Junction 4,15:39,15:41,4,5,213,10
5711,711,12711,NR03,New Delhi Junction 3,18:50,18:57,8,6,1178,11
5712,712,12712,NC02,Prayagraj Junction 2,21:01,21:13,3,7,2073,12
5713,713,12713,NE01,Gorakhpur Junction 1,00:12,00:17,9,1,463,13
5714,714,12714,NE08,Gorakhpur Junction 8,03:23,03:29,13,2,98,14
5715,715,12715,NF07,Guwahati Junction 7,06:34,06:42,10,3,1253,15
5716,716,12716,NW06,Jaipur Junction 6,09:45,09:52,7,4,2000,16
5717,717,12717,SC05,Secunderabad Junction 5,12:56,12:01,8,5,801,17
5718,718,12718,SE04,Bilaspur Junction 4,15:07,15:19,13,6,1866,18
5719,719,12719,SE03,Kolkata Junction 3,18:18,18:21,3,7,825,19
5720,720,12720,SW02,Hubballi Junction 2,21:29,21:37,2,1,1966,20
5721,721,12721,SR01,Chennai Junction 1,00:40,00:54,7,2,1692,21
5722,722,12722,SR08,Chennai Junction 8,03:51,03:00,11,3,1920,22
5723,723,12723,WC07,Jabalpur Junction 7,06:02,06:05,5,4,941,23
5724,724,12724,WR06,Mumbai Junction 6,09:13,09:27,10,5,873,24
5725,725,12725,CR05,Mumbai Junction 5,12:24,12:26,10,6,593,25
5726,726,12726,ER04,Kolkata Junction 4,15:35,15:41,15,7,1159,26
5727,727,12727,EC03,Hajipur Junction 3,18:46,18:49,2,1,854,27
5728,728,12728,EC02,Bhubaneswar Junction 2,21:57,21:59,8,2,912,28
5729,729,12729,NR01,New Delhi Junction 1,00:08,00:22,6,3,607,29
5730,730,12730,NR08,New Delhi Junction 8,03:19,03:29,10,4,83,30
5731,731,12731,NC07,Prayagraj Junction 7,06:30,06:33,4,5,1709,1
5732,732,12732,NE06,Gorakhpur Junction 6,09:41,09:45,15,6,969,2
5733,733,12733,NF05,Guwahati Junction 5,12:52,12:07,5,7,932,3
5734,734,12734,NW04,Jaipur Junction 4,15:03,15:06,13,1,1314,4
5735,735,12735,SC03,Secunderabad Junction 3,18:14,18:17,12,2,1951,5
5736,736,12736,SE02,Bilaspur Junction 2,21:25,21:36,13,3,607,6
5737,737,12737,SE01,Kolkata Junction 1,00:36,00:44,13,4,1337,7
5738,738,12738,SE08,Kolkata Junction 8,03:47,03:57,12,5,1352,8
5739,739,12739,SW07,Hubballi Junction 7,06:58,06:01,4,6,1712,9
5740,740,12740,SR06,Chennai Junction 6,09:09,09:14,11,7,1044,10
5741,741,12741,WC05,Jabalpur Junction 5,12:20,12:30,5,1,682,11
5742,742,12742,WR04,Mumbai Junction 4,15:31,15:42,4,2,678,12
5743,743,12743,CR03,Mumbai Junction 3,18:42,18:57,4,3,1270,13
5744,744,12744,ER02,Kolkata Junction 2,21:53,21:57,11,4,279,14
5745,745,12745,EC01,Hajipur Junction 1,00:04,00:14,8,5,1521,15
5746,746,12746,EC08,Hajipur Junction 8,03:15,03:17,9,6,1193,16
5747,747,12747,EC07,Bhubaneswar Junction 7,06:26,06:31,6,7,1554,17
5748,748,12748,NR06,New Delhi Junction 6,09:37,09:46,10,1,2057,18
5749,749,12749,NC05,Prayagraj Junction 5,12:48,12:55,14,2,2143,19
5750,750,12750,NE04,Gorakhpur Junction 4,15:59,15:09,4,3,919,20
5751,751,12751,NF03,Guwahati Junction 3,18:10,18:12,11,4,601,21
5752,752,12752,NW02,Jaipur Junction 2,21:21,21:35,11,5,1077,22
5753,753,12753,SC01,Secunderabad Junction 1,00:32,00:36,3,6,1479,23
5754,754,12754,SC08,Secunderabad Junction 8,03:43,03:55,5,7,23,24
5755,755,12755,SE07,Bilaspur Junction 7,06:54,06:00,12,1,1276,25
5756,756,12756,SE06,Kolkata Junction 6,09:05,09:08,3,2,234,26
5757,757,12757,SW05,Hubballi Junction 5,12:16,12:28,12,3,897,27
5758,758,12758,SR04,Chennai Junction 4,15:27,15:38,2,4,1236,28
5759,759,12759,WC03,Jabalpur Junction 3,18:38,18:43,13,5,1075,29
5760,760,12760,WR02,Mumbai Junction 2,21:49,21:02,9,6,1006,30
5761,761,12761,CR01,Mumbai Junction 1,00:00,00:15,15,7,1002,1
5762,762,12762,CR08,Mumbai Junction 8,03:11,03:18,11,1,377,2
5763,763,12763,ER07,Kolkata Junction 7,06:22,06:29,13,2,1973,3
5764,764,12764,EC06,Hajipur Junction 6,09:33,09:40,7,3,1923,4
5765,765,12765,EC05,Bhubaneswar Junction 5,12:44,12:48,2,4,160,5
5766,766,12766,NR04,New Delhi Junction 4,15:55,15:58,14,5,88,6
5767,767,12767,NC03,Prayagraj Junction 3,18:06,18:12,10,6,1340,7
5768,768,12768,NE02,Gorakhpur Junction 2,21:17,21:30,15,7,885,8
5769,769,12769,NF01,Guwahati Junction 1,00:28,00:33,3,1,1961,9
5770,770,12770,NF08,Guwahati Junction 8,03:39,03:46,14,2,765,10
5771,771,12771,NW07,Jaipur Junction 7,06:50,06:02,11,3,1569,11
5772,772,12772,SC06,Secunderabad Junction 6,09:01,09:12,6,4,226,12
5773,773,12773,SE05,Bilaspur Junction 5,12:12,12:14,7,5,1961,13
5774,774,12774,SE04,Kolkata Junction 4,15:23,15:33,11,6,569,14
5775,775,12775,SW03,Hubballi Junction 3,18:34,18:42,7,7,299,15
5776,776,12776,SR02,Chennai Junction 2,21:45,21:55,7,1,886,16
5777,777,12777,WC01,Jabalpur Junction 1,00:56,00:06,2,2,2059,17
5778,778,12778,WC08,Jabalpur Junction 8,03:07,03:12,11,3,1707,18
5779,779,12779,WR07,Mumbai Junction 7,06:18,06:22,5,4,907,19
5780,780,12780,CR06,Mumbai Junction 6,09:29,09:42,10,5,1027,20
5781,781,12781,ER05,Kolkata Junction 5,12:40,12:53,8,6,1949,21
5782,782,12782,EC04,Hajipur Junction 4,15:51,15:03,4,7,843,22
5783,783,12783,EC03,Bhubaneswar Junction 3,18:02,18:04,5,1,49,23
5784,784,12784,NR02,New Delhi Junction 2,21:13,21:16,2,2,1478,24
5785,785,12785,NC01,Prayagraj Junction 1,00:24,00:31,8,3,1681,25
5786,786,12786,NC08,Prayagraj Junction 8,03:35,03:48,9,4,1006,26
5787,787,12787,NE07,Gorakhpur Junction 7,06:46,06:57,7,5,973,27
5788,788,12788,NF06,Guwahati Junction 6,09:57,09:03,4,6,438,28
5789,789,12789,NW05,Jaipur Junction 5,12:08,12:19,13,7,932,29
5790,790,12790,SC04,Secunderabad Junction 4,15:19,15:22,10,1,1984,30
5791,791,12791,SE03,Bilaspur Junction 3,18:30,18:39,2,2,180,1
5792,792,12792,SE02,Kolkata Junction 2,21:41,21:50,14,3,128,2
5793,793,12793,SW01,Hubballi Junction 1,00:52,00:04,12,4,113,3
5794,794,12794,SW08,Hubballi Junction 8,03:03,03:07,2,5,1245,4
5795,795,12795,SR07,Chennai Junction 7,06:14,06:18,14,6,200,5
5796,796,12796,WC06,Jabalpur Junction 6,09:25,09:36,13,7,392,6
5797,797,12797,WR05,Mumbai Junction 5,12:36,12:41,13,1,204,7
5798,798,12798,CR04,Mumbai Junction 4,15:47,15:55,5,2,28,8
5799,799,12799,ER03,Kolkata Junction 3,18:58,18:06,8,3,763,9
5800,800,12800,EC02,Hajipur Junction 2,21:09,21:22,3,4,945,10
5801,801,12801,EC01,Bhubaneswar Junction 1,00:20,00:24,12,5,1224,11
5802,802,12802,EC08,Bhubaneswar Junction 8,03:31,03:42,3,6,1005,12
5803,803,12803,NR07,New Delhi Junction 7,06:42,06:44,6,7,2079,13
5804,804,12804,NC06,Prayagraj Junction 6,09:53,09:05,3,1,811,14
5805,805,12805,NE05,Gorakhpur Junction 5,12:04,12:18,4,2,1665,15
5806,806,12806,NF04,Guwahati Junction 4,15:15,15:21,8,3,1929,16
5807,807,12807,NW03,Jaipur Junction 3,18:26,18:37,5,4,19,17
5808,808,12808,SC02,Secunderabad Junction 2,21:37,21:42,7,5,293,18
5809,809,12809,SE01,Bilaspur Junction 1,00:48,00:02,2,6,1189,19
5810,810,12810,SE08,Bilaspur Junction 8,03:59,03:14,6,7,1180,20
5811,811,12811,SE07,Kolkata Junction 7,06:10,06:13,12,1,2150,21
5812,812,12812,SW06,Hubballi Junction 6,09:21,09:33,4,2,775,22
5813,813,12813,SR05,Chennai Junction 5,12:32,12:44,13,3,887,23
5814,814,12814,WC04,Jabalpur Junction 4,15:43,15:58,4,4,1631,24
5815,815,12815,WR03,Mumbai Junction 3,18:54,18:02,11,5,1311,25
5816,816,12816,CR02,Mumbai Junction 2,21:05,21:13,13,6,1850,26
5817,817,12817,ER01,Kolkata Junction 1,00:16,00:29,3,7,930,27
5818,818,12818,ER08,Kolkata Junction 8,03:27,03:39,14,1,796,28
5819,819,12819,EC07,Hajipur Junction 7,06:38,06:50,9,2,485,29
5820,820,12820,EC06,Bhubaneswar Junction 6,09:49,09:03,8,3,1331,30
5821,821,12821,NR05,New Delhi Junction 5,12:00,12:06,2,4,996,1
5822,822,12822,NC04,Prayagraj Junction 4,15:11,15:23,6,5,2043,2
5823,823,12823,NE03,Gorakhpur Junction 3,18:22,18:34,10,6,1774,3
5824,824,12824,NF02,Guwahati Junction 2,21:33,21:47,12,7,1815,4
5825,825,12825,NW01,Jaipur Junction 1,00:44,00:55,14,1,228,5
5826,826,12826,NW08,Jaipur Junction 8,03:55,03:01,14,2,1043,6
5827,827,12827,SC07,Secunderabad Junction 7,06:06,06:08,13,3,1442,7
5828,828,12828,SE06,Bilaspur Junction 6,09:17,09:31,2,4,323,8
5829,829,12829,SE05,Kolkata Junction 5,12:28,12:37,4,5,1145,9
5830,830,12830,SW04,Hubballi Junction 4,15:39,15:45,4,6,1694,10
5831,831,12831,SR03,Chennai Junction 3,18:50,18:52,14,7,338,11
5832,832,12832,WC02,Jabalpur Junction 2,21:01,21:11,15,1,249,12
5833,833,12833,WR01,Mumbai Junction 1,00:12,00:26,6,2,1630,13
5834,834,12834,WR08,Mumbai Junction 8,03:23,03:36,5,3,764,14
5835,835,12835,CR07,Mumbai Junction 7,06:34,06:48,3,4,238,15
5836,836,12836,ER06,Kolkata Junction 6,09:45,09:51,10,5,1774,16
5837,837,12837,EC05,Hajipur Junction 5,12:56,12:05,8,6,1916,17
5838,838,12838,EC04,Bhubaneswar Junction 4,15:07,15:11,14,7,687,18
5839,839,12839,NR03,New Delhi Junction 3,18:18,18:23,15,1,1421,19
5840,840,12840,NC02,Prayagraj Junction 2,21:29,21:37,6,2,971,20
5841,841,12841,NE01,Gorakhpur Junction 1,00:40,00:53,4,3,383,21
5842,842,12842,NE08,Gorakhpur Junction 8,03:51,03:57,8,4,1792,22
5843,843,12843,NF07,Guwahati Junction 7,06:02,06:06,13,5,1996,23
5844,844,12844,NW06,Jaipur Junction 6,09:13,09:21,15,6,1966,24
5845,845,12845,SC05,Secunderabad Junction 5,12:24,12:37,7,7,661,25
5846,846,12846,SE04,Bilaspur Junction 4,15:35,15:49,8,1,69,26
5847,847,12847,SE03,Kolkata Junction 3,18:46,18:58,6,2,2058,27
5848,848,12848,SW02,Hubballi Junction 2,21:57,21:10,3,3,1982,28
5849,849,12849,SR01,Chennai Junction 1,00:08,00:23,12,4,605,29
5850,850,12850,SR08,Chennai Junction 8,03:19,03:30,14,5,1794,30
5851,851,12851,WC07,Jabalpur Junction 7,06:30,06:38,11,6,848,1
5852,852,12852,WR06,Mumbai Junction 6,09:41,09:46,11,7,1025,2
5853,853,12853,CR05,Mumbai Junction 5,12:52,12:57,11,1,707,3
5854,854,12854,ER04,Kolkata Junction 4,15:03,15:13,7,2,1947,4
5855,855,12855,EC03,Hajipur Junction 3,18:14,18:27,8,3,1563,5
5856,856,12856,EC02,Bhubaneswar Junction 2,21:25,21:29,15,4,472,6
5857,857,12857,NR01,New Delhi Junction 1,00:36,00:50,13,5,391,7
5858,858,12858,NR08,New Delhi Junction 8,03:47,03:49,12,6,1912,8
5859,859,12859,NC07,Prayagraj Junction 7,06:58,06:10,2,7,1420,9
5860,860,12860,NE06,Gorakhpur Junction 6,09:09,09:16,14,1,1760,10
5861,861,12861,NF05,Guwahati Junction 5,12:20,12:33,7,2,708,11
5862,862,12862,NW04,Jaipur Junction 4,15:31,15:44,3,3,220,12
5863,863,12863,SC03,Secunderabad Junction 3,18:42,18:44,9,4,166,13
5864,864,12864,SE02,Bilaspur Junction 2,21:53,21:03,4,5,1959,14
5865,865,12865,SE01,Kolkata Junction 1,00:04,00:12,3,6,1526,15
5866,866,12866,SE08,Kolkata Junction 8,03:15,03:21,5,7,1450,16
5867,867,12867,SW07,Hubballi Junction 7,06:26,06:41,15,1,958,17
5868,868,12868,SR06,Chennai Junction 6,09:37,09:50,4,2,1862,18
5869,869,12869,WC05,Jabalpur Junction 5,12:48,12:03,9,3,1150,19
5870,870,12870,WR04,Mumbai Junction 4,15:59,15:08,3,4,1888,20
5871,871,12871,CR03,Mumbai Junction 3,18:10,18:22,14,5,253,21
5872,872,12872,ER02,Kolkata Junction 2,21:21,21:34,7,6,1800,22
5873,873,12873,EC01,Hajipur Junction 1,00:32,00:47,14,7,2014,23
5874,874,12874,EC08,Hajipur Junction 8,03:43,03:46,6,1,643,24
5875,875,12875,EC07,Bhubaneswar Junction 7,06:54,06:03,15,2,1508,25
5876,876,12876,NR06,New Delhi Junction 6,09:05,09:14,13,3,388,26
5877,877,12877,NC05,Prayagraj Junction 5,12:16,12:27,9,4,447,27
5878,878,12878,NE04,Gorakhpur Junction 4,15:27,15:38,13,5,1822,28
5879,879,12879,NF03,Guwahati Junction 3,18:38,18:51,13,6,1031,29
5880,880,12880,NW02,Jaipur Junction 2,21:49,21:51,15,7,997,30
5881,881,12881,SC01,Secunderabad Junction 1,00:00,00:10,2,1,1955,1
5882,882,12882,SC08,Secunderabad Junction 8,03:11,03:25,14,2,382,2
5883,883,12883,SE07,Bilaspur Junction 7,06:22,06:35,10,3,321,3
5884,884,12884,SE06,Kolkata Junction 6,09:33,09:42,8,4,1376,4
5885,885,12885,SW05,Hubballi Junction 5,12:44,12:47,9,5,1490,5
5886,886,12886,SR04,Chennai Junction 4,15:55,15:07,12,6,1377,6
5887,887,12887,WC03,Jabalpur Junction 3,18:06,18:17,3,7,1755,7
5888,888,12888,WR02,Mumbai Junction 2,21:17,21:24,9,1,1202,8
5889,889,12889,CR01,Mumbai Junction 1,00:28,00:43,6,2,845,9
5890,890,12890,CR08,Mumbai Junction 8,03:39,03:51,10,3,699,10
5891,891,12891,ER07,Kolkata Junction 7,06:50,06:56,13,4,1838,11
5892,892,12892,EC06,Hajipur Junction 6,09:01,09:05,7,5,1692,12
5893,893,12893,EC05,Bhubaneswar Junction 5,12:12,12:15,4,6,348,13
5894,894,12894,NR04,New Delhi Junction 4,15:23,15:32,8,7,705,14
5895,895,12895,NC03,Prayagraj Junction 3,18:34,18:37,10,1,1776,15
5896,896,12896,NE02,Gorakhpur Junction 2,21:45,21:49,11,2,1749,16
5897,897,12897,NF01,Guwahati Junction 1,00:56,00:05,10,3,366,17
5898,898,12898,NF08,Guwahati Junction 8,03:07,03:22,15,4,1565,18
5899,899,12899,NW07,Jaipur Junction 7,06:18,06:32,10,5,1454,19
5900,900,12900,SC06,Secunderabad Junction 6,09:29,09:42,2,6,483,20
5901,901,12901,SE05,Bilaspur Junction 5,12:40,12:44,10,7,533,21
5902,902,12902,SE04,Kolkata Junction 4,15:51,15:58,8,1,1636,22
5903,903,12903,SW03,Hubballi Junction 3,18:02,18:11,2,2,1510,23
5904,904,12904,SR02,Chennai Junction 2,21:13,21:20,3,3,1433,24
5905,905,12905,WC01,Jabalpur Junction 1,00:24,00:29,8,4,2128,25
5906,906,12906,WC08,Jabalpur Junction 8,03:35,03:40,14,5,1021,26
5907,907,12907,WR07,Mumbai Junction 7,06:46,06:01,13,6,1830,27
5908,908,12908,CR06,Mumbai Junction 6,09:57,09:01,13,7,807,28
5909,909,12909,ER05,Kolkata Junction 5,12:08,12:22,15,1,1345,29
5910,910,12910,EC04,Hajipur Junction 4,15:19,15:33,9,2,74,30
5911,911,12911,EC03,Bhubaneswar Junction 3,18:30,18:44,9,3,96,1
5912,912,12912,NR02,New Delhi Junction 2,21:41,21:43,12,4,2032,2
5913,913,12913,NC01,Prayagraj Junction 1,00:52,00:03,8,5,675,3
5914,914,12914,NC08,Prayagraj Junction 8,03:03,03:10,6,6,600,4
5915,915,12915,NE07,Gorakhpur Junction 7,06:14,06:17,9,7,480,5
5916,916,12916,NF06,Guwahati Junction 6,09:25,09:29,5,1,1757,6
5917,917,12917,NW05,Jaipur Junction 5,12:36,12:46,8,2,1302,7
5918,918,12918,SC04,Secunderabad Junction 4,15:47,15:56,8,3,1849,8
5919,919,12919,SE03,Bilaspur Junction 3,18:58,18:10,4,4,1797,9
5920,920,12920,SE02,Kolkata Junction 2,21:09,21:13,3,5,925,10
5921,921,12921,SW01,Hubballi Junction 1,00:20,00:27,13,6,1529,11
5922,922,12922,SW08,Hubballi Junction 8,03:31,03:33,8,7,1749,12
5923,923,12923,SR07,Chennai Junction 7,06:42,06:54,9,1,1354,13
5924,924,12924,WC06,Jabalpur Junction 6,09:53,09:02,5,2,1241,14
5925,925,12925,WR05,Mumbai Junction 5,12:04,12:15,2,3,1529,15
5926,926,12926,CR04,Mumbai Junction 4,15:15,15:20,2,4,1661,16
5927,927,12927,ER03,Kolkata Junction 3,18:26,18:33,7,5,1373,17
5928,928,12928,EC02,Hajipur Junction 2,21:37,21:46,10,6,2078,18
5929,929,12929,EC01,Bhubaneswar Junction 1,00:48,00:59,2,7,489,19
5930,930,12930,EC08,Bhubaneswar Junction 8,03:59,03:07,8,1,794,20
5931,931,12931,NR07,New Delhi Junction 7,06:10,06:14,3,2,318,21
5932,932,12932,NC06,Prayagraj Junction 6,09:21,09:36,7,3,2115,22
5933,933,12933,NE05,Gorakhpur Junction 5,12:32,12:38,6,4,1077,23
5934,934,12934,NF04,Guwahati Junction 4,15:43,15:58,9,5,77,24
5935,935,12935,NW03,Jaipur Junction 3,18:54,18:59,15,6,340,25
5936,936,12936,SC02,Secunderabad Junction 2,21:05,21:18,15,7,471,26
5937,937,12937,SE01,Bilaspur Junction 1,00:16,00:25,10,1,1746,27
5938,938,12938,SE08,Bilaspur Junction 8,03:27,03:40,2,2,702,28
5939,939,12939,SE07,Kolkata Junction 7,06:38,06:53,6,3,541,29
5940,940,12940,SW06,Hubballi Junction 6,09:49,09:59,4,4,323,30
5941,941,12941,SR05,Chennai Junction 5,12:00,12:13,3,5,1960,1
5942,942,12942,WC04,Jabalpur Junction 4,15:11,15:16,3,6,1630,2
5943,943,12943,WR03,Mumbai Junction 3,18:22,18:26,7,7,772,3
5944,944,12944,CR02,Mumbai Junction 2,21:33,21:42,8,1,429,4
5945,945,12945,ER01,Kolkata Junction 1,00:44,00:49,4,2,122,5
5946,946,12946,ER08,Kolkata Junction 8,03:55,03:06,8,3,238,6
5947,947,12947,EC07,Hajipur Junction 7,06:06,06:12,11,4,627,7
5948,948,12948,EC06,Bhubaneswar Junction 6,09:17,09:24,12,5,1476,8
5949,949,12949,NR05,New Delhi Junction 5,12:28,12:39,7,6,1064,9
5950,950,12950,NC04,Prayagraj Junction 4,15:39,15:52,14,7,122,10
5951,951,12951,NE03,Gorakhpur Junction 3,18:50,18:03,14,1,2073,11
5952,952,12952,NF02,Guwahati Junction 2,21:01,21:06,9,2,93,12
5953,953,12953,NW01,Jaipur Junction 1,00:12,00:15,9,3,453,13
5954,954,12954,NW08,Jaipur Junction 8,03:23,03:28,6,4,1010,14
5955,955,12955,SC07,Secunderabad Junction 7,06:34,06:38,13,5,1469,15
5956,956,12956,SE06,Bilaspur Junction 6,09:45,09:58,14,6,1320,16
5957,957,12957,SE05,Kolkata Junction 5,12:56,12:03,15,7,1244,17
5958,958,12958,SW04,Hubballi Junction 4,15:07,15:15,7,1,86,18
5959,959,12959,SR03,Chennai Junction 3,18:18,18:33,13,2,1538,19
5960,960,12960,WC02,Jabalpur Junction 2,21:29,21:34,14,3,387,20
5961,961,12961,WR01,Mumbai Junction 1,00:40,00:45,2,4,634,21
5962,962,12962,WR08,Mumbai Junction 8,03:51,03:57,13,5,717,22
5963,963,12963,CR07,Mumbai Junction 7,06:02,06:17,6,6,1154,23
5964,964,12964,ER06,Kolkata Junction 6,09:13,09:23,13,7,1653,24
5965,965,12965,EC05,Hajipur Junction 5,12:24,12:38,15,1,258,25
5966,966,12966,EC04,Bhubaneswar Junction 4,15:35,15:38,8,2,330,26
5967,967,12967,NR03,New Delhi Junction 3,18:46,18:54,10,3,608,27
5968,968,12968,NC02,Prayagraj Junction 2,21:57,21:00,15,4,815,28
5969,969,12969,NE01,Gorakhpur Junction 1,00:08,00:21,10,5,1456,29
5970,970,12970,NE08,Gorakhpur Junction 8,03:19,03:31,5,6,478,30
5971,971,12971,NF07,Guwahati Junction 7,06:30,06:45,11,7,642,1
5972,972,12972,NW06,Jaipur Junction 6,09:41,09:52,7,1,1891,2
5973,973,12973,SC05,Secunderabad Junction 5,12:52,12:01,6,2,1518,3
5974,974,12974,SE04,Bilaspur Junction 4,15:03,15:15,7,3,1654,4
5975,975,12975,SE03,Kolkata Junction 3,18:14,18:19,5,4,1818,5
5976,976,12976,SW02,Hubballi Junction 2,21:25,21:35,2,5,1485,6
5977,977,12977,SR01,Chennai Junction 1,00:36,00:42,5,6,932,7
5978,978,12978,SR08,Chennai Junction 8,03:47,03:55,14,7,958,8
5979,979,12979,WC07,Jabalpur Junction 7,06:58,06:04,12,1,1193,9
5980,980,12980,WR06,Mumbai Junction 6,09:09,09:11,10,2,1102,10
5981,981,12981,CR05,Mumbai Junction 5,12:20,12:30,4,3,1052,11
5982,982,12982,ER04,Kolkata Junction 4,15:31,15:42,11,4,1496,12
5983,983,12983,EC03,Hajipur Junction 3,18:42,18:57,9,5,945,13
5984,984,12984,EC02,Bhubaneswar Junction 2,21:53,21:02,6,6,693,14
5985,985,12985,NR01,New Delhi Junction 1,00:04,00:15,6,7,1647,15
5986,986,12986,NR08,New Delhi Junction 8,03:15,03:27,15,1,289,16
5987,987,12987,NC07,Prayagraj Junction 7,06:26,06:33,12,2,944,17
5988,988,12988,NE06,Gorakhpur Junction 6,09:37,09:48,12,3,1945,18
5989,989,12989,NF05,Guwahati Junction 5,12:48,12:53,5,4,1035,19
5990,990,12990,NW04,Jaipur Junction 4,15:59,15:08,14,5,85,20
5991,991,12991,SC03,Secunderabad Junction 3,18:10,18:15,14,6,1352,21
5992,992,12992,SE02,Bilaspur Junction 2,21:21,21:32,5,7,1370,22
5993,993,12993,SE01,Kolkata Junction 1,00:32,00:39,12,1,199,23
5994,994,12994,SE08,Kolkata Junction 8,03:43,03:48,11,2,1328,24
5995,995,12995,SW07,Hubballi Junction 7,06:54,06:07,13,3,31,25
5996,996,12996,SR06,Chennai Junction 6,09:05,09:08,6,4,2109,26
5997,997,12997,WC05,Jabalpur Junction 5,12:16,12:24,14,5,130,27
5998,998,12998,WR04,Mumbai Junction 4,15:27,15:42,2,6,1778,28
5999,999,12999,CR03,Mumbai Junction 3,18:38,18:52,6,7,661,29
6000,1000,13000,ER02,Kolkata Junction 2,21:49,21:59,12,1,264,30
6001,1001,13001,EC01,Hajipur Junction 1,00:00,00:05,12,2,1776,1
6002,1002,13002,EC08,Hajipur Junction 8,03:11,03:15,14,3,1907,2
6003,1003,13003,EC07,Bhubaneswar Junction 7,06:22,06:36,5,4,1472,3
6004,1004,13004,NR06,New Delhi Junction 6,09:33,09:37,4,5,155,4
6005,1005,13005,NC05,Prayagraj Junction 5,12:44,12:52,11,6,437,5
6006,1006,13006,NE04,Gorakhpur Junction 4,15:55,15:59,5,7,434,6
6007,1007,13007,NF03,Guwahati Junction 3,18:06,18:19,4,1,612,7
6008,1008,13008,NW02,Jaipur Junction 2,21:17,21:23,4,2,2070,8
6009,1009,13009,SC01,Secunderabad Junction 1,00:28,00:32,8,3,1245,9
6010,1010,13010,SC08,Secunderabad Junction 8,03:39,03:44,8,4,374,10
6011,1011,13011,SE07,Bilaspur Junction 7,06:50,06:58,2,5,965,11
6012,1012,13012,SE06,Kolkata Junction 6,09:01,09:08,6,6,242,12
6013,1013,13013,SW05,Hubballi Junction 5,12:12,12:27,2,7,321,13
6014,1014,13014,SR04,Chennai Junction 4,15:23,15:26,15,1,700,14
6015,1015,13015,WC03,Jabalpur Junction 3,18:34,18:42,12,2,111,15
6016,1016,13016,WR02,Mumbai Junction 2,21:45,21:47,4,3,1493,16
6017,1017,13017,CR01,Mumbai Junction 1,00:56,00:11,10,4,1918,17
6018,1018,13018,CR08,Mumbai Junction 8,03:07,03:21,5,5,404,18
6019,1019,13019,ER07,Kolkata Junction 7,06:18,06:22,13,6,1472,19
6020,1020,13020,EC06,Hajipur Junction 6,09:29,09:43,9,7,2148,20
6021,1021,13021,EC05,Bhubaneswar Junction 5,12:40,12:54,13,1,1766,21
6022,1022,13022,NR04,New Delhi Junction 4,15:51,15:54,12,2,2083,22
6023,1023,13023,NC03,Prayagraj Junction 3,18:02,18:08,13,3,770,23
6024,1024,13024,NE02,Gorakhpur Junction 2,21:13,21:17,12,4,363,24
6025,1025,13025,NF01,Guwahati Junction 1,00:24,00:32,15,5,345,25
6026,1026,13026,NF08,Guwahati Junction 8,03:35,03:39,15,6,1709,26
6027,1027,13027,NW07,Jaipur Junction 7,06:46,06:54,7,7,2120,27
6028,1028,13028,SC06,Secunderabad Junction 6,09:57,09:09,14,1,202,28
6029,1029,13029,SE05,Bilaspur Junction 5,12:08,12:17,12,2,78,29
6030,1030,13030,SE04,Kolkata Junction 4,15:19,15:28,2,3,1980,30
6031,1031,13031,SW03,Hubballi Junction 3,18:30,18:41,4,4,1147,1
6032,1032,13032,SR02,Chennai Junction 2,21:41,21:44,13,5,431,2
6033,1033,13033,WC01,Jabalpur Junction 1,00:52,00:02,3,6,347,3
6034,1034,13034,WC08,Jabalpur Junction 8,03:03,03:18,7,7,270,4
6035,1035,13035,WR07,Mumbai Junction 7,06:14,06:25,4,1,1296,5
6036,1036,13036,CR06,Mumbai Junction 6,09:25,09:38,11,2,542,6
6037,1037,13037,ER05,Kolkata Junction 5,12:36,12:41,5,3,1390,7
6038,1038,13038,EC04,Hajipur Junction 4,15:47,15:58,9,4,877,8
6039,1039,13039,EC03,Bhubaneswar Junction 3,18:58,18:00,13,5,1452,9
6040,1040,13040,NR02,New Delhi Junction 2,21:09,21:19,3,6,634,10
6041,1041,13041,NC01,Prayagraj Junction 1,00:20,00:26,10,7,1732,11
6042,1042,13042,NC08,Prayagraj Junction 8,03:31,03:45,9,1,801,12
6043,1043,13043,NE07,Gorakhpur Junction 7,06:42,06:49,12,2,699,13
6044,1044,13044,NF06,Guwahati Junction 6,09:53,09:00,13,3,1194,14
6045,1045,13045,NW05,Jaipur Junction 5,12:04,12:12,12,4,634,15
6046,1046,13046,SC04,Secunderabad Junction 4,15:15,15:17,13,5,1000,16
6047,1047,13047,SE03,Bilaspur Junction 3,18:26,18:32,3,6,2037,17
6048,1048,13048,SE02,Kolkata Junction 2,21:37,21:49,5,7,1337,18
6049,1049,13049,SW01,Hubballi Junction 1,00:48,00:56,6,1,685,19
6050,1050,13050,SW08,Hubballi Junction 8,03:59,03:02,15,2,2036,20
6051,1051,13051,SR07,Chennai Junction 7,06:10,06:24,6,3,2193,21
6052,1052,13052,WC06,Jabalpur Junction 6,09:21,09:26,13,4,222,22
6053,1053,13053,WR05,Mumbai Junction 5,12:32,12:38,10,5,2129,23
6054,1054,13054,CR04,Mumbai Junction 4,15:43,15:48,8,6,1854,24
6055,1055,13055,ER03,Kolkata Junction 3,18:54,18:02,11,7,920,25
6056,1056,13056,EC02,Hajipur Junction 2,21:05,21:07,5,1,1244,26
6057,1057,13057,EC01,Bhubaneswar Junction 1,00:16,00:18,5,2,2096,27
6058,1058,13058,EC08,Bhubaneswar Junction 8,03:27,03:29,5,3,1362,28
6059,1059,13059,NR07,New Delhi Junction 7,06:38,06:47,4,4,131,29
6060,1060,13060,NC06,Prayagraj Junction 6,09:49,09:03,9,5,1261,30
6061,1061,13061,NE05,Gorakhpur Junction 5,12:00,12:02,4,6,160,1
6062,1062,13062,NF04,Guwahati Junction 4,15:11,15:26,12,7,1202,2
6063,1063,13063,NW03,Jaipur Junction 3,18:22,18:33,4,1,2174,3
6064,1064,13064,SC02,Secunderabad Junction 2,21:33,21:42,9,2,2110,4
6065,1065,13065,SE01,Bilaspur Junction 1,00:44,00:47,7,3,194,5
6066,1066,13066,SE08,Bilaspur Junction 8,03:55,03:02,5,4,1014,6
6067,1067,13067,SE07,Kolkata Junction 7,06:06,06:17,5,5,112,7
6068,1068,13068,SW06,Hubballi Junction 6,09:17,09:21,12,6,1273,8
6069,1069,13069,SR05,Chennai Junction 5,12:28,12:43,14,7,354,9
6070,1070,13070,WC04,Jabalpur Junction 4,15:39,15:51,3,1,211,10
6071,1071,13071,WR03,Mumbai Junction 3,18:50,18:03,7,2,2194,11
6072,1072,13072,CR02,Mumbai Junction 2,21:01,21:03,9,3,677,12
6073,1073,13073,ER01,Kolkata Junction 1,00:12,00:27,11,4,1698,13
6074,1074,13074,ER08,Kolkata Junction 8,03:23,03:29,14,5,1849,14
6075,1075,13075,EC07,Hajipur Junction 7,06:34,06:46,8,6,2028,15
6076,1076,13076,EC06,Bhubaneswar Junction 6,09:45,09:56,2,7,1944,16
6077,1077,13077,NR05,New Delhi Junction 5,12:56,12:58,11,1,549,17
6078,1078,13078,NC04,Prayagraj Junction 4,15:07,15:21,12,2,1777,18
6079,1079,13079,NE03,Gorakhpur Junction 3,18:18,18:29,9,3,1900,19
6080,1080,13080,NF02,Guwahati Junction 2,21:29,21:35,9,4,655,20
6081,1081,13081,NW01,Jaipur Junction 1,00:40,00:43,14,5,1093,21
6082,1082,13082,NW08,Jaipur Junction 8,03:51,03:53,13,6,2071,22
6083,1083,13083,SC07,Secunderabad Junction 7,06:02,06:13,6,7,1890,23
6084,1084,13084,SE06,Bilaspur Junction 6,09:13,09:25,5,1,726,24
6085,1085,13085,SE05,Kolkata Junction 5,12:24,12:39,15,2,1488,25
6086,1086,13086,SW04,Hubballi Junction 4,15:35,15:37,5,3,777,26
6087,1087,13087,SR03,Chennai Junction 3,18:46,18:55,14,4,1866,27
6088,1088,13088,WC02,Jabalpur Junction 2,21:57,21:02,3,5,606,28
6089,1089,13089,WR01,Mumbai Junction 1,00:08,00:13,14,6,31,29
6090,1090,13090,WR08,Mumbai Junction 8,03:19,03:32,11,7,232,30
6091,1091,13091,CR07,Mumbai Junction 7,06:30,06:41,10,1,8,1
6092,1092,13092,ER06,Kolkata Junction 6,09:41,09:46,6,2,473,2
6093,1093,13093,EC05,Hajipur Junction 5,12:52,12:02,10,3,373,3
6094,1094,13094,EC04,Bhubaneswar Junction 4,15:03,15:06,11,4,1033,4
6095,1095,13095,NR03,New Delhi Junction 3,18:14,18:19,5,5,86,5
6096,1096,13096,NC02,Prayagraj Junction 2,21:25,21:38,13,6,1219,6
6097,1097,13097,NE01,Gorakhpur Junction 1,00:36,00:42,5,7,676,7
6098,1098,13098,NE08,Gorakhpur Junction 8,03:47,03:01,3,1,1810,8
6099,1099,13099,NF07,Guwahati Junction 7,06:58,06:04,5,2,1781,9
6100,1100,13100,NW06,Jaipur Junction 6,09:09,09:24,15,3,589,10
6101,1101,13101,SC05,Secunderabad Junction 5,12:20,12:30,6,4,425,11
6102,1102,13102,SE04,Bilaspur Junction 4,15:31,15:38,2,5,362,12
6103,1103,13103,SE03,Kolkata Junction 3,18:42,18:52,11,6,595,13
6104,1104,13104,SW02,Hubballi Junction 2,21:53,21:02,12,7,1967,14
6105,1105,13105,SR01,Chennai Junction 1,00:04,00:13,5,1,1567,15
6106,1106,13106,SR08,Chennai Junction 8,03:15,03:19,3,2,788,16
6107,1107,13107,WC07,Jabalpur Junction 7,06:26,06:32,4,3,115,17
6108,1108,13108,WR06,Mumbai Junction 6,09:37,09:52,11,4,1578,18
6109,1109,13109,CR05,Mumbai Junction 5,12:48,12:50,13,5,801,19
6110,1110,13110,ER04,Kolkata Junction 4,15:59,15:11,8,6,534,20
6111,1111,13111,EC03,Hajipur Junction 3,18:10,18:15,3,7,1825,21
6112,1112,13112,EC02,Bhubaneswar Junction 2,21:21,21:29,12,1,1823,22
6113,1113,13113,NR01,New Delhi Junction 1,00:32,00:36,6,2,273,23
6114,1114,13114,NR08,New Delhi Junction 8,03:43,03:45,15,3,1452,24
6115,1115,13115,NC07,Prayagraj Junction 7,06:54,06:02,4,4,1300,25
6116,1116,13116,NE06,Gorakhpur Junction 6,09:05,09:14,5,5,32,26
6117,1117,13117,NF05,Guwahati Junction 5,12:16,12:24,9,6,1756,27
6118,1118,13118,NW04,Jaipur Junction 4,15:27,15:34,3,7,1936,28
6119,1119,13119,SC03,Secunderabad Junction 3,18:38,18:45,12,1,94,29
6120,1120,13120,SE02,Bilaspur Junction 2,21:49,21:51,2,2,1736,30
6121,1121,13121,SE01,Kolkata Junction 1,00:00,00:05,13,3,2078,1
6122,1122,13122,SE08,Kolkata Junction 8,03:11,03:22,15,4,2044,2
6123,1123,13123,SW07,Hubballi Junction 7,06:22,06:34,13,5,1327,3
6124,1124,13124,SR06,Chennai Junction 6,09:33,09:38,3,6,839,4
6125,1125,13125,WC05,Jabalpur Junction 5,12:44,12:52,6,7,224,5
6126,1126,13126,WR04,Mumbai Junction 4,15:55,15:04,8,1,2098,6
6127,1127,13127,CR03,Mumbai Junction 3,18:06,18:21,10,2,1870,7
6128,1128,13128,ER02,Kolkata Junction 2,21:17,21:23,15,3,2071,8
6129,1129,13129,EC01,Hajipur Junction 1,00:28,00:31,11,4,1007,9
6130,1130,13130,EC08,Hajipur Junction 8,03:39,03:44,7,5,1994,10
6131,1131,13131,EC07,Bhubaneswar Junction 7,06:50,06:04,6,6,1015,11
6132,1132,13132,NR06,New Delhi Junction 6,09:01,09:10,12,7,1054,12
6133,1133,13133,NC05,Prayagraj Junction 5,12:12,12:19,14,1,819,13
6134,1134,13134,NE04,Gorakhpur Junction 4,15:23,15:28,6,2,733,14
6135,1135,13135,NF03,Guwahati Junction 3,18:34,18:43,11,3,295,15
6136,1136,13136,NW02,Jaipur Junction 2,21:45,21:59,5,4,252,16
6137,1137,13137,SC01,Secunderabad Junction 1,00:56,00:07,4,5,1650,17
6138,1138,13138,SC08,Secunderabad Junction 8,03:07,03:22,11,6,1710,18
6139,1139,13139,SE07,Bilaspur Junction 7,06:18,06:26,6,7,1349,19
6140,1140,13140,SE06,Kolkata Junction 6,09:29,09:36,14,1,1032,20
6141,1141,13141,SW05,Hubballi Junction 5,12:40,12:48,11,2,416,21
6142,1142,13142,SR04,Chennai Junction 4,15:51,15:00,12,3,1707,22
6143,1143,13143,WC03,Jabalpur Junction 3,18:02,18:07,2,4,427,23
6144,1144,13144,WR02,Mumbai Junction 2,21:13,21:26,5,5,127,24
6145,1145,13145,CR01,Mumbai Junction 1,00:24,00:34,14,6,493,25
6146,1146,13146,CR08,Mumbai Junction 8,03:35,03:37,3,7,281,26
6147,1147,13147,ER07,Kolkata Junction 7,06:46,06:50,4,1,1401,27
6148,1148,13148,EC06,Hajipur Junction 6,09:57,09:02,9,2,883,28
6149,1149,13149,EC05,Bhubaneswar Junction 5,12:08,12:19,11,3,1304,29
6150,1150,13150,NR04,New Delhi Junction 4,15:19,15:33,4,4,1153,30
6151,1151,13151,NC03,Prayagraj Junction 3,18:30,18:37,9,5,307,1
6152,1152,13152,NE02,Gorakhpur Junction 2,21:41,21:47,15,6,1761,2
6153,1153,13153,NF01,Guwahati Junction 1,00:52,00:59,3,7,1426,3
6154,1154,13154,NF08,Guwahati Junction 8,03:03,03:09,6,1,213,4
6155,1155,13155,NW07,Jaipur Junction 7,06:14,06:20,4,2,74,5
6156,1156,13156,SC06,Secunderabad Junction 6,09:25,09:35,15,3,277,6
6157,1157,13157,SE05,Bilaspur Junction 5,12:36,12:38,3,4,1200,7
6158,1158,13158,SE04,Kolkata Junction 4,15:47,15:00,6,5,260,8
6159,1159,13159,SW03,Hubballi Junction 3,18:58,18:01,10,6,784,9
6160,1160,13160,SR02,Chennai Junction 2,21:09,21:15,5,7,1972,10
6161,1161,13161,WC01,Jabalpur Junction 1,00:20,00:27,11,1,1633,11
6162,1162,13162,WC08,Jabalpur Junction 8,03:31,03:33,5,2,1970,12
6163,1163,13163,WR07,Mumbai Junction 7,06:42,06:56,7,3,343,13
6164,1164,13164,CR06,Mumbai Junction 6,09:53,09:59,15,4,1480,14
6165,1165,13165,ER05,Kolkata Junction 5,12:04,12:07,12,5,323,15
6166,1166,13166,EC04,Hajipur Junction 4,15:15,15:21,8,6,773,16
6167,1167,13167,EC03,Bhubaneswar Junction 3,18:26,18:37,4,7,1929,17
6168,1168,13168,NR02,New Delhi Junction 2,21:37,21:47,6,1,2105,18
6169,1169,13169,NC01,Prayagraj Junction 1,00:48,00:56,7,2,46,19
6170,1170,13170,NC08,Prayagraj Junction 8,03:59,03:14,13,3,388,20
6171,1171,13171,NE07,Gorakhpur Junction 7,06:10,06:25,13,4,925,21
6172,1172,13172,NF06,Guwahati Junction 6,09:21,09:35,9,5,1513,22
6173,1173,13173,NW05,Jaipur Junction 5,12:32,12:36,3,6,1161,23
6174,1174,13174,SC04,Secunderabad Junction 4,15:43,15:49,15,7,188,24
6175,1175,13175,SE03,Bilaspur Junction 3,18:54,18:06,10,1,1933,25
6176,1176,13176,SE02,Kolkata Junction 2,21:05,21:20,14,2,824,26
6177,1177,13177,SW01,Hubballi Junction 1,00:16,00:27,4,3,1069,27
6178,1178,13178,SW08,Hubballi Junction 8,03:27,03:32,5,4,1255,28
6179,1179,13179,SR07,Chennai Junction 7,06:38,06:41,9,5,882,29
6180,1180,13180,WC06,Jabalpur Junction 6,09:49,09:54,9,6,1651,30
6181,1181,13181,WR05,Mumbai Junction 5,12:00,12:10,3,7,1236,1
6182,1182,13182,CR04,Mumbai Junction 4,15:11,15:21,11,1,936,2
6183,1183,13183,ER03,Kolkata Junction 3,18:22,18:25,3,2,730,3
6184,1184,13184,EC02,Hajipur Junction 2,21:33,21:43,12,3,1480,4
6185,1185,13185,EC01,Bhubaneswar Junction 1,00:44,00:50,8,4,102,5
6186,1186,13186,EC08,Bhubaneswar Junction 8,03:55,03:08,6,5,1120,6
6187,1187,13187,NR07,New Delhi Junction 7,06:06,06:14,6,6,370,7
6188,1188,13188,NC06,Prayagraj Junction 6,09:17,09:32,3,7,2076,8
6189,1189,13189,NE05,Gorakhpur Junction 5,12:28,12:31,3,1,1986,9
6190,1190,13190,NF04,Guwahati Junction 4,15:39,15:54,14,2,1706,10
6191,1191,13191,NW03,Jaipur Junction 3,18:50,18:58,3,3,1301,11
6192,1192,13192,SC02,Secunderabad Junction 2,21:01,21:10,12,4,76,12
6193,1193,13193,SE01,Bilaspur Junction 1,00:12,00:15,10,5,1881,13
6194,1194,13194,SE08,Bilaspur Junction 8,03:23,03:38,9,6,810,14
6195,1195,13195,SE07,Kolkata Junction 7,06:34,06:42,9,7,1362,15
6196,1196,13196,SW06,Hubballi Junction 6,09:45,09:50,7,1,1190,16
6197,1197,13197,SR05,Chennai Junction 5,12:56,12:09,13,2,1658,17
6198,1198,13198,WC04,Jabalpur Junction 4,15:07,15:12,7,3,1217,18
6199,1199,13199,WR03,Mumbai Junction 3,18:18,18:33,6,4,2020,19
6200,1200,13200,CR02,Mumbai Junction 2,21:29,21:41,10,5,1544,20
6201,1201,13201,ER01,Kolkata Junction 1,00:40,00:53,11,6,1479,21
6202,1202,13202,ER08,Kolkata Junction 8,03:51,03:58,7,7,1318,22
6203,1203,13203,EC07,Hajipur Junction 7,06:02,06:15,11,1,2173,23
6204,1204,13204,EC06,Bhubaneswar Junction 6,09:13,09:24,7,2,1265,24
6205,1205,13205,NR05,New Delhi Junction 5,12:24,12:34,14,3,563,25
6206,1206,13206,NC04,Prayagraj Junction 4,15:35,15:40,4,4,122,26
6207,1207,13207,NE03,Gorakhpur Junction 3,18:46,18:57,15,5,1350,27
6208,1208,13208,NF02,Guwahati Junction 2,21:57,21:59,7,6,1986,28
6209,1209,13209,NW01,Jaipur Junction 1,00:08,00:10,10,7,969,29
6210,1210,13210,NW08,Jaipur Junction 8,03:19,03:33,9,1,1242,30
6211,1211,13211,SC07,Secunderabad Junction 7,06:30,06:42,13,2,1134,1
6212,1212,13212,SE06,Bilaspur Junction 6,09:41,09:53,13,3,1155,2
6213,1213,13213,SE05,Kolkata Junction 5,12:52,12:04,7,4,781,3
6214,1214,13214,SW04,Hubballi Junction 4,15:03,15:05,11,5,551,4
6215,1215,13215,SR03,Chennai Junction 3,18:14,18:27,15,6,1926,5
6216,1216,13216,WC02,Jabalpur Junction 2,21:25,21:30,11,7,1654,6
6217,1217,13217,WR01,Mumbai Junction 1,00:36,00:45,9,1,963,7
6218,1218,13218,WR08,Mumbai Junction 8,03:47,03:53,10,2,2180,8
6219,1219,13219,CR07,Mumbai Junction 7,06:58,06:03,2,3,123,9
6220,1220,13220,ER06,Kolkata Junction 6,09:09,09:19,5,4,1015,10
6221,1221,13221,EC05,Hajipur Junction 5,12:20,12:35,3,5,384,11
6222,1222,13222,EC04,Bhubaneswar Junction 4,15:31,15:35,8,6,1527,12
6223,1223,13223,NR03,New Delhi Junction 3,18:42,18:46,3,7,188,13
6224,1224,13224,NC02,Prayagraj Junction 2,21:53,21:06,2,1,1375,14
6225,1225,13225,NE01,Gorakhpur Junction 1,00:04,00:14,3,2,1215,15
6226,1226,13226,NE08,Gorakhpur Junction 8,03:15,03:21,9,3,301,16
6227,1227,13227,NF07,Guwahati Junction 7,06:26,06:37,13,4,6,17
6228,1228,13228,NW06,Jaipur Junction 6,09:37,09:46,11,5,6,18
6229,1229,13229,SC05,Secunderabad Junction 5,12:48,12:00,9,6,673,19
6230,1230,13230,SE04,Bilaspur Junction 4,15:59,15:07,11,7,1414,20
6231,1231,13231,SE03,Kolkata Junction 3,18:10,18:22,2,1,1732,21
6232,1232,13232,SW02,Hubballi Junction 2,21:21,21:23,11,2,768,22
6233,1233,13233,SR01,Chennai Junction 1,00:32,00:34,11,3,1215,23
6234,1234,13234,SR08,Chennai Junction 8,03:43,03:54,7,4,612,24
6235,1235,13235,WC07,Jabalpur Junction 7,06:54,06:04,5,5,1786,25
6236,1236,13236,WR06,Mumbai Junction 6,09:05,09:16,15,6,59,26
6237,1237,13237,CR05,Mumbai Junction 5,12:16,12:26,9,7,1886,27
6238,1238,13238,ER04,Kolkata Junction 4,15:27,15:34,15,1,525,28
6239,1239,13239,EC03,Hajipur Junction 3,18:38,18:51,9,2,2076,29
6240,1240,13240,EC02,Bhubaneswar Junction 2,21:49,21:54,5,3,1241,30
6241,1241,13241,NR01,New Delhi Junction 1,00:00,00:09,4,4,1433,1
6242,1242,13242,NR08,New Delhi Junction 8,03:11,03:18,4,5,1122,2
6243,1243,13243,NC07,Prayagraj Junction 7,06:22,06:33,2,6,2024,3
6244,1244,13244,NE06,Gorakhpur Junction 6,09:33,09:43,5,7,1650,4
6245,1245,13245,NF05,Guwahati Junction 5,12:44,12:57,15,1,1738,5
6246,1246,13246,NW04,Jaipur Junction 4,15:55,15:59,4,2,459,6
6247,1247,13247,SC03,Secunderabad Junction 3,18:06,18:20,6,3,726,7
6248,1248,13248,SE02,Bilaspur Junction 2,21:17,21:31,4,4,895,8
6249,1249,13249,SE01,Kolkata Junction 1,00:28,00:34,6,5,1310,9
6250,1250,13250,SE08,Kolkata Junction 8,03:39,03:51,5,6,83,10
6251,1251,13251,SW07,Hubballi Junction 7,06:50,06:00,9,7,1449,11
6252,1252,13252,SR06,Chennai Junction 6,09:01,09:09,12,1,1374,12
6253,1253,13253,WC05,Jabalpur Junction 5,12:12,12:24,12,2,1092,13
6254,1254,13254,WR04,Mumbai Junction 4,15:23,15:29,10,3,1400,14
6255,1255,13255,CR03,Mumbai Junction 3,18:34,18:44,9,4,754,15
6256,1256,13256,ER02,Kolkata Junction 2,21:45,21:48,7,5,1939,16
6257,1257,13257,EC01,Hajipur Junction 1,00:56,00:08,12,6,1621,17
6258,1258,13258,EC08,Hajipur Junction 8,03:07,03:21,5,7,1584,18
6259,1259,13259,EC07,Bhubaneswar Junction 7,06:18,06:20,5,1,64,19
6260,1260,13260,NR06,New Delhi Junction 6,09:29,09:37,3,2,851,20
6261,1261,13261,NC05,Prayagraj Junction 5,12:40,12:43,2,3,1050,21
6262,1262,13262,NE04,Gorakhpur Junction 4,15:51,15:58,7,4,760,22
6263,1263,13263,NF03,Guwahati Junction 3,18:02,18:09,2,5,1051,23
6264,1264,13264,NW02,Jaipur Junction 2,21:13,21:26,3,6,316,24
6265,1265,13265,SC01,Secunderabad Junction 1,00:24,00:36,9,7,565,25
6266,1266,13266,SC08,Secunderabad Junction 8,03:35,03:47,6,1,1329,26
6267,1267,13267,SE07,Bilaspur Junction 7,06:46,06:55,4,2,1661,27
6268,1268,13268,SE06,Kolkata Junction 6,09:57,09:07,4,3,1666,28
6269,1269,13269,SW05,Hubballi Junction 5,12:08,12:18,13,4,1804,29
6270,1270,13270,SR04,Chennai Junction 4,15:19,15:25,15,5,74,30
6271,1271,13271,WC03,Jabalpur Junction 3,18:30,18:36,10,6,1176,1
6272,1272,13272,WR02,Mumbai Junction 2,21:41,21:46,4,7,1717,2
6273,1273,13273,CR01,Mumbai Junction 1,00:52,00:06,11,1,1166,3
6274,1274,13274,CR08,Mumbai Junction 8,03:03,03:15,5,2,2128,4
6275,1275,13275,ER07,Kolkata Junction 7,06:14,06:17,10,3,750,5
6276,1276,13276,EC06,Hajipur Junction 6,09:25,09:39,5,4,1412,6
6277,1277,13277,EC05,Bhubaneswar Junction 5,12:36,12:40,4,5,915,7
6278,1278,13278,NR04,New Delhi Junction 4,15:47,15:00,5,6,1526,8
6279,1279,13279,NC03,Prayagraj Junction 3,18:58,18:07,15,7,661,9
6280,1280,13280,NE02,Gorakhpur Junction 2,21:09,21:14,14,1,732,10
6281,1281,13281,NF01,Guwahati Junction 1,00:20,00:25,13,2,1788,11
6282,1282,13282,NF08,Guwahati Junction 8,03:31,03:33,13,3,1393,12
6283,1283,13283,NW07,Jaipur Junction 7,06:42,06:47,9,4,525,13
6284,1284,13284,SC06,Secunderabad Junction 6,09:53,09:57,3,5,363,14
6285,1285,13285,SE05,Bilaspur Junction 5,12:04,12:14,13,6,1070,15
6286,1286,13286,SE04,Kolkata Junction 4,15:15,15:17,8,7,1643,16
6287,1287,13287,SW03,Hubballi Junction 3,18:26,18:39,12,1,812,17
6288,1288,13288,SR02,Chennai Junction 2,21:37,21:48,2,2,900,18
6289,1289,13289,WC01,Jabalpur Junction 1,00:48,00:57,2,3,31,19
6290,1290,13290,WC08,Jabalpur Junction 8,03:59,03:12,5,4,276,20
6291,1291,13291,WR07,Mumbai Junction 7,06:10,06:20,5,5,2154,21
6292,1292,13292,CR06,Mumbai Junction 6,09:21,09:36,13,6,664,22
6293,1293,13293,ER05,Kolkata Junction 5,12:32,12:46,5,7,527,23
6294,1294,13294,EC04,Hajipur Junction 4,15:43,15:58,11,1,189,24
6295,1295,13295,EC03,Bhubaneswar Junction 3,18:54,18:08,4,2,1498,25
6296,1296,13296,NR02,New Delhi Junction 2,21:05,21:13,2,3,1732,26
6297,1297,13297,NC01,Prayagraj Junction 1,00:16,00:27,14,4,1345,27
6298,1298,13298,NC08,Prayagraj Junction 8,03:27,03:39,14,5,2147,28
6299,1299,13299,NE07,Gorakhpur Junction 7,06:38,06:47,2,6,760,29
6300,1300,13300,NF06,Guwahati Junction 6,09:49,09:59,3,7,255,30
6301,1301,13301,NW05,Jaipur Junction 5,12:00,12:07,14,1,707,1
6302,1302,13302,SC04,Secunderabad Junction 4,15:11,15:26,13,2,666,2
6303,1303,13303,SE03,Bilaspur Junction 3,18:22,18:27,13,3,1663,3
6304,1304,13304,SE02,Kolkata Junction 2,21:33,21:43,15,4,221,4
6305,1305,13305,SW01,Hubballi Junction 1,00:44,00:51,10,5,157,5
6306,1306,13306,SW08,Hubballi Junction 8,03:55,03:10,10,6,677,6
6307,1307,13307,SR07,Chennai Junction 7,06:06,06:11,2,7,1303,7
6308,1308,13308,WC06,Jabalpur Junction 6,09:17,09:32,2,1,910,8
6309,1309,13309,WR05,Mumbai Junction 5,12:28,12:39,8,2,1432,9
6310,1310,13310,CR04,Mumbai Junction 4,15:39,15:50,15,3,1329,10
6311,1311,13311,ER03,Kolkata Junction 3,18:50,18:01,6,4,331,11
6312,1312,13312,EC02,Hajipur Junction 2,21:01,21:04,3,5,1820,12
6313,1313,13313,EC01,Bhubaneswar Junction 1,00:12,00:14,8,6,1349,13
6314,1314,13314,EC08,Bhubaneswar Junction 8,03:23,03:34,2,7,1893,14
6315,1315,13315,NR07,New Delhi Junction 7,06:34,06:42,2,1,292,15
6316,1316,13316,NC06,Prayagraj Junction 6,09:45,09:59,15,2,1653,16
6317,1317,13317,NE05,Gorakhpur Junction 5,12:56,12:02,15,3,606,17
6318,1318,13318,NF04,Guwahati Junction 4,15:07,15:12,12,4,709,18
6319,1319,13319,NW03,Jaipur Junction 3,18:18,18:27,11,5,365,19
6320,1320,13320,SC02,Secunderabad Junction 2,21:29,21:43,4,6,2183,20
6321,1321,13321,SE01,Bilaspur Junction 1,00:40,00:45,7,7,557,21
6322,1322,13322,SE08,Bilaspur Junction 8,03:51,03:00,2,1,375,22
6323,1323,13323,SE07,Kolkata Junction 7,06:02,06:11,11,2,2118,23
6324,1324,13324,SW06,Hubballi Junction 6,09:13,09:26,14,3,1757,24
6325,1325,13325,SR05,Chennai Junction 5,12:24,12:36,6,4,1991,25
6326,1326,13326,WC04,Jabalpur Junction 4,15:35,15:50,9,5,264,26
6327,1327,13327,WR03,Mumbai Junction 3,18:46,18:48,8,6,1396,27
6328,1328,13328,CR02,Mumbai Junction 2,21:57,21:06,14,7,1180,28
6329,1329,13329,ER01,Kolkata Junction 1,00:08,00:19,12,1,1968,29
6330,1330,13330,ER08,Kolkata Junction 8,03:19,03:29,9,2,169,30
6331,1331,13331,EC07,Hajipur Junction 7,06:30,06:40,4,3,811,1
6332,1332,13332,EC06,Bhubaneswar Junction 6,09:41,09:50,3,4,1528,2
6333,1333,13333,NR05,New Delhi Junction 5,12:52,12:57,9,5,770,3
6334,1334,13334,NC04,Prayagraj Junction 4,15:03,15:09,7,6,112,4
6335,1335,13335,NE03,Gorakhpur Junction 3,18:14,18:18,13,7,268,5
6336,1336,13336,NF02,Guwahati Junction 2,21:25,21:33,3,1,1185,6
6337,1337,13337,NW01,Jaipur Junction 1,00:36,00:47,8,2,1697,7
6338,1338,13338,NW08,Jaipur Junction 8,03:47,03:52,9,3,608,8
6339,1339,13339,SC07,Secunderabad Junction 7,06:58,06:07,2,4,591,9
6340,1340,13340,SE06,Bilaspur Junction 6,09:09,09:20,12,5,598,10
6341,1341,13341,SE05,Kolkata Junction 5,12:20,12:25,6,6,614,11
6342,1342,13342,SW04,Hubballi Junction 4,15:31,15:46,11,7,848,12
6343,1343,13343,SR03,Chennai Junction 3,18:42,18:50,9,1,1216,13
6344,1344,13344,WC02,Jabalpur Junction 2,21:53,21:00,15,2,638,14
6345,1345,13345,WR01,Mumbai Junction 1,00:04,00:11,2,3,1081,15
6346,1346,13346,WR08,Mumbai Junction 8,03:15,03:28,15,4,1040,16
6347,1347,13347,CR07,Mumbai Junction 7,06:26,06:29,12,5,1409,17
6348,1348,13348,ER06,Kolkata Junction 6,09:37,09:52,9,6,6,18
6349,1349,13349,EC05,Hajipur Junction 5,12:48,12:02,11,7,1760,19
6350,1350,13350,EC04,Bhubaneswar Junction 4,15:59,15:02,8,1,1007,20
6351,1351,13351,NR03,New Delhi Junction 3,18:10,18:15,13,2,413,21
6352,1352,13352,NC02,Prayagraj Junction 2,21:21,21:24,5,3,2177,22
6353,1353,13353,NE01,Gorakhpur Junction 1,00:32,00:35,10,4,402,23
6354,1354,13354,NE08,Gorakhpur Junction 8,03:43,03:50,9,5,42,24
6355,1355,13355,NF07,Guwahati Junction 7,06:54,06:59,10,6,31,25
6356,1356,13356,NW06,Jaipur Junction 6,09:05,09:13,10,7,473,26
6357,1357,13357,SC05,Secunderabad Junction 5,12:16,12:20,8,1,1581,27
6358,1358,13358,SE04,Bilaspur Junction 4,15:27,15:29,6,2,2198,28
6359,1359,13359,SE03,Kolkata Junction 3,18:38,18:44,6,3,1622,29
6360,1360,13360,SW02,Hubballi Junction 2,21:49,21:57,7,4,1726,30
6361,1361,13361,SR01,Chennai Junction 1,00:00,00:02,11,5,837,1
6362,1362,13362,SR08,Chennai Junction 8,03:11,03:25,12,6,2070,2
6363,1363,13363,WC07,Jabalpur Junction 7,06:22,06:25,4,7,1986,3
6364,1364,13364,WR06,Mumbai Junction 6,09:33,09:40,13,1,1510,4
6365,1365,13365,CR05,Mumbai Junction 5,12:44,12:52,2,2,162,5
6366,1366,13366,ER04,Kolkata Junction 4,15:55,15:07,3,3,10,6
6367,1367,13367,EC03,Hajipur Junction 3,18:06,18:11,14,4,1378,7
6368,1368,13368,EC02,Bhubaneswar Junction 2,21:17,21:29,11,5,1244,8
6369,1369,13369,NR01,New Delhi Junction 1,00:28,00:33,8,6,1198,9
6370,1370,13370,NR08,New Delhi Junction 8,03:39,03:54,14,7,1620,10
6371,1371,13371,NC07,Prayagraj Junction 7,06:50,06:03,13,1,1469,11
6372,1372,13372,NE06,Gorakhpur Junction 6,09:01,09:14,3,2,48,12
6373,1373,13373,NF05,Guwahati Junction 5,12:12,12:20,2,3,746,13
6374,1374,13374,NW04,Jaipur Junction 4,15:23,15:27,15,4,1441,14
6375,1375,13375,SC03,Secunderabad Junction 3,18:34,18:36,10,5,1611,15
6376,1376,13376,SE02,Bilaspur Junction 2,21:45,21:51,14,6,2140,16
6377,1377,13377,SE01,Kolkata Junction 1,00:56,00:11,3,7,987,17
6378,1378,13378,SE08,Kolkata Junction 8,03:07,03:19,8,1,1057,18
6379,1379,13379,SW07,Hubballi Junction 7,06:18,06:24,7,2,1528,19
6380,1380,13380,SR06,Chennai Junction 6,09:29,09:31,13,3,1601,20
6381,1381,13381,WC05,Jabalpur Junction 5,12:40,12:43,12,4,1147,21
6382,1382,13382,WR04,Mumbai Junction 4,15:51,15:57,8,5,1137,22
6383,1383,13383,CR03,Mumbai Junction 3,18:02,18:06,10,6,1384,23
6384,1384,13384,ER02,Kolkata Junction 2,21:13,21:20,8,7,1354,24
6385,1385,13385,EC01,Hajipur Junction 1,00:24,00:33,8,1,2103,25
6386,1386,13386,EC08,Hajipur Junction 8,03:35,03:49,7,2,1580,26
6387,1387,13387,EC07,Bhubaneswar Junction 7,06:46,06:59,3,3,1301,27
6388,1388,13388,NR06,New Delhi Junction 6,09:57,09:10,2,4,742,28
6389,1389,13389,NC05,Prayagraj Junction 5,12:08,12:21,15,5,2183,29
6390,1390,13390,NE04,Gorakhpur Junction 4,15:19,15:29,2,6,60,30
6391,1391,13391,NF03,Guwahati Junction 3,18:30,18:43,12,7,426,1
6392,1392,13392,NW02,Jaipur Junction 2,21:41,21:44,4,1,1929,2
6393,1393,13393,SC01,Secunderabad Junction 1,00:52,00:04,15,2,249,3
6394,1394,13394,SC08,Secunderabad Junction 8,03:03,03:14,14,3,1172,4
6395,1395,13395,SE07,Bilaspur Junction 7,06:14,06:26,10,4,15,5
6396,1396,13396,SE06,Kolkata Junction 6,09:25,09:33,5,5,183,6
6397,1397,13397,SW05,Hubballi Junction 5,12:36,12:46,15,6,118,7
6398,1398,13398,SR04,Chennai Junction 4,15:47,15:53,11,7,688,8
6399,1399,13399,WC03,Jabalpur Junction 3,18:58,18:01,4,1,54,9
6400,1400,13400,WR02,Mumbai Junction 2,21:09,21:24,8,2,2073,10
6401,1401,13401,CR01,Mumbai Junction 1,00:20,00:31,6,3,2073,11
6402,1402,13402,CR08,Mumbai Junction 8,03:31,03:36,4,4,1771,12
6403,1403,13403,ER07,Kolkata Junction 7,06:42,06:51,7,5,1294,13
6404,1404,13404,EC06,Hajipur Junction 6,09:53,09:08,5,6,1982,14
6405,1405,13405,EC05,Bhubaneswar Junction 5,12:04,12:18,12,7,345,15
6406,1406,13406,NR04,New Delhi Junction 4,15:15,15:18,3,1,1544,16
6407,1407,13407,NC03,Prayagraj Junction 3,18:26,18:33,15,2,13,17
6408,1408,13408,NE02,Gorakhpur Junction 2,21:37,21:44,5,3,1939,18
6409,1409,13409,NF01,Guwahati Junction 1,00:48,00:51,7,4,1906,19
6410,1410,13410,NF08,Guwahati Junction 8,03:59,03:14,14,5,1437,20
6411,1411,13411,NW07,Jaipur Junction 7,06:10,06:14,3,6,904,21
6412,1412,13412,SC06,Secunderabad Junction 6,09:21,09:29,9,7,109,22
6413,1413,13413,SE05,Bilaspur Junction 5,12:32,12:43,7,1,239,23
6414,1414,13414,SE04,Kolkata Junction 4,15:43,15:57,6,2,510,24
6415,1415,13415,SW03,Hubballi Junction 3,18:54,18:02,15,3,1814,25
6416,1416,13416,SR02,Chennai Junction 2,21:05,21:08,11,4,1462,26
6417,1417,13417,WC01,Jabalpur Junction 1,00:16,00:30,15,5,1640,27
6418,1418,13418,WC08,Jabalpur Junction 8,03:27,03:38,6,6,1977,28
6419,1419,13419,WR07,Mumbai Junction 7,06:38,06:53,15,7,2100,29
6420,1420,13420,CR06,Mumbai Junction 6,09:49,09:59,15,1,1720,30
6421,1421,13421,ER05,Kolkata Junction 5,12:00,12:05,2,2,2157,1
6422,1422,13422,EC04,Hajipur Junction 4,15:11,15:18,14,3,634,2
6423,1423,13423,EC03,Bhubaneswar Junction 3,18:22,18:29,13,4,1155,3
6424,1424,13424,NR02,New Delhi Junction 2,21:33,21:44,6,5,1351,4
6425,1425,13425,NC01,Prayagraj Junction 1,00:44,00:52,15,6,1082,5
6426,1426,13426,NC08,Prayagraj Junction 8,03:55,03:58,12,7,2098,6
6427,1427,13427,NE07,Gorakhpur Junction 7,06:06,06:20,3,1,2196,7
6428,1428,13428,NF06,Guwahati Junction 6,09:17,09:23,13,2,1386,8
6429,1429,13429,NW05,Jaipur Junction 5,12:28,12:43,6,3,1337,9
6430,1430,13430,SC04,Secunderabad Junction 4,15:39,15:50,4,4,1705,10
6431,1431,13431,SE03,Bilaspur Junction 3,18:50,18:54,13,5,277,11
6432,1432,13432,SE02,Kolkata Junction 2,21:01,21:05,8,6,400,12
6433,1433,13433,SW01,Hubballi Junction 1,00:12,00:15,2,7,629,13
6434,1434,13434,SW08,Hubballi Junction 8,03:23,03:31,2,1,302,14
6435,1435,13435,SR07,Chennai Junction 7,06:34,06:44,6,2,1667,15
6436,1436,13436,WC06,Jabalpur Junction 6,09:45,09:58,2,3,2087,16
6437,1437,13437,WR05,Mumbai Junction 5,12:56,12:07,13,4,1051,17
6438,1438,13438,CR04,Mumbai Junction 4,15:07,15:09,14,5,1249,18
6439,1439,13439,ER03,Kolkata Junction 3,18:18,18:20,4,6,453,19
6440,1440,13440,EC02,Hajipur Junction 2,21:29,21:36,8,7,941,20
6441,1441,13441,EC01,Bhubaneswar Junction 1,00:40,00:54,15,1,1493,21
6442,1442,13442,EC08,Bhubaneswar Junction 8,03:51,03:01,14,2,588,22
6443,1443,13443,NR07,New Delhi Junction 7,06:02,06:11,10,3,628,23
6444,1444,13444,NC06,Prayagraj Junction 6,09:13,09:28,5,4,130,24
6445,1445,13445,NE05,Gorakhpur Junction 5,12:24,12:30,13,5,824,25
6446,1446,13446,NF04,Guwahati Junction 4,15:35,15:40,14,6,336,26
6447,1447,13447,NW03,Jaipur Junction 3,18:46,18:50,14,7,706,27
6448,1448,13448,SC02,Secunderabad Junction 2,21:57,21:59,8,1,1630,28
6449,1449,13449,SE01,Bilaspur Junction 1,00:08,00:20,3,2,618,29
6450,1450,13450,SE08,Bilaspur Junction 8,03:19,03:29,11,3,1365,30
6451,1451,13451,SE07,Kolkata Junction 7,06:30,06:36,14,4,171,1
6452,1452,13452,SW06,Hubballi Junction 6,09:41,09:54,15,5,1507,2
6453,1453,13453,SR05,Chennai Junction 5,12:52,12:00,7,6,958,3
6454,1454,13454,WC04,Jabalpur Junction 4,15:03,15:07,5,7,1398,4
6455,1455,13455,WR03,Mumbai Junction 3,18:14,18:23,8,1,1044,5
6456,1456,13456,CR02,Mumbai Junction 2,21:25,21:28,14,2,2102,6
6457,1457,13457,ER01,Kolkata Junction 1,00:36,00:41,6,3,1386,7
6458,1458,13458,ER08,Kolkata Junction 8,03:47,03:49,3,4,1983,8
6459,1459,13459,EC07,Hajipur Junction 7,06:58,06:02,10,5,1941,9
6460,1460,13460,EC06,Bhubaneswar Junction 6,09:09,09:21,5,6,335,10
6461,1461,13461,NR05,New Delhi Junction 5,12:20,12:32,7,7,2128,11
6462,1462,13462,NC04,Prayagraj Junction 4,15:31,15:42,2,1,552,12
6463,1463,13463,NE03,Gorakhpur Junction 3,18:42,18:54,11,2,1632,13
6464,1464,13464,NF02,Guwahati Junction 2,21:53,21:58,5,3,460,14
6465,1465,13465,NW01,Jaipur Junction 1,00:04,00:15,2,4,1791,15
6466,1466,13466,NW08,Jaipur Junction 8,03:15,03:20,8,5,542,16
6467,1467,13467,SC07,Secunderabad Junction 7,06:26,06:33,12,6,436,17
6468,1468,13468,SE06,Bilaspur Junction 6,09:37,09:46,2,7,391,18
6469,1469,13469,SE05,Kolkata Junction 5,12:48,12:59,9,1,1345,19
6470,1470,13470,SW04,Hubballi Junction 4,15:59,15:04,4,2,936,20
6471,1471,13471,SR03,Chennai Junction 3,18:10,18:13,14,3,589,21
6472,1472,13472,WC02,Jabalpur Junction 2,21:21,21:33,4,4,1432,22
6473,1473,13473,WR01,Mumbai Junction 1,00:32,00:36,5,5,906,23
6474,1474,13474,WR08,Mumbai Junction 8,03:43,03:46,3,6,1656,24
6475,1475,13475,CR07,Mumbai Junction 7,06:54,06:00,9,7,1422,25
6476,1476,13476,ER06,Kolkata Junction 6,09:05,09:15,10,1,2145,26
6477,1477,13477,EC05,Hajipur Junction 5,12:16,12:26,6,2,626,27
6478,1478,13478,EC04,Bhubaneswar Junction 4,15:27,15:40,7,3,1229,28
6479,1479,13479,NR03,New Delhi Junction 3,18:38,18:51,5,4,489,29
6480,1480,13480,NC02,Prayagraj Junction 2,21:49,21:51,3,5,1355,30
6481,1481,13481,NE01,Gorakhpur Junction 1,00:00,00:09,6,6,465,1
6482,1482,13482,NE08,Gorakhpur Junction 8,03:11,03:22,3,7,1541,2
6483,1483,13483,NF07,Guwahati Junction 7,06:22,06:36,8,1,1088,3
6484,1484,13484,NW06,Jaipur Junction 6,09:33,09:42,3,2,1378,4
6485,1485,13485,SC05,Secunderabad Junction 5,12:44,12:51,8,3,50,5
6486,1486,13486,SE04,Bilaspur Junction 4,15:55,15:09,6,4,167,6
6487,1487,13487,SE03,Kolkata Junction 3,18:06,18:18,15,5,1143,7
6488,1488,13488,SW02,Hubballi Junction 2,21:17,21:19,15,6,457,8
6489,1489,13489,SR01,Chennai Junction 1,00:28,00:33,11,7,730,9
6490,1490,13490,SR08,Chennai Junction 8,03:39,03:42,11,1,576,10
6491,1491,13491,WC07,Jabalpur Junction 7,06:50,06:04,4,2,1993,11
6492,1492,13492,WR06,Mumbai Junction 6,09:01,09:13,5,3,1273,12
6493,1493,13493,CR05,Mumbai Junction 5,12:12,12:27,2,4,1803,13
6494,1494,13494,ER04,Kolkata Junction 4,15:23,15:31,15,5,458,14
6495,1495,13495,EC03,Hajipur Junction 3,18:34,18:46,15,6,756,15
6496,1496,13496,EC02,Bhubaneswar Junction 2,21:45,21:48,7,7,1315,16
6497,1497,13497,NR01,New Delhi Junction 1,00:56,00:06,8,1,2051,17
6498,1498,13498,NR08,New Delhi Junction 8,03:07,03:17,10,2,2104,18
6499,1499,13499,NC07,Prayagraj Junction 7,06:18,06:33,6,3,629,19
6500,1500,13500,NE06,Gorakhpur Junction 6,09:29,09:41,9,4,984,20
6501,1501,13501,NF05,Guwahati Junction 5,12:40,12:51,11,5,2010,21
6502,1502,13502,NW04,Jaipur Junction 4,15:51,15:58,12,6,499,22
6503,1503,13503,SC03,Secunderabad Junction 3,18:02,18:17,3,7,1650,23
6504,1504,13504,SE02,Bilaspur Junction 2,21:13,21:16,14,1,2110,24
6505,1505,13505,SE01,Kolkata Junction 1,00:24,00:37,13,2,1051,25
6506,1506,13506,SE08,Kolkata Junction 8,03:35,03:40,15,3,1164,26
6507,1507,13507,SW07,Hubballi Junction 7,06:46,06:59,11,4,1542,27
6508,1508,13508,SR06,Chennai Junction 6,09:57,09:03,7,5,967,28
6509,1509,13509,WC05,Jabalpur Junction 5,12:08,12:18,12,6,437,29
6510,1510,13510,WR04,Mumbai Junction 4,15:19,15:24,2,7,1157,30
6511,1511,13511,CR03,Mumbai Junction 3,18:30,18:41,4,1,1566,1
6512,1512,13512,ER02,Kolkata Junction 2,21:41,21:43,14,2,1518,2
6513,1513,13513,EC01,Hajipur Junction 1,00:52,00:03,11,3,789,3
6514,1514,13514,EC08,Hajipur Junction 8,03:03,03:18,12,4,398,4
6515,1515,13515,EC07,Bhubaneswar Junction 7,06:14,06:28,12,5,683,5
6516,1516,13516,NR06,New Delhi Junction 6,09:25,09:40,5,6,1418,6
6517,1517,13517,NC05,Prayagraj Junction 5,12:36,12:47,15,7,1254,7
6518,1518,13518,NE04,Gorakhpur Junction 4,15:47,15:02,5,1,1763,8
6519,1519,13519,NF03,Guwahati Junction 3,18:58,18:03,15,2,1680,9
6520,1520,13520,NW02,Jaipur Junction 2,21:09,21:19,2,3,1093,10
6521,1521,13521,SC01,Secunderabad Junction 1,00:20,00:24,14,4,834,11
6522,1522,13522,SC08,Secunderabad Junction 8,03:31,03:44,14,5,242,12
6523,1523,13523,SE07,Bilaspur Junction 7,06:42,06:54,6,6,239,13
6524,1524,13524,SE06,Kolkata Junction 6,09:53,09:58,9,7,1881,14
6525,1525,13525,SW05,Hubballi Junction 5,12:04,12:15,5,1,651,15
6526,1526,13526,SR04,Chennai Junction 4,15:15,15:21,12,2,1141,16
6527,1527,13527,WC03,Jabalpur Junction 3,18:26,18:28,3,3,166,17
6528,1528,13528,WR02,Mumbai Junction 2,21:37,21:52,9,4,1080,18
6529,1529,13529,CR01,Mumbai Junction 1,00:48,00:00,4,5,69,19
6530,1530,13530,CR08,Mumbai Junction 8,03:59,03:04,4,6,1755,20
6531,1531,13531,ER07,Kolkata Junction 7,06:10,06:23,10,7,2001,21
6532,1532,13532,EC06,Hajipur Junction 6,09:21,09:29,5,1,729,22
6533,1533,13533,EC05,Bhubaneswar Junction 5,12:32,12:35,14,2,1329,23
6534,1534,13534,NR04,New Delhi Junction 4,15:43,15:55,5,3,1579,24
6535,1535,13535,NC03,Prayagraj Junction 3,18:54,18:00,8,4,1434,25
6536,1536,13536,NE02,Gorakhpur Junction 2,21:05,21:20,9,5,1562,26
6537,1537,13537,NF01,Guwahati Junction 1,00:16,00:26,7,6,2051,27
6538,1538,13538,NF08,Guwahati Junction 8,03:27,03:42,6,7,1970,28
6539,1539,13539,NW07,Jaipur Junction 7,06:38,06:46,12,1,1137,29
6540,1540,13540,SC06,Secunderabad Junction 6,09:49,09:01,14,2,931,30
6541,1541,13541,SE05,Bilaspur Junction 5,12:00,12:11,9,3,1757,1
6542,1542,13542,SE04,Kolkata Junction 4,15:11,15:15,12,4,1309,2
6543,1543,13543,SW03,Hubballi Junction 3,18:22,18:30,7,5,1543,3
6544,1544,13544,SR02,Chennai Junction 2,21:33,21:39,2,6,2086,4
6545,1545,13545,WC01,Jabalpur Junction 1,00:44,00:52,4,7,496,5
6546,1546,13546,WC08,Jabalpur Junction 8,03:55,03:08,6,1,619,6
6547,1547,13547,WR07,Mumbai Junction 7,06:06,06:14,2,2,1232,7
6548,1548,13548,CR06,Mumbai Junction 6,09:17,09:19,13,3,944,8
6549,1549,13549,ER05,Kolkata Junction 5,12:28,12:33,8,4,386,9
6550,1550,13550,EC04,Hajipur Junction 4,15:39,15:45,3,5,1471,10
6551,1551,13551,EC03,Bhubaneswar Junction 3,18:50,18:05,8,6,216,11
6552,1552,13552,NR02,New Delhi Junction 2,21:01,21:04,13,7,765,12
6553,1553,13553,NC01,Prayagraj Junction 1,00:12,00:18,3,1,1460,13
6554,1554,13554,NC08,Prayagraj Junction 8,03:23,03:25,14,2,458,14
6555,1555,13555,NE07,Gorakhpur Junction 7,06:34,06:36,11,3,779,15
6556,1556,13556,NF06,Guwahati Junction 6,09:45,09:56,2,4,1895,16
6557,1557,13557,NW05,Jaipur Junction 5,12:56,12:02,12,5,2058,17
6558,1558,13558,SC04,Secunderabad Junction 4,15:07,15:16,6,6,687,18
6559,1559,13559,SE03,Bilaspur Junction 3,18:18,18:29,2,7,323,19
6560,1560,13560,SE02,Kolkata Junction 2,21:29,21:40,2,1,637,20
6561,1561,13561,SW01,Hubballi Junction 1,00:40,00:51,5,2,2047,21
6562,1562,13562,SW08,Hubballi Junction 8,03:51,03:06,2,3,383,22
6563,1563,13563,SR07,Chennai Junction 7,06:02,06:16,2,4,1070,23
6564,1564,13564,WC06,Jabalpur Junction 6,09:13,09:28,10,5,673,24
6565,1565,13565,WR05,Mumbai Junction 5,12:24,12:26,7,6,1192,25
6566,1566,13566,CR04,Mumbai Junction 4,15:35,15:38,9,7,888,26
6567,1567,13567,ER03,Kolkata Junction 3,18:46,18:52,15,1,1966,27
6568,1568,13568,EC02,Hajipur Junction 2,21:57,21:08,10,2,1042,28
6569,1569,13569,EC01,Bhubaneswar Junction 1,00:08,00:10,6,3,22,29
6570,1570,13570,EC08,Bhubaneswar Junction 8,03:19,03:26,8,4,1344,30
6571,1571,13571,NR07,New Delhi Junction 7,06:30,06:36,5,5,1562,1
6572,1572,13572,NC06,Prayagraj Junction 6,09:41,09:45,3,6,1531,2
6573,1573,13573,NE05,Gorakhpur Junction 5,12:52,12:02,14,7,1625,3
6574,1574,13574,NF04,Guwahati Junction 4,15:03,15:17,11,1,1851,4
6575,1575,13575,NW03,Jaipur Junction 3,18:14,18:18,9,2,2077,5
6576,1576,13576,SC02,Secunderabad Junction 2,21:25,21:38,7,3,2037,6
6577,1577,13577,SE01,Bilaspur Junction 1,00:36,00:42,2,4,1752,7
6578,1578,13578,SE08,Bilaspur Junction 8,03:47,03:54,2,5,449,8
6579,1579,13579,SE07,Kolkata Junction 7,06:58,06:01,15,6,1864,9
6580,1580,13580,SW06,Hubballi Junction 6,09:09,09:24,4,7,1764,10
6581,1581,13581,SR05,Chennai Junction 5,12:20,12:29,6,1,1471,11
6582,1582,13582,WC04,Jabalpur Junction 4,15:31,15:46,8,2,64,12
6583,1583,13583,WR03,Mumbai Junction 3,18:42,18:55,4,3,401,13
6584,1584,13584,CR02,Mumbai Junction 2,21:53,21:03,13,4,1744,14
6585,1585,13585,ER01,Kolkata Junction 1,00:04,00:18,14,5,282,15
6586,1586,13586,ER08,Kolkata Junction 8,03:15,03:21,12,6,859,16
6587,1587,13587,EC07,Hajipur Junction 7,06:26,06:38,8,7,993,17
6588,1588,13588,EC06,Bhubaneswar Junction 6,09:37,09:39,10,1,1900,18
6589,1589,13589,NR05,New Delhi Junction 5,12:48,12:01,6,2,1488,19
6590,1590,13590,NC04,Prayagraj Junction 4,15:59,15:03,10,3,900,20
6591,1591,13591,NE03,Gorakhpur Junction 3,18:10,18:24,11,4,161,21
6592,1592,13592,NF02,Guwahati Junction 2,21:21,21:35,12,5,473,22
6593,1593,13593,NW01,Jaipur Junction 1,00:32,00:37,4,6,682,23
6594,1594,13594,NW08,Jaipur Junction 8,03:43,03:58,14,7,1211,24
6595,1595,13595,SC07,Secunderabad Junction 7,06:54,06:01,7,1,2105,25
6596,1596,13596,SE06,Bilaspur Junction 6,09:05,09:09,12,2,2189,26
6597,1597,13597,SE05,Kolkata Junction 5,12:16,12:29,12,3,1979,27
6598,1598,13598,SW04,Hubballi Junction 4,15:27,15:32,15,4,200,28
6599,1599,13599,SR03,Chennai Junction 3,18:38,18:40,4,5,1339,29
6600,1600,13600,WC02,Jabalpur Junction 2,21:49,21:54,10,6,244,30
6601,1601,13601,WR01,Mumbai Junction 1,00:00,00:11,5,7,1151,1
6602,1602,13602,WR08,Mumbai Junction 8,03:11,03:14,15,1,831,2
6603,1603,13603,CR07,Mumbai Junction 7,06:22,06:32,8,2,1309,3
6604,1604,13604,ER06,Kolkata Junction 6,09:33,09:41,3,3,1824,4
6605,1605,13605,EC05,Hajipur Junction 5,12:44,12:54,5,4,184,5
6606,1606,13606,EC04,Bhubaneswar Junction 4,15:55,15:09,6,5,1997,6
6607,1607,13607,NR03,New Delhi Junction 3,18:06,18:18,15,6,1451,7
6608,1608,13608,NC02,Prayagraj Junction 2,21:17,21:21,2,7,540,8
6609,1609,13609,NE01,Gorakhpur Junction 1,00:28,00:36,10,1,1970,9
6610,1610,13610,NE08,Gorakhpur Junction 8,03:39,03:42,10,2,188,10
6611,1611,13611,NF07,Guwahati Junction 7,06:50,06:58,3,3,822,11
6612,1612,13612,NW06,Jaipur Junction 6,09:01,09:11,12,4,1770,12
6613,1613,13613,SC05,Secunderabad Junction 5,12:12,12:21,5,5,2008,13
6614,1614,13614,SE04,Bilaspur Junction 4,15:23,15:38,15,6,1742,14
6615,1615,13615,SE03,Kolkata Junction 3,18:34,18:46,3,7,1259,15
6616,1616,13616,SW02,Hubballi Junction 2,21:45,21:52,5,1,149,16
6617,1617,13617,SR01,Chennai Junction 1,00:56,00:00,14,2,1999,17
6618,1618,13618,SR08,Chennai Junction 8,03:07,03:19,3,3,1510,18
6619,1619,13619,WC07,Jabalpur Junction 7,06:18,06:21,11,4,74,19
6620,1620,13620,WR06,Mumbai Junction 6,09:29,09:34,3,5,2053,20
6621,1621,13621,CR05,Mumbai Junction 5,12:40,12:49,14,6,44,21
6622,1622,13622,ER04,Kolkata Junction 4,15:51,15:03,8,7,1031,22
6623,1623,13623,EC03,Hajipur Junction 3,18:02,18:16,2,1,2077,23
6624,1624,13624,EC02,Bhubaneswar Junction 2,21:13,21:15,7,2,303,24
6625,1625,13625,NR01,New Delhi Junction 1,00:24,00:33,10,3,1412,25
6626,1626,13626,NR08,New Delhi Junction 8,03:35,03:48,12,4,2086,26
6627,1627,13627,NC07,Prayagraj Junction 7,06:46,06:54,4,5,342,27
6628,1628,13628,NE06,Gorakhpur Junction 6,09:57,09:02,10,6,119,28
6629,1629,13629,NF05,Guwahati Junction 5,12:08,12:23,15,7,362,29
6630,1630,13630,NW04,Jaipur Junction 4,15:19,15:31,10,1,1057,30
6631,1631,13631,SC03,Secunderabad Junction 3,18:30,18:42,10,2,712,1
6632,1632,13632,SE02,Bilaspur Junction 2,21:41,21:50,3,3,559,2
6633,1633,13633,SE01,Kolkata Junction 1,00:52,00:07,4,4,1316,3
6634,1634,13634,SE08,Kolkata Junction 8,03:03,03:09,8,5,543,4
6635,1635,13635,SW07,Hubballi Junction 7,06:14,06:23,9,6,1358,5
6636,1636,13636,SR06,Chennai Junction 6,09:25,09:31,10,7,1603,6
6637,1637,13637,WC05,Jabalpur Junction 5,12:36,12:48,9,1,658,7
6638,1638,13638,WR04,Mumbai Junction 4,15:47,15:56,9,2,2092,8
6639,1639,13639,CR03,Mumbai Junction 3,18:58,18:05,6,3,1649,9
6640,1640,13640,ER02,Kolkata Junction 2,21:09,21:19,7,4,0,10
6641,1641,13641,EC01,Hajipur Junction 1,00:20,00:31,12,5,2046,11
6642,1642,13642,EC08,Hajipur Junction 8,03:31,03:40,9,6,458,12
6643,1643,13643,EC07,Bhubaneswar Junction 7,06:42,06:50,2,7,1101,13
6644,1644,13644,NR06,New Delhi Junction 6,09:53,09:04,13,1,1457,14
6645,1645,13645,NC05,Prayagraj Junction 5,12:04,12:17,11,2,1715,15
6646,1646,13646,NE04,Gorakhpur Junction 4,15:15,15:23,10,3,1406,16
6647,1647,13647,NF03,Guwahati Junction 3,18:26,18:36,9,4,1720,17
6648,1648,13648,NW02,Jaipur Junction 2,21:37,21:42,6,5,1141,18
6649,1649,13649,SC01,Secunderabad Junction 1,00:48,00:59,9,6,438,19
6650,1650,13650,SC08,Secunderabad Junction 8,03:59,03:12,9,7,953,20
6651,1651,13651,SE07,Bilaspur Junction 7,06:10,06:24,8,1,355,21
6652,1652,13652,SE06,Kolkata Junction 6,09:21,09:36,7,2,1967,22
6653,1653,13653,SW05,Hubballi Junction 5,12:32,12:41,5,3,828,23
6654,1654,13654,SR04,Chennai Junction 4,15:43,15:57,15,4,303,24
6655,1655,13655,WC03,Jabalpur Junction 3,18:54,18:09,13,5,1424,25
6656,1656,13656,WR02,Mumbai Junction 2,21:05,21:09,10,6,936,26
6657,1657,13657,CR01,Mumbai Junction 1,00:16,00:19,15,7,1327,27
6658,1658,13658,CR08,Mumbai Junction 8,03:27,03:30,6,1,1847,28
6659,1659,13659,ER07,Kolkata Junction 7,06:38,06:46,8,2,313,29
6660,1660,13660,EC06,Hajipur Junction 6,09:49,09:52,15,3,2095,30
6661,1661,13661,EC05,Bhubaneswar Junction 5,12:00,12:03,9,4,1498,1
6662,1662,13662,NR04,New Delhi Junction 4,15:11,15:25,9,5,1912,2
6663,1663,13663,NC03,Prayagraj Junction 3,18:22,18:25,2,6,1022,3
6664,1664,13664,NE02,Gorakhpur Junction 2,21:33,21:38,12,7,741,4
6665,1665,13665,NF01,Guwahati Junction 1,00:44,00:51,9,1,2115,5
6666,1666,13666,NF08,Guwahati Junction 8,03:55,03:58,9,2,855,6
6667,1667,13667,NW07,Jaipur Junction 7,06:06,06:08,13,3,2010,7
6668,1668,13668,SC06,Secunderabad Junction 6,09:17,09:21,12,4,1542,8
6669,1669,13669,SE05,Bilaspur Junction 5,12:28,12:39,8,5,704,9
6670,1670,13670,SE04,Kolkata Junction 4,15:39,15:41,2,6,390,10
6671,1671,13671,SW03,Hubballi Junction 3,18:50,18:59,3,7,1510,11
6672,1672,13672,SR02,Chennai Junction 2,21:01,21:11,6,1,192,12
6673,1673,13673,WC01,Jabalpur Junction 1,00:12,00:21,13,2,866,13
6674,1674,13674,WC08,Jabalpur Junction 8,03:23,03:36,6,3,176,14
6675,1675,13675,WR07,Mumbai Junction 7,06:34,06:45,14,4,1943,15
6676,1676,13676,CR06,Mumbai Junction 6,09:45,09:00,3,5,95,16
6677,1677,13677,ER05,Kolkata Junction 5,12:56,12:05,15,6,2195,17
6678,1678,13678,EC04,Hajipur Junction 4,15:07,15:12,7,7,1462,18
6679,1679,13679,EC03,Bhubaneswar Junction 3,18:18,18:32,4,1,2146,19
6680,1680,13680,NR02,New Delhi Junction 2,21:29,21:42,2,2,1852,20
6681,1681,13681,NC01,Prayagraj Junction 1,00:40,00:50,15,3,460,21
6682,1682,13682,NC08,Prayagraj Junction 8,03:51,03:06,2,4,166,22
6683,1683,13683,NE07,Gorakhpur Junction 7,06:02,06:10,11,5,367,23
6684,1684,13684,NF06,Guwahati Junction 6,09:13,09:18,7,6,276,24
6685,1685,13685,NW05,Jaipur Junction 5,12:24,12:28,4,7,2098,25
6686,1686,13686,SC04,Secunderabad Junction 4,15:35,15:50,10,1,1504,26
6687,1687,13687,SE03,Bilaspur Junction 3,18:46,18:49,2,2,829,27
6688,1688,13688,SE02,Kolkata Junction 2,21:57,21:12,8,3,1777,28
6689,1689,13689,SW01,Hubballi Junction 1,00:08,00:15,6,4,1786,29
6690,1690,13690,SW08,Hubballi Junction 8,03:19,03:27,12,5,1598,30
6691,1691,13691,SR07,Chennai Junction 7,06:30,06:42,11,6,1780,1
6692,1692,13692,WC06,Jabalpur Junction 6,09:41,09:49,6,7,1127,2
6693,1693,13693,WR05,Mumbai Junction 5,12:52,12:58,2,1,795,3
6694,1694,13694,CR04,Mumbai Junction 4,15:03,15:12,9,2,748,4
6695,1695,13695,ER03,Kolkata Junction 3,18:14,18:26,5,3,1424,5
6696,1696,13696,EC02,Hajipur Junction 2,21:25,21:30,15,4,1427,6
6697,1697,13697,EC01,Bhubaneswar Junction 1,00:36,00:45,8,5,1663,7
6698,1698,13698,EC08,Bhubaneswar Junction 8,03:47,03:54,13,6,350,8
6699,1699,13699,NR07,New Delhi Junction 7,06:58,06:11,15,7,533,9
6700,1700,13700,NC06,Prayagraj Junction 6,09:09,09:14,15,1,893,10
6701,1701,13701,NE05,Gorakhpur Junction 5,12:20,12:31,4,2,940,11
6702,1702,13702,NF04,Guwahati Junction 4,15:31,15:42,14,3,959,12
6703,1703,13703,NW03,Jaipur Junction 3,18:42,18:45,7,4,1414,13
6704,1704,13704,SC02,Secunderabad Junction 2,21:53,21:07,13,5,1670,14
6705,1705,13705,SE01,Bilaspur Junction 1,00:04,00:08,9,6,1267,15
6706,1706,13706,SE08,Bilaspur Junction 8,03:15,03:23,14,7,2111,16
6707,1707,13707,SE07,Kolkata Junction 7,06:26,06:30,15,1,1862,17
6708,1708,13708,SW06,Hubballi Junction 6,09:37,09:48,7,2,1672,18
6709,1709,13709,SR05,Chennai Junction 5,12:48,12:58,14,3,1564,19
6710,1710,13710,WC04,Jabalpur Junction 4,15:59,15:14,7,4,181,20
6711,1711,13711,WR03,Mumbai Junction 3,18:10,18:18,15,5,1441,21
6712,1712,13712,CR02,Mumbai Junction 2,21:21,21:32,10,6,1304,22
6713,1713,13713,ER01,Kolkata Junction 1,00:32,00:34,7,7,190,23
6714,1714,13714,ER08,Kolkata Junction 8,03:43,03:49,12,1,1769,24
6715,1715,13715,EC07,Hajipur Junction 7,06:54,06:59,11,2,498,25
6716,1716,13716,EC06,Bhubaneswar Junction 6,09:05,09:09,15,3,1341,26
6717,1717,13717,NR05,New Delhi Junction 5,12:16,12:20,3,4,108,27
6718,1718,13718,NC04,Prayagraj Junction 4,15:27,15:35,3,5,1283,28
6719,1719,13719,NE03,Gorakhpur Junction 3,18:38,18:46,10,6,456,29
6720,1720,13720,NF02,Guwahati Junction 2,21:49,21:53,3,7,210,30
6721,1721,13721,NW01,Jaipur Junction 1,00:00,00:03,5,1,1760,1
6722,1722,13722,NW08,Jaipur Junction 8,03:11,03:21,5,2,2049,2
6723,1723,13723,SC07,Secunderabad Junction 7,06:22,06:34,12,3,1976,3
6724,1724,13724,SE06,Bilaspur Junction 6,09:33,09:45,15,4,726,4
6725,1725,13725,SE05,Kolkata Junction 5,12:44,12:57,3,5,660,5
6726,1726,13726,SW04,Hubballi Junction 4,15:55,15:09,3,6,1101,6
6727,1727,13727,SR03,Chennai Junction 3,18:06,18:12,3,7,519,7
6728,1728,13728,WC02,Jabalpur Junction 2,21:17,21:26,10,1,1485,8
6729,1729,13729,WR01,Mumbai Junction 1,00:28,00:31,6,2,229,9
6730,1730,13730,WR08,Mumbai Junction 8,03:39,03:41,7,3,1367,10
6731,1731,13731,CR07,Mumbai Junction 7,06:50,06:57,2,4,483,11
6732,1732,13732,ER06,Kolkata Junction 6,09:01,09:09,6,5,1814,12
6733,1733,13733,EC05,Hajipur Junction 5,12:12,12:22,15,6,386,13
6734,1734,13734,EC04,Bhubaneswar Junction 4,15:23,15:30,3,7,44,14
6735,1735,13735,NR03,New Delhi Junction 3,18:34,18:48,8,1,1451,15
6736,1736,13736,NC02,Prayagraj Junction 2,21:45,21:50,2,2,1964,16
6737,1737,13737,NE01,Gorakhpur Junction 1,00:56,00:07,11,3,1173,17
6738,1738,13738,NE08,Gorakhpur Junction 8,03:07,03:14,7,4,1676,18
6739,1739,13739,NF07,Guwahati Junction 7,06:18,06:23,6,5,676,19
6740,1740,13740,NW06,Jaipur Junction 6,09:29,09:38,15,6,2030,20
6741,1741,13741,SC05,Secunderabad Junction 5,12:40,12:49,4,7,2068,21
6742,1742,13742,SE04,Bilaspur Junction 4,15:51,15:57,6,1,1948,22
6743,1743,13743,SE03,Kolkata Junction 3,18:02,18:07,8,2,2016,23
6744,1744,13744,SW02,Hubballi Junction 2,21:13,21:19,10,3,82,24
6745,1745,13745,SR01,Chennai Junction 1,00:24,00:39,7,4,1474,25
6746,1746,13746,SR08,Chennai Junction 8,03:35,03:44,8,5,893,26
6747,1747,13747,WC07,Jabalpur Junction 7,06:46,06:48,5,6,837,27
6748,1748,13748,WR06,Mumbai Junction 6,09:57,09:04,5,7,1413,28
6749,1749,13749,CR05,Mumbai Junction 5,12:08,12:21,14,1,2138,29
6750,1750,13750,ER04,Kolkata Junction 4,15:19,15:30,7,2,1421,30
6751,1751,13751,EC03,Hajipur Junction 3,18:30,18:33,13,3,1176,1
6752,1752,13752,EC02,Bhubaneswar Junction 2,21:41,21:45,7,4,662,2
6753,1753,13753,NR01,New Delhi Junction 1,00:52,00:58,2,5,35,3
6754,1754,13754,NR08,New Delhi Junction 8,03:03,03:09,6,6,2197,4
6755,1755,13755,NC07,Prayagraj Junction 7,06:14,06:19,6,7,2013,5
6756,1756,13756,NE06,Gorakhpur Junction 6,09:25,09:39,2,1,188,6
6757,1757,13757,NF05,Guwahati Junction 5,12:36,12:39,8,2,1259,7
6758,1758,13758,NW04,Jaipur Junction 4,15:47,15:53,2,3,443,8
6759,1759,13759,SC03,Secunderabad Junction 3,18:58,18:08,7,4,271,9
6760,1760,13760,SE02,Bilaspur Junction 2,21:09,21:20,10,5,1078,10
6761,1761,13761,SE01,Kolkata Junction 1,00:20,00:35,13,6,87,11
6762,1762,13762,SE08,Kolkata Junction 8,03:31,03:45,2,7,1060,12
6763,1763,13763,SW07,Hubballi Junction 7,06:42,06:56,15,1,49,13
6764,1764,13764,SR06,Chennai Junction 6,09:53,09:56,5,2,607,14
6765,1765,13765,WC05,Jabalpur Junction 5,12:04,12:09,7,3,701,15
6766,1766,13766,WR04,Mumbai Junction 4,15:15,15:25,13,4,1201,16
6767,1767,13767,CR03,Mumbai Junction 3,18:26,18:32,9,5,1364,17
6768,1768,13768,ER02,Kolkata Junction 2,21:37,21:51,15,6,610,18
6769,1769,13769,EC01,Hajipur Junction 1,00:48,00:02,13,7,281,19
6770,1770,13770,EC08,Hajipur Junction 8,03:59,03:08,4,1,1079,20
6771,1771,13771,EC07,Bhubaneswar Junction 7,06:10,06:12,6,2,1293,21
6772,1772,13772,NR06,New Delhi Junction 6,09:21,09:27,2,3,854,22
6773,1773,13773,NC05,Prayagraj Junction 5,12:32,12:41,12,4,300,23
6774,1774,13774,NE04,Gorakhpur Junction 4,15:43,15:51,4,5,338,24
6775,1775,13775,NF03,Guwahati Junction 3,18:54,18:57,12,6,2022,25
6776,1776,13776,NW02,Jaipur Junction 2,21:05,21:16,7,7,2088,26
6777,1777,13777,SC01,Secunderabad Junction 1,00:16,00:24,9,1,1395,27
6778,1778,13778,SC08,Secunderabad Junction 8,03:27,03:38,8,2,1054,28
6779,1779,13779,SE07,Bilaspur Junction 7,06:38,06:44,11,3,1479,29
6780,1780,13780,SE06,Kolkata Junction 6,09:49,09:57,11,4,303,30
6781,1781,13781,SW05,Hubballi Junction 5,12:00,12:07,15,5,1614,1
6782,1782,13782,SR04,Chennai Junction 4,15:11,15:23,14,6,1338,2
6783,1783,13783,WC03,Jabalpur Junction 3,18:22,18:33,8,7,1817,3
6784,1784,13784,WR02,Mumbai Junction 2,21:33,21:44,9,1,278,4
6785,1785,13785,CR01,Mumbai Junction 1,00:44,00:57,6,2,789,5
6786,1786,13786,CR08,Mumbai Junction 8,03:55,03:58,5,3,277,6
6787,1787,13787,ER07,Kolkata Junction 7,06:06,06:09,2,4,648,7
6788,1788,13788,EC06,Hajipur Junction 6,09:17,09:29,14,5,500,8
6789,1789,13789,EC05,Bhubaneswar Junction 5,12:28,12:35,13,6,1555,9
6790,1790,13790,NR04,New Delhi Junction 4,15:39,15:53,7,7,370,10
6791,1791,13791,NC03,Prayagraj Junction 3,18:50,18:54,11,1,57,11
6792,1792,13792,NE02,Gorakhpur Junction 2,21:01,21:09,6,2,2021,12
6793,1793,13793,NF01,Guwahati Junction 1,00:12,00:27,8,3,1276,13
6794,1794,13794,NF08,Guwahati Junction 8,03:23,03:30,12,4,648,14
6795,1795,13795,NW07,Jaipur Junction 7,06:34,06:46,14,5,377,15
6796,1796,13796,SC06,Secunderabad Junction 6,09:45,09:50,7,6,1820,16
6797,1797,13797,SE05,Bilaspur Junction 5,12:56,12:06,4,7,809,17
6798,1798,13798,SE04,Kolkata Junction 4,15:07,15:18,15,1,992,18
6799,1799,13799,SW03,Hubballi Junction 3,18:18,18:21,3,2,63,19
6800,1800,13800,SR02,Chennai Junction 2,21:29,21:32,7,3,619,20
6801,1801,13801,WC01,Jabalpur Junction 1,00:40,00:46,12,4,1049,21
6802,1802,13802,WC08,Jabalpur Junction 8,03:51,03:03,9,5,451,22
6803,1803,13803,WR07,Mumbai Junction 7,06:02,06:17,8,6,1839,23
6804,1804,13804,CR06,Mumbai Junction 6,09:13,09:16,13,7,1575,24
6805,1805,13805,ER05,Kolkata Junction 5,12:24,12:29,13,1,1633,25
6806,1806,13806,EC04,Hajipur Junction 4,15:35,15:49,4,2,1948,26
6807,1807,13807,EC03,Bhubaneswar Junction 3,18:46,18:58,6,3,770,27
6808,1808,13808,NR02,New Delhi Junction 2,21:57,21:02,8,4,1972,28
6809,1809,13809,NC01,Prayagraj Junction 1,00:08,00:21,4,5,288,29
6810,1810,13810,NC08,Prayagraj Junction 8,03:19,03:21,10,6,691,30
6811,1811,13811,NE07,Gorakhpur Junction 7,06:30,06:42,12,7,434,1
6812,1812,13812,NF06,Guwahati Junction 6,09:41,09:52,12,1,2171,2
6813,1813,13813,NW05,Jaipur Junction 5,12:52,12:04,7,2,2199,3
6814,1814,13814,SC04,Secunderabad Junction 4,15:03,15:08,13,3,832,4
6815,1815,13815,SE03,Bilaspur Junction 3,18:14,18:29,12,4,1319,5
6816,1816,13816,SE02,Kolkata Junction 2,21:25,21:30,4,5,2085,6
6817,1817,13817,SW01,Hubballi Junction 1,00:36,00:49,9,6,1930,7
6818,1818,13818,SW08,Hubballi Junction 8,03:47,03:59,7,7,1819,8
6819,1819,13819,SR07,Chennai Junction 7,06:58,06:11,8,1,42,9
6820,1820,13820,WC06,Jabalpur Junction 6,09:09,09:21,6,2,802,10
6821,1821,13821,WR05,Mumbai Junction 5,12:20,12:31,13,3,193,11
6822,1822,13822,CR04,Mumbai Junction 4,15:31,15:44,6,4,1245,12
6823,1823,13823,ER03,Kolkata Junction 3,18:42,18:56,5,5,486,13
6824,1824,13824,EC02,Hajipur Junction 2,21:53,21:08,7,6,2083,14
6825,1825,13825,EC01,Bhubaneswar Junction 1,00:04,00:11,10,7,1122,15
6826,1826,13826,EC08,Bhubaneswar Junction 8,03:15,03:30,9,1,1106,16
6827,1827,13827,NR07,New Delhi Junction 7,06:26,06:34,7,2,968,17
6828,1828,13828,NC06,Prayagraj Junction 6,09:37,09:45,12,3,100,18
6829,1829,13829,NE05,Gorakhpur Junction 5,12:48,12:57,9,4,1657,19
6830,1830,13830,NF04,Guwahati Junction 4,15:59,15:10,8,5,240,20
6831,1831,13831,NW03,Jaipur Junction 3,18:10,18:17,5,6,449,21
6832,1832,13832,SC02,Secunderabad Junction 2,21:21,21:33,8,7,1745,22
6833,1833,13833,SE01,Bilaspur Junction 1,00:32,00:35,15,1,1041,23
6834,1834,13834,SE08,Bilaspur Junction 8,03:43,03:48,7,2,1851,24
6835,1835,13835,SE07,Kolkata Junction 7,06:54,06:05,4,3,2178,25
6836,1836,13836,SW06,Hubballi Junction 6,09:05,09:08,5,4,1604,26
6837,1837,13837,SR05,Chennai Junction 5,12:16,12:25,8,5,2037,27
6838,1838,13838,WC04,Jabalpur Junction 4,15:27,15:40,15,6,621,28
6839,1839,13839,WR03,Mumbai Junction 3,18:38,18:51,4,7,1772,29
6840,1840,13840,CR02,Mumbai Junction 2,21:49,21:58,10,1,253,30
6841,1841,13841,ER01,Kolkata Junction 1,00:00,00:14,5,2,1315,1
6842,1842,13842,ER08,Kolkata Junction 8,03:11,03:15,14,3,704,2
6843,1843,13843,EC07,Hajipur Junction 7,06:22,06:34,12,4,1210,3
6844,1844,13844,EC06,Bhubaneswar Junction 6,09:33,09:36,5,5,1346,4
6845,1845,13845,NR05,New Delhi Junction 5,12:44,12:53,10,6,548,5
6846,1846,13846,NC04,Prayagraj Junction 4,15:55,15:04,3,7,1065,6
6847,1847,13847,NE03,Gorakhpur Junction 3,18:06,18:09,11,1,1246,7
6848,1848,13848,NF02,Guwahati Junction 2,21:17,21:30,8,2,356,8
6849,1849,13849,NW01,Jaipur Junction 1,00:28,00:33,13,3,2108,9
6850,1850,13850,NW08,Jaipur Junction 8,03:39,03:41,11,4,1060,10
6851,1851,13851,SC07,Secunderabad Junction 7,06:50,06:55,9,5,2058,11
6852,1852,13852,SE06,Bilaspur Junction 6,09:01,09:05,13,6,197,12
6853,1853,13853,SE05,Kolkata Junction 5,12:12,12:24,3,7,133,13
6854,1854,13854,SW04,Hubballi Junction 4,15:23,15:25,13,1,1261,14
6855,1855,13855,SR03,Chennai Junction 3,18:34,18:45,4,2,2027,15
6856,1856,13856,WC02,Jabalpur Junction 2,21:45,21:58,8,3,1977,16
6857,1857,13857,WR01,Mumbai Junction 1,00:56,00:00,6,4,106,17
6858,1858,13858,WR08,Mumbai Junction 8,03:07,03:11,13,5,901,18
6859,1859,13859,CR07,Mumbai Junction 7,06:18,06:29,14,6,1680,19
6860,1860,13860,ER06,Kolkata Junction 6,09:29,09:36,6,7,238,20
6861,1861,13861,EC05,Hajipur Junction 5,12:40,12:53,15,1,1100,21
6862,1862,13862,EC04,Bhubaneswar Junction 4,15:51,15:59,13,2,753,22
6863,1863,13863,NR03,New Delhi Junction 3,18:02,18:09,14,3,834,23
6864,1864,13864,NC02,Prayagraj Junction 2,21:13,21:27,4,4,1092,24
6865,1865,13865,NE01,Gorakhpur Junction 1,00:24,00:32,6,5,2118,25
6866,1866,13866,NE08,Gorakhpur Junction 8,03:35,03:43,14,6,482,26
6867,1867,13867,NF07,Guwahati Junction 7,06:46,06:52,8,7,1240,27
6868,1868,13868,NW06,Jaipur Junction 6,09:57,09:02,6,1,1368,28
6869,1869,13869,SC05,Secunderabad Junction 5,12:08,12:13,12,2,1049,29
6870,1870,13870,SE04,Bilaspur Junction 4,15:19,15:34,5,3,1853,30
6871,1871,13871,SE03,Kolkata Junction 3,18:30,18:38,3,4,1551,1
6872,1872,13872,SW02,Hubballi Junction 2,21:41,21:45,3,5,1169,2
6873,1873,13873,SR01,Chennai Junction 1,00:52,00:05,5,6,1370,3
6874,1874,13874,SR08,Chennai Junction 8,03:03,03:05,4,7,1660,4
6875,1875,13875,WC07,Jabalpur Junction 7,06:14,06:16,7,1,1117,5
6876,1876,13876,WR06,Mumbai Junction 6,09:25,09:27,15,2,1119,6
6877,1877,13877,CR05,Mumbai Junction 5,12:36,12:42,15,3,1228,7
6878,1878,13878,ER04,Kolkata Junction 4,15:47,15:58,3,4,349,8
6879,1879,13879,EC03,Hajipur Junction 3,18:58,18:00,9,5,1839,9
6880,1880,13880,EC02,Bhubaneswar Junction 2,21:09,21:23,10,6,119,10
6881,1881,13881,NR01,New Delhi Junction 1,00:20,00:30,10,7,1313,11
6882,1882,13882,NR08,New Delhi Junction 8,03:31,03:43,9,1,1548,12
6883,1883,13883,NC07,Prayagraj Junction 7,06:42,06:50,4,2,175,13
6884,1884,13884,NE06,Gorakhpur Junction 6,09:53,09:07,8,3,708,14
6885,1885,13885,NF05,Guwahati Junction 5,12:04,12:10,2,4,2079,15
6886,1886,13886,NW04,Jaipur Junction 4,15:15,15:18,5,5,1006,16
6887,1887,13887,SC03,Secunderabad Junction 3,18:26,18:33,2,6,724,17
6888,1888,13888,SE02,Bilaspur Junction 2,21:37,21:49,5,7,1904,18
6889,1889,13889,SE01,Kolkata Junction 1,00:48,00:55,2,1,239,19
6890,1890,13890,SE08,Kolkata Junction 8,03:59,03:12,7,2,2158,20
6891,1891,13891,SW07,Hubballi Junction 7,06:10,06:23,2,3,687,21
6892,1892,13892,SR06,Chennai Junction 6,09:21,09:33,2,4,2198,22
6893,1893,13893,WC05,Jabalpur Junction 5,12:32,12:36,13,5,1849,23
6894,1894,13894,WR04,Mumbai Junction 4,15:43,15:52,13,6,1946,24
6895,1895,13895,CR03,Mumbai Junction 3,18:54,18:06,11,7,854,25
6896,1896,13896,ER02,Kolkata Junction 2,21:05,21:11,14,1,493,26
6897,1897,13897,EC01,Hajipur Junction 1,00:16,00:23,9,2,859,27
6898,1898,13898,EC08,Hajipur Junction 8,03:27,03:34,10,3,724,28
6899,1899,13899,EC07,Bhubaneswar Junction 7,06:38,06:53,4,4,855,29
6900,1900,13900,NR06,New Delhi Junction 6,09:49,09:02,8,5,1551,30
6901,1901,13901,NC05,Prayagraj Junction 5,12:00,12:11,6,6,1637,1
6902,1902,13902,NE04,Gorakhpur Junction 4,15:11,15:16,12,7,281,2
6903,1903,13903,NF03,Guwahati Junction 3,18:22,18:33,3,1,1911,3
6904,1904,13904,NW02,Jaipur Junction 2,21:33,21:43,2,2,239,4
6905,1905,13905,SC01,Secunderabad Junction 1,00:44,00:48,15,3,1296,5
6906,1906,13906,SC08,Secunderabad Junction 8,03:55,03:00,5,4,56,6
6907,1907,13907,SE07,Bilaspur Junction 7,06:06,06:10,13,5,1317,7
6908,1908,13908,SE06,Kolkata Junction 6,09:17,09:24,2,6,754,8
6909,1909,13909,SW05,Hubballi Junction 5,12:28,12:35,3,7,1335,9
6910,1910,13910,SR04,Chennai Junction 4,15:39,15:50,15,1,789,10
6911,1911,13911,WC03,Jabalpur Junction 3,18:50,18:55,13,2,770,11
6912,1912,13912,WR02,Mumbai Junction 2,21:01,21:11,12,3,1935,12
6913,1913,13913,CR01,Mumbai Junction 1,00:12,00:18,10,4,288,13
6914,1914,13914,CR08,Mumbai Junction 8,03:23,03:35,2,5,1532,14
6915,1915,13915,ER07,Kolkata Junction 7,06:34,06:38,8,6,167,15
6916,1916,13916,EC06,Hajipur Junction 6,09:45,09:56,8,7,1459,16
6917,1917,13917,EC05,Bhubaneswar Junction 5,12:56,12:02,2,1,1278,17
6918,1918,13918,NR04,New Delhi Junction 4,15:07,15:18,11,2,576,18
6919,1919,13919,NC03,Prayagraj Junction 3,18:18,18:30,9,3,462,19
6920,1920,13920,NE02,Gorakhpur Junction 2,21:29,21:32,6,4,50,20
6921,1921,13921,NF01,Guwahati Junction 1,00:40,00:52,2,5,106,21
6922,1922,13922,NF08,Guwahati Junction 8,03:51,03:55,6,6,43,22
6923,1923,13923,NW07,Jaipur Junction 7,06:02,06:12,3,7,1767,23
6924,1924,13924,SC06,Secunderabad Junction 6,09:13,09:22,3,1,880,24
6925,1925,13925,SE05,Bilaspur Junction 5,12:24,12:27,15,2,1303,25
6926,1926,13926,SE04,Kolkata Junction 4,15:35,15:48,7,3,322,26
6927,1927,13927,SW03,Hubballi Junction 3,18:46,18:51,7,4,1695,27
6928,1928,13928,SR02,Chennai Junction 2,21:57,21:05,15,5,796,28
6929,1929,13929,WC01,Jabalpur Junction 1,00:08,00:13,8,6,244,29
6930,1930,13930,WC08,Jabalpur Junction 8,03:19,03:30,3,7,1409,30
6931,1931,13931,WR07,Mumbai Junction 7,06:30,06:37,6,1,1343,1
6932,1932,13932,CR06,Mumbai Junction 6,09:41,09:52,15,2,636,2
6933,1933,13933,ER05,Kolkata Junction 5,12:52,12:05,13,3,2190,3
6934,1934,13934,EC04,Hajipur Junction 4,15:03,15:18,13,4,648,4
6935,1935,13935,EC03,Bhubaneswar Junction 3,18:14,18:25,12,5,641,5
6936,1936,13936,NR02,New Delhi Junction 2,21:25,21:38,11,6,1079,6
6937,1937,13937,NC01,Prayagraj Junction 1,00:36,00:50,3,7,1504,7
6938,1938,13938,NC08,Prayagraj Junction 8,03:47,03:00,2,1,896,8
6939,1939,13939,NE07,Gorakhpur Junction 7,06:58,06:07,4,2,1934,9
6940,1940,13940,NF06,Guwahati Junction 6,09:09,09:19,5,3,961,10
6941,1941,13941,NW05,Jaipur Junction 5,12:20,12:23,3,4,1642,11
6942,1942,13942,SC04,Secunderabad Junction 4,15:31,15:46,5,5,538,12
6943,1943,13943,SE03,Bilaspur Junction 3,18:42,18:53,9,6,306,13
6944,1944,13944,SE02,Kolkata Junction 2,21:53,21:04,4,7,253,14
6945,1945,13945,SW01,Hubballi Junction 1,00:04,00:12,12,1,1146,15
6946,1946,13946,SW08,Hubballi Junction 8,03:15,03:26,5,2,1086,16
6947,1947,13947,SR07,Chennai Junction 7,06:26,06:37,9,3,527,17
6948,1948,13948,WC06,Jabalpur Junction 6,09:37,09:52,2,4,2003,18
6949,1949,13949,WR05,Mumbai Junction 5,12:48,12:00,3,5,561,19
6950,1950,13950,CR04,Mumbai Junction 4,15:59,15:06,15,6,1136,20
6951,1951,13951,ER03,Kolkata Junction 3,18:10,18:15,14,7,259,21
6952,1952,13952,EC02,Hajipur Junction 2,21:21,21:34,13,1,850,22
6953,1953,13953,EC01,Bhubaneswar Junction 1,00:32,00:34,14,2,2128,23
6954,1954,13954,EC08,Bhubaneswar Junction 8,03:43,03:50,4,3,596,24
6955,1955,13955,NR07,New Delhi Junction 7,06:54,06:57,10,4,1140,25
6956,1956,13956,NC06,Prayagraj Junction 6,09:05,09:11,11,5,1369,26
6957,1957,13957,NE05,Gorakhpur Junction 5,12:16,12:18,7,6,1899,27
6958,1958,13958,NF04,Guwahati Junction 4,15:27,15:40,13,7,2099,28
6959,1959,13959,NW03,Jaipur Junction 3,18:38,18:40,5,1,1010,29
6960,1960,13960,SC02,Secunderabad Junction 2,21:49,21:58,13,2,1593,30
6961,1961,13961,SE01,Bilaspur Junction 1,00:00,00:11,4,3,1490,1
6962,1962,13962,SE08,Bilaspur Junction 8,03:11,03:24,12,4,1282,2
6963,1963,13963,SE07,Kolkata Junction 7,06:22,06:25,4,5,1634,3
6964,1964,13964,SW06,Hubballi Junction 6,09:33,09:47,13,6,938,4
6965,1965,13965,SR05,Chennai Junction 5,12:44,12:54,4,7,1301,5
6966,1966,13966,WC04,Jabalpur Junction 4,15:55,15:59,13,1,1728,6
6967,1967,13967,WR03,Mumbai Junction 3,18:06,18:08,15,2,1751,7
6968,1968,13968,CR02,Mumbai Junction 2,21:17,21:24,8,3,173,8
6969,1969,13969,ER01,Kolkata Junction 1,00:28,00:43,3,4,2029,9
6970,1970,13970,ER08,Kolkata Junction 8,03:39,03:50,14,5,815,10
6971,1971,13971,EC07,Hajipur Junction 7,06:50,06:04,7,6,770,11
6972,1972,13972,EC06,Bhubaneswar Junction 6,09:01,09:07,15,7,1024,12
6973,1973,13973,NR05,New Delhi Junction 5,12:12,12:20,11,1,1222,13
6974,1974,13974,NC04,Prayagraj Junction 4,15:23,15:32,7,2,361,14
6975,1975,13975,NE03,Gorakhpur Junction 3,18:34,18:49,8,3,2138,15
6976,1976,13976,NF02,Guwahati Junction 2,21:45,21:53,10,4,1200,16
6977,1977,13977,NW01,Jaipur Junction 1,00:56,00:11,3,5,1138,17
6978,1978,13978,NW08,Jaipur Junction 8,03:07,03:11,14,6,1166,18
6979,1979,13979,SC07,Secunderabad Junction 7,06:18,06:32,5,7,358,19
6980,1980,13980,SE06,Bilaspur Junction 6,09:29,09:39,4,1,820,20
6981,1981,13981,SE05,Kolkata Junction 5,12:40,12:46,5,2,287,21
6982,1982,13982,SW04,Hubballi Junction 4,15:51,15:02,12,3,866,22
6983,1983,13983,SR03,Chennai Junction 3,18:02,18:07,4,4,1489,23
6984,1984,13984,WC02,Jabalpur Junction 2,21:13,21:26,9,5,949,24
6985,1985,13985,WR01,Mumbai Junction 1,00:24,00:35,14,6,2177,25
6986,1986,13986,WR08,Mumbai Junction 8,03:35,03:39,8,7,1927,26
6987,1987,13987,CR07,Mumbai Junction 7,06:46,06:56,13,1,2190,27
6988,1988,13988,ER06,Kolkata Junction 6,09:57,09:00,10,2,1169,28
6989,1989,13989,EC05,Hajipur Junction 5,12:08,12:13,11,3,228,29
6990,1990,13990,EC04,Bhubaneswar Junction 4,15:19,15:27,7,4,858,30
6991,1991,13991,NR03,New Delhi Junction 3,18:30,18:40,15,5,2084,1
6992,1992,13992,NC02,Prayagraj Junction 2,21:41,21:52,6,6,2124,2
6993,1993,13993,NE01,Gorakhpur Junction 1,00:52,00:07,13,7,1920,3
6994,1994,13994,NE08,Gorakhpur Junction 8,03:03,03:16,12,1,1596,4
6995,1995,13995,NF07,Guwahati Junction 7,06:14,06:24,11,2,857,5
6996,1996,13996,NW06,Jaipur Junction 6,09:25,09:39,10,3,1349,6
6997,1997,13997,SC05,Secunderabad Junction 5,12:36,12:48,3,4,2021,7
6998,1998,13998,SE04,Bilaspur Junction 4,15:47,15:57,15,5,226,8
6999,1999,13999,SE03,Kolkata Junction 3,18:58,18:03,15,6,1524,9
7000,2000,14000,SW02,Hubballi Junction 2,21:09,21:20,7,7,1222,10
7001,2001,14001,SR01,Chennai Junction 1,00:20,00:29,4,1,1246,11
7002,2002,14002,SR08,Chennai Junction 8,03:31,03:40,6,2,753,12
7003,2003,14003,WC07,Jabalpur Junction 7,06:42,06:54,11,3,1033,13
7004,2004,14004,WR06,Mumbai Junction 6,09:53,09:03,5,4,1098,14
7005,2005,14005,CR05,Mumbai Junction 5,12:04,12:13,5,5,372,15
7006,2006,14006,ER04,Kolkata Junction 4,15:15,15:24,15,6,1015,16
7007,2007,14007,EC03,Hajipur Junction 3,18:26,18:40,13,7,1638,17
7008,2008,14008,EC02,Bhubaneswar Junction 2,21:37,21:51,7,1,1670,18
7009,2009,14009,NR01,New Delhi Junction 1,00:48,00:52,6,2,1246,19
7010,2010,14010,NR08,New Delhi Junction 8,03:59,03:01,12,3,2035,20
7011,2011,14011,NC07,Prayagraj Junction 7,06:10,06:13,15,4,193,21
7012,2012,14012,NE06,Gorakhpur Junction 6,09:21,09:24,12,5,1508,22
7013,2013,14013,NF05,Guwahati Junction 5,12:32,12:47,7,6,1259,23
7014,2014,14014,NW04,Jaipur Junction 4,15:43,15:47,11,7,2195,24
7015,2015,14015,SC03,Secunderabad Junction 3,18:54,18:04,15,1,865,25
7016,2016,14016,SE02,Bilaspur Junction 2,21:05,21:20,9,2,316,26
7017,2017,14017,SE01,Kolkata Junction 1,00:16,00:23,8,3,147,27
7018,2018,14018,SE08,Kolkata Junction 8,03:27,03:41,5,4,1485,28
7019,2019,14019,SW07,Hubballi Junction 7,06:38,06:52,8,5,1340,29
7020,2020,14020,SR06,Chennai Junction 6,09:49,09:58,12,6,84,30
7021,2021,14021,WC05,Jabalpur Junction 5,12:00,12:07,10,7,201,1
7022,2022,14022,WR04,Mumbai Junction 4,15:11,15:25,10,1,6,2
7023,2023,14023,CR03,Mumbai Junction 3,18:22,18:24,4,2,1460,3
7024,2024,14024,ER02,Kolkata Junction 2,21:33,21:42,8,3,1234,4
7025,2025,14025,EC01,Hajipur Junction 1,00:44,00:52,6,4,16,5
7026,2026,14026,EC08,Hajipur Junction 8,03:55,03:57,11,5,1635,6
7027,2027,14027,EC07,Bhubaneswar Junction 7,06:06,06:11,5,6,897,7
7028,2028,14028,NR06,New Delhi Junction 6,09:17,09:28,10,7,1230,8
7029,2029,14029,NC05,Prayagraj Junction 5,12:28,12:30,8,1,1655,9
7030,2030,14030,NE04,Gorakhpur Junction 4,15:39,15:49,13,2,1529,10
7031,2031,14031,NF03,Guwahati Junction 3,18:50,18:04,10,3,1252,11
7032,2032,14032,NW02,Jaipur Junction 2,21:01,21:10,5,4,959,12
7033,2033,14033,SC01,Secunderabad Junction 1,00:12,00:16,8,5,329,13
7034,2034,14034,SC08,Secunderabad Junction 8,03:23,03:31,15,6,994,14
7035,2035,14035,SE07,Bilaspur Junction 7,06:34,06:46,8,7,1993,15
7036,2036,14036,SE06,Kolkata Junction 6,09:45,09:49,13,1,1594,16
7037,2037,14037,SW05,Hubballi Junction 5,12:56,12:10,3,2,1968,17
7038,2038,14038,SR04,Chennai Junction 4,15:07,15:21,6,3,1374,18
7039,2039,14039,WC03,Jabalpur Junction 3,18:18,18:28,2,4,1155,19
7040,2040,14040,WR02,Mumbai Junction 2,21:29,21:40,4,5,795,20
7041,2041,14041,CR01,Mumbai Junction 1,00:40,00:50,15,6,133,21
7042,2042,14042,CR08,Mumbai Junction 8,03:51,03:06,13,7,1861,22
7043,2043,14043,ER07,Kolkata Junction 7,06:02,06:04,9,1,811,23
7044,2044,14044,EC06,Hajipur Junction 6,09:13,09:27,12,2,1429,24
7045,2045,14045,EC05,Bhubaneswar Junction 5,12:24,12:26,14,3,1077,25
7046,2046,14046,NR04,New Delhi Junction 4,15:35,15:39,14,4,1989,26
7047,2047,14047,NC03,Prayagraj Junction 3,18:46,18:54,11,5,1342,27
7048,2048,14048,NE02,Gorakhpur Junction 2,21:57,21:03,12,6,2195,28
7049,2049,14049,NF01,Guwahati Junction 1,00:08,00:23,11,7,792,29
7050,2050,14050,NF08,Guwahati Junction 8,03:19,03:33,14,1,12,30
7051,2051,14051,NW07,Jaipur Junction 7,06:30,06:36,9,2,1271,1
7052,2052,14052,SC06,Secunderabad Junction 6,09:41,09:52,9,3,30,2
7053,2053,14053,SE05,Bilaspur Junction 5,12:52,12:56,12,4,1525,3
7054,2054,14054,SE04,Kolkata Junction 4,15:03,15:14,8,5,604,4
7055,2055,14055,SW03,Hubballi Junction 3,18:14,18:20,11,6,1109,5
7056,2056,14056,SR02,Chennai Junction 2,21:25,21:28,7,7,1812,6
7057,2057,14057,WC01,Jabalpur Junction 1,00:36,00:46,14,1,1118,7
7058,2058,14058,WC08,Jabalpur Junction 8,03:47,03:55,15,2,1116,8
7059,2059,14059,WR07,Mumbai Junction 7,06:58,06:01,7,3,1424,9
7060,2060,14060,CR06,Mumbai Junction 6,09:09,09:15,7,4,1920,10
7061,2061,14061,ER05,Kolkata Junction 5,12:20,12:28,6,5,237,11
7062,2062,14062,EC04,Hajipur Junction 4,15:31,15:38,12,6,659,12
7063,2063,14063,EC03,Bhubaneswar Junction 3,18:42,18:50,11,7,2041,13
7064,2064,14064,NR02,New Delhi Junction 2,21:53,21:06,6,1,361,14
7065,2065,14065,NC01,Prayagraj Junction 1,00:04,00:15,5,2,863,15
7066,2066,14066,NC08,Prayagraj Junction 8,03:15,03:18,12,3,352,16
7067,2067,14067,NE07,Gorakhpur Junction 7,06:26,06:33,7,4,93,17
7068,2068,14068,NF06,Guwahati Junction 6,09:37,09:49,10,5,1191,18
7069,2069,14069,NW05,Jaipur Junction 5,12:48,12:52,2,6,122,19
7070,2070,14070,SC04,Secunderabad Junction 4,15:59,15:09,12,7,1749,20
7071,2071,14071,SE03,Bilaspur Junction 3,18:10,18:23,7,1,2,21
7072,2072,14072,SE02,Kolkata Junction 2,21:21,21:26,13,2,1680,22
7073,2073,14073,SW01,Hubballi Junction 1,00:32,00:41,2,3,1708,23
7074,2074,14074,SW08,Hubballi Junction 8,03:43,03:56,5,4,1769,24
7075,2075,14075,SR07,Chennai Junction 7,06:54,06:04,14,5,1378,25
7076,2076,14076,WC06,Jabalpur Junction 6,09:05,09:08,11,6,237,26
7077,2077,14077,WR05,Mumbai Junction 5,12:16,12:21,14,7,2129,27
7078,2078,14078,CR04,Mumbai Junction 4,15:27,15:35,6,1,863,28
7079,2079,14079,ER03,Kolkata Junction 3,18:38,18:43,10,2,926,29
7080,2080,14080,EC02,Hajipur Junction 2,21:49,21:51,10,3,1416,30
7081,2081,14081,EC01,Bhubaneswar Junction 1,00:00,00:11,15,4,1548,1
7082,2082,14082,EC08,Bhubaneswar Junction 8,03:11,03:22,4,5,1021,2
7083,2083,14083,NR07,New Delhi Junction 7,06:22,06:30,15,6,1043,3
7084,2084,14084,NC06,Prayagraj Junction 6,09:33,09:44,9,7,125,4
7085,2085,14085,NE05,Gorakhpur Junction 5,12:44,12:59,11,1,506,5
7086,2086,14086,NF04,Guwahati Junction 4,15:55,15:57,15,2,675,6
7087,2087,14087,NW03,Jaipur Junction 3,18:06,18:08,10,3,36,7
7088,2088,14088,SC02,Secunderabad Junction 2,21:17,21:22,14,4,84,8
7089,2089,14089,SE01,Bilaspur Junction 1,00:28,00:40,10,5,673,9
7090,2090,14090,SE08,Bilaspur Junction 8,03:39,03:45,8,6,1172,10
7091,2091,14091,SE07,Kolkata Junction 7,06:50,06:04,5,7,1298,11
7092,2092,14092,SW06,Hubballi Junction 6,09:01,09:12,2,1,1970,12
7093,2093,14093,SR05,Chennai Junction 5,12:12,12:27,3,2,576,13
7094,2094,14094,WC04,Jabalpur Junction 4,15:23,15:36,13,3,343,14
7095,2095,14095,WR03,Mumbai Junction 3,18:34,18:48,6,4,645,15
7096,2096,14096,CR02,Mumbai Junction 2,21:45,21:52,11,5,453,16
7097,2097,14097,ER01,Kolkata Junction 1,00:56,00:05,3,6,323,17
7098,2098,14098,ER08,Kolkata Junction 8,03:07,03:19,7,7,1745,18
7099,2099,14099,EC07,Hajipur Junction 7,06:18,06:30,15,1,302,19
7100,2100,14100,EC06,Bhubaneswar Junction 6,09:29,09:44,14,2,956,20
7101,2101,14101,NR05,New Delhi Junction 5,12:40,12:43,3,3,1123,21
7102,2102,14102,NC04,Prayagraj Junction 4,15:51,15:53,3,4,1169,22
7103,2103,14103,NE03,Gorakhpur Junction 3,18:02,18:11,14,5,2143,23
7104,2104,14104,NF02,Guwahati Junction 2,21:13,21:18,6,6,437,24
7105,2105,14105,NW01,Jaipur Junction 1,00:24,00:29,8,7,2184,25
7106,2106,14106,NW08,Jaipur Junction 8,03:35,03:49,14,1,993,26
7107,2107,14107,SC07,Secunderabad Junction 7,06:46,06:57,12,2,534,27
7108,2108,14108,SE06,Bilaspur Junction 6,09:57,09:05,9,3,820,28
7109,2109,14109,SE05,Kolkata Junction 5,12:08,12:16,8,4,134,29
7110,2110,14110,SW04,Hubballi Junction 4,15:19,15:31,14,5,1659,30
7111,2111,14111,SR03,Chennai Junction 3,18:30,18:45,8,6,122,1
7112,2112,14112,WC02,Jabalpur Junction 2,21:41,21:46,13,7,306,2
7113,2113,14113,WR01,Mumbai Junction 1,00:52,00:01,2,1,712,3
7114,2114,14114,WR08,Mumbai Junction 8,03:03,03:06,3,2,362,4
7115,2115,14115,CR07,Mumbai Junction 7,06:14,06:23,11,3,633,5
7116,2116,14116,ER06,Kolkata Junction 6,09:25,09:38,7,4,1621,6
7117,2117,14117,EC05,Hajipur Junction 5,12:36,12:45,12,5,2153,7
7118,2118,14118,EC04,Bhubaneswar Junction 4,15:47,15:02,10,6,2117,8
7119,2119,14119,NR03,New Delhi Junction 3,18:58,18:09,5,7,2057,9
7120,2120,14120,NC02,Prayagraj Junction 2,21:09,21:13,8,1,337,10
7121,2121,14121,NE01,Gorakhpur Junction 1,00:20,00:32,14,2,1801,11
7122,2122,14122,NE08,Gorakhpur Junction 8,03:31,03:34,5,3,748,12
7123,2123,14123,NF07,Guwahati Junction 7,06:42,06:45,9,4,74,13
7124,2124,14124,NW06,Jaipur Junction 6,09:53,09:03,10,5,1310,14
7125,2125,14125,SC05,Secunderabad Junction 5,12:04,12:18,13,6,571,15
7126,2126,14126,SE04,Bilaspur Junction 4,15:15,15:25,13,7,1872,16
7127,2127,14127,SE03,Kolkata Junction 3,18:26,18:37,3,1,956,17
7128,2128,14128,SW02,Hubballi Junction 2,21:37,21:51,3,2,1298,18
7129,2129,14129,SR01,Chennai Junction 1,00:48,00:57,5,3,757,19
7130,2130,14130,SR08,Chennai Junction 8,03:59,03:14,10,4,2067,20
7131,2131,14131,WC07,Jabalpur Junction 7,06:10,06:18,13,5,1363,21
7132,2132,14132,WR06,Mumbai Junction 6,09:21,09:35,6,6,840,22
7133,2133,14133,CR05,Mumbai Junction 5,12:32,12:34,5,7,304,23
7134,2134,14134,ER04,Kolkata Junction 4,15:43,15:47,6,1,1922,24
7135,2135,14135,EC03,Hajipur Junction 3,18:54,18:01,13,2,1792,25
7136,2136,14136,EC02,Bhubaneswar Junction 2,21:05,21:20,9,3,1866,26
7137,2137,14137,NR01,New Delhi Junction 1,00:16,00:23,10,4,1784,27
7138,2138,14138,NR08,New Delhi Junction 8,03:27,03:30,2,5,362,28
7139,2139,14139,NC07,Prayagraj Junction 7,06:38,06:50,8,6,616,29
7140,2140,14140,NE06,Gorakhpur Junction 6,09:49,09:01,2,7,381,30
7141,2141,14141,NF05,Guwahati Junction 5,12:00,12:08,14,1,1647,1
7142,2142,14142,NW04,Jaipur Junction 4,15:11,15:22,11,2,687,2
7143,2143,14143,SC03,Secunderabad Junction 3,18:22,18:30,14,3,1605,3
7144,2144,14144,SE02,Bilaspur Junction 2,21:33,21:43,3,4,1612,4
7145,2145,14145,SE01,Kolkata Junction 1,00:44,00:51,7,5,1482,5
7146,2146,14146,SE08,Kolkata Junction 8,03:55,03:02,10,6,27,6
7147,2147,14147,SW07,Hubballi Junction 7,06:06,06:10,9,7,2106,7
7148,2148,14148,SR06,Chennai Junction 6,09:17,09:29,7,1,2131,8
7149,2149,14149,WC05,Jabalpur Junction 5,12:28,12:33,14,2,887,9
7150,2150,14150,WR04,Mumbai Junction 4,15:39,15:42,2,3,2157,10
7151,2151,14151,CR03,Mumbai Junction 3,18:50,18:00,4,4,2182,11
7152,2152,14152,ER02,Kolkata Junction 2,21:01,21:03,6,5,1647,12
7153,2153,14153,EC01,Hajipur Junction 1,00:12,00:14,14,6,1491,13
7154,2154,14154,EC08,Hajipur Junction 8,03:23,03:38,13,7,1814,14
7155,2155,14155,EC07,Bhubaneswar Junction 7,06:34,06:39,4,1,532,15
7156,2156,14156,NR06,New Delhi Junction 6,09:45,09:49,11,2,129,16
7157,2157,14157,NC05,Prayagraj Junction 5,12:56,12:03,10,3,1185,17
7158,2158,14158,NE04,Gorakhpur Junction 4,15:07,15:15,5,4,240,18
7159,2159,14159,NF03,Guwahati Junction 3,18:18,18:33,8,5,1308,19
7160,2160,14160,NW02,Jaipur Junction 2,21:29,21:38,7,6,1590,20
7161,2161,14161,SC01,Secunderabad Junction 1,00:40,00:47,7,7,1767,21
7162,2162,14162,SC08,Secunderabad Junction 8,03:51,03:57,11,1,1464,22
7163,2163,14163,SE07,Bilaspur Junction 7,06:02,06:04,11,2,1762,23
7164,2164,14164,SE06,Kolkata Junction 6,09:13,09:18,14,3,43,24
7165,2165,14165,SW05,Hubballi Junction 5,12:24,12:28,15,4,1882,25
7166,2166,14166,SR04,Chennai Junction 4,15:35,15:47,10,5,442,26
7167,2167,14167,WC03,Jabalpur Junction 3,18:46,18:54,9,6,197,27
7168,2168,14168,WR02,Mumbai Junction 2,21:57,21:07,3,7,277,28
7169,2169,14169,CR01,Mumbai Junction 1,00:08,00:12,4,1,180,29
7170,2170,14170,CR08,Mumbai Junction 8,03:19,03:34,13,2,1117,30
7171,2171,14171,ER07,Kolkata Junction 7,06:30,06:37,4,3,2087,1
7172,2172,14172,EC06,Hajipur Junction 6,09:41,09:54,12,4,1035,2
7173,2173,14173,EC05,Bhubaneswar Junction 5,12:52,12:54,10,5,1072,3
7174,2174,14174,NR04,New Delhi Junction 4,15:03,15:09,6,6,127,4
7175,2175,14175,NC03,Prayagraj Junction 3,18:14,18:28,4,7,1788,5
7176,2176,14176,NE02,Gorakhpur Junction 2,21:25,21:40,2,1,1371,6
7177,2177,14177,NF01,Guwahati Junction 1,00:36,00:38,13,2,1115,7
7178,2178,14178,NF08,Guwahati Junction 8,03:47,03:49,12,3,1684,8
7179,2179,14179,NW07,Jaipur Junction 7,06:58,06:12,8,4,2052,9
7180,2180,14180,SC06,Secunderabad Junction 6,09:09,09:20,9,5,788,10
7181,2181,14181,SE05,Bilaspur Junction 5,12:20,12:26,10,6,1626,11
7182,2182,14182,SE04,Kolkata Junction 4,15:31,15:33,7,7,100,12
7183,2183,14183,SW03,Hubballi Junction 3,18:42,18:49,13,1,1519,13
7184,2184,14184,SR02,Chennai Junction 2,21:53,21:56,12,2,30,14
7185,2185,14185,WC01,Jabalpur Junction 1,00:04,00:06,14,3,71,15
7186,2186,14186,WC08,Jabalpur Junction 8,03:15,03:20,3,4,1281,16
7187,2187,14187,WR07,Mumbai Junction 7,06:26,06:35,13,5,2171,17
7188,2188,14188,CR06,Mumbai Junction 6,09:37,09:49,8,6,102,18
7189,2189,14189,ER05,Kolkata Junction 5,12:48,12:02,9,7,478,19
7190,2190,14190,EC04,Hajipur Junction 4,15:59,15:08,7,1,770,20
7191,2191,14191,EC03,Bhubaneswar Junction 3,18:10,18:18,12,2,360,21
7192,2192,14192,NR02,New Delhi Junction 2,21:21,21:36,2,3,323,22
7193,2193,14193,NC01,Prayagraj Junction 1,00:32,00:43,4,4,1710,23
7194,2194,14194,NC08,Prayagraj Junction 8,03:43,03:55,8,5,999,24
7195,2195,14195,NE07,Gorakhpur Junction 7,06:54,06:09,13,6,1390,25
7196,2196,14196,NF06,Guwahati Junction 6,09:05,09:08,10,7,87,26
7197,2197,14197,NW05,Jaipur Junction 5,12:16,12:21,11,1,896,27
7198,2198,14198,SC04,Secunderabad Junction 4,15:27,15:42,15,2,208,28
7199,2199,14199,SE03,Bilaspur Junction 3,18:38,18:52,14,3,233,29
7200,2200,14200,SE02,Kolkata Junction 2,21:49,21:56,15,4,36,30
7201,2201,14201,SW01,Hubballi Junction 1,00:00,00:02,9,5,2096,1
7202,2202,14202,SW08,Hubballi Junction 8,03:11,03:16,12,6,1525,2
7203,2203,14203,SR07,Chennai Junction 7,06:22,06:26,6,7,1373,3
7204,2204,14204,WC06,Jabalpur Junction 6,09:33,09:41,5,1,441,4
7205,2205,14205,WR05,Mumbai Junction 5,12:44,12:53,13,2,908,5
7206,2206,14206,CR04,Mumbai Junction 4,15:55,15:09,11,3,887,6
7207,2207,14207,ER03,Kolkata Junction 3,18:06,18:17,8,4,1664,7
7208,2208,14208,EC02,Hajipur Junction 2,21:17,21:32,13,5,312,8
7209,2209,14209,EC01,Bhubaneswar Junction 1,00:28,00:31,13,6,1863,9
7210,2210,14210,EC08,Bhubaneswar Junction 8,03:39,03:48,5,7,1937,10
7211,2211,14211,NR07,New Delhi Junction 7,06:50,06:58,6,1,805,11
7212,2212,14212,NC06,Prayagraj Junction 6,09:01,09:07,5,2,716,12
7213,2213,14213,NE05,Gorakhpur Junction 5,12:12,12:23,2,3,798,13
7214,2214,14214,NF04,Guwahati Junction 4,15:23,15:27,11,4,2188,14
7215,2215,14215,NW03,Jaipur Junction 3,18:34,18:47,5,5,1128,15
7216,2216,14216,SC02,Secunderabad Junction 2,21:45,21:47,7,6,612,16
7217,2217,14217,SE01,Bilaspur Junction 1,00:56,00:05,7,7,1501,17
7218,2218,14218,SE08,Bilaspur Junction 8,03:07,03:16,15,1,150,18
7219,2219,14219,SE07,Kolkata Junction 7,06:18,06:33,13,2,1568,19
7220,2220,14220,SW06,Hubballi Junction 6,09:29,09:42,2,3,468,20
7221,2221,14221,SR05,Chennai Junction 5,12:40,12:42,13,4,780,21
7222,2222,14222,WC04,Jabalpur Junction 4,15:51,15:58,10,5,930,22
7223,2223,14223,WR03,Mumbai Junction 3,18:02,18:12,15,6,730,23
7224,2224,14224,CR02,Mumbai Junction 2,21:13,21:27,9,7,825,24
7225,2225,14225,ER01,Kolkata Junction 1,00:24,00:38,8,1,281,25
7226,2226,14226,ER08,Kolkata Junction 8,03:35,03:41,13,2,1133,26
7227,2227,14227,EC07,Hajipur Junction 7,06:46,06:55,11,3,427,27
7228,2228,14228,EC06,Bhubaneswar Junction 6,09:57,09:00,8,4,2023,28
7229,2229,14229,NR05,New Delhi Junction 5,12:08,12:11,12,5,2154,29
7230,2230,14230,NC04,Prayagraj Junction 4,15:19,15:22,3,6,1911,30
7231,2231,14231,NE03,Gorakhpur Junction 3,18:30,18:33,12,7,1753,1
7232,2232,14232,NF02,Guwahati Junction 2,21:41,21:47,6,1,1147,2
7233,2233,14233,NW01,Jaipur Junction 1,00:52,00:01,14,2,1303,3
7234,2234,14234,NW08,Jaipur Junction 8,03:03,03:18,5,3,618,4
7235,2235,14235,SC07,Secunderabad Junction 7,06:14,06:19,11,4,73,5
7236,2236,14236,SE06,Bilaspur Junction 6,09:25,09:39,12,5,2173,6
7237,2237,14237,SE05,Kolkata Junction 5,12:36,12:51,2,6,1644,7
7238,2238,14238,SW04,Hubballi Junction 4,15:47,15:56,12,7,1922,8
7239,2239,14239,SR03,Chennai Junction 3,18:58,18:08,2,1,1902,9
7240,2240,14240,WC02,Jabalpur Junction 2,21:09,21:17,8,2,1285,10
7241,2241,14241,WR01,Mumbai Junction 1,00:20,00:34,9,3,456,11
7242,2242,14242,WR08,Mumbai Junction 8,03:31,03:43,10,4,144,12
7243,2243,14243,CR07,Mumbai Junction 7,06:42,06:51,12,5,1945,13
7244,2244,14244,ER06,Kolkata Junction 6,09:53,09:58,9,6,1813,14
7245,2245,14245,EC05,Hajipur Junction 5,12:04,12:14,7,7,405,15
7246,2246,14246,EC04,Bhubaneswar Junction 4,15:15,15:17,11,1,2120,16
7247,2247,14247,NR03,New Delhi Junction 3,18:26,18:36,12,2,1489,17
7248,2248,14248,NC02,Prayagraj Junction 2,21:37,21:43,9,3,594,18
7249,2249,14249,NE01,Gorakhpur Junction 1,00:48,00:53,10,4,1421,19
7250,2250,14250,NE08,Gorakhpur Junction 8,03:59,03:14,5,5,638,20
7251,2251,14251,NF07,Guwahati Junction 7,06:10,06:14,15,6,1719,21
7252,2252,14252,NW06,Jaipur Junction 6,09:21,09:27,15,7,1549,22
7253,2253,14253,SC05,Secunderabad Junction 5,12:32,12:40,7,1,1252,23
7254,2254,14254,SE04,Bilaspur Junction 4,15:43,15:46,4,2,2059,24
7255,2255,14255,SE03,Kolkata Junction 3,18:54,18:58,4,3,1891,25
7256,2256,14256,SW02,Hubballi Junction 2,21:05,21:20,13,4,227,26
7257,2257,14257,SR01,Chennai Junction 1,00:16,00:29,5,5,24,27
7258,2258,14258,SR08,Chennai Junction 8,03:27,03:41,5,6,1448,28
7259,2259,14259,WC07,Jabalpur Junction 7,06:38,06:41,4,7,1937,29
7260,2260,14260,WR06,Mumbai Junction 6,09:49,09:59,15,1,396,30
7261,2261,14261,CR05,Mumbai Junction 5,12:00,12:14,14,2,2033,1
7262,2262,14262,ER04,Kolkata Junction 4,15:11,15:13,3,3,1165,2
7263,2263,14263,EC03,Hajipur Junction 3,18:22,18:25,2,4,1785,3
7264,2264,14264,EC02,Bhubaneswar Junction 2,21:33,21:44,13,5,2058,4
7265,2265,14265,NR01,New Delhi Junction 1,00:44,00:47,13,6,96,5
7266,2266,14266,NR08,New Delhi Junction 8,03:55,03:02,6,7,521,6
7267,2267,14267,NC07,Prayagraj Junction 7,06:06,06:18,3,1,1780,7
7268,2268,14268,NE06,Gorakhpur Junction 6,09:17,09:31,11,2,178,8
7269,2269,14269,NF05,Guwahati Junction 5,12:28,12:38,10,3,820,9
7270,2270,14270,NW04,Jaipur Junction 4,15:39,15:46,8,4,2190,10
7271,2271,14271,SC03,Secunderabad Junction 3,18:50,18:52,9,5,697,11
7272,2272,14272,SE02,Bilaspur Junction 2,21:01,21:10,2,6,2019,12
7273,2273,14273,SE01,Kolkata Junction 1,00:12,00:20,15,7,339,13
7274,2274,14274,SE08,Kolkata Junction 8,03:23,03:33,11,1,1751,14
7275,2275,14275,SW07,Hubballi Junction 7,06:34,06:36,10,2,325,15
7276,2276,14276,SR06,Chennai Junction 6,09:45,09:52,2,3,126,16
7277,2277,14277,WC05,Jabalpur Junction 5,12:56,12:08,12,4,1969,17
7278,2278,14278,WR04,Mumbai Junction 4,15:07,15:18,10,5,256,18
7279,2279,14279,CR03,Mumbai Junction 3,18:18,18:30,5,6,234,19
7280,2280,14280,ER02,Kolkata Junction 2,21:29,21:41,10,7,329,20
7281,2281,14281,EC01,Hajipur Junction 1,00:40,00:49,11,1,1097,21
7282,2282,14282,EC08,Hajipur Junction 8,03:51,03:03,9,2,777,22
7283,2283,14283,EC07,Bhubaneswar Junction 7,06:02,06:07,5,3,1780,23
7284,2284,14284,NR06,New Delhi Junction 6,09:13,09:20,12,4,790,24
7285,2285,14285,NC05,Prayagraj Junction 5,12:24,12:33,10,5,1050,25
7286,2286,14286,NE04,Gorakhpur Junction 4,15:35,15:47,14,6,1895,26
7287,2287,14287,NF03,Guwahati Junction 3,18:46,18:00,2,7,1670,27
7288,2288,14288,NW02,Jaipur Junction 2,21:57,21:09,7,1,691,28
7289,2289,14289,SC01,Secunderabad Junction 1,00:08,00:10,13,2,1848,29
7290,2290,14290,SC08,Secunderabad Junction 8,03:19,03:22,10,3,1212,30
7291,2291,14291,SE07,Bilaspur Junction 7,06:30,06:34,9,4,1785,1
7292,2292,14292,SE06,Kolkata Junction 6,09:41,09:47,12,5,2134,2
7293,2293,14293,SW05,Hubballi Junction 5,12:52,12:00,3,6,654,3
7294,2294,14294,SR04,Chennai Junction 4,15:03,15:06,6,7,1417,4
7295,2295,14295,WC03,Jabalpur Junction 3,18:14,18:18,9,1,2195,5
7296,2296,14296,WR02,Mumbai Junction 2,21:25,21:30,14,2,669,6
7297,2297,14297,CR01,Mumbai Junction 1,00:36,00:46,4,3,589,7
7298,2298,14298,CR08,Mumbai Junction 8,03:47,03:01,10,4,1252,8
7299,2299,14299,ER07,Kolkata Junction 7,06:58,06:07,5,5,2044,9
7300,2300,14300,EC06,Hajipur Junction 6,09:09,09:16,2,6,1994,10
7301,2301,14301,EC05,Bhubaneswar Junction 5,12:20,12:22,14,7,585,11
7302,2302,14302,NR04,New Delhi Junction 4,15:31,15:33,5,1,1439,12
7303,2303,14303,NC03,Prayagraj Junction 3,18:42,18:51,4,2,660,13
7304,2304,14304,NE02,Gorakhpur Junction 2,21:53,21:57,11,3,1901,14
7305,2305,14305,NF01,Guwahati Junction 1,00:04,00:09,14,4,897,15
7306,2306,14306,NF08,Guwahati Junction 8,03:15,03:18,6,5,1922,16
7307,2307,14307,NW07,Jaipur Junction 7,06:26,06:39,12,6,877,17
7308,2308,14308,SC06,Secunderabad Junction 6,09:37,09:49,11,7,1741,18
7309,2309,14309,SE05,Bilaspur Junction 5,12:48,12:57,9,1,2126,19
7310,2310,14310,SE04,Kolkata Junction 4,15:59,15:14,9,2,440,20
7311,2311,14311,SW03,Hubballi Junction 3,18:10,18:17,9,3,1489,21
7312,2312,14312,SR02,Chennai Junction 2,21:21,21:27,2,4,1809,22
7313,2313,14313,WC01,Jabalpur Junction 1,00:32,00:47,3,5,700,23
7314,2314,14314,WC08,Jabalpur Junction 8,03:43,03:51,12,6,1701,24
7315,2315,14315,WR07,Mumbai Junction 7,06:54,06:00,6,7,891,25
7316,2316,14316,CR06,Mumbai Junction 6,09:05,09:10,8,1,577,26
7317,2317,14317,ER05,Kolkata Junction 5,12:16,12:18,11,2,1731,27
7318,2318,14318,EC04,Hajipur Junction 4,15:27,15:33,7,3,885,28
7319,2319,14319,EC03,Bhubaneswar Junction 3,18:38,18:40,9,4,1008,29
7320,2320,14320,NR02,New Delhi Junction 2,21:49,21:04,7,5,1747,30
7321,2321,14321,NC01,Prayagraj Junction 1,00:00,00:07,4,6,767,1
7322,2322,14322,NC08,Prayagraj Junction 8,03:11,03:25,5,7,1858,2
7323,2323,14323,NE07,Gorakhpur Junction 7,06:22,06:33,12,1,1655,3
7324,2324,14324,NF06,Guwahati Junction 6,09:33,09:42,10,2,153,4
7325,2325,14325,NW05,Jaipur Junction 5,12:44,12:55,11,3,228,5
7326,2326,14326,SC04,Secunderabad Junction 4,15:55,15:04,9,4,681,6
7327,2327,14327,SE03,Bilaspur Junction 3,18:06,18:08,2,5,458,7
7328,2328,14328,SE02,Kolkata Junction 2,21:17,21:22,4,6,1332,8
7329,2329,14329,SW01,Hubballi Junction 1,00:28,00:35,3,7,184,9
7330,2330,14330,SW08,Hubballi Junction 8,03:39,03:50,15,1,1803,10
7331,2331,14331,SR07,Chennai Junction 7,06:50,06:02,6,2,1548,11
7332,2332,14332,WC06,Jabalpur Junction 6,09:01,09:04,4,3,307,12
7333,2333,14333,WR05,Mumbai Junction 5,12:12,12:16,7,4,96,13
7334,2334,14334,CR04,Mumbai Junction 4,15:23,15:36,12,5,1395,14
7335,2335,14335,ER03,Kolkata Junction 3,18:34,18:38,14,6,14,15
7336,2336,14336,EC02,Hajipur Junction 2,21:45,21:00,12,7,445,16
7337,2337,14337,EC01,Bhubaneswar Junction 1,00:56,00:00,11,1,1777,17
7338,2338,14338,EC08,Bhubaneswar Junction 8,03:07,03:15,2,2,1085,18
7339,2339,14339,NR07,New Delhi Junction 7,06:18,06:26,6,3,1986,19
7340,2340,14340,NC06,Prayagraj Junction 6,09:29,09:35,5,4,1487,20
7341,2341,14341,NE05,Gorakhpur Junction 5,12:40,12:50,10,5,1108,21
7342,2342,14342,NF04,Guwahati Junction 4,15:51,15:57,5,6,260,22
7343,2343,14343,NW03,Jaipur Junction 3,18:02,18:06,10,7,893,23
7344,2344,14344,SC02,Secunderabad Junction 2,21:13,21:25,13,1,1228,24
7345,2345,14345,SE01,Bilaspur Junction 1,00:24,00:27,2,2,502,25
7346,2346,14346,SE08,Bilaspur Junction 8,03:35,03:40,3,3,1712,26
7347,2347,14347,SE07,Kolkata Junction 7,06:46,06:53,12,4,459,27
7348,2348,14348,SW06,Hubballi Junction 6,09:57,09:59,3,5,1034,28
7349,2349,14349,SR05,Chennai Junction 5,12:08,12:16,8,6,2110,29
7350,2350,14350,WC04,Jabalpur Junction 4,15:19,15:30,12,7,274,30
7351,2351,14351,WR03,Mumbai Junction 3,18:30,18:38,10,1,1286,1
7352,2352,14352,CR02,Mumbai Junction 2,21:41,21:56,8,2,817,2
7353,2353,14353,ER01,Kolkata Junction 1,00:52,00:07,6,3,1254,3
7354,2354,14354,ER08,Kolkata Junction 8,03:03,03:05,4,4,126,4
7355,2355,14355,EC07,Hajipur Junction 7,06:14,06:21,15,5,156,5
7356,2356,14356,EC06,Bhubaneswar Junction 6,09:25,09:40,14,6,12,6
7357,2357,14357,NR05,New Delhi Junction 5,12:36,12:38,14,7,1287,7
7358,2358,14358,NC04,Prayagraj Junction 4,15:47,15:51,15,1,1234,8
7359,2359,14359,NE03,Gorakhpur Junction 3,18:58,18:08,11,2,443,9
7360,2360,14360,NF02,Guwahati Junction 2,21:09,21:16,3,3,1163,10
7361,2361,14361,NW01,Jaipur Junction 1,00:20,00:35,10,4,1522,11
7362,2362,14362,NW08,Jaipur Junction 8,03:31,03:35,9,5,2187,12
7363,2363,14363,SC07,Secunderabad Junction 7,06:42,06:45,4,6,1583,13
7364,2364,14364,SE06,Bilaspur Junction 6,09:53,09:55,4,7,2077,14
7365,2365,14365,SE05,Kolkata Junction 5,12:04,12:06,8,1,725,15
7366,2366,14366,SW04,Hubballi Junction 4,15:15,15:22,5,2,606,16
7367,2367,14367,SR03,Chennai Junction 3,18:26,18:38,2,3,285,17
7368,2368,14368,WC02,Jabalpur Junction 2,21:37,21:42,13,4,865,18
7369,2369,14369,WR01,Mumbai Junction 1,00:48,00:50,9,5,1380,19
7370,2370,14370,WR08,Mumbai Junction 8,03:59,03:07,3,6,1933,20
7371,2371,14371,CR07,Mumbai Junction 7,06:10,06:24,14,7,2120,21
7372,2372,14372,ER06,Kolkata Junction 6,09:21,09:27,7,1,2111,22
7373,2373,14373,EC05,Hajipur Junction 5,12:32,12:40,14,2,1424,23
7374,2374,14374,EC04,Bhubaneswar Junction 4,15:43,15:57,2,3,1553,24
7375,2375,14375,NR03,New Delhi Junction 3,18:54,18:07,4,4,1617,25
7376,2376,14376,NC02,Prayagraj Junction 2,21:05,21:09,14,5,1999,26
7377,2377,14377,NE01,Gorakhpur Junction 1,00:16,00:18,9,6,841,27
7378,2378,14378,NE08,Gorakhpur Junction 8,03:27,03:41,6,7,1585,28
7379,2379,14379,NF07,Guwahati Junction 7,06:38,06:41,4,1,2167,29
7380,2380,14380,NW06,Jaipur Junction 6,09:49,09:56,12,2,2129,30
7381,2381,14381,SC05,Secunderabad Junction 5,12:00,12:15,2,3,511,1
7382,2382,14382,SE04,Bilaspur Junction 4,15:11,15:23,14,4,2153,2
7383,2383,14383,SE03,Kolkata Junction 3,18:22,18:34,3,5,1633,3
7384,2384,14384,SW02,Hubballi Junction 2,21:33,21:38,13,6,1203,4
7385,2385,14385,SR01,Chennai Junction 1,00:44,00:48,13,7,2175,5
7386,2386,14386,SR08,Chennai Junction 8,03:55,03:04,13,1,131,6
7387,2387,14387,WC07,Jabalpur Junction 7,06:06,06:11,3,2,624,7
7388,2388,14388,WR06,Mumbai Junction 6,09:17,09:24,8,3,709,8
7389,2389,14389,CR05,Mumbai Junction 5,12:28,12:37,5,4,765,9
7390,2390,14390,ER04,Kolkata Junction 4,15:39,15:52,9,5,59,10
7391,2391,14391,EC03,Hajipur Junction 3,18:50,18:56,13,6,396,11
7392,2392,14392,EC02,Bhubaneswar Junction 2,21:01,21:15,6,7,1386,12
7393,2393,14393,NR01,New Delhi Junction 1,00:12,00:20,10,1,1754,13
7394,2394,14394,NR08,New Delhi Junction 8,03:23,03:27,6,2,1250,14
7395,2395,14395,NC07,Prayagraj Junction 7,06:34,06:39,7,3,1948,15
7396,2396,14396,NE06,Gorakhpur Junction 6,09:45,09:50,4,4,1283,16
7397,2397,14397,NF05,Guwahati Junction 5,12:56,12:59,2,5,1913,17
7398,2398,14398,NW04,Jaipur Junction 4,15:07,15:12,3,6,1443,18
7399,2399,14399,SC03,Secunderabad Junction 3,18:18,18:26,8,7,964,19
7400,2400,14400,SE02,Bilaspur Junction 2,21:29,21:33,14,1,2,20
7401,2401,14401,SE01,Kolkata Junction 1,00:40,00:48,5,2,1411,21
7402,2402,14402,SE08,Kolkata Junction 8,03:51,03:00,7,3,1176,22
7403,2403,14403,SW07,Hubballi Junction 7,06:02,06:07,3,4,1991,23
7404,2404,14404,SR06,Chennai Junction 6,09:13,09:23,11,5,2197,24
7405,2405,14405,WC05,Jabalpur Junction 5,12:24,12:38,10,6,1743,25
7406,2406,14406,WR04,Mumbai Junction 4,15:35,15:44,5,7,1369,26
7407,2407,14407,CR03,Mumbai Junction 3,18:46,18:00,14,1,1111,27
7408,2408,14408,ER02,Kolkata Junction 2,21:57,21:12,4,2,90,28
7409,2409,14409,EC01,Hajipur Junction 1,00:08,00:15,4,3,2106,29
7410,2410,14410,EC08,Hajipur Junction 8,03:19,03:22,9,4,1699,30
7411,2411,14411,EC07,Bhubaneswar Junction 7,06:30,06:33,2,5,1217,1
7412,2412,14412,NR06,New Delhi Junction 6,09:41,09:55,2,6,45,2
7413,2413,14413,NC05,Prayagraj Junction 5,12:52,12:06,10,7,1543,3
7414,2414,14414,NE04,Gorakhpur Junction 4,15:03,15:08,6,1,1035,4
7415,2415,14415,NF03,Guwahati Junction 3,18:14,18:18,8,2,2098,5
7416,2416,14416,NW02,Jaipur Junction 2,21:25,21:37,14,3,1092,6
7417,2417,14417,SC01,Secunderabad Junction 1,00:36,00:49,7,4,1358,7
7418,2418,14418,SC08,Secunderabad Junction 8,03:47,03:59,13,5,2036,8
7419,2419,14419,SE07,Bilaspur Junction 7,06:58,06:01,13,6,1561,9
7420,2420,14420,SE06,Kolkata Junction 6,09:09,09:21,2,7,1072,10
7421,2421,14421,SW05,Hubballi Junction 5,12:20,12:35,14,1,507,11
7422,2422,14422,SR04,Chennai Junction 4,15:31,15:39,14,2,2046,12
7423,2423,14423,WC03,Jabalpur Junction 3,18:42,18:48,13,3,1836,13
7424,2424,14424,WR02,Mumbai Junction 2,21:53,21:57,2,4,103,14
7425,2425,14425,CR01,Mumbai Junction 1,00:04,00:08,12,5,856,15
7426,2426,14426,CR08,Mumbai Junction 8,03:15,03:26,3,6,1324,16
7427,2427,14427,ER07,Kolkata Junction 7,06:26,06:38,15,7,702,17
7428,2428,14428,EC06,Hajipur Junction 6,09:37,09:46,8,1,765,18
7429,2429,14429,EC05,Bhubaneswar Junction 5,12:48,12:58,9,2,1832,19
7430,2430,14430,NR04,New Delhi Junction 4,15:59,15:01,5,3,1274,20
7431,2431,14431,NC03,Prayagraj Junction 3,18:10,18:20,14,4,1484,21
7432,2432,14432,NE02,Gorakhpur Junction 2,21:21,21:23,8,5,1859,22
7433,2433,14433,NF01,Guwahati Junction 1,00:32,00:46,13,6,1050,23
7434,2434,14434,NF08,Guwahati Junction 8,03:43,03:46,4,7,1863,24
7435,2435,14435,NW07,Jaipur Junction 7,06:54,06:00,12,1,79,25
7436,2436,14436,SC06,Secunderabad Junction 6,09:05,09:13,15,2,539,26
7437,2437,14437,SE05,Bilaspur Junction 5,12:16,12:18,6,3,138,27
7438,2438,14438,SE04,Kolkata Junction 4,15:27,15:37,4,4,541,28
7439,2439,14439,SW03,Hubballi Junction 3,18:38,18:48,6,5,1431,29
7440,2440,14440,SR02,Chennai Junction 2,21:49,21:04,15,6,1604,30
7441,2441,14441,WC01,Jabalpur Junction 1,00:00,00:15,12,7,149,1
7442,2442,14442,WC08,Jabalpur Junction 8,03:11,03:26,9,1,12,2
7443,2443,14443,WR07,Mumbai Junction 7,06:22,06:32,5,2,1175,3
7444,2444,14444,CR06,Mumbai Junction 6,09:33,09:44,2,3,964,4
7445,2445,14445,ER05,Kolkata Junction 5,12:44,12:46,3,4,464,5
7446,2446,14446,EC04,Hajipur Junction 4,15:55,15:07,7,5,103,6
7447,2447,14447,EC03,Bhubaneswar Junction 3,18:06,18:18,9,6,311,7
7448,2448,14448,NR02,New Delhi Junction 2,21:17,21:26,5,7,1399,8
7449,2449,14449,NC01,Prayagraj Junction 1,00:28,00:43,6,1,1639,9
7450,2450,14450,NC08,Prayagraj Junction 8,03:39,03:41,7,2,1955,10
7451,2451,14451,NE07,Gorakhpur Junction 7,06:50,06:53,15,3,206,11
7452,2452,14452,NF06,Guwahati Junction 6,09:01,09:09,4,4,45,12
7453,2453,14453,NW05,Jaipur Junction 5,12:12,12:18,10,5,1589,13
7454,2454,14454,SC04,Secunderabad Junction 4,15:23,15:29,8,6,401,14
7455,2455,14455,SE03,Bilaspur Junction 3,18:34,18:46,4,7,1894,15
7456,2456,14456,SE02,Kolkata Junction 2,21:45,21:49,11,1,727,16
7457,2457,14457,SW01,Hubballi Junction 1,00:56,00:11,5,2,2087,17
7458,2458,14458,SW08,Hubballi Junction 8,03:07,03:20,8,3,1089,18
7459,2459,14459,SR07,Chennai Junction 7,06:18,06:24,7,4,1025,19
7460,2460,14460,WC06,Jabalpur Junction 6,09:29,09:33,6,5,1926,20
7461,2461,14461,WR05,Mumbai Junction 5,12:40,12:55,2,6,1611,21
7462,2462,14462,CR04,Mumbai Junction 4,15:51,15:56,11,7,1367,22
7463,2463,14463,ER03,Kolkata Junction 3,18:02,18:16,11,1,1811,23
7464,2464,14464,EC02,Hajipur Junction 2,21:13,21:26,11,2,902,24
7465,2465,14465,EC01,Bhubaneswar Junction 1,00:24,00:30,6,3,789,25
7466,2466,14466,EC08,Bhubaneswar Junction 8,03:35,03:41,6,4,1249,26
7467,2467,14467,NR07,New Delhi Junction 7,06:46,06:51,6,5,1559,27
7468,2468,14468,NC06,Prayagraj Junction 6,09:57,09:03,3,6,37,28
7469,2469,14469,NE05,Gorakhpur Junction 5,12:08,12:20,15,7,1501,29
7470,2470,14470,NF04,Guwahati Junction 4,15:19,15:21,9,1,595,30
7471,2471,14471,NW03,Jaipur Junction 3,18:30,18:36,14,2,1813,1
7472,2472,14472,SC02,Secunderabad Junction 2,21:41,21:53,9,3,1271,2
7473,2473,14473,SE01,Bilaspur Junction 1,00:52,00:06,11,4,1273,3
7474,2474,14474,SE08,Bilaspur Junction 8,03:03,03:06,15,5,1779,4
7475,2475,14475,SE07,Kolkata Junction 7,06:14,06:21,5,6,2129,5
7476,2476,14476,SW06,Hubballi Junction 6,09:25,09:40,7,7,509,6
7477,2477,14477,SR05,Chennai Junction 5,12:36,12:49,10,1,1980,7
7478,2478,14478,WC04,Jabalpur Junction 4,15:47,15:56,9,2,314,8
7479,2479,14479,WR03,Mumbai Junction 3,18:58,18:08,7,3,452,9
7480,2480,14480,CR02,Mumbai Junction 2,21:09,21:21,6,4,467,10
7481,2481,14481,ER01,Kolkata Junction 1,00:20,00:35,15,5,1088,11
7482,2482,14482,ER08,Kolkata Junction 8,03:31,03:37,4,6,1378,12
7483,2483,14483,EC07,Hajipur Junction 7,06:42,06:52,10,7,1689,13
7484,2484,14484,EC06,Bhubaneswar Junction 6,09:53,09:01,11,1,1441,14
7485,2485,14485,NR05,New Delhi Junction 5,12:04,12:17,12,2,79,15
7486,2486,14486,NC04,Prayagraj Junction 4,15:15,15:25,15,3,1231,16
7487,2487,14487,NE03,Gorakhpur Junction 3,18:26,18:35,10,4,1231,17
7488,2488,14488,NF02,Guwahati Junction 2,21:37,21:44,15,5,155,18
7489,2489,14489,NW01,Jaipur Junction 1,00:48,00:01,4,6,454,19
7490,2490,14490,NW08,Jaipur Junction 8,03:59,03:09,10,7,2039,20
7491,2491,14491,SC07,Secunderabad Junction 7,06:10,06:16,2,1,561,21
7492,2492,14492,SE06,Bilaspur Junction 6,09:21,09:30,7,2,554,22
7493,2493,14493,SE05,Kolkata Junction 5,12:32,12:46,9,3,1478,23
7494,2494,14494,SW04,Hubballi Junction 4,15:43,15:55,7,4,1617,24
7495,2495,14495,SR03,Chennai Junction 3,18:54,18:09,12,5,653,25
7496,2496,14496,WC02,Jabalpur Junction 2,21:05,21:17,5,6,159,26
7497,2497,14497,WR01,Mumbai Junction 1,00:16,00:24,9,7,1033,27
7498,2498,14498,WR08,Mumbai Junction 8,03:27,03:32,5,1,2026,28
7499,2499,14499,CR07,Mumbai Junction 7,06:38,06:44,12,2,566,29
7500,2500,14500,ER06,Kolkata Junction 6,09:49,09:52,2,3,535,30
7501,1,12001,EC05,Hajipur Junction 5,12:00,12:13,8,4,1529,1
7502,2,12002,EC04,Bhubaneswar Junction 4,15:11,15:26,2,5,241,2
7503,3,12003,NR03,New Delhi Junction 3,18:22,18:36,9,6,1359,3
7504,4,12004,NC02,Prayagraj Junction 2,21:33,21:39,13,7,1421,4
7505,5,12005,NE01,Gorakhpur Junction 1,00:44,00:49,11,1,8,5
7506,6,12006,NE08,Gorakhpur Junction 8,03:55,03:00,4,2,1728,6
7507,7,12007,NF07,Guwahati Junction 7,06:06,06:18,3,3,1994,7
7508,8,12008,NW06,Jaipur Junction 6,09:17,09:30,8,4,466,8
7509,9,12009,SC05,Secunderabad Junction 5,12:28,12:35,10,5,1386,9
7510,10,12010,SE04,Bilaspur Junction 4,15:39,15:45,3,6,1341,10
7511,11,12011,SE03,Kolkata Junction 3,18:50,18:01,5,7,1406,11
7512,12,12012,SW02,Hubballi Junction 2,21:01,21:10,9,1,18,12
7513,13,12013,SR01,Chennai Junction 1,00:12,00:18,7,2,1834,13
7514,14,12014,SR08,Chennai Junction 8,03:23,03:36,14,3,1018,14
7515,15,12015,WC07,Jabalpur Junction 7,06:34,06:40,8,4,1741,15
7516,16,12016,WR06,Mumbai Junction 6,09:45,09:55,10,5,955,16
7517,17,12017,CR05,Mumbai Junction 5,12:56,12:07,14,6,1469,17
7518,18,12018,ER04,Kolkata Junction 4,15:07,15:14,13,7,2073,18
7519,19,12019,EC03,Hajipur Junction 3,18:18,18:31,14,1,584,19
7520,20,12020,EC02,Bhubaneswar Junction 2,21:29,21:36,5,2,804,20
7521,21,12021,NR01,New Delhi Junction 1,00:40,00:52,11,3,7,21
7522,22,12022,NR08,New Delhi Junction 8,03:51,03:03,4,4,408,22
7523,23,12023,NC07,Prayagraj Junction 7,06:02,06:11,5,5,2118,23
7524,24,12024,NE06,Gorakhpur Junction 6,09:13,09:17,4,6,1673,24
7525,25,12025,NF05,Guwahati Junction 5,12:24,12:30,12,7,1499,25
7526,26,12026,NW04,Jaipur Junction 4,15:35,15:39,10,1,1181,26
7527,27,12027,SC03,Secunderabad Junction 3,18:46,18:49,12,2,1886,27
7528,28,12028,SE02,Bilaspur Junction 2,21:57,21:12,3,3,392,28
7529,29,12029,SE01,Kolkata Junction 1,00:08,00:21,6,4,1376,29
7530,30,12030,SE08,Kolkata Junction 8,03:19,03:25,5,5,1374,30
7531,31,12031,SW07,Hubballi Junction 7,06:30,06:34,3,6,1166,1
7532,32,12032,SR06,Chennai Junction 6,09:41,09:45,4,7,1716,2
7533,33,12033,WC05,Jabalpur Junction 5,12:52,12:01,9,1,315,3
7534,34,12034,WR04,Mumbai Junction 4,15:03,15:07,7,2,854,4
7535,35,12035,CR03,Mumbai Junction 3,18:14,18:22,3,3,1976,5
7536,36,12036,ER02,Kolkata Junction 2,21:25,21:32,13,4,880,6
7537,37,12037,EC01,Hajipur Junction 1,00:36,00:44,3,5,1488,7
7538,38,12038,EC08,Hajipur Junction 8,03:47,03:49,12,6,1939,8
7539,39,12039,EC07,Bhubaneswar Junction 7,06:58,06:05,14,7,1537,9
7540,40,12040,NR06,New Delhi Junction 6,09:09,09:11,4,1,1410,10
7541,41,12041,NC05,Prayagraj Junction 5,12:20,12:31,3,2,1506,11
7542,42,12042,NE04,Gorakhpur Junction 4,15:31,15:44,3,3,1935,12
7543,43,12043,NF03,Guwahati Junction 3,18:42,18:51,10,4,111,13
7544,44,12044,NW02,Jaipur Junction 2,21:53,21:03,8,5,817,14
7545,45,12045,SC01,Secunderabad Junction 1,00:04,00:16,5,6,131,15
7546,46,12046,SC08,Secunderabad Junction 8,03:15,03:23,12,7,294,16
7547,47,12047,SE07,Bilaspur Junction 7,06:26,06:41,11,1,2054,17
7548,48,12048,SE06,Kolkata Junction 6,09:37,09:45,3,2,390,18
7549,49,12049,SW05,Hubballi Junction 5,12:48,12:57,10,3,1615,19
7550,50,12050,SR04,Chennai Junction 4,15:59,15:12,12,4,1295,20
7551,51,12051,WC03,Jabalpur Junction 3,18:10,18:12,9,5,1802,21
7552,52,12052,WR02,Mumbai Junction 2,21:21,21:34,13,6,23,22
7553,53,12053,CR01,Mumbai Junction 1,00:32,00:40,10,7,544,23
7554,54,12054,CR08,Mumbai Junction 8,03:43,03:50,3,1,425,24
7555,55,12055,ER07,Kolkata Junction 7,06:54,06:56,15,2,1891,25
7556,56,12056,EC06,Hajipur Junction 6,09:05,09:12,2,3,737,26
7557,57,12057,EC05,Bhubaneswar Junction 5,12:16,12:24,4,4,1455,27
7558,58,12058,NR04,New Delhi Junction 4,15:27,15:42,13,5,1883,28
7559,59,12059,NC03,Prayagraj Junction 3,18:38,18:51,2,6,1213,29
7560,60,12060,NE02,Gorakhpur Junction 2,21:49,21:58,3,7,324,30
7561,61,12061,NF01,Guwahati Junction 1,00:00,00:09,12,1,460,1
7562,62,12062,NF08,Guwahati Junction 8,03:11,03:19,3,2,242,2
7563,63,12063,NW07,Jaipur Junction 7,06:22,06:32,9,3,1650,3
7564,64,12064,SC06,Secunderabad Junction 6,09:33,09:47,4,4,750,4
7565,65,12065,SE05,Bilaspur Junction 5,12:44,12:57,2,5,1822,5
7566,66,12066,SE04,Kolkata Junction 4,15:55,15:10,3,6,311,6
7567,67,12067,SW03,Hubballi Junction 3,18:06,18:17,8,7,2172,7
7568,68,12068,SR02,Chennai Junction 2,21:17,21:26,11,1,521,8
7569,69,12069,WC01,Jabalpur Junction 1,00:28,00:34,4,2,323,9
7570,70,12070,WC08,Jabalpur Junction 8,03:39,03:42,14,3,153,10
7571,71,12071,WR07,Mumbai Junction 7,06:50,06:59,9,4,122,11
7572,72,12072,CR06,Mumbai Junction 6,09:01,09:14,9,5,278,12
7573,73,12073,ER05,Kolkata Junction 5,12:12,12:15,11,6,1363,13
7574,74,12074,EC04,Hajipur Junction 4,15:23,15:30,7,7,77,14
7575,75,12075,EC03,Bhubaneswar Junction 3,18:34,18:36,9,1,800,15
7576,76,12076,NR02,New Delhi Junction 2,21:45,21:50,7,2,1331,16
7577,77,12077,NC01,Prayagraj Junction 1,00:56,00:02,6,3,622,17
7578,78,12078,NC08,Prayagraj Junction 8,03:07,03:18,2,4,2020,18
7579,79,12079,NE07,Gorakhpur Junction 7,06:18,06:27,5,5,1670,19
7580,80,12080,NF06,Guwahati Junction 6,09:29,09:44,2,6,449,20
7581,81,12081,NW05,Jaipur Junction 5,12:40,12:44,2,7,1625,21
7582,82,12082,SC04,Secunderabad Junction 4,15:51,15:55,7,1,1792,22
7583,83,12083,SE03,Bilaspur Junction 3,18:02,18:12,11,2,214,23
7584,84,12084,SE02,Kolkata Junction 2,21:13,21:28,3,3,1561,24
7585,85,12085,SW01,Hubballi Junction 1,00:24,00:34,7,4,1843,25
7586,86,12086,SW08,Hubballi Junction 8,03:35,03:49,2,5,2107,26
7587,87,12087,SR07,Chennai Junction 7,06:46,06:51,13,6,1805,27
7588,88,12088,WC06,Jabalpur Junction 6,09:57,09:06,14,7,1816,28
7589,89,12089,WR05,Mumbai Junction 5,12:08,12:17,4,1,956,29
7590,90,12090,CR04,Mumbai Junction 4,15:19,15:33,4,2,2199,30
7591,91,12091,ER03,Kolkata Junction 3,18:30,18:34,11,3,1410,1
7592,92,12092,EC02,Hajipur Junction 2,21:41,21:45,8,4,317,2
7593,93,12093,EC01,Bhubaneswar Junction 1,00:52,00:59,15,5,119,3
7594,94,12094,EC08,Bhubaneswar Junction 8,03:03,03:17,11,6,1647,4
7595,95,12095,NR07,New Delhi Junction 7,06:14,06:19,15,7,557,5
7596,96,12096,NC06,Prayagraj Junction 6,09:25,09:34,2,1,1953,6
7597,97,12097,NE05,Gorakhpur Junction 5,12:36,12:47,4,2,1456,7
7598,98,12098,NF04,Guwahati Junction 4,15:47,15:51,8,3,1127,8
7599,99,12099,NW03,Jaipur Junction 3,18:58,18:13,6,4,28,9
7600,100,12100,SC02,Secunderabad Junction 2,21:09,21:17,14,5,1756,10
7601,101,12101,SE01,Bilaspur Junction 1,00:20,00:22,2,6,1665,11
7602,102,12102,SE08,Bilaspur Junction 8,03:31,03:43,9,7,194,12
7603,103,12103,SE07,Kolkata Junction 7,06:42,06:47,13,1,306,13
7604,104,12104,SW06,Hubballi Junction 6,09:53,09:57,8,2,1616,14
7605,105,12105,SR05,Chennai Junction 5,12:04,12:17,10,3,1083,15
7606,106,12106,WC04,Jabalpur Junction 4,15:15,15:22,2,4,588,16
7607,107,12107,WR03,Mumbai Junction 3,18:26,18:31,2,5,1639,17
7608,108,12108,CR02,Mumbai Junction 2,21:37,21:43,9,6,441,18
7609,109,12109,ER01,Kolkata Junction 1,00:48,00:58,3,7,1491,19
7610,110,12110,ER08,Kolkata Junction 8,03:59,03:11,6,1,467,20
7611,111,12111,EC07,Hajipur Junction 7,06:10,06:22,5,2,392,21
7612,112,12112,EC06,Bhubaneswar Junction 6,09:21,09:27,15,3,1017,22
7613,113,12113,NR05,New Delhi Junction 5,12:32,12:37,9,4,766,23
7614,114,12114,NC04,Prayagraj Junction 4,15:43,15:54,8,5,1294,24
7615,115,12115,NE03,Gorakhpur Junction 3,18:54,18:02,8,6,983,25
7616,116,12116,NF02,Guwahati Junction 2,21:05,21:12,15,7,584,26
7617,117,12117,NW01,Jaipur Junction 1,00:16,00:29,11,1,1161,27
7618,118,12118,NW08,Jaipur Junction 8,03:27,03:33,8,2,1869,28
7619,119,12119,SC07,Secunderabad Junction 7,06:38,06:42,10,3,1682,29
7620,120,12120,SE06,Bilaspur Junction 6,09:49,09:59,4,4,1119,30
7621,121,12121,SE05,Kolkata Junction 5,12:00,12:04,14,5,773,1
7622,122,12122,SW04,Hubballi Junction 4,15:11,15:18,14,6,939,2
7623,123,12123,SR03,Chennai Junction 3,18:22,18:26,14,7,1425,3
7624,124,12124,WC02,Jabalpur Junction 2,21:33,21:43,3,1,988,4
7625,125,12125,WR01,Mumbai Junction 1,00:44,00:52,5,2,1241,5
7626,126,12126,WR08,Mumbai Junction 8,03:55,03:00,8,3,1763,6
7627,127,12127,CR07,Mumbai Junction 7,06:06,06:18,5,4,456,7
7628,128,12128,ER06,Kolkata Junction 6,09:17,09:19,6,5,42,8
7629,129,12129,EC05,Hajipur Junction 5,12:28,12:31,15,6,1882,9
7630,130,12130,EC04,Bhubaneswar Junction 4,15:39,15:48,12,7,1075,10
7631,131,12131,NR03,New Delhi Junction 3,18:50,18:00,14,1,172,11
7632,132,12132,NC02,Prayagraj Junction 2,21:01,21:07,3,2,1748,12
7633,133,12133,NE01,Gorakhpur Junction 1,00:12,00:25,12,3,1339,13
7634,134,12134,NE08,Gorakhpur Junction 8,03:23,03:31,2,4,1704,14
7635,135,12135,NF07,Guwahati Junction 7,06:34,06:48,15,5,752,15
7636,136,12136,NW06,Jaipur Junction 6,09:45,09:49,11,6,38,16
7637,137,12137,SC05,Secunderabad Junction 5,12:56,12:58,13,7,2105,17
7638,138,12138,SE04,Bilaspur Junction 4,15:07,15:14,9,1,1197,18
7639,139,12139,SE03,Kolkata Junction 3,18:18,18:21,5,2,656,19
7640,140,12140,SW02,Hubballi Junction 2,21:29,21:42,8,3,1586,20
7641,141,12141,SR01,Chennai Junction 1,00:40,00:44,15,4,1943,21
7642,142,12142,SR08,Chennai Junction 8,03:51,03:59,5,5,2148,22
7643,143,12143,WC07,Jabalpur Junction 7,06:02,06:15,9,6,588,23
7644,144,12144,WR06,Mumbai Junction 6,09:13,09:23,7,7,1483,24
7645,145,12145,CR05,Mumbai Junction 5,12:24,12:37,8,1,105,25
7646,146,12146,ER04,Kolkata Junction 4,15:35,15:44,14,2,491,26
7647,147,12147,EC03,Hajipur Junction 3,18:46,18:01,7,3,1505,27
7648,148,12148,EC02,Bhubaneswar Junction 2,21:57,21:08,4,4,85,28
7649,149,12149,NR01,New Delhi Junction 1,00:08,00:23,11,5,1388,29
7650,150,12150,NR08,New Delhi Junction 8,03:19,03:25,3,6,598,30
7651,151,12151,NC07,Prayagraj Junction 7,06:30,06:39,11,7,701,1
7652,152,12152,NE06,Gorakhpur Junction 6,09:41,09:46,5,1,2115,2
7653,153,12153,NF05,Guwahati Junction 5,12:52,12:02,15,2,13,3
7654,154,12154,NW04,Jaipur Junction 4,15:03,15:11,8,3,883,4
7655,155,12155,SC03,Secunderabad Junction 3,18:14,18:21,3,4,70,5
7656,156,12156,SE02,Bilaspur Junction 2,21:25,21:37,8,5,357,6
7657,157,12157,SE01,Kolkata Junction 1,00:36,00:42,15,6,1028,7
7658,158,12158,SE08,Kolkata Junction 8,03:47,03:02,4,7,269,8
7659,159,12159,SW07,Hubballi Junction 7,06:58,06:07,11,1,2158,9
7660,160,12160,SR06,Chennai Junction 6,09:09,09:17,4,2,1190,10
7661,161,12161,WC05,Jabalpur Junction 5,12:20,12:26,4,3,194,11
7662,162,12162,WR04,Mumbai Junction 4,15:31,15:43,10,4,366,12
7663,163,12163,CR03,Mumbai Junction 3,18:42,18:51,14,5,1799,13
7664,164,12164,ER02,Kolkata Junction 2,21:53,21:01,2,6,1396,14
7665,165,12165,EC01,Hajipur Junction 1,00:04,00:13,14,7,1217,15
7666,166,12166,EC08,Hajipur Junction 8,03:15,03:27,9,1,1189,16
7667,167,12167,EC07,Bhubaneswar Junction 7,06:26,06:32,7,2,651,17
7668,168,12168,NR06,New Delhi Junction 6,09:37,09:45,15,3,751,18
7669,169,12169,NC05,Prayagraj Junction 5,12:48,12:56,15,4,332,19
7670,170,12170,NE04,Gorakhpur Junction 4,15:59,15:04,8,5,900,20
7671,171,12171,NF03,Guwahati Junction 3,18:10,18:16,12,6,1097,21
7672,172,12172,NW02,Jaipur Junction 2,21:21,21:28,8,7,1950,22
7673,173,12173,SC01,Secunderabad Junction 1,00:32,00:47,5,1,88,23
7674,174,12174,SC08,Secunderabad Junction 8,03:43,03:45,8,2,1383,24
7675,175,12175,SE07,Bilaspur Junction 7,06:54,06:56,9,3,879,25
7676,176,12176,SE06,Kolkata Junction 6,09:05,09:20,10,4,930,26
7677,177,12177,SW05,Hubballi Junction 5,12:16,12:26,3,5,1045,27
7678,178,12178,SR04,Chennai Junction 4,15:27,15:33,4,6,865,28
7679,179,12179,WC03,Jabalpur Junction 3,18:38,18:48,10,7,2120,29
7680,180,12180,WR02,Mumbai Junction 2,21:49,21:54,11,1,1210,30
7681,181,12181,CR01,Mumbai Junction 1,00:00,00:14,14,2,1556,1
7682,182,12182,CR08,Mumbai Junction 8,03:11,03:18,9,3,1433,2
7683,183,12183,ER07,Kolkata Junction 7,06:22,06:35,5,4,1920,3
7684,184,12184,EC06,Hajipur Junction 6,09:33,09:46,3,5,593,4
7685,185,12185,EC05,Bhubaneswar Junction 5,12:44,12:49,10,6,458,5
7686,186,12186,NR04,New Delhi Junction 4,15:55,15:01,4,7,148,6
7687,187,12187,NC03,Prayagraj Junction 3,18:06,18:14,6,1,1109,7
7688,188,12188,NE02,Gorakhpur Junction 2,21:17,21:21,6,2,1963,8
7689,189,12189,NF01,Guwahati Junction 1,00:28,00:41,5,3,355,9
7690,190,12190,NF08,Guwahati Junction 8,03:39,03:54,11,4,1083,10
7691,191,12191,NW07,Jaipur Junction 7,06:50,06:01,5,5,941,11
7692,192,12192,SC06,Secunderabad Junction 6,09:01,09:08,12,6,403,12
7693,193,12193,SE05,Bilaspur Junction 5,12:12,12:20,13,7,431,13
7694,194,12194,SE04,Kolkata Junction 4,15:23,15:26,13,1,1921,14
7695,195,12195,SW03,Hubballi Junction 3,18:34,18:42,2,2,1189,15
7696,196,12196,SR02,Chennai Junction 2,21:45,21:51,10,3,307,16
7697,197,12197,WC01,Jabalpur Junction 1,00:56,00:09,11,4,1419,17
7698,198,12198,WC08,Jabalpur Junction 8,03:07,03:16,5,5,2066,18
7699,199,12199,WR07,Mumbai Junction 7,06:18,06:23,7,6,2037,19
7700,200,12200,CR06,Mumbai Junction 6,09:29,09:31,3,7,1675,20
7701,201,12201,ER05,Kolkata Junction 5,12:40,12:47,10,1,1277,21
7702,202,12202,EC04,Hajipur Junction 4,15:51,15:04,10,2,937,22
7703,203,12203,EC03,Bhubaneswar Junction 3,18:02,18:11,12,3,834,23
7704,204,12204,NR02,New Delhi Junction 2,21:13,21:17,8,4,2198,24
7705,205,12205,NC01,Prayagraj Junction 1,00:24,00:27,4,5,2189,25
7706,206,12206,NC08,Prayagraj Junction 8,03:35,03:48,3,6,467,26
7707,207,12207,NE07,Gorakhpur Junction 7,06:46,06:57,12,7,1614,27
7708,208,12208,NF06,Guwahati Junction 6,09:57,09:11,9,1,1928,28
7709,209,12209,NW05,Jaipur Junction 5,12:08,12:18,8,2,1400,29
7710,210,12210,SC04,Secunderabad Junction 4,15:19,15:27,10,3,1834,30
7711,211,12211,SE03,Bilaspur Junction 3,18:30,18:45,10,4,12,1
7712,212,12212,SE02,Kolkata Junction 2,21:41,21:51,5,5,519,2
7713,213,12213,SW01,Hubballi Junction 1,00:52,00:06,8,6,1738,3
7714,214,12214,SW08,Hubballi Junction 8,03:03,03:10,10,7,1463,4
7715,215,12215,SR07,Chennai Junction 7,06:14,06:28,4,1,1234,5
7716,216,12216,WC06,Jabalpur Junction 6,09:25,09:32,8,2,1867,6
7717,217,12217,WR05,Mumbai Junction 5,12:36,12:39,9,3,853,7
7718,218,12218,CR04,Mumbai Junction 4,15:47,15:01,5,4,511,8
7719,219,12219,ER03,Kolkata Junction 3,18:58,18:01,8,5,23,9
7720,220,12220,EC02,Hajipur Junction 2,21:09,21:18,5,6,881,10
7721,221,12221,EC01,Bhubaneswar Junction 1,00:20,00:30,11,7,134,11
7722,222,12222,EC08,Bhubaneswar Junction 8,03:31,03:35,6,1,1142,12
7723,223,12223,NR07,New Delhi Junction 7,06:42,06:56,3,2,149,13
7724,224,12224,NC06,Prayagraj Junction 6,09:53,09:03,15,3,1826,14
7725,225,12225,NE05,Gorakhpur Junction 5,12:04,12:13,2,4,1267,15
7726,226,12226,NF04,Guwahati Junction 4,15:15,15:23,8,5,1083,16
7727,227,12227,NW03,Jaipur Junction 3,18:26,18:35,12,6,422,17
7728,228,12228,SC02,Secunderabad Junction 2,21:37,21:40,2,7,893,18
7729,229,12229,SE01,Bilaspur Junction 1,00:48,00:57,12,1,953,19
7730,230,12230,SE08,Bilaspur Junction 8,03:59,03:08,15,2,1649,20
7731,231,12231,SE07,Kolkata Junction 7,06:10,06:21,7,3,334,21
7732,232,12232,SW06,Hubballi Junction 6,09:21,09:35,9,4,170,22
7733,233,12233,SR05,Chennai Junction 5,12:32,12:40,3,5,2158,23
7734,234,12234,WC04,Jabalpur Junction 4,15:43,15:52,12,6,1035,24
7735,235,12235,WR03,Mumbai Junction 3,18:54,18:56,10,7,1436,25
7736,236,12236,CR02,Mumbai Junction 2,21:05,21:10,12,1,497,26
7737,237,12237,ER01,Kolkata Junction 1,00:16,00:27,12,2,302,27
7738,238,12238,ER08,Kolkata Junction 8,03:27,03:33,4,3,1600,28
7739,239,12239,EC07,Hajipur Junction 7,06:38,06:43,10,4,918,29
7740,240,12240,EC06,Bhubaneswar Junction 6,09:49,09:52,14,5,1564,30
7741,241,12241,NR05,New Delhi Junction 5,12:00,12:05,14,6,1559,1
7742,242,12242,NC04,Prayagraj Junction 4,15:11,15:24,4,7,19,2
7743,243,12243,NE03,Gorakhpur Junction 3,18:22,18:24,9,1,1730,3
7744,244,12244,NF02,Guwahati Junction 2,21:33,21:47,15,2,1317,4
7745,245,12245,NW01,Jaipur Junction 1,00:44,00:54,6,3,2,5
7746,246,12246,NW08,Jaipur Junction 8,03:55,03:59,2,4,1506,6
7747,247,12247,SC07,Secunderabad Junction 7,06:06,06:15,12,5,325,7
7748,248,12248,SE06,Bilaspur Junction 6,09:17,09:31,12,6,1992,8
7749,249,12249,SE05,Kolkata Junction 5,12:28,12:39,6,7,1377,9
7750,250,12250,SW04,Hubballi Junction 4,15:39,15:49,4,1,223,10
7751,251,12251,SR03,Chennai Junction 3,18:50,18:01,3,2,220,11
7752,252,12252,WC02,Jabalpur Junction 2,21:01,21:04,10,3,2039,12
7753,253,12253,WR01,Mumbai Junction 1,00:12,00:20,4,4,1127,13
7754,254,12254,WR08,Mumbai Junction 8,03:23,03:31,10,5,952,14
7755,255,12255,CR07,Mumbai Junction 7,06:34,06:43,6,6,1993,15
7756,256,12256,ER06,Kolkata Junction 6,09:45,09:54,6,7,6,16
7757,257,12257,EC05,Hajipur Junction 5,12:56,12:07,7,1,547,17
7758,258,12258,EC04,Bhubaneswar Junction 4,15:07,15:15,8,2,1767,18
7759,259,12259,NR03,New Delhi Junction 3,18:18,18:27,11,3,1423,19
7760,260,12260,NC02,Prayagraj Junction 2,21:29,21:42,2,4,827,20
7761,261,12261,NE01,Gorakhpur Junction 1,00:40,00:52,3,5,972,21
7762,262,12262,NE08,Gorakhpur Junction 8,03:51,03:58,13,6,2118,22
7763,263,12263,NF07,Guwahati Junction 7,06:02,06:05,5,7,1703,23
7764,264,12264,NW06,Jaipur Junction 6,09:13,09:17,8,1,2077,24
7765,265,12265,SC05,Secunderabad Junction 5,12:24,12:39,15,2,295,25
7766,266,12266,SE04,Bilaspur Junction 4,15:35,15:39,4,3,1692,26
7767,267,12267,SE03,Kolkata Junction 3,18:46,18:50,8,4,1800,27
7768,268,12268,SW02,Hubballi Junction 2,21:57,21:05,15,5,1097,28
7769,269,12269,SR01,Chennai Junction 1,00:08,00:15,15,6,1203,29
7770,270,12270,SR08,Chennai Junction 8,03:19,03:23,10,7,1700,30
7771,271,12271,WC07,Jabalpur Junction 7,06:30,06:43,2,1,238,1
7772,272,12272,WR06,Mumbai Junction 6,09:41,09:51,12,2,1435,2
7773,273,12273,CR05,Mumbai Junction 5,12:52,12:59,12,3,1274,3
7774,274,12274,ER04,Kolkata Junction 4,15:03,15:17,7,4,1658,4
7775,275,12275,EC03,Hajipur Junction 3,18:14,18:18,12,5,1609,5
7776,276,12276,EC02,Bhubaneswar Junction 2,21:25,21:30,2,6,2184,6
7777,277,12277,NR01,New Delhi Junction 1,00:36,00:39,8,7,2,7
7778,278,12278,NR08,New Delhi Junction 8,03:47,03:54,13,1,1104,8
7779,279,12279,NC07,Prayagraj Junction 7,06:58,06:03,7,2,203,9
7780,280,12280,NE06,Gorakhpur Junction 6,09:09,09:19,2,3,769,10
7781,281,12281,NF05,Guwahati Junction 5,12:20,12:22,5,4,148,11
7782,282,12282,NW04,Jaipur Junction 4,15:31,15:45,12,5,2041,12
7783,283,12283,SC03,Secunderabad Junction 3,18:42,18:53,8,6,382,13
7784,284,12284,SE02,Bilaspur Junction 2,21:53,21:08,14,7,914,14
7785,285,12285,SE01,Kolkata Junction 1,00:04,00:09,7,1,867,15
7786,286,12286,SE08,Kolkata Junction 8,03:15,03:29,2,2,1392,16
7787,287,12287,SW07,Hubballi Junction 7,06:26,06:38,12,3,425,17
7788,288,12288,SR06,Chennai Junction 6,09:37,09:44,6,4,895,18
7789,289,12289,WC05,Jabalpur Junction 5,12:48,12:51,3,5,53,19
7790,290,12290,WR04,Mumbai Junction 4,15:59,15:14,7,6,501,20
7791,291,12291,CR03,Mumbai Junction 3,18:10,18:23,8,7,801,21
7792,292,12292,ER02,Kolkata Junction 2,21:21,21:24,7,1,1423,22
7793,293,12293,EC01,Hajipur Junction 1,00:32,00:42,7,2,1348,23
7794,294,12294,EC08,Hajipur Junction 8,03:43,03:55,15,3,1162,24
7795,295,12295,EC07,Bhubaneswar Junction 7,06:54,06:59,3,4,346,25
7796,296,12296,NR06,New Delhi Junction 6,09:05,09:07,9,5,467,26
7797,297,12297,NC05,Prayagraj Junction 5,12:16,12:21,12,6,703,27
7798,298,12298,NE04,Gorakhpur Junction 4,15:27,15:40,3,7,750,28
7799,299,12299,NF03,Guwahati Junction 3,18:38,18:40,9,1,274,29
7800,300,12300,NW02,Jaipur Junction 2,21:49,21:54,12,2,1936,30
7801,301,12301,SC01,Secunderabad Junction 1,00:00,00:09,15,3,1664,1
7802,302,12302,SC08,Secunderabad Junction 8,03:11,03:23,15,4,195,2
7803,303,12303,SE07,Bilaspur Junction 7,06:22,06:27,8,5,1360,3
7804,304,12304,SE06,Kolkata Junction 6,09:33,09:48,3,6,504,4
7805,305,12305,SW05,Hubballi Junction 5,12:44,12:50,11,7,2093,5
7806,306,12306,SR04,Chennai Junction 4,15:55,15:10,12,1,1701,6
7807,307,12307,WC03,Jabalpur Junction 3,18:06,18:13,10,2,376,7
7808,308,12308,WR02,Mumbai Junction 2,21:17,21:26,6,3,2043,8
7809,309,12309,CR01,Mumbai Junction 1,00:28,00:35,7,4,886,9
7810,310,12310,CR08,Mumbai Junction 8,03:39,03:53,15,5,948,10
7811,311,12311,ER07,Kolkata Junction 7,06:50,06:05,12,6,1862,11
7812,312,12312,EC06,Hajipur Junction 6,09:01,09:15,6,7,1211,12
7813,313,12313,EC05,Bhubaneswar Junction 5,12:12,12:17,6,1,1021,13
7814,314,12314,NR04,New Delhi Junction 4,15:23,15:25,5,2,1780,14
7815,315,12315,NC03,Prayagraj Junction 3,18:34,18:38,10,3,1684,15
7816,316,12316,NE02,Gorakhpur Junction 2,21:45,21:50,8,4,1930,16
7817,317,12317,NF01,Guwahati Junction 1,00:56,00:09,14,5,1382,17
7818,318,12318,NF08,Guwahati Junction 8,03:07,03:21,7,6,1323,18
7819,319,12319,NW07,Jaipur Junction 7,06:18,06:29,15,7,810,19
7820,320,12320,SC06,Secunderabad Junction 6,09:29,09:43,9,1,229,20
7821,321,12321,SE05,Bilaspur Junction 5,12:40,12:51,15,2,997,21
7822,322,12322,SE04,Kolkata Junction 4,15:51,15:00,14,3,2024,22
7823,323,12323,SW03,Hubballi Junction 3,18:02,18:09,12,4,1388,23
7824,324,12324,SR02,Chennai Junction 2,21:13,21:24,12,5,718,24
7825,325,12325,WC01,Jabalpur Junction 1,00:24,00:30,2,6,1883,25
7826,326,12326,WC08,Jabalpur Junction 8,03:35,03:40,11,7,1508,26
7827,327,12327,WR07,Mumbai Junction 7,06:46,06:57,14,1,1909,27
7828,328,12328,CR06,Mumbai Junction 6,09:57,09:59,13,2,457,28
7829,329,12329,ER05,Kolkata Junction 5,12:08,12:19,11,3,118,29
7830,330,12330,EC04,Hajipur Junction 4,15:19,15:24,14,4,311,30
7831,331,12331,EC03,Bhubaneswar Junction 3,18:30,18:35,3,5,366,1
7832,332,12332,NR02,New Delhi Junction 2,21:41,21:51,13,6,1308,2
7833,333,12333,NC01,Prayagraj Junction 1,00:52,00:57,14,7,808,3
7834,334,12334,NC08,Prayagraj Junction 8,03:03,03:09,9,1,300,4
7835,335,12335,NE07,Gorakhpur Junction 7,06:14,06:20,13,2,1338,5
7836,336,12336,NF06,Guwahati Junction 6,09:25,09:40,12,3,792,6
7837,337,12337,NW05,Jaipur Junction 5,12:36,12:48,14,4,1387,7
7838,338,12338,SC04,Secunderabad Junction 4,15:47,15:59,9,5,2005,8
7839,339,12339,SE03,Bilaspur Junction 3,18:58,18:03,7,6,558,9
7840,340,12340,SE02,Kolkata Junction 2,21:09,21:12,10,7,260,10
7841,341,12341,SW01,Hubballi Junction 1,00:20,00:25,12,1,530,11
7842,342,12342,SW08,Hubballi Junction 8,03:31,03:45,2,2,1005,12
7843,343,12343,SR07,Chennai Junction 7,06:42,06:44,2,3,1740,13
7844,344,12344,WC06,Jabalpur Junction 6,09:53,09:55,14,4,1316,14
7845,345,12345,WR05,Mumbai Junction 5,12:04,12:12,14,5,852,15
7846,346,12346,CR04,Mumbai Junction 4,15:15,15:22,7,6,1431,16
7847,347,12347,ER03,Kolkata Junction 3,18:26,18:39,9,7,618,17
7848,348,12348,EC02,Hajipur Junction 2,21:37,21:51,10,1,1831,18
7849,349,12349,EC01,Bhubaneswar Junction 1,00:48,00:56,4,2,2077,19
7850,350,12350,EC08,Bhubaneswar Junction 8,03:59,03:10,6,3,1864,20
7851,351,12351,NR07,New Delhi Junction 7,06:10,06:12,15,4,1272,21
7852,352,12352,NC06,Prayagraj Junction 6,09:21,09:31,2,5,387,22
7853,353,12353,NE05,Gorakhpur Junction 5,12:32,12:44,9,6,280,23
7854,354,12354,NF04,Guwahati Junction 4,15:43,15:54,12,7,599,24
7855,355,12355,NW03,Jaipur Junction 3,18:54,18:05,15,1,1061,25
7856,356,12356,SC02,Secunderabad Junction 2,21:05,21:10,15,2,2004,26
7857,357,12357,SE01,Bilaspur Junction 1,00:16,00:24,7,3,1834,27
7858,358,12358,SE08,Bilaspur Junction 8,03:27,03:29,6,4,1195,28
7859,359,12359,SE07,Kolkata Junction 7,06:38,06:49,10,5,815,29
7860,360,12360,SW06,Hubballi Junction 6,09:49,09:03,11,6,1189,30
7861,361,12361,SR05,Chennai Junction 5,12:00,12:15,3,7,1561,1
7862,362,12362,WC04,Jabalpur Junction 4,15:11,15:25,11,1,1243,2
7863,363,12363,WR03,Mumbai Junction 3,18:22,18:29,5,2,1200,3
7864,364,12364,CR02,Mumbai Junction 2,21:33,21:47,8,3,266,4
7865,365,12365,ER01,Kolkata Junction 1,00:44,00:52,3,4,2059,5
7866,366,12366,ER08,Kolkata Junction 8,03:55,03:04,4,5,1374,6
7867,367,12367,EC07,Hajipur Junction 7,06:06,06:15,9,6,1302,7
7868,368,12368,EC06,Bhubaneswar Junction 6,09:17,09:32,13,7,578,8
7869,369,12369,NR05,New Delhi Junction 5,12:28,12:33,15,1,1418,9
7870,370,12370,NC04,Prayagraj Junction 4,15:39,15:41,9,2,260,10
7871,371,12371,NE03,Gorakhpur Junction 3,18:50,18:52,4,3,560,11
7872,372,12372,NF02,Guwahati Junction 2,21:01,21:04,13,4,964,12
7873,373,12373,NW01,Jaipur Junction 1,00:12,00:21,14,5,1841,13
7874,374,12374,NW08,Jaipur Junction 8,03:23,03:36,4,6,1638,14
7875,375,12375,SC07,Secunderabad Junction 7,06:34,06:49,2,7,1909,15
7876,376,12376,SE06,Bilaspur Junction 6,09:45,09:59,13,1,872,16
7877,377,12377,SE05,Kolkata Junction 5,12:56,12:00,12,2,1370,17
7878,378,12378,SW04,Hubballi Junction 4,15:07,15:19,5,3,390,18
7879,379,12379,SR03,Chennai Junction 3,18:18,18:32,9,4,1872,19
7880,380,12380,WC02,Jabalpur Junction 2,21:29,21:43,8,5,578,20
7881,381,12381,WR01,Mumbai Junction 1,00:40,00:54,12,6,1465,21
7882,382,12382,WR08,Mumbai Junction 8,03:51,03:06,5,7,793,22
7883,383,12383,CR07,Mumbai Junction 7,06:02,06:04,7,1,982,23
7884,384,12384,ER06,Kolkata Junction 6,09:13,09:21,4,2,1779,24
7885,385,12385,EC05,Hajipur Junction 5,12:24,12:32,8,3,1900,25
7886,386,12386,EC04,Bhubaneswar Junction 4,15:35,15:43,14,4,489,26
7887,387,12387,NR03,New Delhi Junction 3,18:46,18:59,15,5,1651,27
7888,388,12388,NC02,Prayagraj Junction 2,21:57,21:11,12,6,1320,28
7889,389,12389,NE01,Gorakhpur Junction 1,00:08,00:20,15,7,1331,29
7890,390,12390,NE08,Gorakhpur Junction 8,03:19,03:30,3,1,2110,30
7891,391,12391,NF07,Guwahati Junction 7,06:30,06:42,4,2,637,1
7892,392,12392,NW06,Jaipur Junction 6,09:41,09:46,6,3,1947,2
7893,393,12393,SC05,Secunderabad Junction 5,12:52,12:00,7,4,1713,3
7894,394,12394,SE04,Bilaspur Junction 4,15:03,15:10,14,5,1659,4
7895,395,12395,SE03,Kolkata Junction 3,18:14,18:19,10,6,1061,5
7896,396,12396,SW02,Hubballi Junction 2,21:25,21:31,14,7,875,6
7897,397,12397,SR01,Chennai Junction 1,00:36,00:39,7,1,1136,7
7898,398,12398,SR08,Chennai Junction 8,03:47,03:50,12,2,505,8
7899,399,12399,WC07,Jabalpur Junction 7,06:58,06:01,9,3,354,9
7900,400,12400,WR06,Mumbai Junction 6,09:09,09:21,2,4,921,10
7901,401,12401,CR05,Mumbai Junction 5,12:20,12:22,7,5,2053,11
7902,402,12402,ER04,Kolkata Junction 4,15:31,15:42,9,6,345,12
7903,403,12403,EC03,Hajipur Junction 3,18:42,18:48,7,7,1272,13
7904,404,12404,EC02,Bhubaneswar Junction 2,21:53,21:57,15,1,1433,14
7905,405,12405,NR01,New Delhi Junction 1,00:04,00:10,3,2,1309,15
7906,406,12406,NR08,New Delhi Junction 8,03:15,03:23,11,3,1311,16
7907,407,12407,NC07,Prayagraj Junction 7,06:26,06:36,13,4,1155,17
7908,408,12408,NE06,Gorakhpur Junction 6,09:37,09:49,7,5,2074,18
7909,409,12409,NF05,Guwahati Junction 5,12:48,12:55,11,6,2196,19
7910,410,12410,NW04,Jaipur Junction 4,15:59,15:05,3,7,509,20
7911,411,12411,SC03,Secunderabad Junction 3,18:10,18:15,2,1,1196,21
7912,412,12412,SE02,Bilaspur Junction 2,21:21,21:26,3,2,301,22
7913,413,12413,SE01,Kolkata Junction 1,00:32,00:37,7,3,2143,23
7914,414,12414,SE08,Kolkata Junction 8,03:43,03:54,12,4,1522,24
7915,415,12415,SW07,Hubballi Junction 7,06:54,06:07,6,5,218,25
7916,416,12416,SR06,Chennai Junction 6,09:05,09:14,2,6,476,26
7917,417,12417,WC05,Jabalpur Junction 5,12:16,12:28,9,7,1519,27
7918,418,12418,WR04,Mumbai Junction 4,15:27,15:36,9,1,662,28
7919,419,12419,CR03,Mumbai Junction 3,18:38,18:43,5,2,1755,29
7920,420,12420,ER02,Kolkata Junction 2,21:49,21:04,3,3,1181,30
7921,421,12421,EC01,Hajipur Junction 1,00:00,00:08,9,4,512,1
7922,422,12422,EC08,Hajipur Junction 8,03:11,03:13,4,5,400,2
7923,423,12423,EC07,Bhubaneswar Junction 7,06:22,06:24,6,6,1504,3
7924,424,12424,NR06,New Delhi Junction 6,09:33,09:48,11,7,385,4
7925,425,12425,NC05,Prayagraj Junction 5,12:44,12:51,6,1,466,5
7926,426,12426,NE04,Gorakhpur Junction 4,15:55,15:10,11,2,1058,6
7927,427,12427,NF03,Guwahati Junction 3,18:06,18:14,6,3,916,7
7928,428,12428,NW02,Jaipur Junction 2,21:17,21:27,14,4,1091,8
7929,429,12429,SC01,Secunderabad Junction 1,00:28,00:32,15,5,692,9
7930,430,12430,SC08,Secunderabad Junction 8,03:39,03:42,9,6,1739,10
7931,431,12431,SE07,Bilaspur Junction 7,06:50,06:55,5,7,636,11
7932,432,12432,SE06,Kolkata Junction 6,09:01,09:14,15,1,1864,12
7933,433,12433,SW05,Hubballi Junction 5,12:12,12:17,13,2,681,13
7934,434,12434,SR04,Chennai Junction 4,15:23,15:37,15,3,1579,14
7935,435,12435,WC03,Jabalpur Junction 3,18:34,18:49,3,4,1440,15
7936,436,12436,WR02,Mumbai Junction 2,21:45,21:47,11,5,749,16
7937,437,12437,CR01,Mumbai Junction 1,00:56,00:11,8,6,1677,17
7938,438,12438,CR08,Mumbai Junction 8,03:07,03:13,3,7,1632,18
7939,439,12439,ER07,Kolkata Junction 7,06:18,06:23,12,1,1022,19
7940,440,12440,EC06,Hajipur Junction 6,09:29,09:44,6,2,881,20
7941,441,12441,EC05,Bhubaneswar Junction 5,12:40,12:52,13,3,276,21
7942,442,12442,NR04,New Delhi Junction 4,15:51,15:03,8,4,2175,22
7943,443,12443,NC03,Prayagraj Junction 3,18:02,18:12,12,5,756,23
7944,444,12444,NE02,Gorakhpur Junction 2,21:13,21:18,12,6,33,24
7945,445,12445,NF01,Guwahati Junction 1,00:24,00:34,15,7,2180,25
7946,446,12446,NF08,Guwahati Junction 8,03:35,03:47,8,1,1787,26
7947,447,12447,NW07,Jaipur Junction 7,06:46,06:48,13,2,417,27
7948,448,12448,SC06,Secunderabad Junction 6,09:57,09:09,6,3,1653,28
7949,449,12449,SE05,Bilaspur Junction 5,12:08,12:18,15,4,1732,29
7950,450,12450,SE04,Kolkata Junction 4,15:19,15:33,4,5,834,30
7951,451,12451,SW03,Hubballi Junction 3,18:30,18:38,2,6,50,1
7952,452,12452,SR02,Chennai Junction 2,21:41,21:43,12,7,982,2
7953,453,12453,WC01,Jabalpur Junction 1,00:52,00:04,13,1,79,3
7954,454,12454,WC08,Jabalpur Junction 8,03:03,03:16,5,2,889,4
7955,455,12455,WR07,Mumbai Junction 7,06:14,06:29,6,3,2067,5
7956,456,12456,CR06,Mumbai Junction 6,09:25,09:34,2,4,1831,6
7957,457,12457,ER05,Kolkata Junction 5,12:36,12:38,10,5,1008,7
7958,458,12458,EC04,Hajipur Junction 4,15:47,15:50,9,6,796,8
7959,459,12459,EC03,Bhubaneswar Junction 3,18:58,18:01,9,7,96,9
7960,460,12460,NR02,New Delhi Junction 2,21:09,21:18,5,1,1827,10
7961,461,12461,NC01,Prayagraj Junction 1,00:20,00:35,15,2,2062,11
7962,462,12462,NC08,Prayagraj Junction 8,03:31,03:34,9,3,493,12
7963,463,12463,NE07,Gorakhpur Junction 7,06:42,06:45,7,4,944,13
7964,464,12464,NF06,Guwahati Junction 6,09:53,09:59,3,5,898,14
7965,465,12465,NW05,Jaipur Junction 5,12:04,12:08,2,6,992,15
7966,466,12466,SC04,Secunderabad Junction 4,15:15,15:17,15,7,1844,16
7967,467,12467,SE03,Bilaspur Junction 3,18:26,18:40,3,1,1022,17
7968,468,12468,SE02,Kolkata Junction 2,21:37,21:50,10,2,674,18
7969,469,12469,SW01,Hubballi Junction 1,00:48,00:01,6,3,2142,19
7970,470,12470,SW08,Hubballi Junction 8,03:59,03:02,11,4,29,20
7971,471,12471,SR07,Chennai Junction 7,06:10,06:24,6,5,44,21
7972,472,12472,WC06,Jabalpur Junction 6,09:21,09:34,15,6,2023,22
7973,473,12473,WR05,Mumbai Junction 5,12:32,12:40,2,7,501,23
7974,474,12474,CR04,Mumbai Junction 4,15:43,15:45,2,1,349,24
7975,475,12475,ER03,Kolkata Junction 3,18:54,18:03,12,2,1286,25
7976,476,12476,EC02,Hajipur Junction 2,21:05,21:09,10,3,507,26
7977,477,12477,EC01,Bhubaneswar Junction 1,00:16,00:24,14,4,295,27
7978,478,12478,EC08,Bhubaneswar Junction 8,03:27,03:41,5,5,1474,28
7979,479,12479,NR07,New Delhi Junction 7,06:38,06:43,4,6,990,29
7980,480,12480,NC06,Prayagraj Junction 6,09:49,09:56,9,7,519,30
7981,481,12481,NE05,Gorakhpur Junction 5,12:00,12:15,11,1,1849,1
7982,482,12482,NF04,Guwahati Junction 4,15:11,15:23,12,2,312,2
7983,483,12483,NW03,Jaipur Junction 3,18:22,18:32,14,3,211,3
7984,484,12484,SC02,Secunderabad Junction 2,21:33,21:41,4,4,1749,4
7985,485,12485,SE01,Bilaspur Junction 1,00:44,00:59,2,5,1762,5
7986,486,12486,SE08,Bilaspur Junction 8,03:55,03:02,15,6,32,6
7987,487,12487,SE07,Kolkata Junction 7,06:06,06:10,12,7,1712,7
7988,488,12488,SW06,Hubballi Junction 6,09:17,09:20,4,1,744,8
7989,489,12489,SR05,Chennai Junction 5,12:28,12:30,12,2,1473,9
7990,490,12490,WC04,Jabalpur Junction 4,15:39,15:51,8,3,1408,10
7991,491,12491,WR03,Mumbai Junction 3,18:50,18:00,11,4,991,11
7992,492,12492,CR02,Mumbai Junction 2,21:01,21:12,11,5,1410,12
7993,493,12493,ER01,Kolkata Junction 1,00:12,00:26,6,6,1933,13
7994,494,12494,ER08,Kolkata Junction 8,03:23,03:25,8,7,972,14
7995,495,12495,EC07,Hajipur Junction 7,06:34,06:48,2,1,476,15
7996,496,12496,EC06,Bhubaneswar Junction 6,09:45,09:53,13,2,1020,16
7997,497,12497,NR05,New Delhi Junction 5,12:56,12:06,4,3,2075,17
7998,498,12498,NC04,Prayagraj Junction 4,15:07,15:19,2,4,1549,18
7999,499,12499,NE03,Gorakhpur Junction 3,18:18,18:21,9,5,1558,19
8000,500,12500,NF02,Guwahati Junction 2,21:29,21:43,2,6,631,20
8001,501,12501,NW01,Jaipur Junction 1,00:40,00:51,5,7,1567,21
8002,502,12502,NW08,Jaipur Junction 8,03:51,03:55,4,1,1197,22
8003,503,12503,SC07,Secunderabad Junction 7,06:02,06:13,4,2,1922,23
8004,504,12504,SE06,Bilaspur Junction 6,09:13,09:27,3,3,669,24
8005,505,12505,SE05,Kolkata Junction 5,12:24,12:33,8,4,560,25
8006,506,12506,SW04,Hubballi Junction 4,15:35,15:44,15,5,676,26
8007,507,12507,SR03,Chennai Junction 3,18:46,18:51,12,6,1255,27
8008,508,12508,WC02,Jabalpur Junction 2,21:57,21:08,11,7,1673,28
8009,509,12509,WR01,Mumbai Junction 1,00:08,00:20,10,1,999,29
8010,510,12510,WR08,Mumbai Junction 8,03:19,03:27,5,2,987,30
8011,511,12511,CR07,Mumbai Junction 7,06:30,06:40,12,3,1700,1
8012,512,12512,ER06,Kolkata Junction 6,09:41,09:48,12,4,961,2
8013,513,12513,EC05,Hajipur Junction 5,12:52,12:59,4,5,584,3
8014,514,12514,EC04,Bhubaneswar Junction 4,15:03,15:14,5,6,169,4
8015,515,12515,NR03,New Delhi Junction 3,18:14,18:19,15,7,329,5
8016,516,12516,NC02,Prayagraj Junction 2,21:25,21:29,7,1,842,6
8017,517,12517,NE01,Gorakhpur Junction 1,00:36,00:50,5,2,917,7
8018,518,12518,NE08,Gorakhpur Junction 8,03:47,03:53,5,3,709,8
8019,519,12519,NF07,Guwahati Junction 7,06:58,06:03,12,4,1738,9
8020,520,12520,NW06,Jaipur Junction 6,09:09,09:13,8,5,580,10
8021,521,12521,SC05,Secunderabad Junction 5,12:20,12:34,3,6,900,11
8022,522,12522,SE04,Bilaspur Junction 4,15:31,15:37,7,7,2070,12
8023,523,12523,SE03,Kolkata Junction 3,18:42,18:51,7,1,1777,13
8024,524,12524,SW02,Hubballi Junction 2,21:53,21:05,4,2,1015,14
8025,525,12525,SR01,Chennai Junction 1,00:04,00:11,8,3,767,15
8026,526,12526,SR08,Chennai Junction 8,03:15,03:28,15,4,59,16
8027,527,12527,WC07,Jabalpur Junction 7,06:26,06:39,14,5,804,17
8028,528,12528,WR06,Mumbai Junction 6,09:37,09:45,3,6,772,18
8029,529,12529,CR05,Mumbai Junction 5,12:48,12:53,14,7,235,19
8030,530,12530,ER04,Kolkata Junction 4,15:59,15:05,8,1,2150,20
8031,531,12531,EC03,Hajipur Junction 3,18:10,18:23,15,2,682,21
8032,532,12532,EC02,Bhubaneswar Junction 2,21:21,21:26,9,3,749,22
8033,533,12533,NR01,New Delhi Junction 1,00:32,00:34,13,4,208,23
8034,534,12534,NR08,New Delhi Junction 8,03:43,03:47,15,5,1610,24
8035,535,12535,NC07,Prayagraj Junction 7,06:54,06:04,3,6,551,25
8036,536,12536,NE06,Gorakhpur Junction 6,09:05,09:09,10,7,1101,26
8037,537,12537,NF05,Guwahati Junction 5,12:16,12:23,12,1,1711,27
8038,538,12538,NW04,Jaipur Junction 4,15:27,15:39,3,2,1339,28
8039,539,12539,SC03,Secunderabad Junction 3,18:38,18:42,5,3,2152,29
8040,540,12540,SE02,Bilaspur Junction 2,21:49,21:56,13,4,541,30
8041,541,12541,SE01,Kolkata Junction 1,00:00,00:15,5,5,400,1
8042,542,12542,SE08,Kolkata Junction 8,03:11,03:17,4,6,1317,2
8043,543,12543,SW07,Hubballi Junction 7,06:22,06:26,4,7,1544,3
8044,544,12544,SR06,Chennai Junction 6,09:33,09:35,8,1,1523,4
8045,545,12545,WC05,Jabalpur Junction 5,12:44,12:52,2,2,347,5
8046,546,12546,WR04,Mumbai Junction 4,15:55,15:10,12,3,770,6
8047,547,12547,CR03,Mumbai Junction 3,18:06,18:20,2,4,104,7
8048,548,12548,ER02,Kolkata Junction 2,21:17,21:31,11,5,1319,8
8049,549,12549,EC01,Hajipur Junction 1,00:28,00:34,13,6,1337,9
8050,550,12550,EC08,Hajipur Junction 8,03:39,03:47,7,7,779,10
8051,551,12551,EC07,Bhubaneswar Junction 7,06:50,06:00,11,1,1770,11
8052,552,12552,NR06,New Delhi Junction 6,09:01,09:08,5,2,1223,12
8053,553,12553,NC05,Prayagraj Junction 5,12:12,12:22,5,3,161,13
8054,554,12554,NE04,Gorakhpur Junction 4,15:23,15:29,2,4,180,14
8055,555,12555,NF03,Guwahati Junction 3,18:34,18:49,12,5,77,15
8056,556,12556,NW02,Jaipur Junction 2,21:45,21:51,5,6,2144,16
8057,557,12557,SC01,Secunderabad Junction 1,00:56,00:04,5,7,1396,17
8058,558,12558,SC08,Secunderabad Junction 8,03:07,03:15,4,1,672,18
8059,559,12559,SE07,Bilaspur Junction 7,06:18,06:21,11,2,2135,19
8060,560,12560,SE06,Kolkata Junction 6,09:29,09:42,7,3,1071,20
8061,561,12561,SW05,Hubballi Junction 5,12:40,12:42,7,4,70,21
8062,562,12562,SR04,Chennai Junction 4,15:51,15:03,14,5,421,22
8063,563,12563,WC03,Jabalpur Junction 3,18:02,18:13,10,6,919,23
8064,564,12564,WR02,Mumbai Junction 2,21:13,21:25,11,7,592,24
8065,565,12565,CR01,Mumbai Junction 1,00:24,00:37,11,1,687,25
8066,566,12566,CR08,Mumbai Junction 8,03:35,03:47,10,2,258,26
8067,567,12567,ER07,Kolkata Junction 7,06:46,06:50,6,3,97,27
8068,568,12568,EC06,Hajipur Junction 6,09:57,09:04,8,4,1707,28
8069,569,12569,EC05,Bhubaneswar Junction 5,12:08,12:12,9,5,1462,29
8070,570,12570,NR04,New Delhi Junction 4,15:19,15:27,14,6,701,30
8071,571,12571,NC03,Prayagraj Junction 3,18:30,18:37,2,7,903,1
8072,572,12572,NE02,Gorakhpur Junction 2,21:41,21:43,15,1,528,2
8073,573,12573,NF01,Guwahati Junction 1,00:52,00:05,3,2,603,3
8074,574,12574,NF08,Guwahati Junction 8,03:03,03:06,7,3,1326,4
8075,575,12575,NW07,Jaipur Junction 7,06:14,06:21,10,4,1773,5
8076,576,12576,SC06,Secunderabad Junction 6,09:25,09:27,7,5,1306,6
8077,577,12577,SE05,Bilaspur Junction 5,12:36,12:45,4,6,454,7
8078,578,12578,SE04,Kolkata Junction 4,15:47,15:54,11,7,2177,8
8079,579,12579,SW03,Hubballi Junction 3,18:58,18:05,9,1,674,9
8080,580,12580,SR02,Chennai Junction 2,21:09,21:11,7,2,764,10
8081,581,12581,WC01,Jabalpur Junction 1,00:20,00:24,11,3,568,11
8082,582,12582,WC08,Jabalpur Junction 8,03:31,03:36,7,4,2121,12
8083,583,12583,WR07,Mumbai Junction 7,06:42,06:52,7,5,1805,13
8084,584,12584,CR06,Mumbai Junction 6,09:53,09:55,6,6,1189,14
8085,585,12585,ER05,Kolkata Junction 5,12:04,12:12,11,7,1543,15
8086,586,12586,EC04,Hajipur Junction 4,15:15,15:23,15,1,2041,16
8087,587,12587,EC03,Bhubaneswar Junction 3,18:26,18:34,14,2,1409,17
8088,588,12588,NR02,New Delhi Junction 2,21:37,21:40,3,3,175,18
8089,589,12589,NC01,Prayagraj Junction 1,00:48,00:52,6,4,152,19
8090,590,12590,NC08,Prayagraj Junction 8,03:59,03:09,7,5,1323,20
8091,591,12591,NE07,Gorakhpur Junction 7,06:10,06:19,5,6,1352,21
8092,592,12592,NF06,Guwahati Junction 6,09:21,09:36,6,7,676,22
8093,593,12593,NW05,Jaipur Junction 5,12:32,12:41,13,1,1169,23
8094,594,12594,SC04,Secunderabad Junction 4,15:43,15:56,3,2,216,24
8095,595,12595,SE03,Bilaspur Junction 3,18:54,18:01,5,3,51,25
8096,596,12596,SE02,Kolkata Junction 2,21:05,21:10,5,4,2023,26
8097,597,12597,SW01,Hubballi Junction 1,00:16,00:28,6,5,2107,27
8098,598,12598,SW08,Hubballi Junction 8,03:27,03:40,5,6,1051,28
8099,599,12599,SR07,Chennai Junction 7,06:38,06:52,8,7,815,29
8100,600,12600,WC06,Jabalpur Junction 6,09:49,09:03,11,1,969,30
8101,601,12601,WR05,Mumbai Junction 5,12:00,12:14,12,2,765,1
8102,602,12602,CR04,Mumbai Junction 4,15:11,15:18,2,3,224,2
8103,603,12603,ER03,Kolkata Junction 3,18:22,18:37,2,4,1840,3
8104,604,12604,EC02,Hajipur Junction 2,21:33,21:37,9,5,1588,4
8105,605,12605,EC01,Bhubaneswar Junction 1,00:44,00:59,7,6,2035,5
8106,606,12606,EC08,Bhubaneswar Junction 8,03:55,03:03,14,7,224,6
8107,607,12607,NR07,New Delhi Junction 7,06:06,06:11,10,1,1553,7
8108,608,12608,NC06,Prayagraj Junction 6,09:17,09:30,7,2,1374,8
8109,609,12609,NE05,Gorakhpur Junction 5,12:28,12:38,15,3,257,9
8110,610,12610,NF04,Guwahati Junction 4,15:39,15:41,10,4,34,10
8111,611,12611,NW03,Jaipur Junction 3,18:50,18:54,9,5,589,11
8112,612,12612,SC02,Secunderabad Junction 2,21:01,21:06,6,6,1510,12
8113,613,12613,SE01,Bilaspur Junction 1,00:12,00:19,13,7,349,13
8114,614,12614,SE08,Bilaspur Junction 8,03:23,03:26,4,1,2018,14
8115,615,12615,SE07,Kolkata Junction 7,06:34,06:39,2,2,693,15
8116,616,12616,SW06,Hubballi Junction 6,09:45,09:56,7,3,845,16
8117,617,12617,SR05,Chennai Junction 5,12:56,12:59,11,4,485,17
8118,618,12618,WC04,Jabalpur Junction 4,15:07,15:10,12,5,2061,18
8119,619,12619,WR03,Mumbai Junction 3,18:18,18:28,15,6,884,19
8120,620,12620,CR02,Mumbai Junction 2,21:29,21:38,7,7,1121,20
8121,621,12621,ER01,Kolkata Junction 1,00:40,00:54,10,1,58,21
8122,622,12622,ER08,Kolkata Junction 8,03:51,03:01,7,2,1195,22
8123,623,12623,EC07,Hajipur Junction 7,06:02,06:11,10,3,1905,23
8124,624,12624,EC06,Bhubaneswar Junction 6,09:13,09:27,15,4,1344,24
8125,625,12625,NR05,New Delhi Junction 5,12:24,12:29,4,5,1868,25
8126,626,12626,NC04,Prayagraj Junction 4,15:35,15:49,2,6,475,26
8127,627,12627,NE03,Gorakhpur Junction 3,18:46,18:57,4,7,110,27
8128,628,12628,NF02,Guwahati Junction 2,21:57,21:12,3,1,469,28
8129,629,12629,NW01,Jaipur Junction 1,00:08,00:23,3,2,1759,29
8130,630,12630,NW08,Jaipur Junction 8,03:19,03:28,9,3,1819,30
8131,631,12631,SC07,Secunderabad Junction 7,06:30,06:32,2,4,430,1
8132,632,12632,SE06,Bilaspur Junction 6,09:41,09:49,15,5,150,2
8133,633,12633,SE05,Kolkata Junction 5,12:52,12:59,8,6,432,3
8134,634,12634,SW04,Hubballi Junction 4,15:03,15:09,4,7,301,4
8135,635,12635,SR03,Chennai Junction 3,18:14,18:23,15,1,889,5
8136,636,12636,WC02,Jabalpur Junction 2,21:25,21:35,11,2,1854,6
8137,637,12637,WR01,Mumbai Junction 1,00:36,00:49,14,3,1791,7
8138,638,12638,WR08,Mumbai Junction 8,03:47,03:02,15,4,1645,8
8139,639,12639,CR07,Mumbai Junction 7,06:58,06:06,6,5,1257,9
8140,640,12640,ER06,Kolkata Junction 6,09:09,09:22,12,6,1144,10
8141,641,12641,EC05,Hajipur Junction 5,12:20,12:23,5,7,1269,11
8142,642,12642,EC04,Bhubaneswar Junction 4,15:31,15:38,8,1,662,12
8143,643,12643,NR03,New Delhi Junction 3,18:42,18:45,8,2,978,13
8144,644,12644,NC02,Prayagraj Junction 2,21:53,21:05,3,3,1066,14
8145,645,12645,NE01,Gorakhpur Junction 1,00:04,00:17,5,4,695,15
8146,646,12646,NE08,Gorakhpur Junction 8,03:15,03:18,10,5,1882,16
8147,647,12647,NF07,Guwahati Junction 7,06:26,06:34,7,6,1647,17
8148,648,12648,NW06,Jaipur Junction 6,09:37,09:45,7,7,1680,18
8149,649,12649,SC05,Secunderabad Junction 5,12:48,12:53,13,1,589,19
8150,650,12650,SE04,Bilaspur Junction 4,15:59,15:08,5,2,1391,20
8151,651,12651,SE03,Kolkata Junction 3,18:10,18:18,5,3,1636,21
8152,652,12652,SW02,Hubballi Junction 2,21:21,21:36,2,4,1249,22
8153,653,12653,SR01,Chennai Junction 1,00:32,00:44,12,5,485,23
8154,654,12654,SR08,Chennai Junction 8,03:43,03:46,9,6,1401,24
8155,655,12655,WC07,Jabalpur Junction 7,06:54,06:00,7,7,1170,25
8156,656,12656,WR06,Mumbai Junction 6,09:05,09:13,8,1,1500,26
8157,657,12657,CR05,Mumbai Junction 5,12:16,12:31,13,2,18,27
8158,658,12658,ER04,Kolkata Junction 4,15:27,15:33,2,3,1921,28
8159,659,12659,EC03,Hajipur Junction 3,18:38,18:49,5,4,1846,29
8160,660,12660,EC02,Bhubaneswar Junction 2,21:49,21:58,2,5,332,30
8161,661,12661,NR01,New Delhi Junction 1,00:00,00:13,6,6,1153,1
8162,662,12662,NR08,New Delhi Junction 8,03:11,03:25,6,7,25,2
8163,663,12663,NC07,Prayagraj Junction 7,06:22,06:25,14,1,1319,3
8164,664,12664,NE06,Gorakhpur Junction 6,09:33,09:39,3,2,1530,4
8165,665,12665,NF05,Guwahati Junction 5,12:44,12:46,3,3,1306,5
8166,666,12666,NW04,Jaipur Junction 4,15:55,15:05,9,4,2000,6
8167,667,12667,SC03,Secunderabad Junction 3,18:06,18:11,9,5,673,7
8168,668,12668,SE02,Bilaspur Junction 2,21:17,21:24,4,6,1745,8
8169,669,12669,SE01,Kolkata Junction 1,00:28,00:39,11,7,312,9
8170,670,12670,SE08,Kolkata Junction 8,03:39,03:42,12,1,1464,10
8171,671,12671,SW07,Hubballi Junction 7,06:50,06:52,11,2,2156,11
8172,672,12672,SR06,Chennai Junction 6,09:01,09:13,5,3,695,12
8173,673,12673,WC05,Jabalpur Junction 5,12:12,12:24,7,4,1620,13
8174,674,12674,WR04,Mumbai Junction 4,15:23,15:38,7,5,1261,14
8175,675,12675,CR03,Mumbai Junction 3,18:34,18:42,9,6,166,15
8176,676,12676,ER02,Kolkata Junction 2,21:45,21:00,9,7,505,16
8177,677,12677,EC01,Hajipur Junction 1,00:56,00:06,7,1,1808,17
8178,678,12678,EC08,Hajipur Junction 8,03:07,03:19,7,2,1568,18
8179,679,12679,EC07,Bhubaneswar Junction 7,06:18,06:20,15,3,1123,19
8180,680,12680,NR06,New Delhi Junction 6,09:29,09:40,11,4,688,20
8181,681,12681,NC05,Prayagraj Junction 5,12:40,12:51,7,5,1497,21
8182,682,12682,NE04,Gorakhpur Junction 4,15:51,15:54,4,6,2032,22
8183,683,12683,NF03,Guwahati Junction 3,18:02,18:14,3,7,470,23
8184,684,12684,NW02,Jaipur Junction 2,21:13,21:22,2,1,883,24
8185,685,12685,SC01,Secunderabad Junction 1,00:24,00:30,3,2,659,25
8186,686,12686,SC08,Secunderabad Junction 8,03:35,03:41,2,3,1393,26
8187,687,12687,SE07,Bilaspur Junction 7,06:46,06:51,2,4,48,27
8188,688,12688,SE06,Kolkata Junction 6,09:57,09:12,3,5,2000,28
8189,689,12689,SW05,Hubballi Junction 5,12:08,12:12,3,6,1200,29
8190,690,12690,SR04,Chennai Junction 4,15:19,15:33,3,7,722,30
8191,691,12691,WC03,Jabalpur Junction 3,18:30,18:42,2,1,373,1
8192,692,12692,WR02,Mumbai Junction 2,21:41,21:47,13,2,1779,2
8193,693,12693,CR01,Mumbai Junction 1,00:52,00:03,11,3,57,3
8194,694,12694,CR08,Mumbai Junction 8,03:03,03:08,14,4,1582,4
8195,695,12695,ER07,Kolkata Junction 7,06:14,06:19,11,5,1593,5
8196,696,12696,EC06,Hajipur Junction 6,09:25,09:37,15,6,1189,6
8197,697,12697,EC05,Bhubaneswar Junction 5,12:36,12:38,13,7,32,7
8198,698,12698,NR04,New Delhi Junction 4,15:47,15:57,13,1,275,8
8199,699,12699,NC03,Prayagraj Junction 3,18:58,18:11,13,2,1438,9
8200,700,12700,NE02,Gorakhpur Junction 2,21:09,21:15,4,3,1551,10
8201,701,12701,NF01,Guwahati Junction 1,00:20,00:24,11,4,373,11
8202,702,12702,NF08,Guwahati Junction 8,03:31,03:37,9,5,355,12
8203,703,12703,NW07,Jaipur Junction 7,06:42,06:55,11,6,35,13
8204,704,12704,SC06,Secunderabad Junction 6,09:53,09:06,12,7,1844,14
8205,705,12705,SE05,Bilaspur Junction 5,12:04,12:14,10,1,843,15
8206,706,12706,SE04,Kolkata Junction 4,15:15,15:20,5,2,695,16
8207,707,12707,SW03,Hubballi Junction 3,18:26,18:32,12,3,1153,17
8208,708,12708,SR02,Chennai Junction 2,21:37,21:44,12,4,1611,18
8209,709,12709,WC01,Jabalpur Junction 1,00:48,00:03,6,5,535,19
8210,710,12710,WC08,Jabalpur Junction 8,03:59,03:01,4,6,1327,20
8211,711,12711,WR07,Mumbai Junction 7,06:10,06:23,10,7,2181,21
8212,712,12712,CR06,Mumbai Junction 6,09:21,09:31,14,1,590,22
8213,713,12713,ER05,Kolkata Junction 5,12:32,12:38,13,2,1454,23
8214,714,12714,EC04,Hajipur Junction 4,15:43,15:51,15,3,1677,24
8215,715,12715,EC03,Bhubaneswar Junction 3,18:54,18:00,10,4,871,25
8216,716,12716,NR02,New Delhi Junction 2,21:05,21:12,13,5,1495,26
8217,717,12717,NC01,Prayagraj Junction 1,00:16,00:18,10,6,1423,27
8218,718,12718,NC08,Prayagraj Junction 8,03:27,03:36,6,7,1426,28
8219,719,12719,NE07,Gorakhpur Junction 7,06:38,06:53,3,1,1326,29
8220,720,12720,NF06,Guwahati Junction 6,09:49,09:03,7,2,737,30
8221,721,12721,NW05,Jaipur Junction 5,12:00,12:05,5,3,860,1
8222,722,12722,SC04,Secunderabad Junction 4,15:11,15:23,4,4,508,2
8223,723,12723,SE03,Bilaspur Junction 3,18:22,18:37,15,5,499,3
8224,724,12724,SE02,Kolkata Junction 2,21:33,21:40,7,6,652,4
8225,725,12725,SW01,Hubballi Junction 1,00:44,00:48,2,7,1350,5
8226,726,12726,SW08,Hubballi Junction 8,03:55,03:57,10,1,209,6
8227,727,12727,SR07,Chennai Junction 7,06:06,06:10,2,2,875,7
8228,728,12728,WC06,Jabalpur Junction 6,09:17,09:23,6,3,682,8
8229,729,12729,WR05,Mumbai Junction 5,12:28,12:43,8,4,1780,9
8230,730,12730,CR04,Mumbai Junction 4,15:39,15:44,8,5,138,10
8231,731,12731,ER03,Kolkata Junction 3,18:50,18:55,2,6,45,11
8232,732,12732,EC02,Hajipur Junction 2,21:01,21:05,4,7,696,12
8233,733,12733,EC01,Bhubaneswar Junction 1,00:12,00:24,4,1,1343,13
8234,734,12734,EC08,Bhubaneswar Junction 8,03:23,03:30,7,2,2028,14
8235,735,12735,NR07,New Delhi Junction 7,06:34,06:42,5,3,523,15
8236,736,12736,NC06,Prayagraj Junction 6,09:45,09:49,13,4,1462,16
8237,737,12737,NE05,Gorakhpur Junction 5,12:56,12:01,8,5,1111,17
8238,738,12738,NF04,Guwahati Junction 4,15:07,15:09,14,6,1733,18
8239,739,12739,NW03,Jaipur Junction 3,18:18,18:27,12,7,240,19
8240,740,12740,SC02,Secunderabad Junction 2,21:29,21:44,10,1,2064,20
8241,741,12741,SE01,Bilaspur Junction 1,00:40,00:54,10,2,634,21
8242,742,12742,SE08,Bilaspur Junction 8,03:51,03:02,9,3,900,22
8243,743,12743,SE07,Kolkata Junction 7,06:02,06:13,14,4,377,23
8244,744,12744,SW06,Hubballi Junction 6,09:13,09:22,12,5,716,24
8245,745,12745,SR05,Chennai Junction 5,12:24,12:30,2,6,710,25
8246,746,12746,WC04,Jabalpur Junction 4,15:35,15:45,15,7,1155,26
8247,747,12747,WR03,Mumbai Junction 3,18:46,18:52,13,1,412,27
8248,748,12748,CR02,Mumbai Junction 2,21:57,21:01,9,2,1793,28
8249,749,12749,ER01,Kolkata Junction 1,00:08,00:12,2,3,1592,29
8250,750,12750,ER08,Kolkata Junction 8,03:19,03:29,11,4,873,30
8251,751,12751,EC07,Hajipur Junction 7,06:30,06:33,6,5,1033,1
8252,752,12752,EC06,Bhubaneswar Junction 6,09:41,09:49,14,6,491,2
8253,753,12753,NR05,New Delhi Junction 5,12:52,12:58,4,7,1255,3
8254,754,12754,NC04,Prayagraj Junction 4,15:03,15:16,14,1,501,4
8255,755,12755,NE03,Gorakhpur Junction 3,18:14,18:22,12,2,100,5
8256,756,12756,NF02,Guwahati Junction 2,21:25,21:36,3,3,73,6
8257,757,12757,NW01,Jaipur Junction 1,00:36,00:39,14,4,1497,7
8258,758,12758,NW08,Jaipur Junction 8,03:47,03:00,11,5,1751,8
8259,759,12759,SC07,Secunderabad Junction 7,06:58,06:06,13,6,124,9
8260,760,12760,SE06,Bilaspur Junction 6,09:09,09:19,12,7,2185,10
8261,761,12761,SE05,Kolkata Junction 5,12:20,12:27,4,1,1584,11
8262,762,12762,SW04,Hubballi Junction 4,15:31,15:34,12,2,1549,12
8263,763,12763,SR03,Chennai Junction 3,18:42,18:53,6,3,264,13
8264,764,12764,WC02,Jabalpur Junction 2,21:53,21:03,7,4,861,14
8265,765,12765,WR01,Mumbai Junction 1,00:04,00:08,6,5,1830,15
8266,766,12766,WR08,Mumbai Junction 8,03:15,03:29,6,6,312,16
8267,767,12767,CR07,Mumbai Junction 7,06:26,06:28,4,7,21,17
8268,768,12768,ER06,Kolkata Junction 6,09:37,09:48,10,1,1721,18
8269,769,12769,EC05,Hajipur Junction 5,12:48,12:54,13,2,373,19
8270,770,12770,EC04,Bhubaneswar Junction 4,15:59,15:04,14,3,1940,20
8271,771,12771,NR03,New Delhi Junction 3,18:10,18:20,10,4,1541,21
8272,772,12772,NC02,Prayagraj Junction 2,21:21,21:34,5,5,150,22
8273,773,12773,NE01,Gorakhpur Junction 1,00:32,00:36,6,6,518,23
8274,774,12774,NE08,Gorakhpur Junction 8,03:43,03:52,3,7,1269,24
8275,775,12775,NF07,Guwahati Junction 7,06:54,06:05,3,1,631,25
8276,776,12776,NW06,Jaipur Junction 6,09:05,09:14,2,2,1464,26
8277,777,12777,SC05,Secunderabad Junction 5,12:16,12:28,7,3,19,27
8278,778,12778,SE04,Bilaspur Junction 4,15:27,15:36,14,4,643,28
8279,779,12779,SE03,Kolkata Junction 3,18:38,18:51,14,5,617,29
8280,780,12780,SW02,Hubballi Junction 2,21:49,21:59,2,6,1212,30
8281,781,12781,SR01,Chennai Junction 1,00:00,00:14,15,7,439,1
8282,782,12782,SR08,Chennai Junction 8,03:11,03:22,2,1,615,2
8283,783,12783,WC07,Jabalpur Junction 7,06:22,06:35,10,2,862,3
8284,784,12784,WR06,Mumbai Junction 6,09:33,09:48,12,3,51,4
8285,785,12785,CR05,Mumbai Junction 5,12:44,12:47,10,4,1928,5
8286,786,12786,ER04,Kolkata Junction 4,15:55,15:59,9,5,1796,6
8287,787,12787,EC03,Hajipur Junction 3,18:06,18:20,10,6,2199,7
8288,788,12788,EC02,Bhubaneswar Junction 2,21:17,21:32,13,7,1473,8
8289,789,12789,NR01,New Delhi Junction 1,00:28,00:43,2,1,196,9
8290,790,12790,NR08,New Delhi Junction 8,03:39,03:48,11,2,1988,10
8291,791,12791,NC07,Prayagraj Junction 7,06:50,06:01,5,3,1998,11
8292,792,12792,NE06,Gorakhpur Junction 6,09:01,09:04,3,4,1583,12
8293,793,12793,NF05,Guwahati Junction 5,12:12,12:27,9,5,296,13
8294,794,12794,NW04,Jaipur Junction 4,15:23,15:25,15,6,615,14
8295,795,12795,SC03,Secunderabad Junction 3,18:34,18:44,6,7,471,15
8296,796,12796,SE02,Bilaspur Junction 2,21:45,21:56,12,1,1037,16
8297,797,12797,SE01,Kolkata Junction 1,00:56,00:05,8,2,1300,17
8298,798,12798,SE08,Kolkata Junction 8,03:07,03:20,11,3,612,18
8299,799,12799,SW07,Hubballi Junction 7,06:18,06:23,11,4,1419,19
8300,800,12800,SR06,Chennai Junction 6,09:29,09:36,13,5,920,20
8301,801,12801,WC05,Jabalpur Junction 5,12:40,12:46,9,6,424,21
8302,802,12802,WR04,Mumbai Junction 4,15:51,15:02,14,7,2079,22
8303,803,12803,CR03,Mumbai Junction 3,18:02,18:10,5,1,1053,23
8304,804,12804,ER02,Kolkata Junction 2,21:13,21:16,11,2,943,24
8305,805,12805,EC01,Hajipur Junction 1,00:24,00:27,9,3,1580,25
8306,806,12806,EC08,Hajipur Junction 8,03:35,03:40,7,4,1959,26
8307,807,12807,EC07,Bhubaneswar Junction 7,06:46,06:57,13,5,989,27
8308,808,12808,NR06,New Delhi Junction 6,09:57,09:05,8,6,990,28
8309,809,12809,NC05,Prayagraj Junction 5,12:08,12:12,2,7,1831,29
8310,810,12810,NE04,Gorakhpur Junction 4,15:19,15:28,9,1,1310,30
8311,811,12811,NF03,Guwahati Junction 3,18:30,18:37,14,2,1033,1
8312,812,12812,NW02,Jaipur Junction 2,21:41,21:50,9,3,346,2
8313,813,12813,SC01,Secunderabad Junction 1,00:52,00:56,4,4,558,3
8314,814,12814,SC08,Secunderabad Junction 8,03:03,03:07,5,5,2064,4
8315,815,12815,SE07,Bilaspur Junction 7,06:14,06:21,13,6,865,5
8316,816,12816,SE06,Kolkata Junction 6,09:25,09:38,12,7,1848,6
8317,817,12817,SW05,Hubballi Junction 5,12:36,12:42,3,1,677,7
8318,818,12818,SR04,Chennai Junction 4,15:47,15:58,11,2,1549,8
8319,819,12819,WC03,Jabalpur Junction 3,18:58,18:13,5,3,977,9
8320,820,12820,WR02,Mumbai Junction 2,21:09,21:17,4,4,1457,10
8321,821,12821,CR01,Mumbai Junction 1,00:20,00:22,14,5,194,11
8322,822,12822,CR08,Mumbai Junction 8,03:31,03:34,4,6,1962,12
8323,823,12823,ER07,Kolkata Junction 7,06:42,06:56,14,7,1833,13
8324,824,12824,EC06,Hajipur Junction 6,09:53,09:07,8,1,10,14
8325,825,12825,EC05,Bhubaneswar Junction 5,12:04,12:12,5,2,538,15
8326,826,12826,NR04,New Delhi Junction 4,15:15,15:26,4,3,707,16
8327,827,12827,NC03,Prayagraj Junction 3,18:26,18:33,2,4,1542,17
8328,828,12828,NE02,Gorakhpur Junction 2,21:37,21:49,9,5,62,18
8329,829,12829,NF01,Guwahati Junction 1,00:48,00:01,8,6,585,19
8330,830,12830,NF08,Guwahati Junction 8,03:59,03:14,14,7,968,20
8331,831,12831,NW07,Jaipur Junction 7,06:10,06:18,14,1,420,21
8332,832,12832,SC06,Secunderabad Junction 6,09:21,09:28,9,2,762,22
8333,833,12833,SE05,Bilaspur Junction 5,12:32,12:38,3,3,586,23
8334,834,12834,SE04,Kolkata Junction 4,15:43,15:50,13,4,741,24
8335,835,12835,SW03,Hubballi Junction 3,18:54,18:58,13,5,773,25
8336,836,12836,SR02,Chennai Junction 2,21:05,21:19,3,6,48,26
8337,837,12837,WC01,Jabalpur Junction 1,00:16,00:30,3,7,18,27
8338,838,12838,WC08,Jabalpur Junction 8,03:27,03:38,6,1,1066,28
8339,839,12839,WR07,Mumbai Junction 7,06:38,06:45,6,2,1058,29
8340,840,12840,CR06,Mumbai Junction 6,09:49,09:54,5,3,494,30
8341,841,12841,ER05,Kolkata Junction 5,12:00,12:03,9,4,1206,1
8342,842,12842,EC04,Hajipur Junction 4,15:11,15:13,8,5,1625,2
8343,843,12843,EC03,Bhubaneswar Junction 3,18:22,18:24,6,6,2114,3
8344,844,12844,NR02,New Delhi Junction 2,21:33,21:40,2,7,1159,4
8345,845,12845,NC01,Prayagraj Junction 1,00:44,00:51,4,1,161,5
8346,846,12846,NC08,Prayagraj Junction 8,03:55,03:09,13,2,1500,6
8347,847,12847,NE07,Gorakhpur Junction 7,06:06,06:08,14,3,1041,7
8348,848,12848,NF06,Guwahati Junction 6,09:17,09:25,14,4,951,8
8349,849,12849,NW05,Jaipur Junction 5,12:28,12:33,5,5,2039,9
8350,850,12850,SC04,Secunderabad Junction 4,15:39,15:48,10,6,1304,10
8351,851,12851,SE03,Bilaspur Junction 3,18:50,18:55,7,7,2093,11
8352,852,12852,SE02,Kolkata Junction 2,21:01,21:05,15,1,600,12
8353,853,12853,SW01,Hubballi Junction 1,00:12,00:18,2,2,1460,13
8354,854,12854,SW08,Hubballi Junction 8,03:23,03:29,8,3,1277,14
8355,855,12855,SR07,Chennai Junction 7,06:34,06:44,15,4,1222,15
8356,856,12856,WC06,Jabalpur Junction 6,09:45,09:49,11,5,122,16
8357,857,12857,WR05,Mumbai Junction 5,12:56,12:09,6,6,1588,17
8358,858,12858,CR04,Mumbai Junction 4,15:07,15:11,7,7,1530,18
8359,859,12859,ER03,Kolkata Junction 3,18:18,18:28,2,1,76,19
8360,860,12860,EC02,Hajipur Junction 2,21:29,21:44,9,2,1882,20
8361,861,12861,EC01,Bhubaneswar Junction 1,00:40,00:43,8,3,1267,21
8362,862,12862,EC08,Bhubaneswar Junction 8,03:51,03:05,11,4,1381,22
8363,863,12863,NR07,New Delhi Junction 7,06:02,06:08,15,5,720,23
8364,864,12864,NC06,Prayagraj Junction 6,09:13,09:18,12,6,2193,24
8365,865,12865,NE05,Gorakhpur Junction 5,12:24,12:37,4,7,1793,25
8366,866,12866,NF04,Guwahati Junction 4,15:35,15:41,5,1,2057,26
8367,867,12867,NW03,Jaipur Junction 3,18:46,18:01,7,2,57,27
8368,868,12868,SC02,Secunderabad Junction 2,21:57,21:01,9,3,130,28
8369,869,12869,SE01,Bilaspur Junction 1,00:08,00:13,4,4,2094,29
8370,870,12870,SE08,Bilaspur Junction 8,03:19,03:25,7,5,926,30
8371,871,12871,SE07,Kolkata Junction 7,06:30,06:32,9,6,2007,1
8372,872,12872,SW06,Hubballi Junction 6,09:41,09:54,5,7,29,2
8373,873,12873,SR05,Chennai Junction 5,12:52,12:04,13,1,2027,3
8374,874,12874,WC04,Jabalpur Junction 4,15:03,15:13,8,2,1664,4
8375,875,12875,WR03,Mumbai Junction 3,18:14,18:25,12,3,625,5
8376,876,12876,CR02,Mumbai Junction 2,21:25,21:39,2,4,205,6
8377,877,12877,ER01,Kolkata Junction 1,00:36,00:47,10,5,1218,7
8378,878,12878,ER08,Kolkata Junction 8,03:47,03:01,14,6,1582,8
8379,879,12879,EC07,Hajipur Junction 7,06:58,06:02,3,7,307,9
8380,880,12880,EC06,Bhubaneswar Junction 6,09:09,09:19,11,1,1759,10
8381,881,12881,NR05,New Delhi Junction 5,12:20,12:23,5,2,743,11
8382,882,12882,NC04,Prayagraj Junction 4,15:31,15:41,2,3,1848,12
8383,883,12883,NE03,Gorakhpur Junction 3,18:42,18:45,9,4,2052,13
8384,884,12884,NF02,Guwahati Junction 2,21:53,21:57,11,5,1209,14
8385,885,12885,NW01,Jaipur Junction 1,00:04,00:17,10,6,1866,15
8386,886,12886,NW08,Jaipur Junction 8,03:15,03:22,4,7,1495,16
8387,887,12887,SC07,Secunderabad Junction 7,06:26,06:41,8,1,1803,17
8388,888,12888,SE06,Bilaspur Junction 6,09:37,09:51,11,2,1741,18
8389,889,12889,SE05,Kolkata Junction 5,12:48,12:57,13,3,739,19
8390,890,12890,SW04,Hubballi Junction 4,15:59,15:08,3,4,431,20
8391,891,12891,SR03,Chennai Junction 3,18:10,18:20,12,5,65,21
8392,892,12892,WC02,Jabalpur Junction 2,21:21,21:23,2,6,1138,22
8393,893,12893,WR01,Mumbai Junction 1,00:32,00:38,2,7,1745,23
8394,894,12894,WR08,Mumbai Junction 8,03:43,03:52,2,1,1509,24
8395,895,12895,CR07,Mumbai Junction 7,06:54,06:08,7,2,2089,25
8396,896,12896,ER06,Kolkata Junction 6,09:05,09:12,3,3,270,26
8397,897,12897,EC05,Hajipur Junction 5,12:16,12:18,6,4,846,27
8398,898,12898,EC04,Bhubaneswar Junction 4,15:27,15:35,8,5,1899,28
8399,899,12899,NR03,New Delhi Junction 3,18:38,18:40,14,6,525,29
8400,900,12900,NC02,Prayagraj Junction 2,21:49,21:04,3,7,220,30
8401,901,12901,NE01,Gorakhpur Junction 1,00:00,00:03,6,1,2071,1
8402,902,12902,NE08,Gorakhpur Junction 8,03:11,03:19,4,2,1411,2
8403,903,12903,NF07,Guwahati Junction 7,06:22,06:31,11,3,1631,3
8404,904,12904,NW06,Jaipur Junction 6,09:33,09:46,4,4,1090,4
8405,905,12905,SC05,Secunderabad Junction 5,12:44,12:54,9,5,2139,5
8406,906,12906,SE04,Bilaspur Junction 4,15:55,15:10,13,6,528,6
8407,907,12907,SE03,Kolkata Junction 3,18:06,18:15,13,7,590,7
8408,908,12908,SW02,Hubballi Junction 2,21:17,21:28,5,1,308,8
8409,909,12909,SR01,Chennai Junction 1,00:28,00:33,14,2,2189,9
8410,910,12910,SR08,Chennai Junction 8,03:39,03:52,5,3,1714,10
8411,911,12911,WC07,Jabalpur Junction 7,06:50,06:55,3,4,569,11
8412,912,12912,WR06,Mumbai Junction 6,09:01,09:04,10,5,1503,12
8413,913,12913,CR05,Mumbai Junction 5,12:12,12:14,3,6,1053,13
8414,914,12914,ER04,Kolkata Junction 4,15:23,15:26,13,7,880,14
8415,915,12915,EC03,Hajipur Junction 3,18:34,18:41,2,1,1543,15
8416,916,12916,EC02,Bhubaneswar Junction 2,21:45,21:57,12,2,1188,16
8417,917,12917,NR01,New Delhi Junction 1,00:56,00:01,3,3,694,17
8418,918,12918,NR08,New Delhi Junction 8,03:07,03:16,3,4,118,18
8419,919,12919,NC07,Prayagraj Junction 7,06:18,06:23,2,5,31,19
8420,920,12920,NE06,Gorakhpur Junction 6,09:29,09:37,12,6,1099,20
8421,921,12921,NF05,Guwahati Junction 5,12:40,12:43,6,7,78,21
8422,922,12922,NW04,Jaipur Junction 4,15:51,15:01,5,1,852,22
8423,923,12923,SC03,Secunderabad Junction 3,18:02,18:16,10,2,1682,23
8424,924,12924,SE02,Bilaspur Junction 2,21:13,21:19,15,3,1572,24
8425,925,12925,SE01,Kolkata Junction 1,00:24,00:33,10,4,1371,25
8426,926,12926,SE08,Kolkata Junction 8,03:35,03:39,5,5,1509,26
8427,927,12927,SW07,Hubballi Junction 7,06:46,06:54,12,6,1156,27
8428,928,12928,SR06,Chennai Junction 6,09:57,09:59,11,7,1341,28
8429,929,12929,WC05,Jabalpur Junction 5,12:08,12:15,13,1,771,29
8430,930,12930,WR04,Mumbai Junction 4,15:19,15:22,3,2,1983,30
8431,931,12931,CR03,Mumbai Junction 3,18:30,18:37,7,3,672,1
8432,932,12932,ER02,Kolkata Junction 2,21:41,21:53,10,4,1977,2
8433,933,12933,EC01,Hajipur Junction 1,00:52,00:06,15,5,724,3
8434,934,12934,EC08,Hajipur Junction 8,03:03,03:13,6,6,1549,4
8435,935,12935,EC07,Bhubaneswar Junction 7,06:14,06:26,5,7,1891,5
8436,936,12936,NR06,New Delhi Junction 6,09:25,09:31,15,1,1871,6
8437,937,12937,NC05,Prayagraj Junction 5,12:36,12:38,7,2,854,7
8438,938,12938,NE04,Gorakhpur Junction 4,15:47,15:00,12,3,111,8
8439,939,12939,NF03,Guwahati Junction 3,18:58,18:11,5,4,813,9
8440,940,12940,NW02,Jaipur Junction 2,21:09,21:13,4,5,1159,10
8441,941,12941,SC01,Secunderabad Junction 1,00:20,00:23,3,6,1728,11
8442,942,12942,SC08,Secunderabad Junction 8,03:31,03:37,11,7,2169,12
8443,943,12943,SE07,Bilaspur Junction 7,06:42,06:44,13,1,241,13
8444,944,12944,SE06,Kolkata Junction 6,09:53,09:05,6,2,297,14
8445,945,12945,SW05,Hubballi Junction 5,12:04,12:09,7,3,1605,15
8446,946,12946,SR04,Chennai Junction 4,15:15,15:26,12,4,47,16
8447,947,12947,WC03,Jabalpur Junction 3,18:26,18:41,8,5,244,17
8448,948,12948,WR02,Mumbai Junction 2,21:37,21:52,13,6,181,18
8449,949,12949,CR01,Mumbai Junction 1,00:48,00:56,14,7,1501,19
8450,950,12950,CR08,Mumbai Junction 8,03:59,03:03,11,1,416,20
8451,951,12951,ER07,Kolkata Junction 7,06:10,06:16,4,2,1525,21
8452,952,12952,EC06,Hajipur Junction 6,09:21,09:36,2,3,1328,22
8453,953,12953,EC05,Bhubaneswar Junction 5,12:32,12:37,12,4,306,23
8454,954,12954,NR04,New Delhi Junction 4,15:43,15:50,4,5,1921,24
8455,955,12955,NC03,Prayagraj Junction 3,18:54,18:57,10,6,264,25
8456,956,12956,NE02,Gorakhpur Junction 2,21:05,21:15,12,7,1655,26
8457,957,12957,NF01,Guwahati Junction 1,00:16,00:18,12,1,653,27
8458,958,12958,NF08,Guwahati Junction 8,03:27,03:38,15,2,261,28
8459,959,12959,NW07,Jaipur Junction 7,06:38,06:45,14,3,311,29
8460,960,12960,SC06,Secunderabad Junction 6,09:49,09:54,9,4,2191,30
8461,961,12961,SE05,Bilaspur Junction 5,12:00,12:06,7,5,1750,1
8462,962,12962,SE04,Kolkata Junction 4,15:11,15:14,6,6,695,2
8463,963,12963,SW03,Hubballi Junction 3,18:22,18:29,10,7,487,3
8464,964,12964,SR02,Chennai Junction 2,21:33,21:40,14,1,1823,4
8465,965,12965,WC01,Jabalpur Junction 1,00:44,00:59,11,2,1280,5
8466,966,12966,WC08,Jabalpur Junction 8,03:55,03:59,4,3,1185,6
8467,967,12967,WR07,Mumbai Junction 7,06:06,06:13,13,4,21,7
8468,968,12968,CR06,Mumbai Junction 6,09:17,09:31,4,5,868,8
8469,969,12969,ER05,Kolkata Junction 5,12:28,12:34,14,6,1584,9
8470,970,12970,EC04,Hajipur Junction 4,15:39,15:41,13,7,1488,10
8471,971,12971,EC03,Bhubaneswar Junction 3,18:50,18:52,12,1,74,11
8472,972,12972,NR02,New Delhi Junction 2,21:01,21:08,4,2,24,12
8473,973,12973,NC01,Prayagraj Junction 1,00:12,00:21,11,3,1055,13
8474,974,12974,NC08,Prayagraj Junction 8,03:23,03:29,9,4,333,14
8475,975,12975,NE07,Gorakhpur Junction 7,06:34,06:36,4,5,119,15
8476,976,12976,NF06,Guwahati Junction 6,09:45,09:57,10,6,412,16
8477,977,12977,NW05,Jaipur Junction 5,12:56,12:05,8,7,244,17
8478,978,12978,SC04,Secunderabad Junction 4,15:07,15:22,15,1,1669,18
8479,979,12979,SE03,Bilaspur Junction 3,18:18,18:31,9,2,1768,19
8480,980,12980,SE02,Kolkata Junction 2,21:29,21:38,4,3,368,20
8481,981,12981,SW01,Hubballi Junction 1,00:40,00:53,8,4,1604,21
8482,982,12982,SW08,Hubballi Junction 8,03:51,03:55,8,5,183,22
8483,983,12983,SR07,Chennai Junction 7,06:02,06:07,3,6,457,23
8484,984,12984,WC06,Jabalpur Junction 6,09:13,09:23,2,7,425,24
8485,985,12985,WR05,Mumbai Junction 5,12:24,12:35,4,1,1222,25
8486,986,12986,CR04,Mumbai Junction 4,15:35,15:49,12,2,268,26
8487,987,12987,ER03,Kolkata Junction 3,18:46,18:50,11,3,762,27
8488,988,12988,EC02,Hajipur Junction 2,21:57,21:04,8,4,1273,28
8489,989,12989,EC01,Bhubaneswar Junction 1,00:08,00:16,2,5,207,29
8490,990,12990,EC08,Bhubaneswar Junction 8,03:19,03:21,5,6,1797,30
8491,991,12991,NR07,New Delhi Junction 7,06:30,06:45,8,7,59,1
8492,992,12992,NC06,Prayagraj Junction 6,09:41,09:43,13,1,755,2
8493,993,12993,NE05,Gorakhpur Junction 5,12:52,12:06,9,2,1934,3
8494,994,12994,NF04,Guwahati Junction 4,15:03,15:06,14,3,1201,4
8495,995,12995,NW03,Jaipur Junction 3,18:14,18:22,9,4,719,5
8496,996,12996,SC02,Secunderabad Junction 2,21:25,21:35,12,5,1782,6
8497,997,12997,SE01,Bilaspur Junction 1,00:36,00:51,7,6,1691,7
8498,998,12998,SE08,Bilaspur Junction 8,03:47,03:01,2,7,1044,8
8499,999,12999,SE07,Kolkata Junction 7,06:58,06:09,8,1,220,9
8500,1000,13000,SW06,Hubballi Junction 6,09:09,09:20,7,2,1358,10
8501,1001,13001,SR05,Chennai Junction 5,12:20,12:22,2,3,1326,11
8502,1002,13002,WC04,Jabalpur Junction 4,15:31,15:46,10,4,2073,12
8503,1003,13003,WR03,Mumbai Junction 3,18:42,18:55,5,5,225,13
8504,1004,13004,CR02,Mumbai Junction 2,21:53,21:02,10,6,1695,14
8505,1005,13005,ER01,Kolkata Junction 1,00:04,00:13,14,7,1856,15
8506,1006,13006,ER08,Kolkata Junction 8,03:15,03:25,9,1,41,16
8507,1007,13007,EC07,Hajipur Junction 7,06:26,06:38,11,2,1971,17
8508,1008,13008,EC06,Bhubaneswar Junction 6,09:37,09:40,4,3,1476,18
8509,1009,13009,NR05,New Delhi Junction 5,12:48,12:56,10,4,956,19
8510,1010,13010,NC04,Prayagraj Junction 4,15:59,15:09,11,5,416,20
8511,1011,13011,NE03,Gorakhpur Junction 3,18:10,18:22,8,6,1266,21
8512,1012,13012,NF02,Guwahati Junction 2,21:21,21:31,12,7,660,22
8513,1013,13013,NW01,Jaipur Junction 1,00:32,00:34,4,1,2124,23
8514,1014,13014,NW08,Jaipur Junction 8,03:43,03:48,5,2,1887,24
8515,1015,13015,SC07,Secunderabad Junction 7,06:54,06:59,8,3,815,25
8516,1016,13016,SE06,Bilaspur Junction 6,09:05,09:16,10,4,1132,26
8517,1017,13017,SE05,Kolkata Junction 5,12:16,12:25,13,5,1279,27
8518,1018,13018,SW04,Hubballi Junction 4,15:27,15:36,14,6,205,28
8519,1019,13019,SR03,Chennai Junction 3,18:38,18:51,4,7,729,29
8520,1020,13020,WC02,Jabalpur Junction 2,21:49,21:51,9,1,1829,30
8521,1021,13021,WR01,Mumbai Junction 1,00:00,00:07,11,2,864,1
8522,1022,13022,WR08,Mumbai Junction 8,03:11,03:23,15,3,1573,2
8523,1023,13023,CR07,Mumbai Junction 7,06:22,06:28,13,4,83,3
8524,1024,13024,ER06,Kolkata Junction 6,09:33,09:48,13,5,1437,4
8525,1025,13025,EC05,Hajipur Junction 5,12:44,12:54,5,6,948,5
8526,1026,13026,EC04,Bhubaneswar Junction 4,15:55,15:58,6,7,1297,6
8527,1027,13027,NR03,New Delhi Junction 3,18:06,18:13,12,1,1876,7
8528,1028,13028,NC02,Prayagraj Junction 2,21:17,21:26,6,2,667,8
8529,1029,13029,NE01,Gorakhpur Junction 1,00:28,00:37,12,3,278,9
8530,1030,13030,NE08,Gorakhpur Junction 8,03:39,03:47,8,4,630,10
8531,1031,13031,NF07,Guwahati Junction 7,06:50,06:55,13,5,951,11
8532,1032,13032,NW06,Jaipur Junction 6,09:01,09:11,2,6,623,12
8533,1033,13033,SC05,Secunderabad Junction 5,12:12,12:17,6,7,1851,13
8534,1034,13034,SE04,Bilaspur Junction 4,15:23,15:33,14,1,930,14
8535,1035,13035,SE03,Kolkata Junction 3,18:34,18:46,4,2,1793,15
8536,1036,13036,SW02,Hubballi Junction 2,21:45,21:55,2,3,1516,16
8537,1037,13037,SR01,Chennai Junction 1,00:56,00:04,2,4,1863,17
8538,1038,13038,SR08,Chennai Junction 8,03:07,03:16,10,5,1269,18
8539,1039,13039,WC07,Jabalpur Junction 7,06:18,06:21,6,6,1543,19
8540,1040,13040,WR06,Mumbai Junction 6,09:29,09:35,14,7,698,20
8541,1041,13041,CR05,Mumbai Junction 5,12:40,12:48,8,1,41,21
8542,1042,13042,ER04,Kolkata Junction 4,15:51,15:04,3,2,1031,22
8543,1043,13043,EC03,Hajipur Junction 3,18:02,18:16,15,3,506,23
8544,1044,13044,EC02,Bhubaneswar Junction 2,21:13,21:20,9,4,1538,24
8545,1045,13045,NR01,New Delhi Junction 1,00:24,00:29,9,5,1835,25
8546,1046,13046,NR08,New Delhi Junction 8,03:35,03:47,13,6,1954,26
8547,1047,13047,NC07,Prayagraj Junction 7,06:46,06:00,9,7,2143,27
8548,1048,13048,NE06,Gorakhpur Junction 6,09:57,09:05,11,1,2073,28
8549,1049,13049,NF05,Guwahati Junction 5,12:08,12:10,15,2,1808,29
8550,1050,13050,NW04,Jaipur Junction 4,15:19,15:34,12,3,344,30
8551,1051,13051,SC03,Secunderabad Junction 3,18:30,18:36,2,4,1337,1
8552,1052,13052,SE02,Bilaspur Junction 2,21:41,21:49,8,5,1613,2
8553,1053,13053,SE01,Kolkata Junction 1,00:52,00:05,3,6,2017,3
8554,1054,13054,SE08,Kolkata Junction 8,03:03,03:10,12,7,1279,4
8555,1055,13055,SW07,Hubballi Junction 7,06:14,06:22,4,1,417,5
8556,1056,13056,SR06,Chennai Junction 6,09:25,09:37,6,2,504,6
8557,1057,13057,WC05,Jabalpur Junction 5,12:36,12:38,13,3,870,7
8558,1058,13058,WR04,Mumbai Junction 4,15:47,15:53,7,4,1317,8
8559,1059,13059,CR03,Mumbai Junction 3,18:58,18:06,9,5,611,9
8560,1060,13060,ER02,Kolkata Junction 2,21:09,21:15,14,6,965,10
8561,1061,13061,EC01,Hajipur Junction 1,00:20,00:35,13,7,1565,11
8562,1062,13062,EC08,Hajipur Junction 8,03:31,03:40,13,1,122,12
8563,1063,13063,EC07,Bhubaneswar Junction 7,06:42,06:50,11,2,237,13
8564,1064,13064,NR06,New Delhi Junction 6,09:53,09:57,2,3,1069,14
8565,1065,13065,NC05,Prayagraj Junction 5,12:04,12:13,8,4,120,15
8566,1066,13066,NE04,Gorakhpur Junction 4,15:15,15:23,14,5,68,16
8567,1067,13067,NF03,Guwahati Junction 3,18:26,18:38,5,6,164,17
8568,1068,13068,NW02,Jaipur Junction 2,21:37,21:39,2,7,912,18
8569,1069,13069,SC01,Secunderabad Junction 1,00:48,00:56,10,1,178,19
8570,1070,13070,SC08,Secunderabad Junction 8,03:59,03:10,12,2,142,20
8571,1071,13071,SE07,Bilaspur Junction 7,06:10,06:21,3,3,966,21
8572,1072,13072,SE06,Kolkata Junction 6,09:21,09:32,14,4,1168,22
8573,1073,13073,SW05,Hubballi Junction 5,12:32,12:40,13,5,475,23
8574,1074,13074,SR04,Chennai Junction 4,15:43,15:47,8,6,264,24
8575,1075,13075,WC03,Jabalpur Junction 3,18:54,18:56,7,7,335,25
8576,1076,13076,WR02,Mumbai Junction 2,21:05,21:15,9,1,1069,26
8577,1077,13077,CR01,Mumbai Junction 1,00:16,00:24,3,2,885,27
8578,1078,13078,CR08,Mumbai Junction 8,03:27,03:29,6,3,1490,28
8579,1079,13079,ER07,Kolkata Junction 7,06:38,06:53,6,4,581,29
8580,1080,13080,EC06,Hajipur Junction 6,09:49,09:00,14,5,648,30
8581,1081,13081,EC05,Bhubaneswar Junction 5,12:00,12:13,6,6,1406,1
8582,1082,13082,NR04,New Delhi Junction 4,15:11,15:15,5,7,2164,2
8583,1083,13083,NC03,Prayagraj Junction 3,18:22,18:29,2,1,1698,3
8584,1084,13084,NE02,Gorakhpur Junction 2,21:33,21:36,3,2,1839,4
8585,1085,13085,NF01,Guwahati Junction 1,00:44,00:50,3,3,2146,5
8586,1086,13086,NF08,Guwahati Junction 8,03:55,03:00,10,4,578,6
8587,1087,13087,NW07,Jaipur Junction 7,06:06,06:16,11,5,1666,7
8588,1088,13088,SC06,Secunderabad Junction 6,09:17,09:24,10,6,1849,8
8589,1089,13089,SE05,Bilaspur Junction 5,12:28,12:41,12,7,879,9
8590,1090,13090,SE04,Kolkata Junction 4,15:39,15:48,15,1,547,10
8591,1091,13091,SW03,Hubballi Junction 3,18:50,18:01,13,2,1057,11
8592,1092,13092,SR02,Chennai Junction 2,21:01,21:15,7,3,1839,12
8593,1093,13093,WC01,Jabalpur Junction 1,00:12,00:23,2,4,1811,13
8594,1094,13094,WC08,Jabalpur Junction 8,03:23,03:34,5,5,1548,14
8595,1095,13095,WR07,Mumbai Junction 7,06:34,06:43,15,6,670,15
8596,1096,13096,CR06,Mumbai Junction 6,09:45,09:50,2,7,1729,16
8597,1097,13097,ER05,Kolkata Junction 5,12:56,12:11,11,1,812,17
8598,1098,13098,EC04,Hajipur Junction 4,15:07,15:21,5,2,1525,18
8599,1099,13099,EC03,Bhubaneswar Junction 3,18:18,18:28,13,3,2137,19
8600,1100,13100,NR02,New Delhi Junction 2,21:29,21:36,3,4,346,20
8601,1101,13101,NC01,Prayagraj Junction 1,00:40,00:52,7,5,307,21
8602,1102,13102,NC08,Prayagraj Junction 8,03:51,03:04,11,6,289,22
8603,1103,13103,NE07,Gorakhpur Junction 7,06:02,06:13,10,7,2166,23
8604,1104,13104,NF06,Guwahati Junction 6,09:13,09:28,15,1,1969,24
8605,1105,13105,NW05,Jaipur Junction 5,12:24,12:37,11,2,1198,25
8606,1106,13106,SC04,Secunderabad Junction 4,15:35,15:48,15,3,256,26
8607,1107,13107,SE03,Bilaspur Junction 3,18:46,18:49,8,4,645,27
8608,1108,13108,SE02,Kolkata Junction 2,21:57,21:06,6,5,1721,28
8609,1109,13109,SW01,Hubballi Junction 1,00:08,00:22,5,6,1699,29
8610,1110,13110,SW08,Hubballi Junction 8,03:19,03:22,13,7,1535,30
8611,1111,13111,SR07,Chennai Junction 7,06:30,06:41,8,1,235,1
8612,1112,13112,WC06,Jabalpur Junction 6,09:41,09:54,3,2,1059,2
8613,1113,13113,WR05,Mumbai Junction 5,12:52,12:56,13,3,1263,3
8614,1114,13114,CR04,Mumbai Junction 4,15:03,15:12,6,4,1721,4
8615,1115,13115,ER03,Kolkata Junction 3,18:14,18:18,12,5,2132,5
8616,1116,13116,EC02,Hajipur Junction 2,21:25,21:30,11,6,680,6
8617,1117,13117,EC01,Bhubaneswar Junction 1,00:36,00:51,14,7,690,7
8618,1118,13118,EC08,Bhubaneswar Junction 8,03:47,03:52,3,1,1534,8
8619,1119,13119,NR07,New Delhi Junction 7,06:58,06:12,4,2,1795,9
8620,1120,13120,NC06,Prayagraj Junction 6,09:09,09:21,8,3,491,10
8621,1121,13121,NE05,Gorakhpur Junction 5,12:20,12:31,10,4,1785,11
8622,1122,13122,NF04,Guwahati Junction 4,15:31,15:40,2,5,447,12
8623,1123,13123,NW03,Jaipur Junction 3,18:42,18:49,8,6,769,13
8624,1124,13124,SC02,Secunderabad Junction 2,21:53,21:07,5,7,1497,14
8625,1125,13125,SE01,Bilaspur Junction 1,00:04,00:11,15,1,2015,15
8626,1126,13126,SE08,Bilaspur Junction 8,03:15,03:27,12,2,1415,16
8627,1127,13127,SE07,Kolkata Junction 7,06:26,06:36,9,3,59,17
8628,1128,13128,SW06,Hubballi Junction 6,09:37,09:52,15,4,1159,18
8629,1129,13129,SR05,Chennai Junction 5,12:48,12:02,7,5,247,19
8630,1130,13130,WC04,Jabalpur Junction 4,15:59,15:12,9,6,2068,20
8631,1131,13131,WR03,Mumbai Junction 3,18:10,18:14,8,7,1468,21
8632,1132,13132,CR02,Mumbai Junction 2,21:21,21:24,15,1,1338,22
8633,1133,13133,ER01,Kolkata Junction 1,00:32,00:36,12,2,1932,23
8634,1134,13134,ER08,Kolkata Junction 8,03:43,03:50,10,3,1645,24
8635,1135,13135,EC07,Hajipur Junction 7,06:54,06:58,9,4,1230,25
8636,1136,13136,EC06,Bhubaneswar Junction 6,09:05,09:11,6,5,1384,26
8637,1137,13137,NR05,New Delhi Junction 5,12:16,12:28,7,6,322,27
8638,1138,13138,NC04,Prayagraj Junction 4,15:27,15:40,4,7,6,28
8639,1139,13139,NE03,Gorakhpur Junction 3,18:38,18:44,13,1,1664,29
8640,1140,13140,NF02,Guwahati Junction 2,21:49,21:55,9,2,2111,30
8641,1141,13141,NW01,Jaipur Junction 1,00:00,00:12,12,3,192,1
8642,1142,13142,NW08,Jaipur Junction 8,03:11,03:16,3,4,2153,2
8643,1143,13143,SC07,Secunderabad Junction 7,06:22,06:28,8,5,1213,3
8644,1144,13144,SE06,Bilaspur Junction 6,09:33,09:42,2,6,2000,4
8645,1145,13145,SE05,Kolkata Junction 5,12:44,12:51,14,7,1683,5
8646,1146,13146,SW04,Hubballi Junction 4,15:55,15:06,11,1,2152,6
8647,1147,13147,SR03,Chennai Junction 3,18:06,18:12,6,2,1475,7
8648,1148,13148,WC02,Jabalpur Junction 2,21:17,21:22,13,3,64,8
8649,1149,13149,WR01,Mumbai Junction 1,00:28,00:42,6,4,9,9
8650,1150,13150,WR08,Mumbai Junction 8,03:39,03:49,5,5,671,10
8651,1151,13151,CR07,Mumbai Junction 7,06:50,06:58,10,6,299,11
8652,1152,13152,ER06,Kolkata Junction 6,09:01,09:03,8,7,779,12
8653,1153,13153,EC05,Hajipur Junction 5,12:12,12:22,12,1,1352,13
8654,1154,13154,EC04,Bhubaneswar Junction 4,15:23,15:26,15,2,1572,14
8655,1155,13155,NR03,New Delhi Junction 3,18:34,18:36,12,3,1937,15
8656,1156,13156,NC02,Prayagraj Junction 2,21:45,21:54,13,4,1949,16
8657,1157,13157,NE01,Gorakhpur Junction 1,00:56,00:11,15,5,426,17
8658,1158,13158,NE08,Gorakhpur Junction 8,03:07,03:09,11,6,1493,18
8659,1159,13159,NF07,Guwahati Junction 7,06:18,06:27,5,7,2087,19
8660,1160,13160,NW06,Jaipur Junction 6,09:29,09:36,12,1,1370,20
8661,1161,13161,SC05,Secunderabad Junction 5,12:40,12:54,11,2,1396,21
8662,1162,13162,SE04,Bilaspur Junction 4,15:51,15:04,2,3,1551,22
8663,1163,13163,SE03,Kolkata Junction 3,18:02,18:12,12,4,493,23
8664,1164,13164,SW02,Hubballi Junction 2,21:13,21:23,5,5,257,24
8665,1165,13165,SR01,Chennai Junction 1,00:24,00:34,2,6,204,25
8666,1166,13166,SR08,Chennai Junction 8,03:35,03:44,14,7,1574,26
8667,1167,13167,WC07,Jabalpur Junction 7,06:46,06:48,3,1,948,27
8668,1168,13168,WR06,Mumbai Junction 6,09:57,09:05,2,2,563,28
8669,1169,13169,CR05,Mumbai Junction 5,12:08,12:11,9,3,1448,29
8670,1170,13170,ER04,Kolkata Junction 4,15:19,15:26,10,4,443,30
8671,1171,13171,EC03,Hajipur Junction 3,18:30,18:43,2,5,1109,1
8672,1172,13172,EC02,Bhubaneswar Junction 2,21:41,21:47,8,6,1135,2
8673,1173,13173,NR01,New Delhi Junction 1,00:52,00:03,15,7,1234,3
8674,1174,13174,NR08,New Delhi Junction 8,03:03,03:08,9,1,1126,4
8675,1175,13175,NC07,Prayagraj Junction 7,06:14,06:28,9,2,1909,5
8676,1176,13176,NE06,Gorakhpur Junction 6,09:25,09:36,10,3,722,6
8677,1177,13177,NF05,Guwahati Junction 5,12:36,12:41,3,4,1206,7
8678,1178,13178,NW04,Jaipur Junction 4,15:47,15:01,2,5,2096,8
8679,1179,13179,SC03,Secunderabad Junction 3,18:58,18:12,8,6,689,9
8680,1180,13180,SE02,Bilaspur Junction 2,21:09,21:19,13,7,63,10
8681,1181,13181,SE01,Kolkata Junction 1,00:20,00:28,2,1,1416,11
8682,1182,13182,SE08,Kolkata Junction 8,03:31,03:34,6,2,1625,12
8683,1183,13183,SW07,Hubballi Junction 7,06:42,06:54,5,3,1128,13
8684,1184,13184,SR06,Chennai Junction 6,09:53,09:57,10,4,18,14
8685,1185,13185,WC05,Jabalpur Junction 5,12:04,12:17,2,5,1338,15
8686,1186,13186,WR04,Mumbai Junction 4,15:15,15:22,5,6,1191,16
8687,1187,13187,CR03,Mumbai Junction 3,18:26,18:29,10,7,1418,17
8688,1188,13188,ER02,Kolkata Junction 2,21:37,21:45,7,1,1011,18
8689,1189,13189,EC01,Hajipur Junction 1,00:48,00:03,12,2,12,19
8690,1190,13190,EC08,Hajipur Junction 8,03:59,03:05,2,3,522,20
8691,1191,13191,EC07,Bhubaneswar Junction 7,06:10,06:22,13,4,1005,21
8692,1192,13192,NR06,New Delhi Junction 6,09:21,09:32,7,5,1049,22
8693,1193,13193,NC05,Prayagraj Junction 5,12:32,12:45,5,6,700,23
8694,1194,13194,NE04,Gorakhpur Junction 4,15:43,15:46,5,7,82,24
8695,1195,13195,NF03,Guwahati Junction 3,18:54,18:07,13,1,927,25
8696,1196,13196,NW02,Jaipur Junction 2,21:05,21:15,5,2,100,26
8697,1197,13197,SC01,Secunderabad Junction 1,00:16,00:25,4,3,1866,27
8698,1198,13198,SC08,Secunderabad Junction 8,03:27,03:32,12,4,578,28
8699,1199,13199,SE07,Bilaspur Junction 7,06:38,06:41,9,5,403,29
8700,1200,13200,SE06,Kolkata Junction 6,09:49,09:56,6,6,1940,30
8701,1201,13201,SW05,Hubballi Junction 5,12:00,12:09,12,7,1295,1
8702,1202,13202,SR04,Chennai Junction 4,15:11,15:25,8,1,1898,2
8703,1203,13203,WC03,Jabalpur Junction 3,18:22,18:36,14,2,1530,3
8704,1204,13204,WR02,Mumbai Junction 2,21:33,21:48,12,3,685,4
8705,1205,13205,CR01,Mumbai Junction 1,00:44,00:48,4,4,1262,5
8706,1206,13206,CR08,Mumbai Junction 8,03:55,03:59,5,5,1381,6
8707,1207,13207,ER07,Kolkata Junction 7,06:06,06:12,11,6,2194,7
8708,1208,13208,EC06,Hajipur Junction 6,09:17,09:20,10,7,1806,8
8709,1209,13209,EC05,Bhubaneswar Junction 5,12:28,12:31,12,1,1116,9
8710,1210,13210,NR04,New Delhi Junction 4,15:39,15:49,2,2,958,10
8711,1211,13211,NC03,Prayagraj Junction 3,18:50,18:57,4,3,1678,11
8712,1212,13212,NE02,Gorakhpur Junction 2,21:01,21:10,14,4,350,12
8713,1213,13213,NF01,Guwahati Junction 1,00:12,00:24,10,5,1432,13
8714,1214,13214,NF08,Guwahati Junction 8,03:23,03:29,11,6,544,14
8715,1215,13215,NW07,Jaipur Junction 7,06:34,06:46,8,7,1055,15
8716,1216,13216,SC06,Secunderabad Junction 6,09:45,09:55,3,1,808,16
8717,1217,13217,SE05,Bilaspur Junction 5,12:56,12:00,15,2,927,17
8718,1218,13218,SE04,Kolkata Junction 4,15:07,15:09,2,3,2008,18
8719,1219,13219,SW03,Hubballi Junction 3,18:18,18:22,2,4,466,19
8720,1220,13220,SR02,Chennai Junction 2,21:29,21:34,3,5,2191,20
8721,1221,13221,WC01,Jabalpur Junction 1,00:40,00:42,12,6,1841,21
8722,1222,13222,WC08,Jabalpur Junction 8,03:51,03:02,3,7,1597,22
8723,1223,13223,WR07,Mumbai Junction 7,06:02,06:08,7,1,553,23
8724,1224,13224,CR06,Mumbai Junction 6,09:13,09:25,10,2,340,24
8725,1225,13225,ER05,Kolkata Junction 5,12:24,12:31,13,3,2062,25
8726,1226,13226,EC04,Hajipur Junction 4,15:35,15:50,3,4,1886,26
8727,1227,13227,EC03,Bhubaneswar Junction 3,18:46,18:55,12,5,848,27
8728,1228,13228,NR02,New Delhi Junction 2,21:57,21:08,5,6,1146,28
8729,1229,13229,NC01,Prayagraj Junction 1,00:08,00:13,7,7,897,29
8730,1230,13230,NC08,Prayagraj Junction 8,03:19,03:33,10,1,1424,30
8731,1231,13231,NE07,Gorakhpur Junction 7,06:30,06:35,8,2,1040,1
8732,1232,13232,NF06,Guwahati Junction 6,09:41,09:53,4,3,119,2
8733,1233,13233,NW05,Jaipur Junction 5,12:52,12:01,13,4,1613,3
8734,1234,13234,SC04,Secunderabad Junction 4,15:03,15:16,7,5,502,4
8735,1235,13235,SE03,Bilaspur Junction 3,18:14,18:25,2,6,1970,5
8736,1236,13236,SE02,Kolkata Junction 2,21:25,21:36,9,7,439,6
8737,1237,13237,SW01,Hubballi Junction 1,00:36,00:41,15,1,32,7
8738,1238,13238,SW08,Hubballi Junction 8,03:47,03:49,6,2,505,8
8739,1239,13239,SR07,Chennai Junction 7,06:58,06:09,2,3,1728,9
8740,1240,13240,WC06,Jabalpur Junction 6,09:09,09:21,5,4,1273,10
8741,1241,13241,WR05,Mumbai Junction 5,12:20,12:31,13,5,1611,11
8742,1242,13242,CR04,Mumbai Junction 4,15:31,15:46,3,6,1342,12
8743,1243,13243,ER03,Kolkata Junction 3,18:42,18:54,5,7,480,13
8744,1244,13244,EC02,Hajipur Junction 2,21:53,21:56,15,1,1905,14
8745,1245,13245,EC01,Bhubaneswar Junction 1,00:04,00:07,5,2,1008,15
8746,1246,13246,EC08,Bhubaneswar Junction 8,03:15,03:29,13,3,1932,16
8747,1247,13247,NR07,New Delhi Junction 7,06:26,06:39,10,4,640,17
8748,1248,13248,NC06,Prayagraj Junction 6,09:37,09:47,8,5,2091,18
8749,1249,13249,NE05,Gorakhpur Junction 5,12:48,12:56,12,6,381,19
8750,1250,13250,NF04,Guwahati Junction 4,15:59,15:10,8,7,958,20
8751,1251,13251,NW03,Jaipur Junction 3,18:10,18:22,8,1,129,21
8752,1252,13252,SC02,Secunderabad Junction 2,21:21,21:28,15,2,2081,22
8753,1253,13253,SE01,Bilaspur Junction 1,00:32,00:42,10,3,578,23
8754,1254,13254,SE08,Bilaspur Junction 8,03:43,03:55,10,4,81,24
8755,1255,13255,SE07,Kolkata Junction 7,06:54,06:09,13,5,179,25
8756,1256,13256,SW06,Hubballi Junction 6,09:05,09:12,12,6,1621,26
8757,1257,13257,SR05,Chennai Junction 5,12:16,12:20,2,7,2166,27
8758,1258,13258,WC04,Jabalpur Junction 4,15:27,15:41,12,1,1451,28
8759,1259,13259,WR03,Mumbai Junction 3,18:38,18:49,8,2,1505,29
8760,1260,13260,CR02,Mumbai Junction 2,21:49,21:55,3,3,684,30
8761,1261,13261,ER01,Kolkata Junction 1,00:00,00:06,6,4,1036,1
8762,1262,13262,ER08,Kolkata Junction 8,03:11,03:14,7,5,1020,2
8763,1263,13263,EC07,Hajipur Junction 7,06:22,06:26,8,6,1483,3
8764,1264,13264,EC06,Bhubaneswar Junction 6,09:33,09:40,2,7,1546,4
8765,1265,13265,NR05,New Delhi Junction 5,12:44,12:54,7,1,50,5
8766,1266,13266,NC04,Prayagraj Junction 4,15:55,15:58,3,2,1874,6
8767,1267,13267,NE03,Gorakhpur Junction 3,18:06,18:12,7,3,1531,7
8768,1268,13268,NF02,Guwahati Junction 2,21:17,21:28,2,4,2045,8
8769,1269,13269,NW01,Jaipur Junction 1,00:28,00:33,12,5,1830,9
8770,1270,13270,NW08,Jaipur Junction 8,03:39,03:48,4,6,1199,10
8771,1271,13271,SC07,Secunderabad Junction 7,06:50,06:55,13,7,1659,11
8772,1272,13272,SE06,Bilaspur Junction 6,09:01,09:14,13,1,393,12
8773,1273,13273,SE05,Kolkata Junction 5,12:12,12:14,10,2,1350,13
8774,1274,13274,SW04,Hubballi Junction 4,15:23,15:37,10,3,1767,14
8775,1275,13275,SR03,Chennai Junction 3,18:34,18:40,3,4,83,15
8776,1276,13276,WC02,Jabalpur Junction 2,21:45,21:53,2,5,1140,16
8777,1277,13277,WR01,Mumbai Junction 1,00:56,00:03,5,6,1300,17
8778,1278,13278,WR08,Mumbai Junction 8,03:07,03:18,2,7,1047,18
8779,1279,13279,CR07,Mumbai Junction 7,06:18,06:33,6,1,1718,19
8780,1280,13280,ER06,Kolkata Junction 6,09:29,09:35,5,2,1884,20
8781,1281,13281,EC05,Hajipur Junction 5,12:40,12:46,14,3,1440,21
8782,1282,13282,EC04,Bhubaneswar Junction 4,15:51,15:04,13,4,2010,22
8783,1283,13283,NR03,New Delhi Junction 3,18:02,18:11,15,5,131,23
8784,1284,13284,NC02,Prayagraj Junction 2,21:13,21:21,7,6,212,24
8785,1285,13285,NE01,Gorakhpur Junction 1,00:24,00:38,13,7,1647,25
8786,1286,13286,NE08,Gorakhpur Junction 8,03:35,03:45,10,1,837,26
8787,1287,13287,NF07,Guwahati Junction 7,06:46,06:57,15,2,552,27
8788,1288,13288,NW06,Jaipur Junction 6,09:57,09:03,3,3,1996,28
8789,1289,13289,SC05,Secunderabad Junction 5,12:08,12:17,10,4,586,29
8790,1290,13290,SE04,Bilaspur Junction 4,15:19,15:21,13,5,1892,30
8791,1291,13291,SE03,Kolkata Junction 3,18:30,18:36,12,6,1258,1
8792,1292,13292,SW02,Hubballi Junction 2,21:41,21:51,4,7,1352,2
8793,1293,13293,SR01,Chennai Junction 1,00:52,00:56,5,1,784,3
8794,1294,13294,SR08,Chennai Junction 8,03:03,03:08,14,2,64,4
8795,1295,13295,WC07,Jabalpur Junction 7,06:14,06:28,4,3,1914,5
8796,1296,13296,WR06,Mumbai Junction 6,09:25,09:31,14,4,1189,6
8797,1297,13297,CR05,Mumbai Junction 5,12:36,12:44,3,5,953,7
8798,1298,13298,ER04,Kolkata Junction 4,15:47,15:56,15,6,579,8
8799,1299,13299,EC03,Hajipur Junction 3,18:58,18:01,5,7,534,9
8800,1300,13300,EC02,Bhubaneswar Junction 2,21:09,21:24,4,1,2183,10
8801,1301,13301,NR01,New Delhi Junction 1,00:20,00:23,13,2,912,11
8802,1302,13302,NR08,New Delhi Junction 8,03:31,03:33,10,3,1602,12
8803,1303,13303,NC07,Prayagraj Junction 7,06:42,06:55,4,4,1358,13
8804,1304,13304,NE06,Gorakhpur Junction 6,09:53,09:02,8,5,1966,14
8805,1305,13305,NF05,Guwahati Junction 5,12:04,12:11,7,6,1155,15
8806,1306,13306,NW04,Jaipur Junction 4,15:15,15:30,14,7,1558,16
8807,1307,13307,SC03,Secunderabad Junction 3,18:26,18:29,6,1,33,17
8808,1308,13308,SE02,Bilaspur Junction 2,21:37,21:40,13,2,1793,18
8809,1309,13309,SE01,Kolkata Junction 1,00:48,00:51,8,3,614,19
8810,1310,13310,SE08,Kolkata Junction 8,03:59,03:02,7,4,226,20
8811,1311,13311,SW07,Hubballi Junction 7,06:10,06:22,15,5,929,21
8812,1312,13312,SR06,Chennai Junction 6,09:21,09:26,8,6,2126,22
8813,1313,13313,WC05,Jabalpur Junction 5,12:32,12:36,11,7,204,23
8814,1314,13314,WR04,Mumbai Junction 4,15:43,15:49,8,1,844,24
8815,1315,13315,CR03,Mumbai Junction 3,18:54,18:58,12,2,1480,25
8816,1316,13316,ER02,Kolkata Junction 2,21:05,21:13,7,3,164,26
8817,1317,13317,EC01,Hajipur Junction 1,00:16,00:27,5,4,662,27
8818,1318,13318,EC08,Hajipur Junction 8,03:27,03:41,10,5,1531,28
8819,1319,13319,EC07,Bhubaneswar Junction 7,06:38,06:43,9,6,30,29
8820,1320,13320,NR06,New Delhi Junction 6,09:49,09:54,13,7,1044,30
8821,1321,13321,NC05,Prayagraj Junction 5,12:00,12:10,13,1,2061,1
8822,1322,13322,NE04,Gorakhpur Junction 4,15:11,15:14,10,2,2188,2
8823,1323,13323,NF03,Guwahati Junction 3,18:22,18:26,14,3,1276,3
8824,1324,13324,NW02,Jaipur Junction 2,21:33,21:39,12,4,1915,4
8825,1325,13325,SC01,Secunderabad Junction 1,00:44,00:47,11,5,2060,5
8826,1326,13326,SC08,Secunderabad Junction 8,03:55,03:06,9,6,307,6
8827,1327,13327,SE07,Bilaspur Junction 7,06:06,06:14,14,7,1758,7
8828,1328,13328,SE06,Kolkata Junction 6,09:17,09:25,6,1,1767,8
8829,1329,13329,SW05,Hubballi Junction 5,12:28,12:43,6,2,1783,9
8830,1330,13330,SR04,Chennai Junction 4,15:39,15:45,13,3,2122,10
8831,1331,13331,WC03,Jabalpur Junction 3,18:50,18:01,8,4,691,11
8832,1332,13332,WR02,Mumbai Junction 2,21:01,21:03,2,5,1838,12
8833,1333,13333,CR01,Mumbai Junction 1,00:12,00:23,5,6,1214,13
8834,1334,13334,CR08,Mumbai Junction 8,03:23,03:37,11,7,2016,14
8835,1335,13335,ER07,Kolkata Junction 7,06:34,06:37,3,1,1466,15
8836,1336,13336,EC06,Hajipur Junction 6,09:45,09:55,11,2,2159,16
8837,1337,13337,EC05,Bhubaneswar Junction 5,12:56,12:59,15,3,133,17
8838,1338,13338,NR04,New Delhi Junction 4,15:07,15:16,13,4,1497,18
8839,1339,13339,NC03,Prayagraj Junction 3,18:18,18:23,10,5,1984,19
8840,1340,13340,NE02,Gorakhpur Junction 2,21:29,21:33,15,6,1436,20
8841,1341,13341,NF01,Guwahati Junction 1,00:40,00:43,6,7,1896,21
8842,1342,13342,NF08,Guwahati Junction 8,03:51,03:57,15,1,923,22
8843,1343,13343,NW07,Jaipur Junction 7,06:02,06:08,13,2,1728,23
8844,1344,13344,SC06,Secunderabad Junction 6,09:13,09:18,12,3,551,24
8845,1345,13345,SE05,Bilaspur Junction 5,12:24,12:38,2,4,1456,25
8846,1346,13346,SE04,Kolkata Junction 4,15:35,15:39,11,5,2153,26
8847,1347,13347,SW03,Hubballi Junction 3,18:46,18:57,8,6,1811,27
8848,1348,13348,SR02,Chennai Junction 2,21:57,21:01,9,7,2124,28
8849,1349,13349,WC01,Jabalpur Junction 1,00:08,00:14,2,1,971,29
8850,1350,13350,WC08,Jabalpur Junction 8,03:19,03:27,13,2,1770,30
8851,1351,13351,WR07,Mumbai Junction 7,06:30,06:36,12,3,314,1
8852,1352,13352,CR06,Mumbai Junction 6,09:41,09:45,10,4,1557,2
8853,1353,13353,ER05,Kolkata Junction 5,12:52,12:05,10,5,281,3
8854,1354,13354,EC04,Hajipur Junction 4,15:03,15:14,8,6,585,4
8855,1355,13355,EC03,Bhubaneswar Junction 3,18:14,18:20,13,7,390,5
8856,1356,13356,NR02,New Delhi Junction 2,21:25,21:34,3,1,1595,6
8857,1357,13357,NC01,Prayagraj Junction 1,00:36,00:40,15,2,1940,7
8858,1358,13358,NC08,Prayagraj Junction 8,03:47,03:00,6,3,1721,8
8859,1359,13359,NE07,Gorakhpur Junction 7,06:58,06:01,6,4,291,9
8860,1360,13360,NF06,Guwahati Junction 6,09:09,09:11,7,5,1264,10
8861,1361,13361,NW05,Jaipur Junction 5,12:20,12:34,2,6,895,11
8862,1362,13362,SC04,Secunderabad Junction 4,15:31,15:42,4,7,1621,12
8863,1363,13363,SE03,Bilaspur Junction 3,18:42,18:51,9,1,274,13
8864,1364,13364,SE02,Kolkata Junction 2,21:53,21:57,14,2,1926,14
8865,1365,13365,SW01,Hubballi Junction 1,00:04,00:12,10,3,1192,15
8866,1366,13366,SW08,Hubballi Junction 8,03:15,03:24,11,4,1248,16
8867,1367,13367,SR07,Chennai Junction 7,06:26,06:29,3,5,1870,17
8868,1368,13368,WC06,Jabalpur Junction 6,09:37,09:49,4,6,133,18
8869,1369,13369,WR05,Mumbai Junction 5,12:48,12:53,10,7,1284,19
8870,1370,13370,CR04,Mumbai Junction 4,15:59,15:03,4,1,456,20
8871,1371,13371,ER03,Kolkata Junction 3,18:10,18:18,5,2,1003,21
8872,1372,13372,EC02,Hajipur Junction 2,21:21,21:23,15,3,1962,22
8873,1373,13373,EC01,Bhubaneswar Junction 1,00:32,00:38,13,4,1177,23
8874,1374,13374,EC08,Bhubaneswar Junction 8,03:43,03:45,5,5,125,24
8875,1375,13375,NR07,New Delhi Junction 7,06:54,06:05,12,6,1357,25
8876,1376,13376,NC06,Prayagraj Junction 6,09:05,09:07,5,7,1031,26
8877,1377,13377,NE05,Gorakhpur Junction 5,12:16,12:20,3,1,669,27
8878,1378,13378,NF04,Guwahati Junction 4,15:27,15:37,3,2,2196,28
8879,1379,13379,NW03,Jaipur Junction 3,18:38,18:46,4,3,44,29
8880,1380,13380,SC02,Secunderabad Junction 2,21:49,21:04,10,4,1904,30
8881,1381,13381,SE01,Bilaspur Junction 1,00:00,00:12,15,5,1957,1
8882,1382,13382,SE08,Bilaspur Junction 8,03:11,03:23,13,6,1885,2
8883,1383,13383,SE07,Kolkata Junction 7,06:22,06:27,10,7,2169,3
8884,1384,13384,SW06,Hubballi Junction 6,09:33,09:47,3,1,245,4
8885,1385,13385,SR05,Chennai Junction 5,12:44,12:48,12,2,866,5
8886,1386,13386,WC04,Jabalpur Junction 4,15:55,15:05,3,3,131,6
8887,1387,13387,WR03,Mumbai Junction 3,18:06,18:18,6,4,94,7
8888,1388,13388,CR02,Mumbai Junction 2,21:17,21:22,6,5,891,8
8889,1389,13389,ER01,Kolkata Junction 1,00:28,00:42,4,6,1329,9
8890,1390,13390,ER08,Kolkata Junction 8,03:39,03:44,8,7,651,10
8891,1391,13391,EC07,Hajipur Junction 7,06:50,06:56,10,1,1297,11
8892,1392,13392,EC06,Bhubaneswar Junction 6,09:01,09:04,4,2,530,12
8893,1393,13393,NR05,New Delhi Junction 5,12:12,12:26,6,3,1271,13
8894,1394,13394,NC04,Prayagraj Junction 4,15:23,15:31,6,4,83,14
8895,1395,13395,NE03,Gorakhpur Junction 3,18:34,18:42,15,5,2069,15
8896,1396,13396,NF02,Guwahati Junction 2,21:45,21:51,9,6,632,16
8897,1397,13397,NW01,Jaipur Junction 1,00:56,00:10,9,7,2024,17
8898,1398,13398,NW08,Jaipur Junction 8,03:07,03:20,6,1,1004,18
8899,1399,13399,SC07,Secunderabad Junction 7,06:18,06:27,5,2,1829,19
8900,1400,13400,SE06,Bilaspur Junction 6,09:29,09:38,4,3,1062,20
8901,1401,13401,SE05,Kolkata Junction 5,12:40,12:53,7,4,1562,21
8902,1402,13402,SW04,Hubballi Junction 4,15:51,15:06,6,5,2191,22
8903,1403,13403,SR03,Chennai Junction 3,18:02,18:09,9,6,1700,23
8904,1404,13404,WC02,Jabalpur Junction 2,21:13,21:15,11,7,1247,24
8905,1405,13405,WR01,Mumbai Junction 1,00:24,00:35,15,1,1067,25
8906,1406,13406,WR08,Mumbai Junction 8,03:35,03:49,9,2,474,26
8907,1407,13407,CR07,Mumbai Junction 7,06:46,06:57,4,3,1978,27
8908,1408,13408,ER06,Kolkata Junction 6,09:57,09:01,8,4,1803,28
8909,1409,13409,EC05,Hajipur Junction 5,12:08,12:10,8,5,1114,29
8910,1410,13410,EC04,Bhubaneswar Junction 4,15:19,15:25,11,6,714,30
8911,1411,13411,NR03,New Delhi Junction 3,18:30,18:37,5,7,1373,1
8912,1412,13412,NC02,Prayagraj Junction 2,21:41,21:55,4,1,901,2
8913,1413,13413,NE01,Gorakhpur Junction 1,00:52,00:57,5,2,2137,3
8914,1414,13414,NE08,Gorakhpur Junction 8,03:03,03:14,15,3,1398,4
8915,1415,13415,NF07,Guwahati Junction 7,06:14,06:25,12,4,1436,5
8916,1416,13416,NW06,Jaipur Junction 6,09:25,09:38,6,5,222,6
8917,1417,13417,SC05,Secunderabad Junction 5,12:36,12:44,2,6,104,7
8918,1418,13418,SE04,Bilaspur Junction 4,15:47,15:49,3,7,1554,8
8919,1419,13419,SE03,Kolkata Junction 3,18:58,18:08,15,1,637,9
8920,1420,13420,SW02,Hubballi Junction 2,21:09,21:15,8,2,1718,10
8921,1421,13421,SR01,Chennai Junction 1,00:20,00:35,12,3,1115,11
8922,1422,13422,SR08,Chennai Junction 8,03:31,03:46,4,4,1035,12
8923,1423,13423,WC07,Jabalpur Junction 7,06:42,06:47,4,5,872,13
8924,1424,13424,WR06,Mumbai Junction 6,09:53,09:05,6,6,1801,14
8925,1425,13425,CR05,Mumbai Junction 5,12:04,12:14,11,7,535,15
8926,1426,13426,ER04,Kolkata Junction 4,15:15,15:29,4,1,816,16
8927,1427,13427,EC03,Hajipur Junction 3,18:26,18:38,11,2,658,17
8928,1428,13428,EC02,Bhubaneswar Junction 2,21:37,21:42,8,3,982,18
8929,1429,13429,NR01,New Delhi Junction 1,00:48,00:50,5,4,340,19
8930,1430,13430,NR08,New Delhi Junction 8,03:59,03:03,6,5,79,20
8931,1431,13431,NC07,Prayagraj Junction 7,06:10,06:21,11,6,484,21
8932,1432,13432,NE06,Gorakhpur Junction 6,09:21,09:35,10,7,691,22
8933,1433,13433,NF05,Guwahati Junction 5,12:32,12:36,8,1,2112,23
8934,1434,13434,NW04,Jaipur Junction 4,15:43,15:45,2,2,908,24
8935,1435,13435,SC03,Secunderabad Junction 3,18:54,18:08,5,3,1644,25
8936,1436,13436,SE02,Bilaspur Junction 2,21:05,21:15,4,4,1998,26
8937,1437,13437,SE01,Kolkata Junction 1,00:16,00:20,9,5,1457,27
8938,1438,13438,SE08,Kolkata Junction 8,03:27,03:38,13,6,1552,28
8939,1439,13439,SW07,Hubballi Junction 7,06:38,06:49,4,7,674,29
8940,1440,13440,SR06,Chennai Junction 6,09:49,09:55,7,1,248,30
8941,1441,13441,WC05,Jabalpur Junction 5,12:00,12:03,8,2,1590,1
8942,1442,13442,WR04,Mumbai Junction 4,15:11,15:25,15,3,1058,2
8943,1443,13443,CR03,Mumbai Junction 3,18:22,18:36,8,4,1041,3
8944,1444,13444,ER02,Kolkata Junction 2,21:33,21:37,10,5,682,4
8945,1445,13445,EC01,Hajipur Junction 1,00:44,00:52,15,6,1202,5
8946,1446,13446,EC08,Hajipur Junction 8,03:55,03:01,11,7,1609,6
8947,1447,13447,EC07,Bhubaneswar Junction 7,06:06,06:16,2,1,497,7
8948,1448,13448,NR06,New Delhi Junction 6,09:17,09:20,15,2,685,8
8949,1449,13449,NC05,Prayagraj Junction 5,12:28,12:36,14,3,2180,9
8950,1450,13450,NE04,Gorakhpur Junction 4,15:39,15:44,14,4,1598,10
8951,1451,13451,NF03,Guwahati Junction 3,18:50,18:00,4,5,1520,11
8952,1452,13452,NW02,Jaipur Junction 2,21:01,21:11,8,6,1291,12
8953,1453,13453,SC01,Secunderabad Junction 1,00:12,00:16,10,7,337,13
8954,1454,13454,SC08,Secunderabad Junction 8,03:23,03:29,8,1,356,14
8955,1455,13455,SE07,Bilaspur Junction 7,06:34,06:48,14,2,1043,15
8956,1456,13456,SE06,Kolkata Junction 6,09:45,09:54,6,3,466,16
8957,1457,13457,SW05,Hubballi Junction 5,12:56,12:11,7,4,2097,17
8958,1458,13458,SR04,Chennai Junction 4,15:07,15:09,3,5,1045,18
8959,1459,13459,WC03,Jabalpur Junction 3,18:18,18:30,7,6,1847,19
8960,1460,13460,WR02,Mumbai Junction 2,21:29,21:32,13,7,977,20
8961,1461,13461,CR01,Mumbai Junction 1,00:40,00:45,10,1,1712,21
8962,1462,13462,CR08,Mumbai Junction 8,03:51,03:05,3,2,1547,22
8963,1463,13463,ER07,Kolkata Junction 7,06:02,06:08,9,3,1016,23
8964,1464,13464,EC06,Hajipur Junction 6,09:13,09:25,7,4,615,24
8965,1465,13465,EC05,Bhubaneswar Junction 5,12:24,12:32,11,5,1861,25
8966,1466,13466,NR04,New Delhi Junction 4,15:35,15:37,9,6,159,26
8967,1467,13467,NC03,Prayagraj Junction 3,18:46,18:56,10,7,1881,27
8968,1468,13468,NE02,Gorakhpur Junction 2,21:57,21:01,13,1,1515,28
8969,1469,13469,NF01,Guwahati Junction 1,00:08,00:19,10,2,1209,29
8970,1470,13470,NF08,Guwahati Junction 8,03:19,03:21,13,3,863,30
8971,1471,13471,NW07,Jaipur Junction 7,06:30,06:33,10,4,2083,1
8972,1472,13472,SC06,Secunderabad Junction 6,09:41,09:52,5,5,1795,2
8973,1473,13473,SE05,Bilaspur Junction 5,12:52,12:05,6,6,1150,3
8974,1474,13474,SE04,Kolkata Junction 4,15:03,15:16,4,7,779,4
8975,1475,13475,SW03,Hubballi Junction 3,18:14,18:22,2,1,367,5
8976,1476,13476,SR02,Chennai Junction 2,21:25,21:35,5,2,531,6
8977,1477,13477,WC01,Jabalpur Junction 1,00:36,00:42,3,3,1401,7
8978,1478,13478,WC08,Jabalpur Junction 8,03:47,03:52,11,4,1821,8
8979,1479,13479,WR07,Mumbai Junction 7,06:58,06:06,14,5,431,9
8980,1480,13480,CR06,Mumbai Junction 6,09:09,09:24,6,6,666,10
8981,1481,13481,ER05,Kolkata Junction 5,12:20,12:35,8,7,1644,11
8982,1482,13482,EC04,Hajipur Junction 4,15:31,15:44,8,1,699,12
8983,1483,13483,EC03,Bhubaneswar Junction 3,18:42,18:50,7,2,916,13
8984,1484,13484,NR02,New Delhi Junction 2,21:53,21:58,14,3,1259,14
8985,1485,13485,NC01,Prayagraj Junction 1,00:04,00:17,11,4,776,15
8986,1486,13486,NC08,Prayagraj Junction 8,03:15,03:21,15,5,53,16
8987,1487,13487,NE07,Gorakhpur Junction 7,06:26,06:32,12,6,1200,17
8988,1488,13488,NF06,Guwahati Junction 6,09:37,09:47,2,7,481,18
8989,1489,13489,NW05,Jaipur Junction 5,12:48,12:58,6,1,1034,19
8990,1490,13490,SC04,Secunderabad Junction 4,15:59,15:14,10,2,1386,20
8991,1491,13491,SE03,Bilaspur Junction 3,18:10,18:14,10,3,2112,21
8992,1492,13492,SE02,Kolkata Junction 2,21:21,21:31,12,4,2099,22
8993,1493,13493,SW01,Hubballi Junction 1,00:32,00:46,6,5,650,23
8994,1494,13494,SW08,Hubballi Junction 8,03:43,03:48,12,6,828,24
8995,1495,13495,SR07,Chennai Junction 7,06:54,06:07,13,7,1465,25
8996,1496,13496,WC06,Jabalpur Junction 6,09:05,09:08,11,1,455,26
8997,1497,13497,WR05,Mumbai Junction 5,12:16,12:25,5,2,136,27
8998,1498,13498,CR04,Mumbai Junction 4,15:27,15:37,8,3,1411,28
8999,1499,13499,ER03,Kolkata Junction 3,18:38,18:46,7,4,34,29
9000,1500,13500,EC02,Hajipur Junction 2,21:49,21:54,14,5,1660,30
9001,1501,13501,EC01,Bhubaneswar Junction 1,00:00,00:08,2,6,2166,1
9002,1502,13502,EC08,Bhubaneswar Junction 8,03:11,03:23,2,7,462,2
9003,1503,13503,NR07,New Delhi Junction 7,06:22,06:26,14,1,2099,3
9004,1504,13504,NC06,Prayagraj Junction 6,09:33,09:40,4,2,1413,4
9005,1505,13505,NE05,Gorakhpur Junction 5,12:44,12:49,3,3,569,5
9006,1506,13506,NF04,Guwahati Junction 4,15:55,15:00,2,4,1541,6
9007,1507,13507,NW03,Jaipur Junction 3,18:06,18:12,9,5,1211,7
9008,1508,13508,SC02,Secunderabad Junction 2,21:17,21:29,12,6,1239,8
9009,1509,13509,SE01,Bilaspur Junction 1,00:28,00:41,9,7,57,9
9010,1510,13510,SE08,Bilaspur Junction 8,03:39,03:53,12,1,934,10
9011,1511,13511,SE07,Kolkata Junction 7,06:50,06:57,14,2,936,11
9012,1512,13512,SW06,Hubballi Junction 6,09:01,09:08,12,3,722,12
9013,1513,13513,SR05,Chennai Junction 5,12:12,12:19,12,4,491,13
9014,1514,13514,WC04,Jabalpur Junction 4,15:23,15:25,6,5,378,14
9015,1515,13515,WR03,Mumbai Junction 3,18:34,18:41,3,6,1296,15
9016,1516,13516,CR02,Mumbai Junction 2,21:45,21:54,5,7,1381,16
9017,1517,13517,ER01,Kolkata Junction 1,00:56,00:00,2,1,1049,17
9018,1518,13518,ER08,Kolkata Junction 8,03:07,03:11,13,2,665,18
9019,1519,13519,EC07,Hajipur Junction 7,06:18,06:26,6,3,953,19
9020,1520,13520,EC06,Bhubaneswar Junction 6,09:29,09:32,15,4,380,20
9021,1521,13521,NR05,New Delhi Junction 5,12:40,12:47,13,5,938,21
9022,1522,13522,NC04,Prayagraj Junction 4,15:51,15:02,2,6,651,22
9023,1523,13523,NE03,Gorakhpur Junction 3,18:02,18:14,5,7,910,23
9024,1524,13524,NF02,Guwahati Junction 2,21:13,21:16,9,1,767,24
9025,1525,13525,NW01,Jaipur Junction 1,00:24,00:38,7,2,1819,25
9026,1526,13526,NW08,Jaipur Junction 8,03:35,03:49,13,3,1634,26
9027,1527,13527,SC07,Secunderabad Junction 7,06:46,06:56,8,4,178,27
9028,1528,13528,SE06,Bilaspur Junction 6,09:57,09:00,7,5,1443,28
9029,1529,13529,SE05,Kolkata Junction 5,12:08,12:10,15,6,2184,29
9030,1530,13530,SW04,Hubballi Junction 4,15:19,15:22,3,7,1866,30
9031,1531,13531,SR03,Chennai Junction 3,18:30,18:34,4,1,411,1
9032,1532,13532,WC02,Jabalpur Junction 2,21:41,21:52,3,2,404,2
9033,1533,13533,WR01,Mumbai Junction 1,00:52,00:59,10,3,2178,3
9034,1534,13534,WR08,Mumbai Junction 8,03:03,03:08,5,4,1191,4
9035,1535,13535,CR07,Mumbai Junction 7,06:14,06:21,10,5,542,5
9036,1536,13536,ER06,Kolkata Junction 6,09:25,09:35,14,6,1502,6
9037,1537,13537,EC05,Hajipur Junction 5,12:36,12:48,2,7,1985,7
9038,1538,13538,EC04,Bhubaneswar Junction 4,15:47,15:58,10,1,340,8
9039,1539,13539,NR03,New Delhi Junction 3,18:58,18:07,11,2,1371,9
9040,1540,13540,NC02,Prayagraj Junction 2,21:09,21:12,2,3,1054,10
9041,1541,13541,NE01,Gorakhpur Junction 1,00:20,00:32,7,4,1512,11
9042,1542,13542,NE08,Gorakhpur Junction 8,03:31,03:46,14,5,1387,12
9043,1543,13543,NF07,Guwahati Junction 7,06:42,06:54,3,6,187,13
9044,1544,13544,NW06,Jaipur Junction 6,09:53,09:04,13,7,427,14
9045,1545,13545,SC05,Secunderabad Junction 5,12:04,12:14,6,1,238,15
9046,1546,13546,SE04,Bilaspur Junction 4,15:15,15:22,8,2,1707,16
9047,1547,13547,SE03,Kolkata Junction 3,18:26,18:40,15,3,229,17
9048,1548,13548,SW02,Hubballi Junction 2,21:37,21:51,9,4,375,18
9049,1549,13549,SR01,Chennai Junction 1,00:48,00:59,2,5,1015,19
9050,1550,13550,SR08,Chennai Junction 8,03:59,03:12,15,6,634,20
9051,1551,13551,WC07,Jabalpur Junction 7,06:10,06:14,10,7,346,21
9052,1552,13552,WR06,Mumbai Junction 6,09:21,09:36,6,1,410,22
9053,1553,13553,CR05,Mumbai Junction 5,12:32,12:37,7,2,1631,23
9054,1554,13554,ER04,Kolkata Junction 4,15:43,15:57,12,3,1429,24
9055,1555,13555,EC03,Hajipur Junction 3,18:54,18:59,15,4,2199,25
9056,1556,13556,EC02,Bhubaneswar Junction 2,21:05,21:15,12,5,667,26
9057,1557,13557,NR01,New Delhi Junction 1,00:16,00:24,13,6,933,27
9058,1558,13558,NR08,New Delhi Junction 8,03:27,03:39,14,7,2053,28
9059,1559,13559,NC07,Prayagraj Junction 7,06:38,06:44,8,1,848,29
9060,1560,13560,NE06,Gorakhpur Junction 6,09:49,09:58,12,2,712,30
9061,1561,13561,NF05,Guwahati Junction 5,12:00,12:05,5,3,1685,1
9062,1562,13562,NW04,Jaipur Junction 4,15:11,15:26,3,4,2149,2
9063,1563,13563,SC03,Secunderabad Junction 3,18:22,18:24,9,5,294,3
9064,1564,13564,SE02,Bilaspur Junction 2,21:33,21:48,12,6,783,4
9065,1565,13565,SE01,Kolkata Junction 1,00:44,00:55,13,7,478,5
9066,1566,13566,SE08,Kolkata Junction 8,03:55,03:05,6,1,1577,6
9067,1567,13567,SW07,Hubballi Junction 7,06:06,06:15,12,2,1400,7
9068,1568,13568,SR06,Chennai Junction 6,09:17,09:27,3,3,1875,8
9069,1569,13569,WC05,Jabalpur Junction 5,12:28,12:32,7,4,1124,9
9070,1570,13570,WR04,Mumbai Junction 4,15:39,15:52,10,5,403,10
9071,1571,13571,CR03,Mumbai Junction 3,18:50,18:56,4,6,1300,11
9072,1572,13572,ER02,Kolkata Junction 2,21:01,21:13,11,7,1650,12
9073,1573,13573,EC01,Hajipur Junction 1,00:12,00:23,14,1,1994,13
9074,1574,13574,EC08,Hajipur Junction 8,03:23,03:28,6,2,123,14
9075,1575,13575,EC07,Bhubaneswar Junction 7,06:34,06:39,9,3,1449,15
9076,1576,13576,NR06,New Delhi Junction 6,09:45,09:59,10,4,2137,16
9077,1577,13577,NC05,Prayagraj Junction 5,12:56,12:05,14,5,1777,17
9078,1578,13578,NE04,Gorakhpur Junction 4,15:07,15:15,14,6,1899,18
9079,1579,13579,NF03,Guwahati Junction 3,18:18,18:24,4,7,267,19
9080,1580,13580,NW02,Jaipur Junction 2,21:29,21:43,8,1,1247,20
9081,1581,13581,SC01,Secunderabad Junction 1,00:40,00:45,7,2,885,21
9082,1582,13582,SC08,Secunderabad Junction 8,03:51,03:01,4,3,1724,22
9083,1583,13583,SE07,Bilaspur Junction 7,06:02,06:09,5,4,32,23
9084,1584,13584,SE06,Kolkata Junction 6,09:13,09:16,5,5,1612,24
9085,1585,13585,SW05,Hubballi Junction 5,12:24,12:37,15,6,655,25
9086,1586,13586,SR04,Chennai Junction 4,15:35,15:45,5,7,313,26
9087,1587,13587,WC03,Jabalpur Junction 3,18:46,18:55,11,1,1673,27
9088,1588,13588,WR02,Mumbai Junction 2,21:57,21:00,12,2,667,28
9089,1589,13589,CR01,Mumbai Junction 1,00:08,00:13,2,3,449,29
9090,1590,13590,CR08,Mumbai Junction 8,03:19,03:27,4,4,706,30
9091,1591,13591,ER07,Kolkata Junction 7,06:30,06:39,3,5,1925,1
9092,1592,13592,EC06,Hajipur Junction 6,09:41,09:47,12,6,1424,2
9093,1593,13593,EC05,Bhubaneswar Junction 5,12:52,12:04,6,7,378,3
9094,1594,13594,NR04,New Delhi Junction 4,15:03,15:07,5,1,1198,4
9095,1595,13595,NC03,Prayagraj Junction 3,18:14,18:24,12,2,2120,5
9096,1596,13596,NE02,Gorakhpur Junction 2,21:25,21:38,6,3,1038,6
9097,1597,13597,NF01,Guwahati Junction 1,00:36,00:51,11,4,916,7
9098,1598,13598,NF08,Guwahati Junction 8,03:47,03:00,3,5,1480,8
9099,1599,13599,NW07,Jaipur Junction 7,06:58,06:13,9,6,1348,9
9100,1600,13600,SC06,Secunderabad Junction 6,09:09,09:11,10,7,638,10
9101,1601,13601,SE05,Bilaspur Junction 5,12:20,12:35,6,1,690,11
9102,1602,13602,SE04,Kolkata Junction 4,15:31,15:38,11,2,2091,12
9103,1603,13603,SW03,Hubballi Junction 3,18:42,18:48,4,3,1681,13
9104,1604,13604,SR02,Chennai Junction 2,21:53,21:02,8,4,2180,14
9105,1605,13605,WC01,Jabalpur Junction 1,00:04,00:12,10,5,2159,15
9106,1606,13606,WC08,Jabalpur Junction 8,03:15,03:19,14,6,2112,16
9107,1607,13607,WR07,Mumbai Junction 7,06:26,06:34,6,7,357,17
9108,1608,13608,CR06,Mumbai Junction 6,09:37,09:39,15,1,948,18
9109,1609,13609,ER05,Kolkata Junction 5,12:48,12:59,5,2,712,19
9110,1610,13610,EC04,Hajipur Junction 4,15:59,15:12,11,3,483,20
9111,1611,13611,EC03,Bhubaneswar Junction 3,18:10,18:12,13,4,176,21
9112,1612,13612,NR02,New Delhi Junction 2,21:21,21:23,6,5,2044,22
9113,1613,13613,NC01,Prayagraj Junction 1,00:32,00:43,2,6,2017,23
9114,1614,13614,NC08,Prayagraj Junction 8,03:43,03:58,11,7,162,24
9115,1615,13615,NE07,Gorakhpur Junction 7,06:54,06:56,14,1,1809,25
9116,1616,13616,NF06,Guwahati Junction 6,09:05,09:18,8,2,1307,26
9117,1617,13617,NW05,Jaipur Junction 5,12:16,12:20,2,3,486,27
9118,1618,13618,SC04,Secunderabad Junction 4,15:27,15:37,7,4,1359,28
9119,1619,13619,SE03,Bilaspur Junction 3,18:38,18:46,9,5,2093,29
9120,1620,13620,SE02,Kolkata Junction 2,21:49,21:59,15,6,2129,30
9121,1621,13621,SW01,Hubballi Junction 1,00:00,00:10,15,7,547,1
9122,1622,13622,SW08,Hubballi Junction 8,03:11,03:20,3,1,201,2
9123,1623,13623,SR07,Chennai Junction 7,06:22,06:25,3,2,902,3
9124,1624,13624,WC06,Jabalpur Junction 6,09:33,09:45,15,3,2160,4
9125,1625,13625,WR05,Mumbai Junction 5,12:44,12:48,8,4,949,5
9126,1626,13626,CR04,Mumbai Junction 4,15:55,15:58,2,5,776,6
9127,1627,13627,ER03,Kolkata Junction 3,18:06,18:19,7,6,843,7
9128,1628,13628,EC02,Hajipur Junction 2,21:17,21:32,7,7,1510,8
9129,1629,13629,EC01,Bhubaneswar Junction 1,00:28,00:43,3,1,1123,9
9130,1630,13630,EC08,Bhubaneswar Junction 8,03:39,03:45,3,2,106,10
9131,1631,13631,NR07,New Delhi Junction 7,06:50,06:01,11,3,1236,11
9132,1632,13632,NC06,Prayagraj Junction 6,09:01,09:12,12,4,126,12
9133,1633,13633,NE05,Gorakhpur Junction 5,12:12,12:14,6,5,1250,13
9134,1634,13634,NF04,Guwahati Junction 4,15:23,15:37,15,6,1818,14
9135,1635,13635,NW03,Jaipur Junction 3,18:34,18:40,10,7,255,15
9136,1636,13636,SC02,Secunderabad Junction 2,21:45,21:53,3,1,2184,16
9137,1637,13637,SE01,Bilaspur Junction 1,00:56,00:04,12,2,228,17
9138,1638,13638,SE08,Bilaspur Junction 8,03:07,03:22,9,3,157,18
9139,1639,13639,SE07,Kolkata Junction 7,06:18,06:25,4,4,151,19
9140,1640,13640,SW06,Hubballi Junction 6,09:29,09:31,11,5,1909,20
9141,1641,13641,SR05,Chennai Junction 5,12:40,12:51,11,6,82,21
9142,1642,13642,WC04,Jabalpur Junction 4,15:51,15:55,2,7,2143,22
9143,1643,13643,WR03,Mumbai Junction 3,18:02,18:14,15,1,1991,23
9144,1644,13644,CR02,Mumbai Junction 2,21:13,21:18,9,2,1423,24
9145,1645,13645,ER01,Kolkata Junction 1,00:24,00:36,11,3,996,25
9146,1646,13646,ER08,Kolkata Junction 8,03:35,03:37,15,4,1515,26
9147,1647,13647,EC07,Hajipur Junction 7,06:46,06:59,5,5,234,27
9148,1648,13648,EC06,Bhubaneswar Junction 6,09:57,09:11,13,6,1844,28
9149,1649,13649,NR05,New Delhi Junction 5,12:08,12:16,14,7,493,29
9150,1650,13650,NC04,Prayagraj Junction 4,15:19,15:31,8,1,362,30
9151,1651,13651,NE03,Gorakhpur Junction 3,18:30,18:42,7,2,349,1
9152,1652,13652,NF02,Guwahati Junction 2,21:41,21:52,12,3,711,2
9153,1653,13653,NW01,Jaipur Junction 1,00:52,00:07,11,4,49,3
9154,1654,13654,NW08,Jaipur Junction 8,03:03,03:09,15,5,391,4
9155,1655,13655,SC07,Secunderabad Junction 7,06:14,06:29,9,6,1485,5
9156,1656,13656,SE06,Bilaspur Junction 6,09:25,09:36,9,7,1137,6
9157,1657,13657,SE05,Kolkata Junction 5,12:36,12:45,10,1,1622,7
9158,1658,13658,SW04,Hubballi Junction 4,15:47,15:55,8,2,1712,8
9159,1659,13659,SR03,Chennai Junction 3,18:58,18:10,11,3,1014,9
9160,1660,13660,WC02,Jabalpur Junction 2,21:09,21:19,9,4,957,10
9161,1661,13661,WR01,Mumbai Junction 1,00:20,00:24,9,5,974,11
9162,1662,13662,WR08,Mumbai Junction 8,03:31,03:33,15,6,1466,12
9163,1663,13663,CR07,Mumbai Junction 7,06:42,06:45,4,7,1256,13
9164,1664,13664,ER06,Kolkata Junction 6,09:53,09:07,8,1,1787,14
9165,1665,13665,EC05,Hajipur Junction 5,12:04,12:07,9,2,1820,15
9166,1666,13666,EC04,Bhubaneswar Junction 4,15:15,15:28,5,3,1475,16
9167,1667,13667,NR03,New Delhi Junction 3,18:26,18:28,3,4,1980,17
9168,1668,13668,NC02,Prayagraj Junction 2,21:37,21:49,4,5,2190,18
9169,1669,13669,NE01,Gorakhpur Junction 1,00:48,00:03,2,6,56,19
9170,1670,13670,NE08,Gorakhpur Junction 8,03:59,03:04,13,7,1315,20
9171,1671,13671,NF07,Guwahati Junction 7,06:10,06:19,7,1,1055,21
9172,1672,13672,NW06,Jaipur Junction 6,09:21,09:31,2,2,1290,22
9173,1673,13673,SC05,Secunderabad Junction 5,12:32,12:37,13,3,429,23
9174,1674,13674,SE04,Bilaspur Junction 4,15:43,15:45,8,4,969,24
9175,1675,13675,SE03,Kolkata Junction 3,18:54,18:03,14,5,1539,25
9176,1676,13676,SW02,Hubballi Junction 2,21:05,21:12,12,6,1108,26
9177,1677,13677,SR01,Chennai Junction 1,00:16,00:21,2,7,8,27
9178,1678,13678,SR08,Chennai Junction 8,03:27,03:32,13,1,1020,28
9179,1679,13679,WC07,Jabalpur Junction 7,06:38,06:46,7,2,563,29
9180,1680,13680,WR06,Mumbai Junction 6,09:49,09:01,2,3,1346,30
9181,1681,13681,CR05,Mumbai Junction 5,12:00,12:15,14,4,812,1
9182,1682,13682,ER04,Kolkata Junction 4,15:11,15:24,5,5,530,2
9183,1683,13683,EC03,Hajipur Junction 3,18:22,18:28,2,6,584,3
9184,1684,13684,EC02,Bhubaneswar Junction 2,21:33,21:46,12,7,724,4
9185,1685,13685,NR01,New Delhi Junction 1,00:44,00:50,6,1,261,5
9186,1686,13686,NR08,New Delhi Junction 8,03:55,03:59,15,2,1524,6
9187,1687,13687,NC07,Prayagraj Junction 7,06:06,06:17,5,3,1883,7
9188,1688,13688,NE06,Gorakhpur Junction 6,09:17,09:21,15,4,1107,8
9189,1689,13689,NF05,Guwahati Junction 5,12:28,12:34,12,5,917,9
9190,1690,13690,NW04,Jaipur Junction 4,15:39,15:44,11,6,1588,10
9191,1691,13691,SC03,Secunderabad Junction 3,18:50,18:00,8,7,723,11
9192,1692,13692,SE02,Bilaspur Junction 2,21:01,21:08,14,1,790,12
9193,1693,13693,SE01,Kolkata Junction 1,00:12,00:27,4,2,357,13
9194,1694,13694,SE08,Kolkata Junction 8,03:23,03:29,2,3,1934,14
9195,1695,13695,SW07,Hubballi Junction 7,06:34,06:40,3,4,1360,15
9196,1696,13696,SR06,Chennai Junction 6,09:45,09:00,15,5,236,16
9197,1697,13697,WC05,Jabalpur Junction 5,12:56,12:09,7,6,1839,17
9198,1698,13698,WR04,Mumbai Junction 4,15:07,15:17,12,7,1843,18
9199,1699,13699,CR03,Mumbai Junction 3,18:18,18:32,4,1,1592,19
9200,1700,13700,ER02,Kolkata Junction 2,21:29,21:32,15,2,1382,20
9201,1701,13701,EC01,Hajipur Junction 1,00:40,00:44,6,3,1970,21
9202,1702,13702,EC08,Hajipur Junction 8,03:51,03:02,5,4,1805,22
9203,1703,13703,EC07,Bhubaneswar Junction 7,06:02,06:14,3,5,623,23
9204,1704,13704,NR06,New Delhi Junction 6,09:13,09:26,6,6,82,24
9205,1705,13705,NC05,Prayagraj Junction 5,12:24,12:34,14,7,1224,25
9206,1706,13706,NE04,Gorakhpur Junction 4,15:35,15:50,3,1,1468,26
9207,1707,13707,NF03,Guwahati Junction 3,18:46,18:57,15,2,1146,27
9208,1708,13708,NW02,Jaipur Junction 2,21:57,21:10,4,3,97,28
9209,1709,13709,SC01,Secunderabad Junction 1,00:08,00:20,2,4,1924,29
9210,1710,13710,SC08,Secunderabad Junction 8,03:19,03:21,11,5,994,30
9211,1711,13711,SE07,Bilaspur Junction 7,06:30,06:41,10,6,977,1
9212,1712,13712,SE06,Kolkata Junction 6,09:41,09:49,9,7,1489,2
9213,1713,13713,SW05,Hubballi Junction 5,12:52,12:03,8,1,775,3
9214,1714,13714,SR04,Chennai Junction 4,15:03,15:05,12,2,497,4
9215,1715,13715,WC03,Jabalpur Junction 3,18:14,18:22,15,3,1726,5
9216,1716,13716,WR02,Mumbai Junction 2,21:25,21:31,8,4,714,6
9217,1717,13717,CR01,Mumbai Junction 1,00:36,00:46,4,5,2095,7
9218,1718,13718,CR08,Mumbai Junction 8,03:47,03:02,6,6,507,8
9219,1719,13719,ER07,Kolkata Junction 7,06:58,06:07,11,7,1415,9
9220,1720,13720,EC06,Hajipur Junction 6,09:09,09:11,11,1,146,10
9221,1721,13721,EC05,Bhubaneswar Junction 5,12:20,12:26,12,2,1951,11
9222,1722,13722,NR04,New Delhi Junction 4,15:31,15:41,4,3,1496,12
9223,1723,13723,NC03,Prayagraj Junction 3,18:42,18:44,5,4,272,13
9224,1724,13724,NE02,Gorakhpur Junction 2,21:53,21:08,7,5,1228,14
9225,1725,13725,NF01,Guwahati Junction 1,00:04,00:17,15,6,2190,15
9226,1726,13726,NF08,Guwahati Junction 8,03:15,03:19,7,7,891,16
9227,1727,13727,NW07,Jaipur Junction 7,06:26,06:39,6,1,508,17
9228,1728,13728,SC06,Secunderabad Junction 6,09:37,09:49,8,2,1644,18
9229,1729,13729,SE05,Bilaspur Junction 5,12:48,12:55,8,3,20,19
9230,1730,13730,SE04,Kolkata Junction 4,15:59,15:01,2,4,385,20
9231,1731,13731,SW03,Hubballi Junction 3,18:10,18:16,2,5,353,21
9232,1732,13732,SR02,Chennai Junction 2,21:21,21:34,13,6,637,22
9233,1733,13733,WC01,Jabalpur Junction 1,00:32,00:47,3,7,69,23
9234,1734,13734,WC08,Jabalpur Junction 8,03:43,03:49,5,1,170,24
9235,1735,13735,WR07,Mumbai Junction 7,06:54,06:07,15,2,594,25
9236,1736,13736,CR06,Mumbai Junction 6,09:05,09:11,12,3,2052,26
9237,1737,13737,ER05,Kolkata Junction 5,12:16,12:22,11,4,50,27
9238,1738,13738,EC04,Hajipur Junction 4,15:27,15:36,15,5,1046,28
9239,1739,13739,EC03,Bhubaneswar Junction 3,18:38,18:48,11,6,1391,29
9240,1740,13740,NR02,New Delhi Junction 2,21:49,21:00,14,7,23,30
9241,1741,13741,NC01,Prayagraj Junction 1,00:00,00:14,14,1,1988,1
9242,1742,13742,NC08,Prayagraj Junction 8,03:11,03:18,10,2,777,2
9243,1743,13743,NE07,Gorakhpur Junction 7,06:22,06:35,7,3,688,3
9244,1744,13744,NF06,Guwahati Junction 6,09:33,09:44,2,4,827,4
9245,1745,13745,NW05,Jaipur Junction 5,12:44,12:48,7,5,987,5
9246,1746,13746,SC04,Secunderabad Junction 4,15:55,15:57,14,6,916,6
9247,1747,13747,SE03,Bilaspur Junction 3,18:06,18:13,4,7,2190,7
9248,1748,13748,SE02,Kolkata Junction 2,21:17,21:30,8,1,735,8
9249,1749,13749,SW01,Hubballi Junction 1,00:28,00:36,15,2,487,9
9250,1750,13750,SW08,Hubballi Junction 8,03:39,03:50,14,3,1663,10
9251,1751,13751,SR07,Chennai Junction 7,06:50,06:04,15,4,131,11
9252,1752,13752,WC06,Jabalpur Junction 6,09:01,09:06,4,5,1248,12
9253,1753,13753,WR05,Mumbai Junction 5,12:12,12:19,2,6,1226,13
9254,1754,13754,CR04,Mumbai Junction 4,15:23,15:26,7,7,806,14
9255,1755,13755,ER03,Kolkata Junction 3,18:34,18:48,11,1,1373,15
9256,1756,13756,EC02,Hajipur Junction 2,21:45,21:58,4,2,564,16
9257,1757,13757,EC01,Bhubaneswar Junction 1,00:56,00:08,12,3,46,17
9258,1758,13758,EC08,Bhubaneswar Junction 8,03:07,03:12,5,4,13,18
9259,1759,13759,NR07,New Delhi Junction 7,06:18,06:29,2,5,1851,19
9260,1760,13760,NC06,Prayagraj Junction 6,09:29,09:39,12,6,1093,20
9261,1761,13761,NE05,Gorakhpur Junction 5,12:40,12:55,5,7,1227,21
9262,1762,13762,NF04,Guwahati Junction 4,15:51,15:53,13,1,1249,22
9263,1763,13763,NW03,Jaipur Junction 3,18:02,18:06,13,2,2176,23
9264,1764,13764,SC02,Secunderabad Junction 2,21:13,21:15,13,3,1620,24
9265,1765,13765,SE01,Bilaspur Junction 1,00:24,00:30,10,4,1727,25
9266,1766,13766,SE08,Bilaspur Junction 8,03:35,03:43,11,5,106,26
9267,1767,13767,SE07,Kolkata Junction 7,06:46,06:00,14,6,462,27
9268,1768,13768,SW06,Hubballi Junction 6,09:57,09:05,5,7,879,28
9269,1769,13769,SR05,Chennai Junction 5,12:08,12:13,14,1,1528,29
9270,1770,13770,WC04,Jabalpur Junction 4,15:19,15:32,13,2,1599,30
9271,1771,13771,WR03,Mumbai Junction 3,18:30,18:34,13,3,1722,1
9272,1772,13772,CR02,Mumbai Junction 2,21:41,21:44,3,4,1674,2
9273,1773,13773,ER01,Kolkata Junction 1,00:52,00:59,6,5,872,3
9274,1774,13774,ER08,Kolkata Junction 8,03:03,03:17,7,6,814,4
9275,1775,13775,EC07,Hajipur Junction 7,06:14,06:21,2,7,82,5
9276,1776,13776,EC06,Bhubaneswar Junction 6,09:25,09:32,2,1,1664,6
9277,1777,13777,NR05,New Delhi Junction 5,12:36,12:43,9,2,739,7
9278,1778,13778,NC04,Prayagraj Junction 4,15:47,15:59,7,3,77,8
9279,1779,13779,NE03,Gorakhpur Junction 3,18:58,18:06,4,4,1309,9
9280,1780,13780,NF02,Guwahati Junction 2,21:09,21:18,8,5,847,10
9281,1781,13781,NW01,Jaipur Junction 1,00:20,00:30,11,6,1932,11
9282,1782,13782,NW08,Jaipur Junction 8,03:31,03:46,3,7,1451,12
9283,1783,13783,SC07,Secunderabad Junction 7,06:42,06:45,7,1,1630,13
9284,1784,13784,SE06,Bilaspur Junction 6,09:53,09:02,13,2,2008,14
9285,1785,13785,SE05,Kolkata Junction 5,12:04,12:19,11,3,1481,15
9286,1786,13786,SW04,Hubballi Junction 4,15:15,15:28,5,4,663,16
9287,1787,13787,SR03,Chennai Junction 3,18:26,18:32,12,5,772,17
9288,1788,13788,WC02,Jabalpur Junction 2,21:37,21:40,13,6,1649,18
9289,1789,13789,WR01,Mumbai Junction 1,00:48,00:58,14,7,1742,19
9290,1790,13790,WR08,Mumbai Junction 8,03:59,03:13,5,1,256,20
9291,1791,13791,CR07,Mumbai Junction 7,06:10,06:16,13,2,2034,21
9292,1792,13792,ER06,Kolkata Junction 6,09:21,09:24,13,3,1052,22
9293,1793,13793,EC05,Hajipur Junction 5,12:32,12:45,11,4,132,23
9294,1794,13794,EC04,Bhubaneswar Junction 4,15:43,15:51,3,5,747,24
9295,1795,13795,NR03,New Delhi Junction 3,18:54,18:06,11,6,1550,25
9296,1796,13796,NC02,Prayagraj Junction 2,21:05,21:16,2,7,1282,26
9297,1797,13797,NE01,Gorakhpur Junction 1,00:16,00:24,9,1,468,27
9298,1798,13798,NE08,Gorakhpur Junction 8,03:27,03:38,10,2,886,28
9299,1799,13799,NF07,Guwahati Junction 7,06:38,06:40,2,3,789,29
9300,1800,13800,NW06,Jaipur Junction 6,09:49,09:58,15,4,1591,30
9301,1801,13801,SC05,Secunderabad Junction 5,12:00,12:08,6,5,370,1
9302,1802,13802,SE04,Bilaspur Junction 4,15:11,15:14,3,6,2006,2
9303,1803,13803,SE03,Kolkata Junction 3,18:22,18:24,14,7,1283,3
9304,1804,13804,SW02,Hubballi Junction 2,21:33,21:43,15,1,1730,4
9305,1805,13805,SR01,Chennai Junction 1,00:44,00:48,15,2,387,5
9306,1806,13806,SR08,Chennai Junction 8,03:55,03:04,10,3,537,6
9307,1807,13807,WC07,Jabalpur Junction 7,06:06,06:16,10,4,2155,7
9308,1808,13808,WR06,Mumbai Junction 6,09:17,09:31,7,5,1518,8
9309,1809,13809,CR05,Mumbai Junction 5,12:28,12:41,2,6,1506,9
9310,1810,13810,ER04,Kolkata Junction 4,15:39,15:53,3,7,1658,10
9311,1811,13811,EC03,Hajipur Junction 3,18:50,18:52,7,1,1802,11
9312,1812,13812,EC02,Bhubaneswar Junction 2,21:01,21:16,12,2,1587,12
9313,1813,13813,NR01,New Delhi Junction 1,00:12,00:17,13,3,1449,13
9314,1814,13814,NR08,New Delhi Junction 8,03:23,03:38,10,4,87,14
9315,1815,13815,NC07,Prayagraj Junction 7,06:34,06:43,12,5,1733,15
9316,1816,13816,NE06,Gorakhpur Junction 6,09:45,09:52,4,6,1911,16
9317,1817,13817,NF05,Guwahati Junction 5,12:56,12:09,14,7,1475,17
9318,1818,13818,NW04,Jaipur Junction 4,15:07,15:20,7,1,1714,18
9319,1819,13819,SC03,Secunderabad Junction 3,18:18,18:26,13,2,321,19
9320,1820,13820,SE02,Bilaspur Junction 2,21:29,21:35,5,3,894,20
9321,1821,13821,SE01,Kolkata Junction 1,00:40,00:53,3,4,1607,21
9322,1822,13822,SE08,Kolkata Junction 8,03:51,03:04,11,5,1421,22
9323,1823,13823,SW07,Hubballi Junction 7,06:02,06:05,10,6,498,23
9324,1824,13824,SR06,Chennai Junction 6,09:13,09:18,14,7,1353,24
9325,1825,13825,WC05,Jabalpur Junction 5,12:24,12:39,8,1,787,25
9326,1826,13826,WR04,Mumbai Junction 4,15:35,15:50,10,2,1898,26
9327,1827,13827,CR03,Mumbai Junction 3,18:46,18:48,9,3,1797,27
9328,1828,13828,ER02,Kolkata Junction 2,21:57,21:10,12,4,361,28
9329,1829,13829,EC01,Hajipur Junction 1,00:08,00:17,3,5,1764,29
9330,1830,13830,EC08,Hajipur Junction 8,03:19,03:29,4,6,1598,30
9331,1831,13831,EC07,Bhubaneswar Junction 7,06:30,06:42,2,7,196,1
9332,1832,13832,NR06,New Delhi Junction 6,09:41,09:45,2,1,1181,2
9333,1833,13833,NC05,Prayagraj Junction 5,12:52,12:06,2,2,1351,3
9334,1834,13834,NE04,Gorakhpur Junction 4,15:03,15:10,13,3,1060,4
9335,1835,13835,NF03,Guwahati Junction 3,18:14,18:25,14,4,299,5
9336,1836,13836,NW02,Jaipur Junction 2,21:25,21:31,5,5,371,6
9337,1837,13837,SC01,Secunderabad Junction 1,00:36,00:47,2,6,849,7
9338,1838,13838,SC08,Secunderabad Junction 8,03:47,03:50,10,7,1651,8
9339,1839,13839,SE07,Bilaspur Junction 7,06:58,06:06,8,1,989,9
9340,1840,13840,SE06,Kolkata Junction 6,09:09,09:13,7,2,2052,10
9341,1841,13841,SW05,Hubballi Junction 5,12:20,12:22,13,3,362,11
9342,1842,13842,SR04,Chennai Junction 4,15:31,15:34,5,4,591,12
9343,1843,13843,WC03,Jabalpur Junction 3,18:42,18:48,13,5,1990,13
9344,1844,13844,WR02,Mumbai Junction 2,21:53,21:04,4,6,2080,14
9345,1845,13845,CR01,Mumbai Junction 1,00:04,00:17,3,7,852,15
9346,1846,13846,CR08,Mumbai Junction 8,03:15,03:27,3,1,168,16
9347,1847,13847,ER07,Kolkata Junction 7,06:26,06:36,6,2,971,17
9348,1848,13848,EC06,Hajipur Junction 6,09:37,09:49,9,3,1564,18
9349,1849,13849,EC05,Bhubaneswar Junction 5,12:48,12:51,2,4,553,19
9350,1850,13850,NR04,New Delhi Junction 4,15:59,15:03,6,5,1712,20
9351,1851,13851,NC03,Prayagraj Junction 3,18:10,18:14,3,6,441,21
9352,1852,13852,NE02,Gorakhpur Junction 2,21:21,21:27,4,7,404,22
9353,1853,13853,NF01,Guwahati Junction 1,00:32,00:42,3,1,338,23
9354,1854,13854,NF08,Guwahati Junction 8,03:43,03:56,2,2,134,24
9355,1855,13855,NW07,Jaipur Junction 7,06:54,06:56,9,3,1528,25
9356,1856,13856,SC06,Secunderabad Junction 6,09:05,09:16,11,4,126,26
9357,1857,13857,SE05,Bilaspur Junction 5,12:16,12:22,10,5,1500,27
9358,1858,13858,SE04,Kolkata Junction 4,15:27,15:33,13,6,1833,28
9359,1859,13859,SW03,Hubballi Junction 3,18:38,18:50,13,7,2145,29
9360,1860,13860,SR02,Chennai Junction 2,21:49,21:02,10,1,877,30
9361,1861,13861,WC01,Jabalpur Junction 1,00:00,00:07,13,2,650,1
9362,1862,13862,WC08,Jabalpur Junction 8,03:11,03:21,9,3,833,2
9363,1863,13863,WR07,Mumbai Junction 7,06:22,06:30,3,4,1560,3
9364,1864,13864,CR06,Mumbai Junction 6,09:33,09:35,3,5,553,4
9365,1865,13865,ER05,Kolkata Junction 5,12:44,12:53,6,6,1936,5
9366,1866,13866,EC04,Hajipur Junction 4,15:55,15:09,7,7,2199,6
9367,1867,13867,EC03,Bhubaneswar Junction 3,18:06,18:09,4,1,764,7
9368,1868,13868,NR02,New Delhi Junction 2,21:17,21:32,9,2,1554,8
9369,1869,13869,NC01,Prayagraj Junction 1,00:28,00:39,8,3,2049,9
9370,1870,13870,NC08,Prayagraj Junction 8,03:39,03:54,8,4,1570,10
9371,1871,13871,NE07,Gorakhpur Junction 7,06:50,06:00,10,5,223,11
9372,1872,13872,NF06,Guwahati Junction 6,09:01,09:05,15,6,537,12
9373,1873,13873,NW05,Jaipur Junction 5,12:12,12:23,14,7,1325,13
9374,1874,13874,SC04,Secunderabad Junction 4,15:23,15:28,14,1,71,14
9375,1875,13875,SE03,Bilaspur Junction 3,18:34,18:46,5,2,1408,15
9376,1876,13876,SE02,Kolkata Junction 2,21:45,21:53,9,3,840,16
9377,1877,13877,SW01,Hubballi Junction 1,00:56,00:05,15,4,1818,17
9378,1878,13878,SW08,Hubballi Junction 8,03:07,03:14,15,5,1955,18
9379,1879,13879,SR07,Chennai Junction 7,06:18,06:28,10,6,78,19
9380,1880,13880,WC06,Jabalpur Junction 6,09:29,09:38,4,7,352,20
9381,1881,13881,WR05,Mumbai Junction 5,12:40,12:54,5,1,1354,21
9382,1882,13882,CR04,Mumbai Junction 4,15:51,15:05,10,2,1715,22
9383,1883,13883,ER03,Kolkata Junction 3,18:02,18:14,8,3,2027,23
9384,1884,13884,EC02,Hajipur Junction 2,21:13,21:27,6,4,1802,24
9385,1885,13885,EC01,Bhubaneswar Junction 1,00:24,00:28,3,5,1166,25
9386,1886,13886,EC08,Bhubaneswar Junction 8,03:35,03:45,10,6,1757,26
9387,1887,13887,NR07,New Delhi Junction 7,06:46,06:53,13,7,1984,27
9388,1888,13888,NC06,Prayagraj Junction 6,09:57,09:00,8,1,494,28
9389,1889,13889,NE05,Gorakhpur Junction 5,12:08,12:19,7,2,619,29
9390,1890,13890,NF04,Guwahati Junction 4,15:19,15:24,6,3,239,30
9391,1891,13891,NW03,Jaipur Junction 3,18:30,18:33,10,4,2074,1
9392,1892,13892,SC02,Secunderabad Junction 2,21:41,21:50,14,5,340,2
9393,1893,13893,SE01,Bilaspur Junction 1,00:52,00:07,10,6,1636,3
9394,1894,13894,SE08,Bilaspur Junction 8,03:03,03:05,10,7,842,4
9395,1895,13895,SE07,Kolkata Junction 7,06:14,06:28,13,1,1901,5
9396,1896,13896,SW06,Hubballi Junction 6,09:25,09:39,12,2,539,6
9397,1897,13897,SR05,Chennai Junction 5,12:36,12:41,14,3,1323,7
9398,1898,13898,WC04,Jabalpur Junction 4,15:47,15:01,13,4,1335,8
9399,1899,13899,WR03,Mumbai Junction 3,18:58,18:02,15,5,534,9
9400,1900,13900,CR02,Mumbai Junction 2,21:09,21:14,4,6,151,10
9401,1901,13901,ER01,Kolkata Junction 1,00:20,00:27,13,7,1904,11
9402,1902,13902,ER08,Kolkata Junction 8,03:31,03:39,6,1,762,12
9403,1903,13903,EC07,Hajipur Junction 7,06:42,06:56,2,2,126,13
9404,1904,13904,EC06,Bhubaneswar Junction 6,09:53,09:55,14,3,199,14
9405,1905,13905,NR05,New Delhi Junction 5,12:04,12:19,4,4,1206,15
9406,1906,13906,NC04,Prayagraj Junction 4,15:15,15:30,3,5,619,16
9407,1907,13907,NE03,Gorakhpur Junction 3,18:26,18:38,13,6,1996,17
9408,1908,13908,NF02,Guwahati Junction 2,21:37,21:39,12,7,707,18
9409,1909,13909,NW01,Jaipur Junction 1,00:48,00:57,14,1,1984,19
9410,1910,13910,NW08,Jaipur Junction 8,03:59,03:03,8,2,624,20
9411,1911,13911,SC07,Secunderabad Junction 7,06:10,06:20,13,3,699,21
9412,1912,13912,SE06,Bilaspur Junction 6,09:21,09:24,2,4,117,22
9413,1913,13913,SE05,Kolkata Junction 5,12:32,12:39,15,5,553,23
9414,1914,13914,SW04,Hubballi Junction 4,15:43,15:50,11,6,1447,24
9415,1915,13915,SR03,Chennai Junction 3,18:54,18:59,3,7,344,25
9416,1916,13916,WC02,Jabalpur Junction 2,21:05,21:10,3,1,1011,26
9417,1917,13917,WR01,Mumbai Junction 1,00:16,00:27,11,2,1999,27
9418,1918,13918,WR08,Mumbai Junction 8,03:27,03:33,11,3,1946,28
9419,1919,13919,CR07,Mumbai Junction 7,06:38,06:40,12,4,193,29
9420,1920,13920,ER06,Kolkata Junction 6,09:49,09:58,13,5,1010,30
9421,1921,13921,EC05,Hajipur Junction 5,12:00,12:09,10,6,1271,1
9422,1922,13922,EC04,Bhubaneswar Junction 4,15:11,15:23,14,7,296,2
9423,1923,13923,NR03,New Delhi Junction 3,18:22,18:29,13,1,839,3
9424,1924,13924,NC02,Prayagraj Junction 2,21:33,21:41,12,2,2057,4
9425,1925,13925,NE01,Gorakhpur Junction 1,00:44,00:49,15,3,1561,5
9426,1926,13926,NE08,Gorakhpur Junction 8,03:55,03:57,14,4,845,6
9427,1927,13927,NF07,Guwahati Junction 7,06:06,06:11,9,5,1267,7
9428,1928,13928,NW06,Jaipur Junction 6,09:17,09:26,2,6,1809,8
9429,1929,13929,SC05,Secunderabad Junction 5,12:28,12:34,3,7,1244,9
9430,1930,13930,SE04,Bilaspur Junction 4,15:39,15:49,3,1,2073,10
9431,1931,13931,SE03,Kolkata Junction 3,18:50,18:00,15,2,1475,11
9432,1932,13932,SW02,Hubballi Junction 2,21:01,21:03,4,3,2139,12
9433,1933,13933,SR01,Chennai Junction 1,00:12,00:21,3,4,163,13
9434,1934,13934,SR08,Chennai Junction 8,03:23,03:32,10,5,542,14
9435,1935,13935,WC07,Jabalpur Junction 7,06:34,06:38,10,6,958,15
9436,1936,13936,WR06,Mumbai Junction 6,09:45,09:47,2,7,524,16
9437,1937,13937,CR05,Mumbai Junction 5,12:56,12:05,6,1,32,17
9438,1938,13938,ER04,Kolkata Junction 4,15:07,15:21,11,2,1283,18
9439,1939,13939,EC03,Hajipur Junction 3,18:18,18:23,11,3,2081,19
9440,1940,13940,EC02,Bhubaneswar Junction 2,21:29,21:40,6,4,863,20
9441,1941,13941,NR01,New Delhi Junction 1,00:40,00:55,2,5,486,21
9442,1942,13942,NR08,New Delhi Junction 8,03:51,03:54,10,6,1009,22
9443,1943,13943,NC07,Prayagraj Junction 7,06:02,06:05,15,7,1213,23
9444,1944,13944,NE06,Gorakhpur Junction 6,09:13,09:18,15,1,1536,24
9445,1945,13945,NF05,Guwahati Junction 5,12:24,12:27,13,2,129,25
9446,1946,13946,NW04,Jaipur Junction 4,15:35,15:49,7,3,645,26
9447,1947,13947,SC03,Secunderabad Junction 3,18:46,18:48,15,4,1231,27
9448,1948,13948,SE02,Bilaspur Junction 2,21:57,21:07,13,5,1118,28
9449,1949,13949,SE01,Kolkata Junction 1,00:08,00:14,12,6,1166,29
9450,1950,13950,SE08,Kolkata Junction 8,03:19,03:24,13,7,1787,30
9451,1951,13951,SW07,Hubballi Junction 7,06:30,06:35,11,1,2025,1
9452,1952,13952,SR06,Chennai Junction 6,09:41,09:54,4,2,1882,2
9453,1953,13953,WC05,Jabalpur Junction 5,12:52,12:54,10,3,1125,3
9454,1954,13954,WR04,Mumbai Junction 4,15:03,15:05,12,4,655,4
9455,1955,13955,CR03,Mumbai Junction 3,18:14,18:27,14,5,1299,5
9456,1956,13956,ER02,Kolkata Junction 2,21:25,21:35,2,6,1958,6
9457,1957,13957,EC01,Hajipur Junction 1,00:36,00:47,7,7,188,7
9458,1958,13958,EC08,Hajipur Junction 8,03:47,03:56,14,1,1897,8
9459,1959,13959,EC07,Bhubaneswar Junction 7,06:58,06:01,12,2,180,9
9460,1960,13960,NR06,New Delhi Junction 6,09:09,09:16,8,3,49,10
9461,1961,13961,NC05,Prayagraj Junction 5,12:20,12:23,14,4,1384,11
9462,1962,13962,NE04,Gorakhpur Junction 4,15:31,15:44,9,5,988,12
9463,1963,13963,NF03,Guwahati Junction 3,18:42,18:44,9,6,1695,13
9464,1964,13964,NW02,Jaipur Junction 2,21:53,21:57,8,7,906,14
9465,1965,13965,SC01,Secunderabad Junction 1,00:04,00:18,4,1,231,15
9466,1966,13966,SC08,Secunderabad Junction 8,03:15,03:19,4,2,1862,16
9467,1967,13967,SE07,Bilaspur Junction 7,06:26,06:31,7,3,565,17
9468,1968,13968,SE06,Kolkata Junction 6,09:37,09:50,11,4,1042,18
9469,1969,13969,SW05,Hubballi Junction 5,12:48,12:01,2,5,1492,19
9470,1970,13970,SR04,Chennai Junction 4,15:59,15:06,7,6,348,20
9471,1971,13971,WC03,Jabalpur Junction 3,18:10,18:13,11,7,1870,21
9472,1972,13972,WR02,Mumbai Junction 2,21:21,21:35,5,1,1678,22
9473,1973,13973,CR01,Mumbai Junction 1,00:32,00:35,12,2,1245,23
9474,1974,13974,CR08,Mumbai Junction 8,03:43,03:57,2,3,1708,24
9475,1975,13975,ER07,Kolkata Junction 7,06:54,06:02,9,4,1185,25
9476,1976,13976,EC06,Hajipur Junction 6,09:05,09:16,10,5,915,26
9477,1977,13977,EC05,Bhubaneswar Junction 5,12:16,12:24,2,6,1593,27
9478,1978,13978,NR04,New Delhi Junction 4,15:27,15:38,9,7,1587,28
9479,1979,13979,NC03,Prayagraj Junction 3,18:38,18:43,5,1,2034,29
9480,1980,13980,NE02,Gorakhpur Junction 2,21:49,21:04,13,2,115,30
9481,1981,13981,NF01,Guwahati Junction 1,00:00,00:09,12,3,81,1
9482,1982,13982,NF08,Guwahati Junction 8,03:11,03:26,13,4,680,2
9483,1983,13983,NW07,Jaipur Junction 7,06:22,06:31,14,5,1878,3
9484,1984,13984,SC06,Secunderabad Junction 6,09:33,09:46,15,6,1637,4
9485,1985,13985,SE05,Bilaspur Junction 5,12:44,12:59,15,7,42,5
9486,1986,13986,SE04,Kolkata Junction 4,15:55,15:06,6,1,1088,6
9487,1987,13987,SW03,Hubballi Junction 3,18:06,18:10,11,2,1836,7
9488,1988,13988,SR02,Chennai Junction 2,21:17,21:24,11,3,714,8
9489,1989,13989,WC01,Jabalpur Junction 1,00:28,00:40,3,4,1936,9
9490,1990,13990,WC08,Jabalpur Junction 8,03:39,03:46,9,5,1767,10
9491,1991,13991,WR07,Mumbai Junction 7,06:50,06:52,15,6,1351,11
9492,1992,13992,CR06,Mumbai Junction 6,09:01,09:16,9,7,454,12
9493,1993,13993,ER05,Kolkata Junction 5,12:12,12:22,10,1,2025,13
9494,1994,13994,EC04,Hajipur Junction 4,15:23,15:33,7,2,387,14
9495,1995,13995,EC03,Bhubaneswar Junction 3,18:34,18:40,10,3,811,15
9496,1996,13996,NR02,New Delhi Junction 2,21:45,21:52,2,4,2073,16
9497,1997,13997,NC01,Prayagraj Junction 1,00:56,00:09,5,5,302,17
9498,1998,13998,NC08,Prayagraj Junction 8,03:07,03:20,13,6,1973,18
9499,1999,13999,NE07,Gorakhpur Junction 7,06:18,06:27,12,7,1605,19
9500,2000,14000,NF06,Guwahati Junction 6,09:29,09:34,9,1,572,20
9501,2001,14001,NW05,Jaipur Junction 5,12:40,12:52,15,2,168,21
9502,2002,14002,SC04,Secunderabad Junction 4,15:51,15:54,5,3,257,22
9503,2003,14003,SE03,Bilaspur Junction 3,18:02,18:04,15,4,1281,23
9504,2004,14004,SE02,Kolkata Junction 2,21:13,21:25,9,5,1642,24
9505,2005,14005,SW01,Hubballi Junction 1,00:24,00:35,4,6,330,25
9506,2006,14006,SW08,Hubballi Junction 8,03:35,03:43,7,7,1849,26
9507,2007,14007,SR07,Chennai Junction 7,06:46,06:52,6,1,1163,27
9508,2008,14008,WC06,Jabalpur Junction 6,09:57,09:01,14,2,24,28
9509,2009,14009,WR05,Mumbai Junction 5,12:08,12:21,10,3,1953,29
9510,2010,14010,CR04,Mumbai Junction 4,15:19,15:25,14,4,1900,30
9511,2011,14011,ER03,Kolkata Junction 3,18:30,18:38,5,5,433,1
9512,2012,14012,EC02,Hajipur Junction 2,21:41,21:45,10,6,2112,2
9513,2013,14013,EC01,Bhubaneswar Junction 1,00:52,00:01,15,7,1662,3
9514,2014,14014,EC08,Bhubaneswar Junction 8,03:03,03:14,12,1,2042,4
9515,2015,14015,NR07,New Delhi Junction 7,06:14,06:28,4,2,1286,5
9516,2016,14016,NC06,Prayagraj Junction 6,09:25,09:33,14,3,449,6
9517,2017,14017,NE05,Gorakhpur Junction 5,12:36,12:49,8,4,2050,7
9518,2018,14018,NF04,Guwahati Junction 4,15:47,15:00,6,5,1858,8
9519,2019,14019,NW03,Jaipur Junction 3,18:58,18:02,2,6,1115,9
9520,2020,14020,SC02,Secunderabad Junction 2,21:09,21:16,3,7,2186,10
9521,2021,14021,SE01,Bilaspur Junction 1,00:20,00:22,10,1,574,11
9522,2022,14022,SE08,Bilaspur Junction 8,03:31,03:37,4,2,855,12
9523,2023,14023,SE07,Kolkata Junction 7,06:42,06:53,6,3,1587,13
9524,2024,14024,SW06,Hubballi Junction 6,09:53,09:01,12,4,977,14
9525,2025,14025,SR05,Chennai Junction 5,12:04,12:11,9,5,1510,15
9526,2026,14026,WC04,Jabalpur Junction 4,15:15,15:23,14,6,1135,16
9527,2027,14027,WR03,Mumbai Junction 3,18:26,18:32,2,7,863,17
9528,2028,14028,CR02,Mumbai Junction 2,21:37,21:39,2,1,816,18
9529,2029,14029,ER01,Kolkata Junction 1,00:48,00:54,14,2,1606,19
9530,2030,14030,ER08,Kolkata Junction 8,03:59,03:12,9,3,242,20
9531,2031,14031,EC07,Hajipur Junction 7,06:10,06:23,8,4,943,21
9532,2032,14032,EC06,Bhubaneswar Junction 6,09:21,09:31,4,5,1058,22
9533,2033,14033,NR05,New Delhi Junction 5,12:32,12:42,11,6,1100,23
9534,2034,14034,NC04,Prayagraj Junction 4,15:43,15:58,15,7,212,24
9535,2035,14035,NE03,Gorakhpur Junction 3,18:54,18:57,9,1,1821,25
9536,2036,14036,NF02,Guwahati Junction 2,21:05,21:14,5,2,1237,26
9537,2037,14037,NW01,Jaipur Junction 1,00:16,00:31,4,3,980,27
9538,2038,14038,NW08,Jaipur Junction 8,03:27,03:37,7,4,97,28
9539,2039,14039,SC07,Secunderabad Junction 7,06:38,06:49,12,5,1441,29
9540,2040,14040,SE06,Bilaspur Junction 6,09:49,09:00,11,6,726,30
9541,2041,14041,SE05,Kolkata Junction 5,12:00,12:02,15,7,449,1
9542,2042,14042,SW04,Hubballi Junction 4,15:11,15:24,9,1,1186,2
9543,2043,14043,SR03,Chennai Junction 3,18:22,18:24,15,2,1162,3
9544,2044,14044,WC02,Jabalpur Junction 2,21:33,21:46,12,3,303,4
9545,2045,14045,WR01,Mumbai Junction 1,00:44,00:59,10,4,407,5
9546,2046,14046,WR08,Mumbai Junction 8,03:55,03:05,10,5,1436,6
9547,2047,14047,CR07,Mumbai Junction 7,06:06,06:12,15,6,521,7
9548,2048,14048,ER06,Kolkata Junction 6,09:17,09:25,13,7,170,8
9549,2049,14049,EC05,Hajipur Junction 5,12:28,12:35,8,1,1700,9
9550,2050,14050,EC04,Bhubaneswar Junction 4,15:39,15:52,13,2,788,10
9551,2051,14051,NR03,New Delhi Junction 3,18:50,18:58,2,3,1809,11
9552,2052,14052,NC02,Prayagraj Junction 2,21:01,21:07,8,4,1500,12
9553,2053,14053,NE01,Gorakhpur Junction 1,00:12,00:24,3,5,1687,13
9554,2054,14054,NE08,Gorakhpur Junction 8,03:23,03:30,7,6,292,14
9555,2055,14055,NF07,Guwahati Junction 7,06:34,06:46,8,7,228,15
9556,2056,14056,NW06,Jaipur Junction 6,09:45,09:48,12,1,239,16
9557,2057,14057,SC05,Secunderabad Junction 5,12:56,12:05,11,2,2006,17
9558,2058,14058,SE04,Bilaspur Junction 4,15:07,15:11,6,3,340,18
9559,2059,14059,SE03,Kolkata Junction 3,18:18,18:32,10,4,2163,19
9560,2060,14060,SW02,Hubballi Junction 2,21:29,21:31,11,5,72,20
9561,2061,14061,SR01,Chennai Junction 1,00:40,00:43,8,6,806,21
9562,2062,14062,SR08,Chennai Junction 8,03:51,03:58,2,7,1198,22
9563,2063,14063,WC07,Jabalpur Junction 7,06:02,06:08,15,1,1736,23
9564,2064,14064,WR06,Mumbai Junction 6,09:13,09:21,12,2,1267,24
9565,2065,14065,CR05,Mumbai Junction 5,12:24,12:32,14,3,1292,25
9566,2066,14066,ER04,Kolkata Junction 4,15:35,15:43,9,4,1718,26
9567,2067,14067,EC03,Hajipur Junction 3,18:46,18:58,9,5,388,27
9568,2068,14068,EC02,Bhubaneswar Junction 2,21:57,21:07,8,6,2051,28
9569,2069,14069,NR01,New Delhi Junction 1,00:08,00:22,2,7,2198,29
9570,2070,14070,NR08,New Delhi Junction 8,03:19,03:33,14,1,1094,30
9571,2071,14071,NC07,Prayagraj Junction 7,06:30,06:35,10,2,1942,1
9572,2072,14072,NE06,Gorakhpur Junction 6,09:41,09:49,15,3,574,2
9573,2073,14073,NF05,Guwahati Junction 5,12:52,12:05,2,4,1846,3
9574,2074,14074,NW04,Jaipur Junction 4,15:03,15:18,11,5,1372,4
9575,2075,14075,SC03,Secunderabad Junction 3,18:14,18:21,14,6,278,5
9576,2076,14076,SE02,Bilaspur Junction 2,21:25,21:31,3,7,611,6
9577,2077,14077,SE01,Kolkata Junction 1,00:36,00:45,6,1,925,7
9578,2078,14078,SE08,Kolkata Junction 8,03:47,03:52,6,2,1095,8
9579,2079,14079,SW07,Hubballi Junction 7,06:58,06:02,15,3,1973,9
9580,2080,14080,SR06,Chennai Junction 6,09:09,09:23,2,4,1089,10
9581,2081,14081,WC05,Jabalpur Junction 5,12:20,12:33,6,5,509,11
9582,2082,14082,WR04,Mumbai Junction 4,15:31,15:41,2,6,1346,12
9583,2083,14083,CR03,Mumbai Junction 3,18:42,18:50,11,7,1502,13
9584,2084,14084,ER02,Kolkata Junction 2,21:53,21:02,10,1,58,14
9585,2085,14085,EC01,Hajipur Junction 1,00:04,00:19,3,2,2148,15
9586,2086,14086,EC08,Hajipur Junction 8,03:15,03:30,12,3,1641,16
9587,2087,14087,EC07,Bhubaneswar Junction 7,06:26,06:28,15,4,1162,17
9588,2088,14088,NR06,New Delhi Junction 6,09:37,09:43,11,5,1176,18
9589,2089,14089,NC05,Prayagraj Junction 5,12:48,12:55,6,6,259,19
9590,2090,14090,NE04,Gorakhpur Junction 4,15:59,15:13,11,7,633,20
9591,2091,14091,NF03,Guwahati Junction 3,18:10,18:22,11,1,307,21
9592,2092,14092,NW02,Jaipur Junction 2,21:21,21:25,5,2,231,22
9593,2093,14093,SC01,Secunderabad Junction 1,00:32,00:45,4,3,1784,23
9594,2094,14094,SC08,Secunderabad Junction 8,03:43,03:52,3,4,1857,24
9595,2095,14095,SE07,Bilaspur Junction 7,06:54,06:58,15,5,30,25
9596,2096,14096,SE06,Kolkata Junction 6,09:05,09:15,6,6,1173,26
9597,2097,14097,SW05,Hubballi Junction 5,12:16,12:29,13,7,619,27
9598,2098,14098,SR04,Chennai Junction 4,15:27,15:29,5,1,1780,28
9599,2099,14099,WC03,Jabalpur Junction 3,18:38,18:47,12,2,1088,29
9600,2100,14100,WR02,Mumbai Junction 2,21:49,21:58,2,3,50,30
9601,2101,14101,CR01,Mumbai Junction 1,00:00,00:11,4,4,793,1
9602,2102,14102,CR08,Mumbai Junction 8,03:11,03:18,10,5,2070,2
9603,2103,14103,ER07,Kolkata Junction 7,06:22,06:34,10,6,1836,3
9604,2104,14104,EC06,Hajipur Junction 6,09:33,09:42,4,7,1074,4
9605,2105,14105,EC05,Bhubaneswar Junction 5,12:44,12:59,12,1,769,5
9606,2106,14106,NR04,New Delhi Junction 4,15:55,15:01,14,2,207,6
9607,2107,14107,NC03,Prayagraj Junction 3,18:06,18:21,11,3,1777,7
9608,2108,14108,NE02,Gorakhpur Junction 2,21:17,21:23,11,4,716,8
9609,2109,14109,NF01,Guwahati Junction 1,00:28,00:30,8,5,2155,9
9610,2110,14110,NF08,Guwahati Junction 8,03:39,03:44,4,6,2027,10
9611,2111,14111,NW07,Jaipur Junction 7,06:50,06:04,13,7,2148,11
9612,2112,14112,SC06,Secunderabad Junction 6,09:01,09:16,14,1,2122,12
9613,2113,14113,SE05,Bilaspur Junction 5,12:12,12:24,6,2,1008,13
9614,2114,14114,SE04,Kolkata Junction 4,15:23,15:30,9,3,1536,14
9615,2115,14115,SW03,Hubballi Junction 3,18:34,18:39,2,4,1326,15
9616,2116,14116,SR02,Chennai Junction 2,21:45,21:00,14,5,23,16
9617,2117,14117,WC01,Jabalpur Junction 1,00:56,00:06,9,6,934,17
9618,2118,14118,WC08,Jabalpur Junction 8,03:07,03:18,7,7,2011,18
9619,2119,14119,WR07,Mumbai Junction 7,06:18,06:32,11,1,1008,19
9620,2120,14120,CR06,Mumbai Junction 6,09:29,09:39,14,2,660,20
9621,2121,14121,ER05,Kolkata Junction 5,12:40,12:54,10,3,139,21
9622,2122,14122,EC04,Hajipur Junction 4,15:51,15:03,4,4,1134,22
9623,2123,14123,EC03,Bhubaneswar Junction 3,18:02,18:17,12,5,1538,23
9624,2124,14124,NR02,New Delhi Junction 2,21:13,21:15,14,6,737,24
9625,2125,14125,NC01,Prayagraj Junction 1,00:24,00:26,15,7,419,25
9626,2126,14126,NC08,Prayagraj Junction 8,03:35,03:41,3,1,1368,26
9627,2127,14127,NE07,Gorakhpur Junction 7,06:46,06:00,9,2,1912,27
9628,2128,14128,NF06,Guwahati Junction 6,09:57,09:12,14,3,358,28
9629,2129,14129,NW05,Jaipur Junction 5,12:08,12:12,6,4,1403,29
9630,2130,14130,SC04,Secunderabad Junction 4,15:19,15:33,6,5,1465,30
9631,2131,14131,SE03,Bilaspur Junction 3,18:30,18:34,9,6,1715,1
9632,2132,14132,SE02,Kolkata Junction 2,21:41,21:48,4,7,904,2
9633,2133,14133,SW01,Hubballi Junction 1,00:52,00:04,15,1,1355,3
9634,2134,14134,SW08,Hubballi Junction 8,03:03,03:14,7,2,2044,4
9635,2135,14135,SR07,Chennai Junction 7,06:14,06:28,15,3,1899,5
9636,2136,14136,WC06,Jabalpur Junction 6,09:25,09:34,15,4,1341,6
9637,2137,14137,WR05,Mumbai Junction 5,12:36,12:46,11,5,408,7
9638,2138,14138,CR04,Mumbai Junction 4,15:47,15:00,7,6,1449,8
9639,2139,14139,ER03,Kolkata Junction 3,18:58,18:11,3,7,661,9
9640,2140,14140,EC02,Hajipur Junction 2,21:09,21:24,7,1,1454,10
9641,2141,14141,EC01,Bhubaneswar Junction 1,00:20,00:29,14,2,1122,11
9642,2142,14142,EC08,Bhubaneswar Junction 8,03:31,03:38,2,3,1044,12
9643,2143,14143,NR07,New Delhi Junction 7,06:42,06:52,11,4,1716,13
9644,2144,14144,NC06,Prayagraj Junction 6,09:53,09:05,8,5,172,14
9645,2145,14145,NE05,Gorakhpur Junction 5,12:04,12:09,7,6,2153,15
9646,2146,14146,NF04,Guwahati Junction 4,15:15,15:27,14,7,2182,16
9647,2147,14147,NW03,Jaipur Junction 3,18:26,18:29,2,1,1262,17
9648,2148,14148,SC02,Secunderabad Junction 2,21:37,21:42,14,2,1022,18
9649,2149,14149,SE01,Bilaspur Junction 1,00:48,00:50,5,3,751,19
9650,2150,14150,SE08,Bilaspur Junction 8,03:59,03:01,6,4,1186,20
9651,2151,14151,SE07,Kolkata Junction 7,06:10,06:24,11,5,205,21
9652,2152,14152,SW06,Hubballi Junction 6,09:21,09:28,12,6,813,22
9653,2153,14153,SR05,Chennai Junction 5,12:32,12:41,15,7,303,23
9654,2154,14154,WC04,Jabalpur Junction 4,15:43,15:51,10,1,1755,24
9655,2155,14155,WR03,Mumbai Junction 3,18:54,18:07,6,2,1027,25
9656,2156,14156,CR02,Mumbai Junction 2,21:05,21:18,13,3,1812,26
9657,2157,14157,ER01,Kolkata Junction 1,00:16,00:27,5,4,810,27
9658,2158,14158,ER08,Kolkata Junction 8,03:27,03:38,5,5,1500,28
9659,2159,14159,EC07,Hajipur Junction 7,06:38,06:47,8,6,781,29
9660,2160,14160,EC06,Bhubaneswar Junction 6,09:49,09:01,8,7,675,30
9661,2161,14161,NR05,New Delhi Junction 5,12:00,12:07,8,1,1358,1
9662,2162,14162,NC04,Prayagraj Junction 4,15:11,15:26,6,2,393,2
9663,2163,14163,NE03,Gorakhpur Junction 3,18:22,18:37,4,3,1988,3
9664,2164,14164,NF02,Guwahati Junction 2,21:33,21:36,7,4,2195,4
9665,2165,14165,NW01,Jaipur Junction 1,00:44,00:48,4,5,1340,5
9666,2166,14166,NW08,Jaipur Junction 8,03:55,03:59,2,6,1528,6
9667,2167,14167,SC07,Secunderabad Junction 7,06:06,06:21,12,7,2121,7
9668,2168,14168,SE06,Bilaspur Junction 6,09:17,09:26,10,1,2161,8
9669,2169,14169,SE05,Kolkata Junction 5,12:28,12:37,2,2,525,9
9670,2170,14170,SW04,Hubballi Junction 4,15:39,15:49,14,3,1334,10
9671,2171,14171,SR03,Chennai Junction 3,18:50,18:57,6,4,1503,11
9672,2172,14172,WC02,Jabalpur Junction 2,21:01,21:15,5,5,1216,12
9673,2173,14173,WR01,Mumbai Junction 1,00:12,00:19,5,6,891,13
9674,2174,14174,WR08,Mumbai Junction 8,03:23,03:26,9,7,235,14
9675,2175,14175,CR07,Mumbai Junction 7,06:34,06:42,14,1,320,15
9676,2176,14176,ER06,Kolkata Junction 6,09:45,09:50,12,2,1995,16
9677,2177,14177,EC05,Hajipur Junction 5,12:56,12:11,3,3,526,17
9678,2178,14178,EC04,Bhubaneswar Junction 4,15:07,15:22,9,4,1833,18
9679,2179,14179,NR03,New Delhi Junction 3,18:18,18:20,3,5,449,19
9680,2180,14180,NC02,Prayagraj Junction 2,21:29,21:32,14,6,1767,20
9681,2181,14181,NE01,Gorakhpur Junction 1,00:40,00:47,3,7,233,21
9682,2182,14182,NE08,Gorakhpur Junction 8,03:51,03:56,12,1,1762,22
9683,2183,14183,NF07,Guwahati Junction 7,06:02,06:11,14,2,2041,23
9684,2184,14184,NW06,Jaipur Junction 6,09:13,09:25,3,3,1957,24
9685,2185,14185,SC05,Secunderabad Junction 5,12:24,12:38,9,4,1318,25
9686,2186,14186,SE04,Bilaspur Junction 4,15:35,15:47,10,5,757,26
9687,2187,14187,SE03,Kolkata Junction 3,18:46,18:57,12,6,311,27
9688,2188,14188,SW02,Hubballi Junction 2,21:57,21:08,4,7,1264,28
9689,2189,14189,SR01,Chennai Junction 1,00:08,00:11,15,1,1469,29
9690,2190,14190,SR08,Chennai Junction 8,03:19,03:27,9,2,1362,30
9691,2191,14191,WC07,Jabalpur Junction 7,06:30,06:33,9,3,1574,1
9692,2192,14192,WR06,Mumbai Junction 6,09:41,09:46,8,4,726,2
9693,2193,14193,CR05,Mumbai Junction 5,12:52,12:56,15,5,1304,3
9694,2194,14194,ER04,Kolkata Junction 4,15:03,15:10,6,6,1494,4
9695,2195,14195,EC03,Hajipur Junction 3,18:14,18:17,9,7,506,5
9696,2196,14196,EC02,Bhubaneswar Junction 2,21:25,21:39,12,1,1666,6
9697,2197,14197,NR01,New Delhi Junction 1,00:36,00:40,3,2,1008,7
9698,2198,14198,NR08,New Delhi Junction 8,03:47,03:53,12,3,1566,8
9699,2199,14199,NC07,Prayagraj Junction 7,06:58,06:05,4,4,713,9
9700,2200,14200,NE06,Gorakhpur Junction 6,09:09,09:18,5,5,699,10
9701,2201,14201,NF05,Guwahati Junction 5,12:20,12:25,2,6,1322,11
9702,2202,14202,NW04,Jaipur Junction 4,15:31,15:46,15,7,2044,12
9703,2203,14203,SC03,Secunderabad Junction 3,18:42,18:53,12,1,141,13
9704,2204,14204,SE02,Bilaspur Junction 2,21:53,21:57,11,2,2174,14
9705,2205,14205,SE01,Kolkata Junction 1,00:04,00:18,10,3,239,15
9706,2206,14206,SE08,Kolkata Junction 8,03:15,03:30,6,4,93,16
9707,2207,14207,SW07,Hubballi Junction 7,06:26,06:38,4,5,663,17
9708,2208,14208,SR06,Chennai Junction 6,09:37,09:48,15,6,1995,18
9709,2209,14209,WC05,Jabalpur Junction 5,12:48,12:52,4,7,1779,19
9710,2210,14210,WR04,Mumbai Junction 4,15:59,15:05,3,1,1293,20
9711,2211,14211,CR03,Mumbai Junction 3,18:10,18:21,15,2,1069,21
9712,2212,14212,ER02,Kolkata Junction 2,21:21,21:34,9,3,2031,22
9713,2213,14213,EC01,Hajipur Junction 1,00:32,00:40,11,4,2119,23
9714,2214,14214,EC08,Hajipur Junction 8,03:43,03:57,7,5,1115,24
9715,2215,14215,EC07,Bhubaneswar Junction 7,06:54,06:04,3,6,513,25
9716,2216,14216,NR06,New Delhi Junction 6,09:05,09:16,3,7,1323,26
9717,2217,14217,NC05,Prayagraj Junction 5,12:16,12:24,8,1,1861,27
9718,2218,14218,NE04,Gorakhpur Junction 4,15:27,15:32,13,2,1725,28
9719,2219,14219,NF03,Guwahati Junction 3,18:38,18:53,13,3,1115,29
9720,2220,14220,NW02,Jaipur Junction 2,21:49,21:56,12,4,2041,30
9721,2221,14221,SC01,Secunderabad Junction 1,00:00,00:05,7,5,1093,1
9722,2222,14222,SC08,Secunderabad Junction 8,03:11,03:14,6,6,366,2
9723,2223,14223,SE07,Bilaspur Junction 7,06:22,06:34,8,7,1328,3
9724,2224,14224,SE06,Kolkata Junction 6,09:33,09:36,10,1,1580,4
9725,2225,14225,SW05,Hubballi Junction 5,12:44,12:55,13,2,250,5
9726,2226,14226,SR04,Chennai Junction 4,15:55,15:04,8,3,1965,6
9727,2227,14227,WC03,Jabalpur Junction 3,18:06,18:17,15,4,55,7
9728,2228,14228,WR02,Mumbai Junction 2,21:17,21:25,11,5,196,8
9729,2229,14229,CR01,Mumbai Junction 1,00:28,00:39,5,6,163,9
9730,2230,14230,CR08,Mumbai Junction 8,03:39,03:50,7,7,892,10
9731,2231,14231,ER07,Kolkata Junction 7,06:50,06:56,11,1,1361,11
9732,2232,14232,EC06,Hajipur Junction 6,09:01,09:12,13,2,1331,12
9733,2233,14233,EC05,Bhubaneswar Junction 5,12:12,12:15,4,3,2181,13
9734,2234,14234,NR04,New Delhi Junction 4,15:23,15:29,7,4,831,14
9735,2235,14235,NC03,Prayagraj Junction 3,18:34,18:49,13,5,1063,15
9736,2236,14236,NE02,Gorakhpur Junction 2,21:45,21:56,9,6,1418,16
9737,2237,14237,NF01,Guwahati Junction 1,00:56,00:11,11,7,248,17
9738,2238,14238,NF08,Guwahati Junction 8,03:07,03:16,13,1,87,18
9739,2239,14239,NW07,Jaipur Junction 7,06:18,06:24,4,2,1586,19
9740,2240,14240,SC06,Secunderabad Junction 6,09:29,09:32,10,3,140,20
9741,2241,14241,SE05,Bilaspur Junction 5,12:40,12:54,6,4,896,21
9742,2242,14242,SE04,Kolkata Junction 4,15:51,15:04,7,5,253,22
9743,2243,14243,SW03,Hubballi Junction 3,18:02,18:16,3,6,1093,23
9744,2244,14244,SR02,Chennai Junction 2,21:13,21:16,11,7,593,24
9745,2245,14245,WC01,Jabalpur Junction 1,00:24,00:39,4,1,1473,25
9746,2246,14246,WC08,Jabalpur Junction 8,03:35,03:37,3,2,608,26
9747,2247,14247,WR07,Mumbai Junction 7,06:46,06:00,15,3,1349,27
9748,2248,14248,CR06,Mumbai Junction 6,09:57,09:03,6,4,464,28
9749,2249,14249,ER05,Kolkata Junction 5,12:08,12:14,8,5,1507,29
9750,2250,14250,EC04,Hajipur Junction 4,15:19,15:24,2,6,1231,30
9751,2251,14251,EC03,Bhubaneswar Junction 3,18:30,18:35,7,7,1565,1
9752,2252,14252,NR02,New Delhi Junction 2,21:41,21:55,9,1,2041,2
9753,2253,14253,NC01,Prayagraj Junction 1,00:52,00:57,11,2,2155,3
9754,2254,14254,NC08,Prayagraj Junction 8,03:03,03:08,12,3,1042,4
9755,2255,14255,NE07,Gorakhpur Junction 7,06:14,06:28,6,4,2113,5
9756,2256,14256,NF06,Guwahati Junction 6,09:25,09:38,11,5,64,6
9757,2257,14257,NW05,Jaipur Junction 5,12:36,12:39,11,6,1053,7
9758,2258,14258,SC04,Secunderabad Junction 4,15:47,15:53,13,7,1058,8
9759,2259,14259,SE03,Bilaspur Junction 3,18:58,18:06,6,1,2159,9
9760,2260,14260,SE02,Kolkata Junction 2,21:09,21:16,5,2,1483,10
9761,2261,14261,SW01,Hubballi Junction 1,00:20,00:22,10,3,1242,11
9762,2262,14262,SW08,Hubballi Junction 8,03:31,03:36,12,4,96,12
9763,2263,14263,SR07,Chennai Junction 7,06:42,06:57,13,5,385,13
9764,2264,14264,WC06,Jabalpur Junction 6,09:53,09:01,4,6,1361,14
9765,2265,14265,WR05,Mumbai Junction 5,12:04,12:10,8,7,2105,15
9766,2266,14266,CR04,Mumbai Junction 4,15:15,15:25,14,1,1379,16
9767,2267,14267,ER03,Kolkata Junction 3,18:26,18:34,2,2,196,17
9768,2268,14268,EC02,Hajipur Junction 2,21:37,21:46,9,3,1104,18
9769,2269,14269,EC01,Bhubaneswar Junction 1,00:48,00:01,3,4,1449,19
9770,2270,14270,EC08,Bhubaneswar Junction 8,03:59,03:11,11,5,518,20
9771,2271,14271,NR07,New Delhi Junction 7,06:10,06:17,2,6,389,21
9772,2272,14272,NC06,Prayagraj Junction 6,09:21,09:34,10,7,1903,22
9773,2273,14273,NE05,Gorakhpur Junction 5,12:32,12:43,5,1,1789,23
9774,2274,14274,NF04,Guwahati Junction 4,15:43,15:54,4,2,10,24
9775,2275,14275,NW03,Jaipur Junction 3,18:54,18:06,12,3,197,25
9776,2276,14276,SC02,Secunderabad Junction 2,21:05,21:13,14,4,1743,26
9777,2277,14277,SE01,Bilaspur Junction 1,00:16,00:29,7,5,266,27
9778,2278,14278,SE08,Bilaspur Junction 8,03:27,03:33,11,6,1849,28
9779,2279,14279,SE07,Kolkata Junction 7,06:38,06:49,2,7,1299,29
9780,2280,14280,SW06,Hubballi Junction 6,09:49,09:53,10,1,906,30
9781,2281,14281,SR05,Chennai Junction 5,12:00,12:09,10,2,1403,1
9782,2282,14282,WC04,Jabalpur Junction 4,15:11,15:13,15,3,1265,2
9783,2283,14283,WR03,Mumbai Junction 3,18:22,18:31,7,4,229,3
9784,2284,14284,CR02,Mumbai Junction 2,21:33,21:43,7,5,1995,4
9785,2285,14285,ER01,Kolkata Junction 1,00:44,00:55,8,6,69,5
9786,2286,14286,ER08,Kolkata Junction 8,03:55,03:04,13,7,1018,6
9787,2287,14287,EC07,Hajipur Junction 7,06:06,06:17,3,1,894,7
9788,2288,14288,EC06,Bhubaneswar Junction 6,09:17,09:30,7,2,1947,8
9789,2289,14289,NR05,New Delhi Junction 5,12:28,12:35,13,3,1416,9
9790,2290,14290,NC04,Prayagraj Junction 4,15:39,15:54,9,4,1029,10
9791,2291,14291,NE03,Gorakhpur Junction 3,18:50,18:56,11,5,2156,11
9792,2292,14292,NF02,Guwahati Junction 2,21:01,21:05,15,6,2148,12
9793,2293,14293,NW01,Jaipur Junction 1,00:12,00:24,10,7,1898,13
9794,2294,14294,NW08,Jaipur Junction 8,03:23,03:28,10,1,1771,14
9795,2295,14295,SC07,Secunderabad Junction 7,06:34,06:47,10,2,848,15
9796,2296,14296,SE06,Bilaspur Junction 6,09:45,09:00,11,3,1693,16
9797,2297,14297,SE05,Kolkata Junction 5,12:56,12:06,14,4,1050,17
9798,2298,14298,SW04,Hubballi Junction 4,15:07,15:16,13,5,1138,18
9799,2299,14299,SR03,Chennai Junction 3,18:18,18:23,12,6,826,19
9800,2300,14300,WC02,Jabalpur Junction 2,21:29,21:32,7,7,118,20
9801,2301,14301,WR01,Mumbai Junction 1,00:40,00:54,15,1,586,21
9802,2302,14302,WR08,Mumbai Junction 8,03:51,03:05,11,2,2102,22
9803,2303,14303,CR07,Mumbai Junction 7,06:02,06:06,2,3,2024,23
9804,2304,14304,ER06,Kolkata Junction 6,09:13,09:18,10,4,1983,24
9805,2305,14305,EC05,Hajipur Junction 5,12:24,12:30,3,5,1740,25
9806,2306,14306,EC04,Bhubaneswar Junction 4,15:35,15:43,2,6,750,26
9807,2307,14307,NR03,New Delhi Junction 3,18:46,18:55,14,7,497,27
9808,2308,14308,NC02,Prayagraj Junction 2,21:57,21:06,4,1,638,28
9809,2309,14309,NE01,Gorakhpur Junction 1,00:08,00:13,9,2,1459,29
9810,2310,14310,NE08,Gorakhpur Junction 8,03:19,03:22,3,3,1608,30
9811,2311,14311,NF07,Guwahati Junction 7,06:30,06:36,10,4,168,1
9812,2312,14312,NW06,Jaipur Junction 6,09:41,09:51,14,5,963,2
9813,2313,14313,SC05,Secunderabad Junction 5,12:52,12:02,6,6,628,3
9814,2314,14314,SE04,Bilaspur Junction 4,15:03,15:05,8,7,2083,4
9815,2315,14315,SE03,Kolkata Junction 3,18:14,18:17,7,1,1841,5
9816,2316,14316,SW02,Hubballi Junction 2,21:25,21:33,12,2,826,6
9817,2317,14317,SR01,Chennai Junction 1,00:36,00:46,15,3,1315,7
9818,2318,14318,SR08,Chennai Junction 8,03:47,03:00,11,4,210,8
9819,2319,14319,WC07,Jabalpur Junction 7,06:58,06:02,10,5,765,9
9820,2320,14320,WR06,Mumbai Junction 6,09:09,09:17,8,6,1745,10
9821,2321,14321,CR05,Mumbai Junction 5,12:20,12:35,15,7,175,11
9822,2322,14322,ER04,Kolkata Junction 4,15:31,15:43,12,1,1902,12
9823,2323,14323,EC03,Hajipur Junction 3,18:42,18:49,9,2,993,13
9824,2324,14324,EC02,Bhubaneswar Junction 2,21:53,21:00,5,3,1415,14
9825,2325,14325,NR01,New Delhi Junction 1,00:04,00:06,12,4,1851,15
9826,2326,14326,NR08,New Delhi Junction 8,03:15,03:20,4,5,1107,16
9827,2327,14327,NC07,Prayagraj Junction 7,06:26,06:39,3,6,950,17
9828,2328,14328,NE06,Gorakhpur Junction 6,09:37,09:42,13,7,1940,18
9829,2329,14329,NF05,Guwahati Junction 5,12:48,12:51,4,1,346,19
9830,2330,14330,NW04,Jaipur Junction 4,15:59,15:12,14,2,819,20
9831,2331,14331,SC03,Secunderabad Junction 3,18:10,18:14,11,3,1959,21
9832,2332,14332,SE02,Bilaspur Junction 2,21:21,21:35,8,4,1717,22
9833,2333,14333,SE01,Kolkata Junction 1,00:32,00:47,13,5,1044,23
9834,2334,14334,SE08,Kolkata Junction 8,03:43,03:48,7,6,795,24
9835,2335,14335,SW07,Hubballi Junction 7,06:54,06:09,12,7,1888,25
9836,2336,14336,SR06,Chennai Junction 6,09:05,09:17,8,1,1738,26
9837,2337,14337,WC05,Jabalpur Junction 5,12:16,12:26,12,2,661,27
9838,2338,14338,WR04,Mumbai Junction 4,15:27,15:32,4,3,635,28
9839,2339,14339,CR03,Mumbai Junction 3,18:38,18:53,15,4,321,29
9840,2340,14340,ER02,Kolkata Junction 2,21:49,21:58,15,5,1659,30
9841,2341,14341,EC01,Hajipur Junction 1,00:00,00:10,10,6,717,1
9842,2342,14342,EC08,Hajipur Junction 8,03:11,03:25,3,7,1911,2
9843,2343,14343,EC07,Bhubaneswar Junction 7,06:22,06:36,5,1,1126,3
9844,2344,14344,NR06,New Delhi Junction 6,09:33,09:47,8,2,660,4
9845,2345,14345,NC05,Prayagraj Junction 5,12:44,12:46,8,3,611,5
9846,2346,14346,NE04,Gorakhpur Junction 4,15:55,15:08,14,4,712,6
9847,2347,14347,NF03,Guwahati Junction 3,18:06,18:10,6,5,884,7
9848,2348,14348,NW02,Jaipur Junction 2,21:17,21:28,4,6,2199,8
9849,2349,14349,SC01,Secunderabad Junction 1,00:28,00:39,3,7,692,9
9850,2350,14350,SC08,Secunderabad Junction 8,03:39,03:50,9,1,1159,10
9851,2351,14351,SE07,Bilaspur Junction 7,06:50,06:52,7,2,1351,11
9852,2352,14352,SE06,Kolkata Junction 6,09:01,09:13,8,3,1220,12
9853,2353,14353,SW05,Hubballi Junction 5,12:12,12:17,13,4,1535,13
9854,2354,14354,SR04,Chennai Junction 4,15:23,15:35,11,5,2167,14
9855,2355,14355,WC03,Jabalpur Junction 3,18:34,18:48,13,6,737,15
9856,2356,14356,WR02,Mumbai Junction 2,21:45,21:47,2,7,1715,16
9857,2357,14357,CR01,Mumbai Junction 1,00:56,00:10,11,1,1586,17
9858,2358,14358,CR08,Mumbai Junction 8,03:07,03:10,9,2,1332,18
9859,2359,14359,ER07,Kolkata Junction 7,06:18,06:22,12,3,737,19
9860,2360,14360,EC06,Hajipur Junction 6,09:29,09:33,11,4,956,20
9861,2361,14361,EC05,Bhubaneswar Junction 5,12:40,12:49,9,5,1369,21
9862,2362,14362,NR04,New Delhi Junction 4,15:51,15:58,13,6,1927,22
9863,2363,14363,NC03,Prayagraj Junction 3,18:02,18:10,4,7,613,23
9864,2364,14364,NE02,Gorakhpur Junction 2,21:13,21:25,5,1,1711,24
9865,2365,14365,NF01,Guwahati Junction 1,00:24,00:35,8,2,278,25
9866,2366,14366,NF08,Guwahati Junction 8,03:35,03:44,11,3,337,26
9867,2367,14367,NW07,Jaipur Junction 7,06:46,06:59,4,4,907,27
9868,2368,14368,SC06,Secunderabad Junction 6,09:57,09:06,12,5,494,28
9869,2369,14369,SE05,Bilaspur Junction 5,12:08,12:14,13,6,725,29
9870,2370,14370,SE04,Kolkata Junction 4,15:19,15:29,7,7,124,30
9871,2371,14371,SW03,Hubballi Junction 3,18:30,18:39,7,1,582,1
9872,2372,14372,SR02,Chennai Junction 2,21:41,21:55,12,2,610,2
9873,2373,14373,WC01,Jabalpur Junction 1,00:52,00:01,12,3,117,3
9874,2374,14374,WC08,Jabalpur Junction 8,03:03,03:06,9,4,2047,4
9875,2375,14375,WR07,Mumbai Junction 7,06:14,06:28,8,5,1548,5
9876,2376,14376,CR06,Mumbai Junction 6,09:25,09:33,14,6,1253,6
9877,2377,14377,ER05,Kolkata Junction 5,12:36,12:50,7,7,2048,7
9878,2378,14378,EC04,Hajipur Junction 4,15:47,15:59,12,1,32,8
9879,2379,14379,EC03,Bhubaneswar Junction 3,18:58,18:11,4,2,2059,9
9880,2380,14380,NR02,New Delhi Junction 2,21:09,21:13,13,3,1397,10
9881,2381,14381,NC01,Prayagraj Junction 1,00:20,00:27,14,4,854,11
9882,2382,14382,NC08,Prayagraj Junction 8,03:31,03:33,3,5,1875,12
9883,2383,14383,NE07,Gorakhpur Junction 7,06:42,06:49,13,6,44,13
9884,2384,14384,NF06,Guwahati Junction 6,09:53,09:56,15,7,315,14
9885,2385,14385,NW05,Jaipur Junction 5,12:04,12:15,6,1,1100,15
9886,2386,14386,SC04,Secunderabad Junction 4,15:15,15:18,5,2,1668,16
9887,2387,14387,SE03,Bilaspur Junction 3,18:26,18:35,9,3,2078,17
9888,2388,14388,SE02,Kolkata Junction 2,21:37,21:44,13,4,1594,18
9889,2389,14389,SW01,Hubballi Junction 1,00:48,00:56,6,5,778,19
9890,2390,14390,SW08,Hubballi Junction 8,03:59,03:13,6,6,1438,20
9891,2391,14391,SR07,Chennai Junction 7,06:10,06:13,6,7,2055,21
9892,2392,14392,WC06,Jabalpur Junction 6,09:21,09:30,13,1,570,22
9893,2393,14393,WR05,Mumbai Junction 5,12:32,12:44,15,2,2035,23
9894,2394,14394,CR04,Mumbai Junction 4,15:43,15:51,11,3,1972,24
9895,2395,14395,ER03,Kolkata Junction 3,18:54,18:07,15,4,68,25
9896,2396,14396,EC02,Hajipur Junction 2,21:05,21:14,13,5,1605,26
9897,2397,14397,EC01,Bhubaneswar Junction 1,00:16,00:20,10,6,363,27
9898,2398,14398,EC08,Bhubaneswar Junction 8,03:27,03:30,3,7,2095,28
9899,2399,14399,NR07,New Delhi Junction 7,06:38,06:43,8,1,564,29
9900,2400,14400,NC06,Prayagraj Junction 6,09:49,09:03,14,2,1442,30
9901,2401,14401,NE05,Gorakhpur Junction 5,12:00,12:13,3,3,2199,1
9902,2402,14402,NF04,Guwahati Junction 4,15:11,15:18,7,4,430,2
9903,2403,14403,NW03,Jaipur Junction 3,18:22,18:36,4,5,1887,3
9904,2404,14404,SC02,Secunderabad Junction 2,21:33,21:45,12,6,66,4
9905,2405,14405,SE01,Bilaspur Junction 1,00:44,00:56,15,7,867,5
9906,2406,14406,SE08,Bilaspur Junction 8,03:55,03:03,3,1,1077,6
9907,2407,14407,SE07,Kolkata Junction 7,06:06,06:17,6,2,1630,7
9908,2408,14408,SW06,Hubballi Junction 6,09:17,09:20,11,3,1294,8
9909,2409,14409,SR05,Chennai Junction 5,12:28,12:33,6,4,527,9
9910,2410,14410,WC04,Jabalpur Junction 4,15:39,15:49,10,5,1222,10
9911,2411,14411,WR03,Mumbai Junction 3,18:50,18:54,5,6,1783,11
9912,2412,14412,CR02,Mumbai Junction 2,21:01,21:09,8,7,677,12
9913,2413,14413,ER01,Kolkata Junction 1,00:12,00:27,5,1,1691,13
9914,2414,14414,ER08,Kolkata Junction 8,03:23,03:35,5,2,26,14
9915,2415,14415,EC07,Hajipur Junction 7,06:34,06:39,5,3,1638,15
9916,2416,14416,EC06,Bhubaneswar Junction 6,09:45,09:54,8,4,1047,16
9917,2417,14417,NR05,New Delhi Junction 5,12:56,12:11,15,5,56,17
9918,2418,14418,NC04,Prayagraj Junction 4,15:07,15:20,7,6,1653,18
9919,2419,14419,NE03,Gorakhpur Junction 3,18:18,18:33,9,7,1372,19
9920,2420,14420,NF02,Guwahati Junction 2,21:29,21:37,3,1,80,20
9921,2421,14421,NW01,Jaipur Junction 1,00:40,00:47,13,2,751,21
9922,2422,14422,NW08,Jaipur Junction 8,03:51,03:59,9,3,706,22
9923,2423,14423,SC07,Secunderabad Junction 7,06:02,06:10,10,4,1872,23
9924,2424,14424,SE06,Bilaspur Junction 6,09:13,09:25,13,5,1150,24
9925,2425,14425,SE05,Kolkata Junction 5,12:24,12:35,4,6,324,25
9926,2426,14426,SW04,Hubballi Junction 4,15:35,15:49,10,7,248,26
9927,2427,14427,SR03,Chennai Junction 3,18:46,18:53,15,1,46,27
9928,2428,14428,WC02,Jabalpur Junction 2,21:57,21:05,13,2,2082,28
9929,2429,14429,WR01,Mumbai Junction 1,00:08,00:15,14,3,1575,29
9930,2430,14430,WR08,Mumbai Junction 8,03:19,03:26,12,4,1760,30
9931,2431,14431,CR07,Mumbai Junction 7,06:30,06:35,3,5,1717,1
9932,2432,14432,ER06,Kolkata Junction 6,09:41,09:44,12,6,783,2
9933,2433,14433,EC05,Hajipur Junction 5,12:52,12:03,10,7,84,3
9934,2434,14434,EC04,Bhubaneswar Junction 4,15:03,15:05,10,1,1133,4
9935,2435,14435,NR03,New Delhi Junction 3,18:14,18:16,15,2,524,5
9936,2436,14436,NC02,Prayagraj Junction 2,21:25,21:39,3,3,511,6
9937,2437,14437,NE01,Gorakhpur Junction 1,00:36,00:45,9,4,1328,7
9938,2438,14438,NE08,Gorakhpur Junction 8,03:47,03:51,5,5,579,8
9939,2439,14439,NF07,Guwahati Junction 7,06:58,06:06,14,6,1017,9
9940,2440,14440,NW06,Jaipur Junction 6,09:09,09:24,5,7,533,10
9941,2441,14441,SC05,Secunderabad Junction 5,12:20,12:23,4,1,685,11
9942,2442,14442,SE04,Bilaspur Junction 4,15:31,15:38,11,2,980,12
9943,2443,14443,SE03,Kolkata Junction 3,18:42,18:53,3,3,2083,13
9944,2444,14444,SW02,Hubballi Junction 2,21:53,21:57,2,4,934,14
9945,2445,14445,SR01,Chennai Junction 1,00:04,00:15,5,5,358,15
9946,2446,14446,SR08,Chennai Junction 8,03:15,03:28,13,6,1653,16
9947,2447,14447,WC07,Jabalpur Junction 7,06:26,06:31,9,7,1516,17
9948,2448,14448,WR06,Mumbai Junction 6,09:37,09:45,4,1,1828,18
9949,2449,14449,CR05,Mumbai Junction 5,12:48,12:03,4,2,1546,19
9950,2450,14450,ER04,Kolkata Junction 4,15:59,15:13,9,3,107,20
9951,2451,14451,EC03,Hajipur Junction 3,18:10,18:21,14,4,575,21
9952,2452,14452,EC02,Bhubaneswar Junction 2,21:21,21:24,5,5,1786,22
9953,2453,14453,NR01,New Delhi Junction 1,00:32,00:41,2,6,1292,23
9954,2454,14454,NR08,New Delhi Junction 8,03:43,03:56,4,7,1284,24
9955,2455,14455,NC07,Prayagraj Junction 7,06:54,06:59,2,1,881,25
9956,2456,14456,NE06,Gorakhpur Junction 6,09:05,09:17,11,2,223,26
9957,2457,14457,NF05,Guwahati Junction 5,12:16,12:20,9,3,705,27
9958,2458,14458,NW04,Jaipur Junction 4,15:27,15:33,8,4,1670,28
9959,2459,14459,SC03,Secunderabad Junction 3,18:38,18:48,13,5,224,29
9960,2460,14460,SE02,Bilaspur Junction 2,21:49,21:57,9,6,1667,30
9961,2461,14461,SE01,Kolkata Junction 1,00:00,00:09,14,7,1843,1
9962,2462,14462,SE08,Kolkata Junction 8,03:11,03:22,7,1,708,2
9963,2463,14463,SW07,Hubballi Junction 7,06:22,06:31,8,2,64,3
9964,2464,14464,SR06,Chennai Junction 6,09:33,09:38,13,3,1008,4
9965,2465,14465,WC05,Jabalpur Junction 5,12:44,12:59,5,4,2129,5
9966,2466,14466,WR04,Mumbai Junction 4,15:55,15:08,7,5,1341,6
9967,2467,14467,CR03,Mumbai Junction 3,18:06,18:21,10,6,2049,7
9968,2468,14468,ER02,Kolkata Junction 2,21:17,21:20,4,7,3,8
9969,2469,14469,EC01,Hajipur Junction 1,00:28,00:34,13,1,2120,9
9970,2470,14470,EC08,Hajipur Junction 8,03:39,03:48,7,2,2049,10
9971,2471,14471,EC07,Bhubaneswar Junction 7,06:50,06:00,9,3,186,11
9972,2472,14472,NR06,New Delhi Junction 6,09:01,09:06,11,4,1536,12
9973,2473,14473,NC05,Prayagraj Junction 5,12:12,12:20,11,5,1520,13
9974,2474,14474,NE04,Gorakhpur Junction 4,15:23,15:25,13,6,1526,14
9975,2475,14475,NF03,Guwahati Junction 3,18:34,18:39,4,7,2107,15
9976,2476,14476,NW02,Jaipur Junction 2,21:45,21:50,2,1,69,16
9977,2477,14477,SC01,Secunderabad Junction 1,00:56,00:01,10,2,1003,17
9978,2478,14478,SC08,Secunderabad Junction 8,03:07,03:19,5,3,507,18
9979,2479,14479,SE07,Bilaspur Junction 7,06:18,06:25,13,4,1106,19
9980,2480,14480,SE06,Kolkata Junction 6,09:29,09:41,3,5,901,20
9981,2481,14481,SW05,Hubballi Junction 5,12:40,12:48,2,6,691,21
9982,2482,14482,SR04,Chennai Junction 4,15:51,15:56,8,7,363,22
9983,2483,14483,WC03,Jabalpur Junction 3,18:02,18:07,15,1,314,23
9984,2484,14484,WR02,Mumbai Junction 2,21:13,21:26,9,2,172,24
9985,2485,14485,CR01,Mumbai Junction 1,00:24,00:31,9,3,609,25
9986,2486,14486,CR08,Mumbai Junction 8,03:35,03:40,11,4,70,26
9987,2487,14487,ER07,Kolkata Junction 7,06:46,06:00,6,5,839,27
9988,2488,14488,EC06,Hajipur Junction 6,09:57,09:00,14,6,490,28
9989,2489,14489,EC05,Bhubaneswar Junction 5,12:08,12:21,6,7,69,29
9990,2490,14490,NR04,New Delhi Junction 4,15:19,15:26,9,1,1030,30
9991,2491,14491,NC03,Prayagraj Junction 3,18:30,18:45,9,2,1713,1
9992,2492,14492,NE02,Gorakhpur Junction 2,21:41,21:48,4,3,1096,2
9993,2493,14493,NF01,Guwahati Junction 1,00:52,00:01,7,4,1686,3
9994,2494,14494,NF08,Guwahati Junction 8,03:03,03:18,3,5,148,4
9995,2495,14495,NW07,Jaipur Junction 7,06:14,06:19,10,6,93,5
9996,2496,14496,SC06,Secunderabad Junction 6,09:25,09:29,7,7,825,6
9997,2497,14497,SE05,Bilaspur Junction 5,12:36,12:49,9,1,1919,7
9998,2498,14498,SE04,Kolkata Junction 4,15:47,15:59,7,2,2151,8
9999,2499,14499,SW03,Hubballi Junction 3,18:58,18:11,8,3,1871,9
10000,2500,14500,SR02,Chennai Junction 2,21:09,21:14,4,4,1741,10
10001,1,12001,WC01,Jabalpur Junction 1,00:20,00:33,5,5,1658,11
10002,2,12002,WC08,Jabalpur Junction 8,03:31,03:40,9,6,1862,12
10003,3,12003,WR07,Mumbai Junction 7,06:42,06:46,7,7,637,13
10004,4,12004,CR06,Mumbai Junction 6,09:53,09:02,4,1,263,14
10005,5,12005,ER05,Kolkata Junction 5,12:04,12:15,2,2,917,15
10006,6,12006,EC04,Hajipur Junction 4,15:15,15:30,15,3,393,16
10007,7,12007,EC03,Bhubaneswar Junction 3,18:26,18:40,6,4,436,17
10008,8,12008,NR02,New Delhi Junction 2,21:37,21:46,8,5,823,18
10009,9,12009,NC01,Prayagraj Junction 1,00:48,00:55,3,6,580,19
10010,10,12010,NC08,Prayagraj Junction 8,03:59,03:03,15,7,1085,20
10011,11,12011,NE07,Gorakhpur Junction 7,06:10,06:19,8,1,1946,21
10012,12,12012,NF06,Guwahati Junction 6,09:21,09:34,11,2,685,22
10013,13,12013,NW05,Jaipur Junction 5,12:32,12:38,15,3,2046,23
10014,14,12014,SC04,Secunderabad Junction 4,15:43,15:48,6,4,728,24
10015,15,12015,SE03,Bilaspur Junction 3,18:54,18:06,15,5,1952,25
10016,16,12016,SE02,Kolkata Junction 2,21:05,21:18,6,6,697,26
10017,17,12017,SW01,Hubballi Junction 1,00:16,00:30,7,7,473,27
10018,18,12018,SW08,Hubballi Junction 8,03:27,03:40,8,1,189,28
10019,19,12019,SR07,Chennai Junction 7,06:38,06:52,6,2,679,29
10020,20,12020,WC06,Jabalpur Junction 6,09:49,09:58,5,3,1823,30
10021,21,12021,WR05,Mumbai Junction 5,12:00,12:11,9,4,440,1
10022,22,12022,CR04,Mumbai Junction 4,15:11,15:19,5,5,2116,2
10023,23,12023,ER03,Kolkata Junction 3,18:22,18:35,3,6,1161,3
10024,24,12024,EC02,Hajipur Junction 2,21:33,21:45,9,7,279,4
10025,25,12025,EC01,Bhubaneswar Junction 1,00:44,00:47,12,1,1152,5
10026,26,12026,EC08,Bhubaneswar Junction 8,03:55,03:04,5,2,582,6
10027,27,12027,NR07,New Delhi Junction 7,06:06,06:13,9,3,1031,7
10028,28,12028,NC06,Prayagraj Junction 6,09:17,09:31,4,4,1038,8
10029,29,12029,NE05,Gorakhpur Junction 5,12:28,12:33,2,5,912,9
10030,30,12030,NF04,Guwahati Junction 4,15:39,15:41,7,6,1391,10
10031,31,12031,NW03,Jaipur Junction 3,18:50,18:57,11,7,648,11
10032,32,12032,SC02,Secunderabad Junction 2,21:01,21:08,14,1,534,12
10033,33,12033,SE01,Bilaspur Junction 1,00:12,00:21,12,2,796,13
10034,34,12034,SE08,Bilaspur Junction 8,03:23,03:29,11,3,162,14
10035,35,12035,SE07,Kolkata Junction 7,06:34,06:39,7,4,478,15
10036,36,12036,SW06,Hubballi Junction 6,09:45,09:54,10,5,2124,16
10037,37,12037,SR05,Chennai Junction 5,12:56,12:06,10,6,1596,17
10038,38,12038,WC04,Jabalpur Junction 4,15:07,15:11,8,7,1830,18
10039,39,12039,WR03,Mumbai Junction 3,18:18,18:22,6,1,483,19
10040,40,12040,CR02,Mumbai Junction 2,21:29,21:44,6,2,715,20
10041,41,12041,ER01,Kolkata Junction 1,00:40,00:53,14,3,10,21
10042,42,12042,ER08,Kolkata Junction 8,03:51,03:05,11,4,1900,22
10043,43,12043,EC07,Hajipur Junction 7,06:02,06:05,2,5,738,23
10044,44,12044,EC06,Bhubaneswar Junction 6,09:13,09:26,8,6,1586,24
10045,45,12045,NR05,New Delhi Junction 5,12:24,12:29,6,7,1931,25
10046,46,12046,NC04,Prayagraj Junction 4,15:35,15:43,12,1,1407,26
10047,47,12047,NE03,Gorakhpur Junction 3,18:46,18:50,15,2,2081,27
10048,48,12048,NF02,Guwahati Junction 2,21:57,21:09,8,3,942,28
10049,49,12049,NW01,Jaipur Junction 1,00:08,00:14,11,4,682,29
10050,50,12050,NW08,Jaipur Junction 8,03:19,03:23,2,5,932,30
10051,51,12051,SC07,Secunderabad Junction 7,06:30,06:43,13,6,1868,1
10052,52,12052,SE06,Bilaspur Junction 6,09:41,09:51,14,7,1723,2
10053,53,12053,SE05,Kolkata Junction 5,12:52,12:05,9,1,187,3
10054,54,12054,SW04,Hubballi Junction 4,15:03,15:10,13,2,1633,4
10055,55,12055,SR03,Chennai Junction 3,18:14,18:16,3,3,1448,5
10056,56,12056,WC02,Jabalpur Junction 2,21:25,21:40,12,4,2086,6
10057,57,12057,WR01,Mumbai Junction 1,00:36,00:38,14,5,282,7
10058,58,12058,WR08,Mumbai Junction 8,03:47,03:01,15,6,1124,8
10059,59,12059,CR07,Mumbai Junction 7,06:58,06:07,8,7,1217,9
10060,60,12060,ER06,Kolkata Junction 6,09:09,09:22,5,1,623,10
10061,61,12061,EC05,Hajipur Junction 5,12:20,12:35,13,2,1188,11
10062,62,12062,EC04,Bhubaneswar Junction 4,15:31,15:35,15,3,1934,12
10063,63,12063,NR03,New Delhi Junction 3,18:42,18:48,9,4,922,13
10064,64,12064,NC02,Prayagraj Junction 2,21:53,21:06,11,5,1084,14
10065,65,12065,NE01,Gorakhpur Junction 1,00:04,00:19,10,6,1064,15
10066,66,12066,NE08,Gorakhpur Junction 8,03:15,03:29,8,7,920,16
10067,67,12067,NF07,Guwahati Junction 7,06:26,06:33,5,1,614,17
10068,68,12068,NW06,Jaipur Junction 6,09:37,09:40,12,2,1297,18
10069,69,12069,SC05,Secunderabad Junction 5,12:48,12:03,10,3,176,19
10070,70,12070,SE04,Bilaspur Junction 4,15:59,15:09,4,4,81,20
10071,71,12071,SE03,Kolkata Junction 3,18:10,18:21,2,5,900,21
10072,72,12072,SW02,Hubballi Junction 2,21:21,21:35,5,6,1530,22
10073,73,12073,SR01,Chennai Junction 1,00:32,00:39,3,7,433,23
10074,74,12074,SR08,Chennai Junction 8,03:43,03:46,4,1,356,24
10075,75,12075,WC07,Jabalpur Junction 7,06:54,06:08,13,2,777,25
10076,76,12076,WR06,Mumbai Junction 6,09:05,09:17,4,3,1405,26
10077,77,12077,CR05,Mumbai Junction 5,12:16,12:20,10,4,786,27
10078,78,12078,ER04,Kolkata Junction 4,15:27,15:41,13,5,733,28
10079,79,12079,EC03,Hajipur Junction 3,18:38,18:40,6,6,620,29
10080,80,12080,EC02,Bhubaneswar Junction 2,21:49,21:56,10,7,2177,30
10081,81,12081,NR01,New Delhi Junction 1,00:00,00:02,9,1,377,1
10082,82,12082,NR08,New Delhi Junction 8,03:11,03:20,10,2,1781,2
10083,83,12083,NC07,Prayagraj Junction 7,06:22,06:31,4,3,2010,3
10084,84,12084,NE06,Gorakhpur Junction 6,09:33,09:40,8,4,1410,4
10085,85,12085,NF05,Guwahati Junction 5,12:44,12:49,15,5,98,5
10086,86,12086,NW04,Jaipur Junction 4,15:55,15:59,15,6,994,6
10087,87,12087,SC03,Secunderabad Junction 3,18:06,18:20,14,7,2178,7
10088,88,12088,SE02,Bilaspur Junction 2,21:17,21:29,11,1,1350,8
10089,89,12089,SE01,Kolkata Junction 1,00:28,00:39,5,2,1793,9
10090,90,12090,SE08,Kolkata Junction 8,03:39,03:43,8,3,823,10
10091,91,12091,SW07,Hubballi Junction 7,06:50,06:02,5,4,454,11
10092,92,12092,SR06,Chennai Junction 6,09:01,09:14,8,5,1585,12
10093,93,12093,WC05,Jabalpur Junction 5,12:12,12:26,13,6,879,13
10094,94,12094,WR04,Mumbai Junction 4,15:23,15:27,15,7,681,14
10095,95,12095,CR03,Mumbai Junction 3,18:34,18:46,12,1,973,15
10096,96,12096,ER02,Kolkata Junction 2,21:45,21:49,8,2,320,16
10097,97,12097,EC01,Hajipur Junction 1,00:56,00:02,7,3,1140,17
10098,98,12098,EC08,Hajipur Junction 8,03:07,03:11,13,4,173,18
10099,99,12099,EC07,Bhubaneswar Junction 7,06:18,06:33,6,5,1076,19
10100,100,12100,NR06,New Delhi Junction 6,09:29,09:43,11,6,124,20
10101,101,12101,NC05,Prayagraj Junction 5,12:40,12:50,9,7,2051,21
10102,102,12102,NE04,Gorakhpur Junction 4,15:51,15:00,15,1,1167,22
10103,103,12103,NF03,Guwahati Junction 3,18:02,18:06,9,2,2018,23
10104,104,12104,NW02,Jaipur Junction 2,21:13,21:15,7,3,104,24
10105,105,12105,SC01,Secunderabad Junction 1,00:24,00:37,9,4,1575,25
10106,106,12106,SC08,Secunderabad Junction 8,03:35,03:50,13,5,897,26
10107,107,12107,SE07,Bilaspur Junction 7,06:46,06:01,8,6,2152,27
10108,108,12108,SE06,Kolkata Junction 6,09:57,09:12,5,7,1714,28
10109,109,12109,SW05,Hubballi Junction 5,12:08,12:19,12,1,369,29
10110,110,12110,SR04,Chennai Junction 4,15:19,15:28,4,2,1975,30
10111,111,12111,WC03,Jabalpur Junction 3,18:30,18:44,10,3,285,1
10112,112,12112,WR02,Mumbai Junction 2,21:41,21:52,8,4,1732,2
10113,113,12113,CR01,Mumbai Junction 1,00:52,00:55,7,5,795,3
10114,114,12114,CR08,Mumbai Junction 8,03:03,03:18,6,6,2173,4
10115,115,12115,ER07,Kolkata Junction 7,06:14,06:28,10,7,384,5
10116,116,12116,EC06,Hajipur Junction 6,09:25,09:30,2,1,1704,6
10117,117,12117,EC05,Bhubaneswar Junction 5,12:36,12:48,6,2,1608,7
10118,118,12118,NR04,New Delhi Junction 4,15:47,15:57,13,3,190,8
10119,119,12119,NC03,Prayagraj Junction 3,18:58,18:02,13,4,813,9
10120,120,12120,NE02,Gorakhpur Junction 2,21:09,21:24,14,5,207,10
10121,121,12121,NF01,Guwahati Junction 1,00:20,00:27,12,6,300,11
10122,122,12122,NF08,Guwahati Junction 8,03:31,03:45,3,7,240,12
10123,123,12123,NW07,Jaipur Junction 7,06:42,06:51,5,1,1406,13
10124,124,12124,SC06,Secunderabad Junction 6,09:53,09:00,5,2,1840,14
10125,125,12125,SE05,Bilaspur Junction 5,12:04,12:08,8,3,370,15
10126,126,12126,SE04,Kolkata Junction 4,15:15,15:18,4,4,564,16
10127,127,12127,SW03,Hubballi Junction 3,18:26,18:33,8,5,305,17
10128,128,12128,SR02,Chennai Junction 2,21:37,21:39,3,6,1388,18
10129,129,12129,WC01,Jabalpur Junction 1,00:48,00:03,2,7,76,19
10130,130,12130,WC08,Jabalpur Junction 8,03:59,03:11,12,1,1614,20
10131,131,12131,WR07,Mumbai Junction 7,06:10,06:14,14,2,1371,21
10132,132,12132,CR06,Mumbai Junction 6,09:21,09:25,3,3,1325,22
10133,133,12133,ER05,Kolkata Junction 5,12:32,12:44,12,4,1292,23
10134,134,12134,EC04,Hajipur Junction 4,15:43,15:52,11,5,287,24
10135,135,12135,EC03,Bhubaneswar Junction 3,18:54,18:01,3,6,1845,25
10136,136,12136,NR02,New Delhi Junction 2,21:05,21:15,12,7,1094,26
10137,137,12137,NC01,Prayagraj Junction 1,00:16,00:31,15,1,1356,27
10138,138,12138,NC08,Prayagraj Junction 8,03:27,03:40,11,2,1592,28
10139,139,12139,NE07,Gorakhpur Junction 7,06:38,06:43,15,3,405,29
10140,140,12140,NF06,Guwahati Junction 6,09:49,09:00,10,4,203,30
10141,141,12141,NW05,Jaipur Junction 5,12:00,12:12,3,5,1121,1
10142,142,12142,SC04,Secunderabad Junction 4,15:11,15:24,3,6,793,2
10143,143,12143,SE03,Bilaspur Junction 3,18:22,18:31,14,7,840,3
10144,144,12144,SE02,Kolkata Junction 2,21:33,21:36,3,1,437,4
10145,145,12145,SW01,Hubballi Junction 1,00:44,00:58,12,2,919,5
10146,146,12146,SW08,Hubballi Junction 8,03:55,03:08,14,3,1907,6
10147,147,12147,SR07,Chennai Junction 7,06:06,06:08,3,4,1596,7
10148,148,12148,WC06,Jabalpur Junction 6,09:17,09:24,4,5,1422,8
10149,149,12149,WR05,Mumbai Junction 5,12:28,12:34,14,6,1268,9
10150,150,12150,CR04,Mumbai Junction 4,15:39,15:44,15,7,1320,10
10151,151,12151,ER03,Kolkata Junction 3,18:50,18:56,4,1,1221,11
10152,152,12152,EC02,Hajipur Junction 2,21:01,21:13,13,2,280,12
10153,153,12153,EC01,Bhubaneswar Junction 1,00:12,00:20,15,3,1453,13
10154,154,12154,EC08,Bhubaneswar Junction 8,03:23,03:26,14,4,1507,14
10155,155,12155,NR07,New Delhi Junction 7,06:34,06:42,12,5,1426,15
10156,156,12156,NC06,Prayagraj Junction 6,09:45,09:50,13,6,560,16
10157,157,12157,NE05,Gorakhpur Junction 5,12:56,12:01,10,7,41,17
10158,158,12158,NF04,Guwahati Junction 4,15:07,15:17,9,1,1585,18
10159,159,12159,NW03,Jaipur Junction 3,18:18,18:22,10,2,971,19
10160,160,12160,SC02,Secunderabad Junction 2,21:29,21:33,8,3,2033,20
10161,161,12161,SE01,Bilaspur Junction 1,00:40,00:53,4,4,1862,21
10162,162,12162,SE08,Bilaspur Junction 8,03:51,03:00,2,5,2024,22
10163,163,12163,SE07,Kolkata Junction 7,06:02,06:11,14,6,216,23
10164,164,12164,SW06,Hubballi Junction 6,09:13,09:17,14,7,524,24
10165,165,12165,SR05,Chennai Junction 5,12:24,12:33,10,1,2086,25
10166,166,12166,WC04,Jabalpur Junction 4,15:35,15:41,12,2,1607,26
10167,167,12167,WR03,Mumbai Junction 3,18:46,18:57,9,3,156,27
10168,168,12168,CR02,Mumbai Junction 2,21:57,21:02,9,4,904,28
10169,169,12169,ER01,Kolkata Junction 1,00:08,00:12,11,5,1014,29
10170,170,12170,ER08,Kolkata Junction 8,03:19,03:31,9,6,813,30
10171,171,12171,EC07,Hajipur Junction 7,06:30,06:33,3,7,1115,1
10172,172,12172,EC06,Bhubaneswar Junction 6,09:41,09:47,12,1,1387,2
10173,173,12173,NR05,New Delhi Junction 5,12:52,12:57,12,2,1244,3
10174,174,12174,NC04,Prayagraj Junction 4,15:03,15:17,15,3,2116,4
10175,175,12175,NE03,Gorakhpur Junction 3,18:14,18:17,9,4,63,5
10176,176,12176,NF02,Guwahati Junction 2,21:25,21:39,11,5,576,6
10177,177,12177,NW01,Jaipur Junction 1,00:36,00:46,9,6,1195,7
10178,178,12178,NW08,Jaipur Junction 8,03:47,03:56,15,7,1691,8
10179,179,12179,SC07,Secunderabad Junction 7,06:58,06:05,12,1,310,9
10180,180,12180,SE06,Bilaspur Junction 6,09:09,09:14,3,2,1948,10
10181,181,12181,SE05,Kolkata Junction 5,12:20,12:22,14,3,1830,11
10182,182,12182,SW04,Hubballi Junction 4,15:31,15:46,12,4,1006,12
10183,183,12183,SR03,Chennai Junction 3,18:42,18:55,15,5,1963,13
10184,184,12184,WC02,Jabalpur Junction 2,21:53,21:05,12,6,1437,14
10185,185,12185,WR01,Mumbai Junction 1,00:04,00:18,8,7,1101,15
10186,186,12186,WR08,Mumbai Junction 8,03:15,03:28,5,1,1681,16
10187,187,12187,CR07,Mumbai Junction 7,06:26,06:29,10,2,76,17
10188,188,12188,ER06,Kolkata Junction 6,09:37,09:52,13,3,548,18
10189,189,12189,EC05,Hajipur Junction 5,12:48,12:52,10,4,1983,19
10190,190,12190,EC04,Bhubaneswar Junction 4,15:59,15:05,15,5,1007,20
10191,191,12191,NR03,New Delhi Junction 3,18:10,18:18,6,6,595,21
10192,192,12192,NC02,Prayagraj Junction 2,21:21,21:27,4,7,829,22
10193,193,12193,NE01,Gorakhpur Junction 1,00:32,00:38,2,1,797,23
10194,194,12194,NE08,Gorakhpur Junction 8,03:43,03:45,4,2,1594,24
10195,195,12195,NF07,Guwahati Junction 7,06:54,06:56,6,3,1505,25
10196,196,12196,NW06,Jaipur Junction 6,09:05,09:07,12,4,179,26
10197,197,12197,SC05,Secunderabad Junction 5,12:16,12:18,4,5,1892,27
10198,198,12198,SE04,Bilaspur Junction 4,15:27,15:29,3,6,2081,28
10199,199,12199,SE03,Kolkata Junction 3,18:38,18:48,9,7,88,29
10200,200,12200,SW02,Hubballi Junction 2,21:49,21:56,10,1,1171,30
10201,201,12201,SR01,Chennai Junction 1,00:00,00:09,3,2,2175,1
10202,202,12202,SR08,Chennai Junction 8,03:11,03:22,5,3,2133,2
10203,203,12203,WC07,Jabalpur Junction 7,06:22,06:28,3,4,1964,3
10204,204,12204,WR06,Mumbai Junction 6,09:33,09:37,2,5,1383,4
10205,205,12205,CR05,Mumbai Junction 5,12:44,12:49,4,6,225,5
10206,206,12206,ER04,Kolkata Junction 4,15:55,15:58,15,7,1475,6
10207,207,12207,EC03,Hajipur Junction 3,18:06,18:19,10,1,1195,7
10208,208,12208,EC02,Bhubaneswar Junction 2,21:17,21:22,15,2,1810,8
10209,209,12209,NR01,New Delhi Junction 1,00:28,00:37,3,3,1672,9
10210,210,12210,NR08,New Delhi Junction 8,03:39,03:45,4,4,1625,10
10211,211,12211,NC07,Prayagraj Junction 7,06:50,06:03,10,5,162,11
10212,212,12212,NE06,Gorakhpur Junction 6,09:01,09:11,14,6,1509,12
10213,213,12213,NF05,Guwahati Junction 5,12:12,12:17,11,7,547,13
10214,214,12214,NW04,Jaipur Junction 4,15:23,15:37,13,1,1251,14
10215,215,12215,SC03,Secunderabad Junction 3,18:34,18:37,7,2,265,15
10216,216,12216,SE02,Bilaspur Junction 2,21:45,21:57,11,3,570,16
10217,217,12217,SE01,Kolkata Junction 1,00:56,00:09,12,4,2060,17
10218,218,12218,SE08,Kolkata Junction 8,03:07,03:12,4,5,1056,18
10219,219,12219,SW07,Hubballi Junction 7,06:18,06:23,12,6,936,19
10220,220,12220,SR06,Chennai Junction 6,09:29,09:39,4,7,188,20
10221,221,12221,WC05,Jabalpur Junction 5,12:40,12:55,8,1,306,21
10222,222,12222,WR04,Mumbai Junction 4,15:51,15:04,3,2,2192,22
10223,223,12223,CR03,Mumbai Junction 3,18:02,18:09,8,3,570,23
10224,224,12224,ER02,Kolkata Junction 2,21:13,21:16,7,4,805,24
10225,225,12225,EC01,Hajipur Junction 1,00:24,00:32,8,5,1387,25
10226,226,12226,EC08,Hajipur Junction 8,03:35,03:38,7,6,1901,26
10227,227,12227,EC07,Bhubaneswar Junction 7,06:46,06:01,9,7,805,27
10228,228,12228,NR06,New Delhi Junction 6,09:57,09:04,12,1,873,28
10229,229,12229,NC05,Prayagraj Junction 5,12:08,12:23,2,2,1333,29
10230,230,12230,NE04,Gorakhpur Junction 4,15:19,15:28,8,3,1046,30
10231,231,12231,NF03,Guwahati Junction 3,18:30,18:34,6,4,777,1
10232,232,12232,NW02,Jaipur Junction 2,21:41,21:52,10,5,904,2
10233,233,12233,SC01,Secunderabad Junction 1,00:52,00:01,10,6,103,3
10234,234,12234,SC08,Secunderabad Junction 8,03:03,03:17,14,7,800,4
10235,235,12235,SE07,Bilaspur Junction 7,06:14,06:26,7,1,148,5
10236,236,12236,SE06,Kolkata Junction 6,09:25,09:39,5,2,787,6
10237,237,12237,SW05,Hubballi Junction 5,12:36,12:46,8,3,584,7
10238,238,12238,SR04,Chennai Junction 4,15:47,15:00,6,4,1302,8
10239,239,12239,WC03,Jabalpur Junction 3,18:58,18:09,15,5,1053,9
10240,240,12240,WR02,Mumbai Junction 2,21:09,21:17,14,6,1053,10
10241,241,12241,CR01,Mumbai Junction 1,00:20,00:26,2,7,714,11
10242,242,12242,CR08,Mumbai Junction 8,03:31,03:35,6,1,1187,12
10243,243,12243,ER07,Kolkata Junction 7,06:42,06:51,4,2,1021,13
10244,244,12244,EC06,Hajipur Junction 6,09:53,09:01,2,3,623,14
10245,245,12245,EC05,Bhubaneswar Junction 5,12:04,12:16,2,4,662,15
10246,246,12246,NR04,New Delhi Junction 4,15:15,15:23,4,5,1421,16
10247,247,12247,NC03,Prayagraj Junction 3,18:26,18:38,6,6,506,17
10248,248,12248,NE02,Gorakhpur Junction 2,21:37,21:49,5,7,321,18
10249,249,12249,NF01,Guwahati Junction 1,00:48,00:50,3,1,1917,19
10250,250,12250,NF08,Guwahati Junction 8,03:59,03:14,9,2,2027,20
10251,251,12251,NW07,Jaipur Junction 7,06:10,06:21,7,3,1569,21
10252,252,12252,SC06,Secunderabad Junction 6,09:21,09:28,15,4,1872,22
10253,253,12253,SE05,Bilaspur Junction 5,12:32,12:45,9,5,1140,23
10254,254,12254,SE04,Kolkata Junction 4,15:43,15:46,11,6,252,24
10255,255,12255,SW03,Hubballi Junction 3,18:54,18:03,3,7,1047,25
10256,256,12256,SR02,Chennai Junction 2,21:05,21:17,6,1,1324,26
10257,257,12257,WC01,Jabalpur Junction 1,00:16,00:21,6,2,402,27
10258,258,12258,WC08,Jabalpur Junction 8,03:27,03:31,7,3,271,28
10259,259,12259,WR07,Mumbai Junction 7,06:38,06:52,12,4,487,29
10260,260,12260,CR06,Mumbai Junction 6,09:49,09:03,7,5,1168,30
10261,261,12261,ER05,Kolkata Junction 5,12:00,12:11,12,6,17,1
10262,262,12262,EC04,Hajipur Junction 4,15:11,15:16,6,7,1288,2
10263,263,12263,EC03,Bhubaneswar Junction 3,18:22,18:36,8,1,1019,3
10264,264,12264,NR02,New Delhi Junction 2,21:33,21:36,9,2,1072,4
10265,265,12265,NC01,Prayagraj Junction 1,00:44,00:54,13,3,1247,5
10266,266,12266,NC08,Prayagraj Junction 8,03:55,03:57,13,4,1049,6
10267,267,12267,NE07,Gorakhpur Junction 7,06:06,06:14,14,5,1297,7
10268,268,12268,NF06,Guwahati Junction 6,09:17,09:30,14,6,1085,8
10269,269,12269,NW05,Jaipur Junction 5,12:28,12:43,4,7,1916,9
10270,270,12270,SC04,Secunderabad Junction 4,15:39,15:52,3,1,336,10
10271,271,12271,SE03,Bilaspur Junction 3,18:50,18:52,5,2,2181,11
10272,272,12272,SE02,Kolkata Junction 2,21:01,21:04,2,3,1009,12
10273,273,12273,SW01,Hubballi Junction 1,00:12,00:18,10,4,1334,13
10274,274,12274,SW08,Hubballi Junction 8,03:23,03:36,7,5,1014,14
10275,275,12275,SR07,Chennai Junction 7,06:34,06:36,15,6,469,15
10276,276,12276,WC06,Jabalpur Junction 6,09:45,09:55,14,7,1329,16
10277,277,12277,WR05,Mumbai Junction 5,12:56,12:06,4,1,1559,17
10278,278,12278,CR04,Mumbai Junction 4,15:07,15:11,11,2,1268,18
10279,279,12279,ER03,Kolkata Junction 3,18:18,18:26,12,3,1583,19
10280,280,12280,EC02,Hajipur Junction 2,21:29,21:33,7,4,1064,20
10281,281,12281,EC01,Bhubaneswar Junction 1,00:40,00:44,6,5,91,21
10282,282,12282,EC08,Bhubaneswar Junction 8,03:51,03:59,4,6,488,22
10283,283,12283,NR07,New Delhi Junction 7,06:02,06:15,3,7,265,23
10284,284,12284,NC06,Prayagraj Junction 6,09:13,09:19,2,1,1911,24
10285,285,12285,NE05,Gorakhpur Junction 5,12:24,12:39,13,2,1758,25
10286,286,12286,NF04,Guwahati Junction 4,15:35,15:38,9,3,193,26
10287,287,12287,NW03,Jaipur Junction 3,18:46,18:52,8,4,1499,27
10288,288,12288,SC02,Secunderabad Junction 2,21:57,21:02,5,5,1811,28
10289,289,12289,SE01,Bilaspur Junction 1,00:08,00:13,8,6,630,29
10290,290,12290,SE08,Bilaspur Junction 8,03:19,03:32,9,7,238,30
10291,291,12291,SE07,Kolkata Junction 7,06:30,06:34,15,1,2068,1
10292,292,12292,SW06,Hubballi Junction 6,09:41,09:53,3,2,1610,2
10293,293,12293,SR05,Chennai Junction 5,12:52,12:03,15,3,1069,3
10294,294,12294,WC04,Jabalpur Junction 4,15:03,15:11,10,4,327,4
10295,295,12295,WR03,Mumbai Junction 3,18:14,18:26,8,5,413,5
10296,296,12296,CR02,Mumbai Junction 2,21:25,21:38,5,6,1890,6
10297,297,12297,ER01,Kolkata Junction 1,00:36,00:41,8,7,960,7
10298,298,12298,ER08,Kolkata Junction 8,03:47,03:59,4,1,543,8
10299,299,12299,EC07,Hajipur Junction 7,06:58,06:02,5,2,996,9
10300,300,12300,EC06,Bhubaneswar Junction 6,09:09,09:19,14,3,927,10
10301,301,12301,NR05,New Delhi Junction 5,12:20,12:27,4,4,217,11
10302,302,12302,NC04,Prayagraj Junction 4,15:31,15:43,10,5,1170,12
10303,303,12303,NE03,Gorakhpur Junction 3,18:42,18:50,9,6,1860,13
10304,304,12304,NF02,Guwahati Junction 2,21:53,21:57,8,7,530,14
10305,305,12305,NW01,Jaipur Junction 1,00:04,00:07,11,1,1550,15
10306,306,12306,NW08,Jaipur Junction 8,03:15,03:28,2,2,389,16
10307,307,12307,SC07,Secunderabad Junction 7,06:26,06:36,13,3,2068,17
10308,308,12308,SE06,Bilaspur Junction 6,09:37,09:50,14,4,1792,18
10309,309,12309,SE05,Kolkata Junction 5,12:48,12:54,10,5,1397,19
10310,310,12310,SW04,Hubballi Junction 4,15:59,15:05,14,6,1696,20
10311,311,12311,SR03,Chennai Junction 3,18:10,18:19,8,7,1743,21
10312,312,12312,WC02,Jabalpur Junction 2,21:21,21:26,5,1,885,22
10313,313,12313,WR01,Mumbai Junction 1,00:32,00:35,8,2,951,23
10314,314,12314,WR08,Mumbai Junction 8,03:43,03:52,8,3,1974,24
10315,315,12315,CR07,Mumbai Junction 7,06:54,06:59,7,4,1624,25
10316,316,12316,ER06,Kolkata Junction 6,09:05,09:10,11,5,2117,26
10317,317,12317,EC05,Hajipur Junction 5,12:16,12:23,5,6,418,27
10318,318,12318,EC04,Bhubaneswar Junction 4,15:27,15:29,5,7,1869,28
10319,319,12319,NR03,New Delhi Junction 3,18:38,18:43,15,1,2096,29
10320,320,12320,NC02,Prayagraj Junction 2,21:49,21:00,15,2,896,30
10321,321,12321,NE01,Gorakhpur Junction 1,00:00,00:15,9,3,177,1
10322,322,12322,NE08,Gorakhpur Junction 8,03:11,03:24,15,4,1947,2
10323,323,12323,NF07,Guwahati Junction 7,06:22,06:29,3,5,1288,3
10324,324,12324,NW06,Jaipur Junction 6,09:33,09:47,13,6,1358,4
10325,325,12325,SC05,Secunderabad Junction 5,12:44,12:57,2,7,1371,5
10326,326,12326,SE04,Bilaspur Junction 4,15:55,15:58,12,1,100,6
10327,327,12327,SE03,Kolkata Junction 3,18:06,18:16,15,2,246,7
10328,328,12328,SW02,Hubballi Junction 2,21:17,21:24,2,3,1574,8
10329,329,12329,SR01,Chennai Junction 1,00:28,00:42,2,4,1201,9
10330,330,12330,SR08,Chennai Junction 8,03:39,03:52,2,5,1060,10
10331,331,12331,WC07,Jabalpur Junction 7,06:50,06:53,14,6,1120,11
10332,332,12332,WR06,Mumbai Junction 6,09:01,09:10,15,7,1735,12
10333,333,12333,CR05,Mumbai Junction 5,12:12,12:18,10,1,653,13
10334,334,12334,ER04,Kolkata Junction 4,15:23,15:32,13,2,2086,14
10335,335,12335,EC03,Hajipur Junction 3,18:34,18:49,8,3,1969,15
10336,336,12336,EC02,Bhubaneswar Junction 2,21:45,21:59,9,4,79,16
10337,337,12337,NR01,New Delhi Junction 1,00:56,00:59,11,5,1826,17
10338,338,12338,NR08,New Delhi Junction 8,03:07,03:21,5,6,1978,18
10339,339,12339,NC07,Prayagraj Junction 7,06:18,06:31,8,7,822,19
10340,340,12340,NE06,Gorakhpur Junction 6,09:29,09:37,11,1,1783,20
10341,341,12341,NF05,Guwahati Junction 5,12:40,12:44,6,2,264,21
10342,342,12342,NW04,Jaipur Junction 4,15:51,15:06,7,3,551,22
10343,343,12343,SC03,Secunderabad Junction 3,18:02,18:06,3,4,1036,23
10344,344,12344,SE02,Bilaspur Junction 2,21:13,21:25,6,5,890,24
10345,345,12345,SE01,Kolkata Junction 1,00:24,00:34,6,6,1626,25
10346,346,12346,SE08,Kolkata Junction 8,03:35,03:41,8,7,2156,26
10347,347,12347,SW07,Hubballi Junction 7,06:46,06:59,10,1,862,27
10348,348,12348,SR06,Chennai Junction 6,09:57,09:12,8,2,755,28
10349,349,12349,WC05,Jabalpur Junction 5,12:08,12:18,7,3,1956,29
10350,350,12350,WR04,Mumbai Junction 4,15:19,15:23,2,4,946,30
10351,351,12351,CR03,Mumbai Junction 3,18:30,18:45,2,5,1778,1
10352,352,12352,ER02,Kolkata Junction 2,21:41,21:43,9,6,996,2
10353,353,12353,EC01,Hajipur Junction 1,00:52,00:56,12,7,385,3
10354,354,12354,EC08,Hajipur Junction 8,03:03,03:11,9,1,1139,4
10355,355,12355,EC07,Bhubaneswar Junction 7,06:14,06:16,8,2,1440,5
10356,356,12356,NR06,New Delhi Junction 6,09:25,09:34,12,3,1706,6
10357,357,12357,NC05,Prayagraj Junction 5,12:36,12:40,13,4,1968,7
10358,358,12358,NE04,Gorakhpur Junction 4,15:47,15:00,13,5,467,8
10359,359,12359,NF03,Guwahati Junction 3,18:58,18:09,8,6,2164,9
10360,360,12360,NW02,Jaipur Junction 2,21:09,21:22,4,7,2072,10
10361,361,12361,SC01,Secunderabad Junction 1,00:20,00:31,9,1,981,11
10362,362,12362,SC08,Secunderabad Junction 8,03:31,03:39,12,2,1682,12
10363,363,12363,SE07,Bilaspur Junction 7,06:42,06:51,15,3,511,13
10364,364,12364,SE06,Kolkata Junction 6,09:53,09:00,10,4,363,14
10365,365,12365,SW05,Hubballi Junction 5,12:04,12:12,13,5,1486,15
10366,366,12366,SR04,Chennai Junction 4,15:15,15:26,4,6,319,16
10367,367,12367,WC03,Jabalpur Junction 3,18:26,18:34,6,7,22,17
10368,368,12368,WR02,Mumbai Junction 2,21:37,21:46,12,1,1609,18
10369,369,12369,CR01,Mumbai Junction 1,00:48,00:51,12,2,837,19
10370,370,12370,CR08,Mumbai Junction 8,03:59,03:03,8,3,476,20
10371,371,12371,ER07,Kolkata Junction 7,06:10,06:21,12,4,1596,21
10372,372,12372,EC06,Hajipur Junction 6,09:21,09:24,6,5,1095,22
10373,373,12373,EC05,Bhubaneswar Junction 5,12:32,12:47,9,6,1437,23
10374,374,12374,NR04,New Delhi Junction 4,15:43,15:49,6,7,1751,24
10375,375,12375,NC03,Prayagraj Junction 3,18:54,18:07,2,1,1185,25
10376,376,12376,NE02,Gorakhpur Junction 2,21:05,21:17,4,2,1421,26
10377,377,12377,NF01,Guwahati Junction 1,00:16,00:24,9,3,1306,27
10378,378,12378,NF08,Guwahati Junction 8,03:27,03:41,3,4,444,28
10379,379,12379,NW07,Jaipur Junction 7,06:38,06:44,13,5,1302,29
10380,380,12380,SC06,Secunderabad Junction 6,09:49,09:53,2,6,2178,30
10381,381,12381,SE05,Bilaspur Junction 5,12:00,12:03,2,7,894,1
10382,382,12382,SE04,Kolkata Junction 4,15:11,15:20,5,1,369,2
10383,383,12383,SW03,Hubballi Junction 3,18:22,18:25,7,2,2094,3
10384,384,12384,SR02,Chennai Junction 2,21:33,21:37,10,3,426,4
10385,385,12385,WC01,Jabalpur Junction 1,00:44,00:55,2,4,447,5
10386,386,12386,WC08,Jabalpur Junction 8,03:55,03:57,11,5,1582,6
10387,387,12387,WR07,Mumbai Junction 7,06:06,06:10,8,6,645,7
10388,388,12388,CR06,Mumbai Junction 6,09:17,09:19,2,7,2065,8
10389,389,12389,ER05,Kolkata Junction 5,12:28,12:39,11,1,649,9
10390,390,12390,EC04,Hajipur Junction 4,15:39,15:44,13,2,965,10
10391,391,12391,EC03,Bhubaneswar Junction 3,18:50,18:53,8,3,1147,11
10392,392,12392,NR02,New Delhi Junction 2,21:01,21:10,9,4,1886,12
10393,393,12393,NC01,Prayagraj Junction 1,00:12,00:17,10,5,1952,13
10394,394,12394,NC08,Prayagraj Junction 8,03:23,03:38,15,6,1598,14
10395,395,12395,NE07,Gorakhpur Junction 7,06:34,06:37,15,7,70,15
10396,396,12396,NF06,Guwahati Junction 6,09:45,09:54,8,1,1492,16
10397,397,12397,NW05,Jaipur Junction 5,12:56,12:08,12,2,499,17
10398,398,12398,SC04,Secunderabad Junction 4,15:07,15:19,12,3,53,18
10399,399,12399,SE03,Bilaspur Junction 3,18:18,18:28,3,4,1236,19
10400,400,12400,SE02,Kolkata Junction 2,21:29,21:34,7,5,597,20
10401,401,12401,SW01,Hubballi Junction 1,00:40,00:54,14,6,1756,21
10402,402,12402,SW08,Hubballi Junction 8,03:51,03:03,7,7,315,22
10403,403,12403,SR07,Chennai Junction 7,06:02,06:11,7,1,621,23
10404,404,12404,WC06,Jabalpur Junction 6,09:13,09:18,4,2,1825,24
10405,405,12405,WR05,Mumbai Junction 5,12:24,12:30,14,3,1473,25
10406,406,12406,CR04,Mumbai Junction 4,15:35,15:39,2,4,916,26
10407,407,12407,ER03,Kolkata Junction 3,18:46,18:49,15,5,1995,27
10408,408,12408,EC02,Hajipur Junction 2,21:57,21:08,6,6,1909,28
10409,409,12409,EC01,Bhubaneswar Junction 1,00:08,00:19,7,7,1935,29
10410,410,12410,EC08,Bhubaneswar Junction 8,03:19,03:23,9,1,1520,30
10411,411,12411,NR07,New Delhi Junction 7,06:30,06:44,3,2,632,1
10412,412,12412,NC06,Prayagraj Junction 6,09:41,09:54,8,3,1660,2
10413,413,12413,NE05,Gorakhpur Junction 5,12:52,12:04,6,4,729,3
10414,414,12414,NF04,Guwahati Junction 4,15:03,15:11,2,5,1758,4
10415,415,12415,NW03,Jaipur Junction 3,18:14,18:17,15,6,1713,5
10416,416,12416,SC02,Secunderabad Junction 2,21:25,21:31,3,7,1737,6
10417,417,12417,SE01,Bilaspur Junction 1,00:36,00:44,4,1,945,7
10418,418,12418,SE08,Bilaspur Junction 8,03:47,03:01,11,2,1509,8
10419,419,12419,SE07,Kolkata Junction 7,06:58,06:07,4,3,2089,9
10420,420,12420,SW06,Hubballi Junction 6,09:09,09:21,9,4,1592,10
10421,421,12421,SR05,Chennai Junction 5,12:20,12:27,12,5,2129,11
10422,422,12422,WC04,Jabalpur Junction 4,15:31,15:37,2,6,1627,12
10423,423,12423,WR03,Mumbai Junction 3,18:42,18:55,13,7,2145,13
10424,424,12424,CR02,Mumbai Junction 2,21:53,21:59,14,1,457,14
10425,425,12425,ER01,Kolkata Junction 1,00:04,00:14,14,2,2013,15
10426,426,12426,ER08,Kolkata Junction 8,03:15,03:25,9,3,1012,16
10427,427,12427,EC07,Hajipur Junction 7,06:26,06:40,14,4,527,17
10428,428,12428,EC06,Bhubaneswar Junction 6,09:37,09:40,13,5,1783,18
10429,429,12429,NR05,New Delhi Junction 5,12:48,12:51,8,6,1114,19
10430,430,12430,NC04,Prayagraj Junction 4,15:59,15:01,11,7,2139,20
10431,431,12431,NE03,Gorakhpur Junction 3,18:10,18:14,12,1,178,21
10432,432,12432,NF02,Guwahati Junction 2,21:21,21:26,9,2,2032,22
10433,433,12433,NW01,Jaipur Junction 1,00:32,00:46,15,3,2172,23
10434,434,12434,NW08,Jaipur Junction 8,03:43,03:56,7,4,279,24
10435,435,12435,SC07,Secunderabad Junction 7,06:54,06:07,4,5,1145,25
10436,436,12436,SE06,Bilaspur Junction 6,09:05,09:17,2,6,2010,26
10437,437,12437,SE05,Kolkata Junction 5,12:16,12:22,5,7,818,27
10438,438,12438,SW04,Hubballi Junction 4,15:27,15:35,8,1,340,28
10439,439,12439,SR03,Chennai Junction 3,18:38,18:42,8,2,498,29
10440,440,12440,WC02,Jabalpur Junction 2,21:49,21:59,14,3,40,30
10441,441,12441,WR01,Mumbai Junction 1,00:00,00:02,11,4,62,1
10442,442,12442,WR08,Mumbai Junction 8,03:11,03:21,8,5,1001,2
10443,443,12443,CR07,Mumbai Junction 7,06:22,06:32,14,6,280,3
10444,444,12444,ER06,Kolkata Junction 6,09:33,09:36,11,7,112,4
10445,445,12445,EC05,Hajipur Junction 5,12:44,12:52,8,1,861,5
10446,446,12446,EC04,Bhubaneswar Junction 4,15:55,15:04,3,2,586,6
10447,447,12447,NR03,New Delhi Junction 3,18:06,18:08,15,3,1830,7
10448,448,12448,NC02,Prayagraj Junction 2,21:17,21:22,2,4,594,8
10449,449,12449,NE01,Gorakhpur Junction 1,00:28,00:43,13,5,1449,9
10450,450,12450,NE08,Gorakhpur Junction 8,03:39,03:53,4,6,1179,10
10451,451,12451,NF07,Guwahati Junction 7,06:50,06:03,2,7,957,11
10452,452,12452,NW06,Jaipur Junction 6,09:01,09:07,4,1,492,12
10453,453,12453,SC05,Secunderabad Junction 5,12:12,12:27,9,2,179,13
10454,454,12454,SE04,Bilaspur Junction 4,15:23,15:34,10,3,863,14
10455,455,12455,SE03,Kolkata Junction 3,18:34,18:41,9,4,2043,15
10456,456,12456,SW02,Hubballi Junction 2,21:45,21:57,7,5,541,16
10457,457,12457,SR01,Chennai Junction 1,00:56,00:59,4,6,302,17
10458,458,12458,SR08,Chennai Junction 8,03:07,03:20,10,7,81,18
10459,459,12459,WC07,Jabalpur Junction 7,06:18,06:32,4,1,1419,19
10460,460,12460,WR06,Mumbai Junction 6,09:29,09:31,10,2,1221,20
10461,461,12461,CR05,Mumbai Junction 5,12:40,12:54,10,3,1076,21
10462,462,12462,ER04,Kolkata Junction 4,15:51,15:00,10,4,911,22
10463,463,12463,EC03,Hajipur Junction 3,18:02,18:13,9,5,2132,23
10464,464,12464,EC02,Bhubaneswar Junction 2,21:13,21:17,12,6,1817,24
10465,465,12465,NR01,New Delhi Junction 1,00:24,00:36,15,7,954,25
10466,466,12466,NR08,New Delhi Junction 8,03:35,03:44,4,1,823,26
10467,467,12467,NC07,Prayagraj Junction 7,06:46,06:50,13,2,1720,27
10468,468,12468,NE06,Gorakhpur Junction 6,09:57,09:01,13,3,705,28
10469,469,12469,NF05,Guwahati Junction 5,12:08,12:20,15,4,1824,29
10470,470,12470,NW04,Jaipur Junction 4,15:19,15:23,4,5,246,30
10471,471,12471,SC03,Secunderabad Junction 3,18:30,18:43,9,6,342,1
10472,472,12472,SE02,Bilaspur Junction 2,21:41,21:51,9,7,1313,2
10473,473,12473,SE01,Kolkata Junction 1,00:52,00:02,4,1,851,3
10474,474,12474,SE08,Kolkata Junction 8,03:03,03:15,14,2,533,4
10475,475,12475,SW07,Hubballi Junction 7,06:14,06:23,15,3,1322,5
10476,476,12476,SR06,Chennai Junction 6,09:25,09:30,10,4,38,6
10477,477,12477,WC05,Jabalpur Junction 5,12:36,12:44,9,5,124,7
10478,478,12478,WR04,Mumbai Junction 4,15:47,15:51,15,6,1382,8
10479,479,12479,CR03,Mumbai Junction 3,18:58,18:06,5,7,273,9
10480,480,12480,ER02,Kolkata Junction 2,21:09,21:16,9,1,394,10
10481,481,12481,EC01,Hajipur Junction 1,00:20,00:33,8,2,122,11
10482,482,12482,EC08,Hajipur Junction 8,03:31,03:34,14,3,743,12
10483,483,12483,EC07,Bhubaneswar Junction 7,06:42,06:49,4,4,1777,13
10484,484,12484,NR06,New Delhi Junction 6,09:53,09:06,5,5,1604,14
10485,485,12485,NC05,Prayagraj Junction 5,12:04,12:12,4,6,1750,15
10486,486,12486,NE04,Gorakhpur Junction 4,15:15,15:18,14,7,56,16
10487,487,12487,NF03,Guwahati Junction 3,18:26,18:32,5,1,517,17
10488,488,12488,NW02,Jaipur Junction 2,21:37,21:45,12,2,879,18
10489,489,12489,SC01,Secunderabad Junction 1,00:48,00:57,15,3,1095,19
10490,490,12490,SC08,Secunderabad Junction 8,03:59,03:12,7,4,172,20
10491,491,12491,SE07,Bilaspur Junction 7,06:10,06:15,4,5,1995,21
10492,492,12492,SE06,Kolkata Junction 6,09:21,09:23,13,6,304,22
10493,493,12493,SW05,Hubballi Junction 5,12:32,12:36,9,7,178,23
10494,494,12494,SR04,Chennai Junction 4,15:43,15:46,12,1,131,24
10495,495,12495,WC03,Jabalpur Junction 3,18:54,18:04,3,2,188,25
10496,496,12496,WR02,Mumbai Junction 2,21:05,21:16,7,3,42,26
10497,497,12497,CR01,Mumbai Junction 1,00:16,00:27,15,4,1234,27
10498,498,12498,CR08,Mumbai Junction 8,03:27,03:34,13,5,740,28
10499,499,12499,ER07,Kolkata Junction 7,06:38,06:48,8,6,1597,29
10500,500,12500,EC06,Hajipur Junction 6,09:49,09:58,8,7,924,30
10501,501,12501,EC05,Bhubaneswar Junction 5,12:00,12:06,8,1,133,1
10502,502,12502,NR04,New Delhi Junction 4,15:11,15:17,3,2,708,2
10503,503,12503,NC03,Prayagraj Junction 3,18:22,18:28,2,3,651,3
10504,504,12504,NE02,Gorakhpur Junction 2,21:33,21:44,15,4,1357,4
10505,505,12505,NF01,Guwahati Junction 1,00:44,00:55,11,5,2078,5
10506,506,12506,NF08,Guwahati Junction 8,03:55,03:10,3,6,1040,6
10507,507,12507,NW07,Jaipur Junction 7,06:06,06:20,14,7,1175,7
10508,508,12508,SC06,Secunderabad Junction 6,09:17,09:25,2,1,1050,8
10509,509,12509,SE05,Bilaspur Junction 5,12:28,12:37,10,2,1148,9
10510,510,12510,SE04,Kolkata Junction 4,15:39,15:44,15,3,478,10
10511,511,12511,SW03,Hubballi Junction 3,18:50,18:57,9,4,645,11
10512,512,12512,SR02,Chennai Junction 2,21:01,21:03,10,5,520,12
10513,513,12513,WC01,Jabalpur Junction 1,00:12,00:26,13,6,942,13
10514,514,12514,WC08,Jabalpur Junction 8,03:23,03:31,15,7,58,14
10515,515,12515,WR07,Mumbai Junction 7,06:34,06:41,2,1,304,15
10516,516,12516,CR06,Mumbai Junction 6,09:45,09:59,3,2,2104,16
10517,517,12517,ER05,Kolkata Junction 5,12:56,12:08,10,3,1632,17
10518,518,12518,EC04,Hajipur Junction 4,15:07,15:11,3,4,809,18
10519,519,12519,EC03,Bhubaneswar Junction 3,18:18,18:30,6,5,386,19
10520,520,12520,NR02,New Delhi Junction 2,21:29,21:41,10,6,1181,20
10521,521,12521,NC01,Prayagraj Junction 1,00:40,00:47,12,7,1615,21
10522,522,12522,NC08,Prayagraj Junction 8,03:51,03:58,3,1,1912,22
10523,523,12523,NE07,Gorakhpur Junction 7,06:02,06:05,8,2,1971,23
10524,524,12524,NF06,Guwahati Junction 6,09:13,09:20,13,3,1076,24
10525,525,12525,NW05,Jaipur Junction 5,12:24,12:36,10,4,616,25
10526,526,12526,SC04,Secunderabad Junction 4,15:35,15:49,8,5,1007,26
10527,527,12527,SE03,Bilaspur Junction 3,18:46,18:57,15,6,1917,27
10528,528,12528,SE02,Kolkata Junction 2,21:57,21:04,5,7,714,28
10529,529,12529,SW01,Hubballi Junction 1,00:08,00:13,6,1,947,29
10530,530,12530,SW08,Hubballi Junction 8,03:19,03:21,9,2,1868,30
10531,531,12531,SR07,Chennai Junction 7,06:30,06:38,3,3,857,1
10532,532,12532,WC06,Jabalpur Junction 6,09:41,09:47,10,4,551,2
10533,533,12533,WR05,Mumbai Junction 5,12:52,12:58,12,5,386,3
10534,534,12534,CR04,Mumbai Junction 4,15:03,15:18,6,6,1796,4
10535,535,12535,ER03,Kolkata Junction 3,18:14,18:17,6,7,829,5
10536,536,12536,EC02,Hajipur Junction 2,21:25,21:33,3,1,543,6
10537,537,12537,EC01,Bhubaneswar Junction 1,00:36,00:50,14,2,970,7
10538,538,12538,EC08,Bhubaneswar Junction 8,03:47,03:50,5,3,2094,8
10539,539,12539,NR07,New Delhi Junction 7,06:58,06:12,13,4,1898,9
10540,540,12540,NC06,Prayagraj Junction 6,09:09,09:20,10,5,1702,10
10541,541,12541,NE05,Gorakhpur Junction 5,12:20,12:31,6,6,1410,11
10542,542,12542,NF04,Guwahati Junction 4,15:31,15:37,10,7,839,12
10543,543,12543,NW03,Jaipur Junction 3,18:42,18:50,4,1,2105,13
10544,544,12544,SC02,Secunderabad Junction 2,21:53,21:05,3,2,1045,14
10545,545,12545,SE01,Bilaspur Junction 1,00:04,00:12,14,3,1661,15
10546,546,12546,SE08,Bilaspur Junction 8,03:15,03:29,8,4,342,16
10547,547,12547,SE07,Kolkata Junction 7,06:26,06:38,5,5,1400,17
10548,548,12548,SW06,Hubballi Junction 6,09:37,09:44,6,6,261,18
10549,549,12549,SR05,Chennai Junction 5,12:48,12:01,11,7,752,19
10550,550,12550,WC04,Jabalpur Junction 4,15:59,15:11,15,1,1586,20
10551,551,12551,WR03,Mumbai Junction 3,18:10,18:25,8,2,829,21
10552,552,12552,CR02,Mumbai Junction 2,21:21,21:34,11,3,1332,22
10553,553,12553,ER01,Kolkata Junction 1,00:32,00:42,15,4,1512,23
10554,554,12554,ER08,Kolkata Junction 8,03:43,03:56,2,5,1588,24
10555,555,12555,EC07,Hajipur Junction 7,06:54,06:00,3,6,608,25
10556,556,12556,EC06,Bhubaneswar Junction 6,09:05,09:18,13,7,672,26
10557,557,12557,NR05,New Delhi Junction 5,12:16,12:20,7,1,729,27
10558,558,12558,NC04,Prayagraj Junction 4,15:27,15:35,12,2,728,28
10559,559,12559,NE03,Gorakhpur Junction 3,18:38,18:42,3,3,1507,29
10560,560,12560,NF02,Guwahati Junction 2,21:49,21:53,5,4,1767,30
10561,561,12561,NW01,Jaipur Junction 1,00:00,00:03,11,5,24,1
10562,562,12562,NW08,Jaipur Junction 8,03:11,03:26,11,6,1806,2
10563,563,12563,SC07,Secunderabad Junction 7,06:22,06:33,7,7,2189,3
10564,564,12564,SE06,Bilaspur Junction 6,09:33,09:46,3,1,1268,4
10565,565,12565,SE05,Kolkata Junction 5,12:44,12:53,6,2,1003,5
10566,566,12566,SW04,Hubballi Junction 4,15:55,15:10,3,3,2042,6
10567,567,12567,SR03,Chennai Junction 3,18:06,18:17,3,4,671,7
10568,568,12568,WC02,Jabalpur Junction 2,21:17,21:30,11,5,170,8
10569,569,12569,WR01,Mumbai Junction 1,00:28,00:32,15,6,346,9
10570,570,12570,WR08,Mumbai Junction 8,03:39,03:49,15,7,366,10
10571,571,12571,CR07,Mumbai Junction 7,06:50,06:52,13,1,2089,11
10572,572,12572,ER06,Kolkata Junction 6,09:01,09:10,5,2,131,12
10573,573,12573,EC05,Hajipur Junction 5,12:12,12:26,13,3,1972,13
10574,574,12574,EC04,Bhubaneswar Junction 4,15:23,15:36,8,4,1060,14
10575,575,12575,NR03,New Delhi Junction 3,18:34,18:41,12,5,220,15
10576,576,12576,NC02,Prayagraj Junction 2,21:45,21:47,15,6,699,16
10577,577,12577,NE01,Gorakhpur Junction 1,00:56,00:58,11,7,877,17
10578,578,12578,NE08,Gorakhpur Junction 8,03:07,03:12,8,1,990,18
10579,579,12579,NF07,Guwahati Junction 7,06:18,06:28,15,2,1938,19
10580,580,12580,NW06,Jaipur Junction 6,09:29,09:42,8,3,1227,20
10581,581,12581,SC05,Secunderabad Junction 5,12:40,12:43,10,4,1477,21
10582,582,12582,SE04,Bilaspur Junction 4,15:51,15:05,2,5,1898,22
10583,583,12583,SE03,Kolkata Junction 3,18:02,18:11,3,6,2190,23
10584,584,12584,SW02,Hubballi Junction 2,21:13,21:21,7,7,419,24
10585,585,12585,SR01,Chennai Junction 1,00:24,00:27,3,1,587,25
10586,586,12586,SR08,Chennai Junction 8,03:35,03:41,8,2,1343,26
10587,587,12587,WC07,Jabalpur Junction 7,06:46,06:01,13,3,1068,27
10588,588,12588,WR06,Mumbai Junction 6,09:57,09:11,9,4,930,28
10589,589,12589,CR05,Mumbai Junction 5,12:08,12:13,7,5,90,29
10590,590,12590,ER04,Kolkata Junction 4,15:19,15:23,15,6,428,30
10591,591,12591,EC03,Hajipur Junction 3,18:30,18:39,3,7,1322,1
10592,592,12592,EC02,Bhubaneswar Junction 2,21:41,21:56,8,1,280,2
10593,593,12593,NR01,New Delhi Junction 1,00:52,00:54,12,2,226,3
10594,594,12594,NR08,New Delhi Junction 8,03:03,03:09,13,3,1181,4
10595,595,12595,NC07,Prayagraj Junction 7,06:14,06:28,14,4,1454,5
10596,596,12596,NE06,Gorakhpur Junction 6,09:25,09:40,2,5,528,6
10597,597,12597,NF05,Guwahati Junction 5,12:36,12:41,14,6,1367,7
10598,598,12598,NW04,Jaipur Junction 4,15:47,15:52,4,7,1770,8
10599,599,12599,SC03,Secunderabad Junction 3,18:58,18:12,2,1,803,9
10600,600,12600,SE02,Bilaspur Junction 2,21:09,21:18,5,2,1596,10
10601,601,12601,SE01,Kolkata Junction 1,00:20,00:32,13,3,1729,11
10602,602,12602,SE08,Kolkata Junction 8,03:31,03:44,7,4,657,12
10603,603,12603,SW07,Hubballi Junction 7,06:42,06:48,13,5,1428,13
10604,604,12604,SR06,Chennai Junction 6,09:53,09:59,12,6,514,14
10605,605,12605,WC05,Jabalpur Junction 5,12:04,12:09,2,7,2125,15
10606,606,12606,WR04,Mumbai Junction 4,15:15,15:20,12,1,260,16
10607,607,12607,CR03,Mumbai Junction 3,18:26,18:28,11,2,216,17
10608,608,12608,ER02,Kolkata Junction 2,21:37,21:41,6,3,1287,18
10609,609,12609,EC01,Hajipur Junction 1,00:48,00:50,3,4,743,19
10610,610,12610,EC08,Hajipur Junction 8,03:59,03:10,3,5,628,20
10611,611,12611,EC07,Bhubaneswar Junction 7,06:10,06:14,6,6,567,21
10612,612,12612,NR06,New Delhi Junction 6,09:21,09:31,2,7,2065,22
10613,613,12613,NC05,Prayagraj Junction 5,12:32,12:37,15,1,1604,23
10614,614,12614,NE04,Gorakhpur Junction 4,15:43,15:50,6,2,2081,24
10615,615,12615,NF03,Guwahati Junction 3,18:54,18:09,10,3,103,25
10616,616,12616,NW02,Jaipur Junction 2,21:05,21:19,8,4,61,26
10617,617,12617,SC01,Secunderabad Junction 1,00:16,00:29,2,5,817,27
10618,618,12618,SC08,Secunderabad Junction 8,03:27,03:30,8,6,1769,28
10619,619,12619,SE07,Bilaspur Junction 7,06:38,06:41,3,7,2104,29
10620,620,12620,SE06,Kolkata Junction 6,09:49,09:53,3,1,1287,30
10621,621,12621,SW05,Hubballi Junction 5,12:00,12:05,15,2,360,1
10622,622,12622,SR04,Chennai Junction 4,15:11,15:20,14,3,1611,2
10623,623,12623,WC03,Jabalpur Junction 3,18:22,18:24,4,4,275,3
10624,624,12624,WR02,Mumbai Junction 2,21:33,21:47,4,5,122,4
10625,625,12625,CR01,Mumbai Junction 1,00:44,00:51,5,6,360,5
10626,626,12626,CR08,Mumbai Junction 8,03:55,03:03,14,7,497,6
10627,627,12627,ER07,Kolkata Junction 7,06:06,06:21,11,1,840,7
10628,628,12628,EC06,Hajipur Junction 6,09:17,09:28,6,2,466,8
10629,629,12629,EC05,Bhubaneswar Junction 5,12:28,12:33,2,3,1426,9
10630,630,12630,NR04,New Delhi Junction 4,15:39,15:42,4,4,0,10
10631,631,12631,NC03,Prayagraj Junction 3,18:50,18:52,14,5,52,11
10632,632,12632,NE02,Gorakhpur Junction 2,21:01,21:11,6,6,304,12
10633,633,12633,NF01,Guwahati Junction 1,00:12,00:18,3,7,688,13
10634,634,12634,NF08,Guwahati Junction 8,03:23,03:36,10,1,1784,14
10635,635,12635,NW07,Jaipur Junction 7,06:34,06:45,14,2,237,15
10636,636,12636,SC06,Secunderabad Junction 6,09:45,09:49,7,3,1149,16
10637,637,12637,SE05,Bilaspur Junction 5,12:56,12:08,3,4,243,17
10638,638,12638,SE04,Kolkata Junction 4,15:07,15:20,9,5,907,18
10639,639,12639,SW03,Hubballi Junction 3,18:18,18:23,11,6,1764,19
10640,640,12640,SR02,Chennai Junction 2,21:29,21:31,2,7,1711,20
10641,641,12641,WC01,Jabalpur Junction 1,00:40,00:54,5,1,1552,21
10642,642,12642,WC08,Jabalpur Junction 8,03:51,03:04,3,2,408,22
10643,643,12643,WR07,Mumbai Junction 7,06:02,06:05,13,3,1696,23
10644,644,12644,CR06,Mumbai Junction 6,09:13,09:16,4,4,1459,24
10645,645,12645,ER05,Kolkata Junction 5,12:24,12:38,12,5,368,25
10646,646,12646,EC04,Hajipur Junction 4,15:35,15:42,2,6,537,26
10647,647,12647,EC03,Bhubaneswar Junction 3,18:46,18:55,6,7,1334,27
10648,648,12648,NR02,New Delhi Junction 2,21:57,21:03,9,1,1392,28
10649,649,12649,NC01,Prayagraj Junction 1,00:08,00:12,2,2,743,29
10650,650,12650,NC08,Prayagraj Junction 8,03:19,03:21,4,3,633,30
10651,651,12651,NE07,Gorakhpur Junction 7,06:30,06:36,5,4,117,1
10652,652,12652,NF06,Guwahati Junction 6,09:41,09:45,14,5,1576,2
10653,653,12653,NW05,Jaipur Junction 5,12:52,12:00,2,6,787,3
10654,654,12654,SC04,Secunderabad Junction 4,15:03,15:17,13,7,1666,4
10655,655,12655,SE03,Bilaspur Junction 3,18:14,18:19,7,1,62,5
10656,656,12656,SE02,Kolkata Junction 2,21:25,21:39,3,2,1359,6
10657,657,12657,SW01,Hubballi Junction 1,00:36,00:41,9,3,1819,7
10658,658,12658,SW08,Hubballi Junction 8,03:47,03:53,2,4,1458,8
10659,659,12659,SR07,Chennai Junction 7,06:58,06:07,3,5,106,9
10660,660,12660,WC06,Jabalpur Junction 6,09:09,09:18,10,6,255,10
10661,661,12661,WR05,Mumbai Junction 5,12:20,12:30,8,7,301,11
10662,662,12662,CR04,Mumbai Junction 4,15:31,15:41,11,1,342,12
10663,663,12663,ER03,Kolkata Junction 3,18:42,18:53,5,2,1313,13
10664,664,12664,EC02,Hajipur Junction 2,21:53,21:06,15,3,562,14
10665,665,12665,EC01,Bhubaneswar Junction 1,00:04,00:10,3,4,2132,15
10666,666,12666,EC08,Bhubaneswar Junction 8,03:15,03:21,13,5,2057,16
10667,667,12667,NR07,New Delhi Junction 7,06:26,06:34,11,6,1038,17
10668,668,12668,NC06,Prayagraj Junction 6,09:37,09:47,5,7,1848,18
10669,669,12669,NE05,Gorakhpur Junction 5,12:48,12:51,11,1,2023,19
10670,670,12670,NF04,Guwahati Junction 4,15:59,15:12,12,2,1445,20
10671,671,12671,NW03,Jaipur Junction 3,18:10,18:25,14,3,604,21
10672,672,12672,SC02,Secunderabad Junction 2,21:21,21:31,8,4,582,22
10673,673,12673,SE01,Bilaspur Junction 1,00:32,00:45,2,5,282,23
10674,674,12674,SE08,Bilaspur Junction 8,03:43,03:46,4,6,1127,24
10675,675,12675,SE07,Kolkata Junction 7,06:54,06:09,15,7,1980,25
10676,676,12676,SW06,Hubballi Junction 6,09:05,09:17,8,1,1705,26
10677,677,12677,SR05,Chennai Junction 5,12:16,12:21,11,2,18,27
10678,678,12678,WC04,Jabalpur Junction 4,15:27,15:41,15,3,1618,28
10679,679,12679,WR03,Mumbai Junction 3,18:38,18:42,5,4,1627,29
10680,680,12680,CR02,Mumbai Junction 2,21:49,21:57,9,5,889,30
10681,681,12681,ER01,Kolkata Junction 1,00:00,00:13,4,6,971,1
10682,682,12682,ER08,Kolkata Junction 8,03:11,03:16,11,7,627,2
10683,683,12683,EC07,Hajipur Junction 7,06:22,06:28,4,1,1899,3
10684,684,12684,EC06,Bhubaneswar Junction 6,09:33,09:38,14,2,2016,4
10685,685,12685,NR05,New Delhi Junction 5,12:44,12:59,6,3,1440,5
10686,686,12686,NC04,Prayagraj Junction 4,15:55,15:08,3,4,141,6
10687,687,12687,NE03,Gorakhpur Junction 3,18:06,18:10,15,5,197,7
10688,688,12688,NF02,Guwahati Junction 2,21:17,21:29,13,6,1994,8
10689,689,12689,NW01,Jaipur Junction 1,00:28,00:37,9,7,1633,9
10690,690,12690,NW08,Jaipur Junction 8,03:39,03:49,13,1,793,10
10691,691,12691,SC07,Secunderabad Junction 7,06:50,06:05,8,2,545,11
10692,692,12692,SE06,Bilaspur Junction 6,09:01,09:13,10,3,109,12
10693,693,12693,SE05,Kolkata Junction 5,12:12,12:16,2,4,1267,13
10694,694,12694,SW04,Hubballi Junction 4,15:23,15:37,6,5,242,14
10695,695,12695,SR03,Chennai Junction 3,18:34,18:47,12,6,1199,15
10696,696,12696,WC02,Jabalpur Junction 2,21:45,21:49,11,7,805,16
10697,697,12697,WR01,Mumbai Junction 1,00:56,00:01,6,1,135,17
10698,698,12698,WR08,Mumbai Junction 8,03:07,03:15,12,2,1818,18
10699,699,12699,CR07,Mumbai Junction 7,06:18,06:30,14,3,2119,19
10700,700,12700,ER06,Kolkata Junction 6,09:29,09:34,8,4,742,20
10701,701,12701,EC05,Hajipur Junction 5,12:40,12:51,13,5,1957,21
10702,702,12702,EC04,Bhubaneswar Junction 4,15:51,15:54,9,6,257,22
10703,703,12703,NR03,New Delhi Junction 3,18:02,18:08,8,7,1363,23
10704,704,12704,NC02,Prayagraj Junction 2,21:13,21:26,15,1,739,24
10705,705,12705,NE01,Gorakhpur Junction 1,00:24,00:33,2,2,245,25
10706,706,12706,NE08,Gorakhpur Junction 8,03:35,03:50,15,3,2065,26
10707,707,12707,NF07,Guwahati Junction 7,06:46,06:51,11,4,503,27
10708,708,12708,NW06,Jaipur Junction 6,09:57,09:08,8,5,2054,28
10709,709,12709,SC05,Secunderabad Junction 5,12:08,12:15,11,6,1450,29
10710,710,12710,SE04,Bilaspur Junction 4,15:19,15:32,2,7,1019,30
10711,711,12711,SE03,Kolkata Junction 3,18:30,18:38,5,1,1770,1
10712,712,12712,SW02,Hubballi Junction 2,21:41,21:54,3,2,1505,2
10713,713,12713,SR01,Chennai Junction 1,00:52,00:06,6,3,1390,3
10714,714,12714,SR08,Chennai Junction 8,03:03,03:13,2,4,1796,4
10715,715,12715,WC07,Jabalpur Junction 7,06:14,06:26,5,5,690,5
10716,716,12716,WR06,Mumbai Junction 6,09:25,09:37,13,6,159,6
10717,717,12717,CR05,Mumbai Junction 5,12:36,12:43,10,7,279,7
10718,718,12718,ER04,Kolkata Junction 4,15:47,15:02,4,1,1906,8
10719,719,12719,EC03,Hajipur Junction 3,18:58,18:00,14,2,88,9
10720,720,12720,EC02,Bhubaneswar Junction 2,21:09,21:20,7,3,1014,10
10721,721,12721,NR01,New Delhi Junction 1,00:20,00:23,11,4,1369,11
10722,722,12722,NR08,New Delhi Junction 8,03:31,03:37,8,5,1216,12
10723,723,12723,NC07,Prayagraj Junction 7,06:42,06:53,9,6,129,13
10724,724,12724,NE06,Gorakhpur Junction 6,09:53,09:02,6,7,906,14
10725,725,12725,NF05,Guwahati Junction 5,12:04,12:11,6,1,519,15
10726,726,12726,NW04,Jaipur Junction 4,15:15,15:21,11,2,494,16
10727,727,12727,SC03,Secunderabad Junction 3,18:26,18:38,8,3,1343,17
10728,728,12728,SE02,Bilaspur Junction 2,21:37,21:40,4,4,1983,18
10729,729,12729,SE01,Kolkata Junction 1,00:48,00:01,2,5,1987,19
10730,730,12730,SE08,Kolkata Junction 8,03:59,03:12,3,6,530,20
10731,731,12731,SW07,Hubballi Junction 7,06:10,06:14,13,7,1878,21
10732,732,12732,SR06,Chennai Junction 6,09:21,09:33,5,1,2026,22
10733,733,12733,WC05,Jabalpur Junction 5,12:32,12:45,14,2,791,23
10734,734,12734,WR04,Mumbai Junction 4,15:43,15:54,11,3,333,24
10735,735,12735,CR03,Mumbai Junction 3,18:54,18:04,9,4,1286,25
10736,736,12736,ER02,Kolkata Junction 2,21:05,21:11,11,5,1948,26
10737,737,12737,EC01,Hajipur Junction 1,00:16,00:26,14,6,1697,27
10738,738,12738,EC08,Hajipur Junction 8,03:27,03:33,12,7,1477,28
10739,739,12739,EC07,Bhubaneswar Junction 7,06:38,06:53,6,1,360,29
10740,740,12740,NR06,New Delhi Junction 6,09:49,09:00,10,2,1350,30
10741,741,12741,NC05,Prayagraj Junction 5,12:00,12:12,9,3,66,1
10742,742,12742,NE04,Gorakhpur Junction 4,15:11,15:25,5,4,541,2
10743,743,12743,NF03,Guwahati Junction 3,18:22,18:35,13,5,1111,3
10744,744,12744,NW02,Jaipur Junction 2,21:33,21:44,3,6,618,4
10745,745,12745,SC01,Secunderabad Junction 1,00:44,00:49,7,7,785,5
10746,746,12746,SC08,Secunderabad Junction 8,03:55,03:57,11,1,1314,6
10747,747,12747,SE07,Bilaspur Junction 7,06:06,06:13,14,2,793,7
10748,748,12748,SE06,Kolkata Junction 6,09:17,09:20,13,3,290,8
10749,749,12749,SW05,Hubballi Junction 5,12:28,12:30,8,4,1273,9
10750,750,12750,SR04,Chennai Junction 4,15:39,15:44,13,5,609,10
10751,751,12751,WC03,Jabalpur Junction 3,18:50,18:05,10,6,406,11
10752,752,12752,WR02,Mumbai Junction 2,21:01,21:08,3,7,1858,12
10753,753,12753,CR01,Mumbai Junction 1,00:12,00:23,8,1,1493,13
10754,754,12754,CR08,Mumbai Junction 8,03:23,03:33,10,2,875,14
10755,755,12755,ER07,Kolkata Junction 7,06:34,06:40,5,3,1730,15
10756,756,12756,EC06,Hajipur Junction 6,09:45,09:53,8,4,1585,16
10757,757,12757,EC05,Bhubaneswar Junction 5,12:56,12:05,15,5,529,17
10758,758,12758,NR04,New Delhi Junction 4,15:07,15:09,7,6,1170,18
10759,759,12759,NC03,Prayagraj Junction 3,18:18,18:31,10,7,2066,19
10760,760,12760,NE02,Gorakhpur Junction 2,21:29,21:32,9,1,1824,20
10761,761,12761,NF01,Guwahati Junction 1,00:40,00:49,5,2,1690,21
10762,762,12762,NF08,Guwahati Junction 8,03:51,03:05,5,3,1215,22
10763,763,12763,NW07,Jaipur Junction 7,06:02,06:15,4,4,24,23
10764,764,12764,SC06,Secunderabad Junction 6,09:13,09:25,12,5,345,24
10765,765,12765,SE05,Bilaspur Junction 5,12:24,12:34,12,6,2118,25
10766,766,12766,SE04,Kolkata Junction 4,15:35,15:48,5,7,1266,26
10767,767,12767,SW03,Hubballi Junction 3,18:46,18:58,5,1,358,27
10768,768,12768,SR02,Chennai Junction 2,21:57,21:05,12,2,1161,28
10769,769,12769,WC01,Jabalpur Junction 1,00:08,00:18,11,3,2102,29
10770,770,12770,WC08,Jabalpur Junction 8,03:19,03:29,3,4,880,30
10771,771,12771,WR07,Mumbai Junction 7,06:30,06:34,12,5,2193,1
10772,772,12772,CR06,Mumbai Junction 6,09:41,09:53,5,6,1531,2
10773,773,12773,ER05,Kolkata Junction 5,12:52,12:54,5,7,667,3
10774,774,12774,EC04,Hajipur Junction 4,15:03,15:11,6,1,952,4
10775,775,12775,EC03,Bhubaneswar Junction 3,18:14,18:16,13,2,870,5
10776,776,12776,NR02,New Delhi Junction 2,21:25,21:38,2,3,1905,6
10777,777,12777,NC01,Prayagraj Junction 1,00:36,00:46,5,4,1655,7
10778,778,12778,NC08,Prayagraj Junction 8,03:47,03:59,12,5,1914,8
10779,779,12779,NE07,Gorakhpur Junction 7,06:58,06:13,4,6,621,9
10780,780,12780,NF06,Guwahati Junction 6,09:09,09:11,2,7,232,10
10781,781,12781,NW05,Jaipur Junction 5,12:20,12:31,10,1,76,11
10782,782,12782,SC04,Secunderabad Junction 4,15:31,15:38,3,2,429,12
10783,783,12783,SE03,Bilaspur Junction 3,18:42,18:44,9,3,178,13
10784,784,12784,SE02,Kolkata Junction 2,21:53,21:05,15,4,1882,14
10785,785,12785,SW01,Hubballi Junction 1,00:04,00:17,12,5,2003,15
10786,786,12786,SW08,Hubballi Junction 8,03:15,03:29,5,6,1329,16
10787,787,12787,SR07,Chennai Junction 7,06:26,06:32,13,7,22,17
10788,788,12788,WC06,Jabalpur Junction 6,09:37,09:44,7,1,1875,18
10789,789,12789,WR05,Mumbai Junction 5,12:48,12:54,14,2,1091,19
10790,790,12790,CR04,Mumbai Junction 4,15:59,15:10,9,3,948,20
10791,791,12791,ER03,Kolkata Junction 3,18:10,18:16,5,4,1408,21
10792,792,12792,EC02,Hajipur Junction 2,21:21,21:27,14,5,291,22
10793,793,12793,EC01,Bhubaneswar Junction 1,00:32,00:37,2,6,1899,23
10794,794,12794,EC08,Bhubaneswar Junction 8,03:43,03:50,2,7,93,24
10795,795,12795,NR07,New Delhi Junction 7,06:54,06:08,14,1,609,25
10796,796,12796,NC06,Prayagraj Junction 6,09:05,09:16,5,2,1856,26
10797,797,12797,NE05,Gorakhpur Junction 5,12:16,12:28,8,3,2042,27
10798,798,12798,NF04,Guwahati Junction 4,15:27,15:32,15,4,638,28
10799,799,12799,NW03,Jaipur Junction 3,18:38,18:52,13,5,1237,29
10800,800,12800,SC02,Secunderabad Junction 2,21:49,21:52,12,6,1536,30
10801,801,12801,SE01,Bilaspur Junction 1,00:00,00:14,5,7,526,1
10802,802,12802,SE08,Bilaspur Junction 8,03:11,03:17,7,1,6,2
10803,803,12803,SE07,Kolkata Junction 7,06:22,06:26,8,2,2127,3
10804,804,12804,SW06,Hubballi Junction 6,09:33,09:36,5,3,1891,4
10805,805,12805,SR05,Chennai Junction 5,12:44,12:46,3,4,1957,5
10806,806,12806,WC04,Jabalpur Junction 4,15:55,15:00,6,5,32,6
10807,807,12807,WR03,Mumbai Junction 3,18:06,18:13,15,6,2168,7
10808,808,12808,CR02,Mumbai Junction 2,21:17,21:27,11,7,1415,8
10809,809,12809,ER01,Kolkata Junction 1,00:28,00:39,9,1,452,9
10810,810,12810,ER08,Kolkata Junction 8,03:39,03:53,14,2,317,10
10811,811,12811,EC07,Hajipur Junction 7,06:50,06:53,13,3,104,11
10812,812,12812,EC06,Bhubaneswar Junction 6,09:01,09:14,15,4,79,12
10813,813,12813,NR05,New Delhi Junction 5,12:12,12:25,3,5,638,13
10814,814,12814,NC04,Prayagraj Junction 4,15:23,15:32,11,6,198,14
10815,815,12815,NE03,Gorakhpur Junction 3,18:34,18:37,5,7,1499,15
10816,816,12816,NF02,Guwahati Junction 2,21:45,21:52,5,1,345,16
10817,817,12817,NW01,Jaipur Junction 1,00:56,00:11,11,2,2168,17
10818,818,12818,NW08,Jaipur Junction 8,03:07,03:15,13,3,1407,18
10819,819,12819,SC07,Secunderabad Junction 7,06:18,06:27,8,4,1100,19
10820,820,12820,SE06,Bilaspur Junction 6,09:29,09:36,10,5,1083,20
10821,821,12821,SE05,Kolkata Junction 5,12:40,12:55,14,6,1021,21
10822,822,12822,SW04,Hubballi Junction 4,15:51,15:58,12,7,1412,22
10823,823,12823,SR03,Chennai Junction 3,18:02,18:07,13,1,1500,23
10824,824,12824,WC02,Jabalpur Junction 2,21:13,21:23,12,2,497,24
10825,825,12825,WR01,Mumbai Junction 1,00:24,00:37,3,3,1745,25
10826,826,12826,WR08,Mumbai Junction 8,03:35,03:45,10,4,1600,26
10827,827,12827,CR07,Mumbai Junction 7,06:46,06:52,12,5,56,27
10828,828,12828,ER06,Kolkata Junction 6,09:57,09:08,13,6,7,28
10829,829,12829,EC05,Hajipur Junction 5,12:08,12:19,12,7,1148,29
10830,830,12830,EC04,Bhubaneswar Junction 4,15:19,15:29,2,1,2173,30
10831,831,12831,NR03,New Delhi Junction 3,18:30,18:45,12,2,33,1
10832,832,12832,NC02,Prayagraj Junction 2,21:41,21:49,13,3,1487,2
10833,833,12833,NE01,Gorakhpur Junction 1,00:52,00:06,10,4,1570,3
10834,834,12834,NE08,Gorakhpur Junction 8,03:03,03:09,13,5,1173,4
10835,835,12835,NF07,Guwahati Junction 7,06:14,06:27,4,6,590,5
10836,836,12836,NW06,Jaipur Junction 6,09:25,09:28,11,7,1612,6
10837,837,12837,SC05,Secunderabad Junction 5,12:36,12:41,7,1,1252,7
10838,838,12838,SE04,Bilaspur Junction 4,15:47,15:59,6,2,1074,8
10839,839,12839,SE03,Kolkata Junction 3,18:58,18:02,13,3,1921,9
10840,840,12840,SW02,Hubballi Junction 2,21:09,21:21,13,4,1681,10
10841,841,12841,SR01,Chennai Junction 1,00:20,00:33,8,5,452,11
10842,842,12842,SR08,Chennai Junction 8,03:31,03:46,2,6,891,12
10843,843,12843,WC07,Jabalpur Junction 7,06:42,06:54,13,7,1508,13
10844,844,12844,WR06,Mumbai Junction 6,09:53,09:01,14,1,517,14
10845,845,12845,CR05,Mumbai Junction 5,12:04,12:07,10,2,705,15
10846,846,12846,ER04,Kolkata Junction 4,15:15,15:23,8,3,580,16
10847,847,12847,EC03,Hajipur Junction 3,18:26,18:41,7,4,1474,17
10848,848,12848,EC02,Bhubaneswar Junction 2,21:37,21:41,15,5,2171,18
10849,849,12849,NR01,New Delhi Junction 1,00:48,00:50,11,6,1308,19
10850,850,12850,NR08,New Delhi Junction 8,03:59,03:03,12,7,1682,20
10851,851,12851,NC07,Prayagraj Junction 7,06:10,06:23,10,1,1555,21
10852,852,12852,NE06,Gorakhpur Junction 6,09:21,09:33,12,2,1285,22
10853,853,12853,NF05,Guwahati Junction 5,12:32,12:44,2,3,1358,23
10854,854,12854,NW04,Jaipur Junction 4,15:43,15:47,7,4,1691,24
10855,855,12855,SC03,Secunderabad Junction 3,18:54,18:57,12,5,571,25
10856,856,12856,SE02,Bilaspur Junction 2,21:05,21:17,12,6,33,26
10857,857,12857,SE01,Kolkata Junction 1,00:16,00:21,13,7,752,27
10858,858,12858,SE08,Kolkata Junction 8,03:27,03:35,2,1,1526,28
10859,859,12859,SW07,Hubballi Junction 7,06:38,06:41,5,2,1049,29
10860,860,12860,SR06,Chennai Junction 6,09:49,09:01,8,3,2161,30
10861,861,12861,WC05,Jabalpur Junction 5,12:00,12:09,5,4,419,1
10862,862,12862,WR04,Mumbai Junction 4,15:11,15:23,8,5,1330,2
10863,863,12863,CR03,Mumbai Junction 3,18:22,18:29,5,6,1319,3
10864,864,12864,ER02,Kolkata Junction 2,21:33,21:39,15,7,1609,4
10865,865,12865,EC01,Hajipur Junction 1,00:44,00:57,5,1,64,5
10866,866,12866,EC08,Hajipur Junction 8,03:55,03:57,14,2,1922,6
10867,867,12867,EC07,Bhubaneswar Junction 7,06:06,06:17,10,3,460,7
10868,868,12868,NR06,New Delhi Junction 6,09:17,09:29,9,4,1327,8
10869,869,12869,NC05,Prayagraj Junction 5,12:28,12:30,9,5,1526,9
10870,870,12870,NE04,Gorakhpur Junction 4,15:39,15:51,4,6,70,10
10871,871,12871,NF03,Guwahati Junction 3,18:50,18:03,6,7,1040,11
10872,872,12872,NW02,Jaipur Junction 2,21:01,21:11,8,1,2076,12
10873,873,12873,SC01,Secunderabad Junction 1,00:12,00:25,7,2,420,13
10874,874,12874,SC08,Secunderabad Junction 8,03:23,03:38,11,3,1661,14
10875,875,12875,SE07,Bilaspur Junction 7,06:34,06:42,8,4,399,15
10876,876,12876,SE06,Kolkata Junction 6,09:45,09:53,9,5,284,16
10877,877,12877,SW05,Hubballi Junction 5,12:56,12:06,10,6,1850,17
10878,878,12878,SR04,Chennai Junction 4,15:07,15:09,5,7,943,18
10879,879,12879,WC03,Jabalpur Junction 3,18:18,18:32,5,1,2138,19
10880,880,12880,WR02,Mumbai Junction 2,21:29,21:44,3,2,799,20
10881,881,12881,CR01,Mumbai Junction 1,00:40,00:45,8,3,2033,21
10882,882,12882,CR08,Mumbai Junction 8,03:51,03:58,11,4,301,22
10883,883,12883,ER07,Kolkata Junction 7,06:02,06:11,6,5,2019,23
10884,884,12884,EC06,Hajipur Junction 6,09:13,09:25,5,6,1366,24
10885,885,12885,EC05,Bhubaneswar Junction 5,12:24,12:30,8,7,1017,25
10886,886,12886,NR04,New Delhi Junction 4,15:35,15:48,6,1,9,26
10887,887,12887,NC03,Prayagraj Junction 3,18:46,18:50,13,2,652,27
10888,888,12888,NE02,Gorakhpur Junction 2,21:57,21:59,7,3,1914,28
10889,889,12889,NF01,Guwahati Junction 1,00:08,00:22,15,4,1504,29
10890,890,12890,NF08,Guwahati Junction 8,03:19,03:32,12,5,43,30
10891,891,12891,NW07,Jaipur Junction 7,06:30,06:37,9,6,1020,1
10892,892,12892,SC06,Secunderabad Junction 6,09:41,09:54,15,7,1199,2
10893,893,12893,SE05,Bilaspur Junction 5,12:52,12:55,7,1,434,3
10894,894,12894,SE04,Kolkata Junction 4,15:03,15:11,5,2,177,4
10895,895,12895,SW03,Hubballi Junction 3,18:14,18:18,8,3,311,5
10896,896,12896,SR02,Chennai Junction 2,21:25,21:27,5,4,1417,6
10897,897,12897,WC01,Jabalpur Junction 1,00:36,00:46,7,5,1459,7
10898,898,12898,WC08,Jabalpur Junction 8,03:47,03:51,12,6,38,8
10899,899,12899,WR07,Mumbai Junction 7,06:58,06:01,14,7,1029,9
10900,900,12900,CR06,Mumbai Junction 6,09:09,09:18,7,1,1423,10
10901,901,12901,ER05,Kolkata Junction 5,12:20,12:32,12,2,548,11
10902,902,12902,EC04,Hajipur Junction 4,15:31,15:41,12,3,908,12
10903,903,12903,EC03,Bhubaneswar Junction 3,18:42,18:49,10,4,1262,13
10904,904,12904,NR02,New Delhi Junction 2,21:53,21:58,15,5,1234,14
10905,905,12905,NC01,Prayagraj Junction 1,00:04,00:13,4,6,1485,15
10906,906,12906,NC08,Prayagraj Junction 8,03:15,03:29,12,7,1121,16
10907,907,12907,NE07,Gorakhpur Junction 7,06:26,06:36,5,1,133,17
10908,908,12908,NF06,Guwahati Junction 6,09:37,09:47,4,2,198,18
10909,909,12909,NW05,Jaipur Junction 5,12:48,12:00,8,3,1877,19
10910,910,12910,SC04,Secunderabad Junction 4,15:59,15:13,3,4,1689,20
10911,911,12911,SE03,Bilaspur Junction 3,18:10,18:16,11,5,96,21
10912,912,12912,SE02,Kolkata Junction 2,21:21,21:29,10,6,983,22
10913,913,12913,SW01,Hubballi Junction 1,00:32,00:41,2,7,16,23
10914,914,12914,SW08,Hubballi Junction 8,03:43,03:53,7,1,1269,24
10915,915,12915,SR07,Chennai Junction 7,06:54,06:01,2,2,1540,25
10916,916,12916,WC06,Jabalpur Junction 6,09:05,09:08,12,3,27,26
10917,917,12917,WR05,Mumbai Junction 5,12:16,12:31,5,4,1963,27
10918,918,12918,CR04,Mumbai Junction 4,15:27,15:29,8,5,918,28
10919,919,12919,ER03,Kolkata Junction 3,18:38,18:42,8,6,473,29
10920,920,12920,EC02,Hajipur Junction 2,21:49,21:57,7,7,438,30
10921,921,12921,EC01,Bhubaneswar Junction 1,00:00,00:13,9,1,1844,1
10922,922,12922,EC08,Bhubaneswar Junction 8,03:11,03:24,5,2,640,2
10923,923,12923,NR07,New Delhi Junction 7,06:22,06:37,6,3,208,3
10924,924,12924,NC06,Prayagraj Junction 6,09:33,09:42,15,4,514,4
10925,925,12925,NE05,Gorakhpur Junction 5,12:44,12:54,6,5,846,5
10926,926,12926,NF04,Guwahati Junction 4,15:55,15:03,4,6,849,6
10927,927,12927,NW03,Jaipur Junction 3,18:06,18:11,13,7,501,7
10928,928,12928,SC02,Secunderabad Junction 2,21:17,21:30,2,1,886,8
10929,929,12929,SE01,Bilaspur Junction 1,00:28,00:33,8,2,1696,9
10930,930,12930,SE08,Bilaspur Junction 8,03:39,03:54,12,3,1106,10
10931,931,12931,SE07,Kolkata Junction 7,06:50,06:59,15,4,2181,11
10932,932,12932,SW06,Hubballi Junction 6,09:01,09:13,4,5,581,12
10933,933,12933,SR05,Chennai Junction 5,12:12,12:17,5,6,2128,13
10934,934,12934,WC04,Jabalpur Junction 4,15:23,15:27,13,7,1773,14
10935,935,12935,WR03,Mumbai Junction 3,18:34,18:43,6,1,584,15
10936,936,12936,CR02,Mumbai Junction 2,21:45,21:56,11,2,1188,16
10937,937,12937,ER01,Kolkata Junction 1,00:56,00:05,13,3,1659,17
10938,938,12938,ER08,Kolkata Junction 8,03:07,03:19,5,4,140,18
10939,939,12939,EC07,Hajipur Junction 7,06:18,06:26,6,5,736,19
10940,940,12940,EC06,Bhubaneswar Junction 6,09:29,09:38,14,6,1768,20
10941,941,12941,NR05,New Delhi Junction 5,12:40,12:51,11,7,910,21
10942,942,12942,NC04,Prayagraj Junction 4,15:51,15:00,8,1,1778,22
10943,943,12943,NE03,Gorakhpur Junction 3,18:02,18:17,8,2,1585,23
10944,944,12944,NF02,Guwahati Junction 2,21:13,21:15,7,3,1915,24
10945,945,12945,NW01,Jaipur Junction 1,00:24,00:35,9,4,470,25
10946,946,12946,NW08,Jaipur Junction 8,03:35,03:48,15,5,862,26
10947,947,12947,SC07,Secunderabad Junction 7,06:46,06:59,10,6,874,27
10948,948,12948,SE06,Bilaspur Junction 6,09:57,09:03,9,7,901,28
10949,949,12949,SE05,Kolkata Junction 5,12:08,12:18,4,1,1049,29
10950,950,12950,SW04,Hubballi Junction 4,15:19,15:31,13,2,616,30
10951,951,12951,SR03,Chennai Junction 3,18:30,18:40,6,3,1737,1
10952,952,12952,WC02,Jabalpur Junction 2,21:41,21:47,11,4,950,2
10953,953,12953,WR01,Mumbai Junction 1,00:52,00:57,10,5,1372,3
10954,954,12954,WR08,Mumbai Junction 8,03:03,03:14,13,6,1486,4
10955,955,12955,CR07,Mumbai Junction 7,06:14,06:27,7,7,1119,5
10956,956,12956,ER06,Kolkata Junction 6,09:25,09:33,10,1,308,6
10957,957,12957,EC05,Hajipur Junction 5,12:36,12:49,9,2,1217,7
10958,958,12958,EC04,Bhubaneswar Junction 4,15:47,15:01,8,3,1012,8
10959,959,12959,NR03,New Delhi Junction 3,18:58,18:07,15,4,557,9
10960,960,12960,NC02,Prayagraj Junction 2,21:09,21:13,3,5,1621,10
10961,961,12961,NE01,Gorakhpur Junction 1,00:20,00:22,11,6,1945,11
10962,962,12962,NE08,Gorakhpur Junction 8,03:31,03:42,4,7,1458,12
10963,963,12963,NF07,Guwahati Junction 7,06:42,06:50,2,1,434,13
10964,964,12964,NW06,Jaipur Junction 6,09:53,09:05,9,2,1099,14
10965,965,12965,SC05,Secunderabad Junction 5,12:04,12:16,9,3,2130,15
10966,966,12966,SE04,Bilaspur Junction 4,15:15,15:17,6,4,414,16
10967,967,12967,SE03,Kolkata Junction 3,18:26,18:33,14,5,900,17
10968,968,12968,SW02,Hubballi Junction 2,21:37,21:43,3,6,866,18
10969,969,12969,SR01,Chennai Junction 1,00:48,00:53,4,7,294,19
10970,970,12970,SR08,Chennai Junction 8,03:59,03:09,11,1,1629,20
10971,971,12971,WC07,Jabalpur Junction 7,06:10,06:12,14,2,1115,21
10972,972,12972,WR06,Mumbai Junction 6,09:21,09:30,14,3,606,22
10973,973,12973,CR05,Mumbai Junction 5,12:32,12:41,2,4,1083,23
10974,974,12974,ER04,Kolkata Junction 4,15:43,15:48,4,5,1360,24
10975,975,12975,EC03,Hajipur Junction 3,18:54,18:57,15,6,511,25
10976,976,12976,EC02,Bhubaneswar Junction 2,21:05,21:08,8,7,854,26
10977,977,12977,NR01,New Delhi Junction 1,00:16,00:27,11,1,1302,27
10978,978,12978,NR08,New Delhi Junction 8,03:27,03:37,12,2,1433,28
10979,979,12979,NC07,Prayagraj Junction 7,06:38,06:41,8,3,1512,29
10980,980,12980,NE06,Gorakhpur Junction 6,09:49,09:54,14,4,1062,30
10981,981,12981,NF05,Guwahati Junction 5,12:00,12:06,7,5,1362,1
10982,982,12982,NW04,Jaipur Junction 4,15:11,15:22,5,6,377,2
10983,983,12983,SC03,Secunderabad Junction 3,18:22,18:25,8,7,2039,3
10984,984,12984,SE02,Bilaspur Junction 2,21:33,21:48,9,1,1169,4
10985,985,12985,SE01,Kolkata Junction 1,00:44,00:53,5,2,914,5
10986,986,12986,SE08,Kolkata Junction 8,03:55,03:10,10,3,537,6
10987,987,12987,SW07,Hubballi Junction 7,06:06,06:09,12,4,1986,7
10988,988,12988,SR06,Chennai Junction 6,09:17,09:20,7,5,1874,8
10989,989,12989,WC05,Jabalpur Junction 5,12:28,12:33,4,6,867,9
10990,990,12990,WR04,Mumbai Junction 4,15:39,15:46,8,7,2124,10
10991,991,12991,CR03,Mumbai Junction 3,18:50,18:05,10,1,165,11
10992,992,12992,ER02,Kolkata Junction 2,21:01,21:06,4,2,1,12
10993,993,12993,EC01,Hajipur Junction 1,00:12,00:19,2,3,1263,13
10994,994,12994,EC08,Hajipur Junction 8,03:23,03:28,12,4,1159,14
10995,995,12995,EC07,Bhubaneswar Junction 7,06:34,06:49,8,5,344,15
10996,996,12996,NR06,New Delhi Junction 6,09:45,09:59,6,6,1681,16
10997,997,12997,NC05,Prayagraj Junction 5,12:56,12:08,14,7,1408,17
10998,998,12998,NE04,Gorakhpur Junction 4,15:07,15:16,7,1,982,18
10999,999,12999,NF03,Guwahati Junction 3,18:18,18:30,9,2,108,19
11000,1000,13000,NW02,Jaipur Junction 2,21:29,21:36,14,3,463,20
11001,1001,13001,SC01,Secunderabad Junction 1,00:40,00:48,13,4,638,21
11002,1002,13002,SC08,Secunderabad Junction 8,03:51,03:02,12,5,716,22
11003,1003,13003,SE07,Bilaspur Junction 7,06:02,06:16,8,6,651,23
11004,1004,13004,SE06,Kolkata Junction 6,09:13,09:18,5,7,1238,24
11005,1005,13005,SW05,Hubballi Junction 5,12:24,12:29,7,1,1563,25
11006,1006,13006,SR04,Chennai Junction 4,15:35,15:49,11,2,1162,26
11007,1007,13007,WC03,Jabalpur Junction 3,18:46,18:57,7,3,595,27
11008,1008,13008,WR02,Mumbai Junction 2,21:57,21:09,3,4,1991,28
11009,1009,13009,CR01,Mumbai Junction 1,00:08,00:16,13,5,217,29
11010,1010,13010,CR08,Mumbai Junction 8,03:19,03:27,7,6,784,30
11011,1011,13011,ER07,Kolkata Junction 7,06:30,06:39,11,7,2072,1
11012,1012,13012,EC06,Hajipur Junction 6,09:41,09:54,5,1,2153,2
11013,1013,13013,EC05,Bhubaneswar Junction 5,12:52,12:00,8,2,24,3
11014,1014,13014,NR04,New Delhi Junction 4,15:03,15:14,14,3,644,4
11015,1015,13015,NC03,Prayagraj Junction 3,18:14,18:28,3,4,2127,5
11016,1016,13016,NE02,Gorakhpur Junction 2,21:25,21:30,8,5,31,6
11017,1017,13017,NF01,Guwahati Junction 1,00:36,00:50,9,6,2135,7
11018,1018,13018,NF08,Guwahati Junction 8,03:47,03:54,2,7,1492,8
11019,1019,13019,NW07,Jaipur Junction 7,06:58,06:02,10,1,76,9
11020,1020,13020,SC06,Secunderabad Junction 6,09:09,09:13,10,2,1482,10
11021,1021,13021,SE05,Bilaspur Junction 5,12:20,12:24,4,3,1888,11
11022,1022,13022,SE04,Kolkata Junction 4,15:31,15:33,5,4,2134,12
11023,1023,13023,SW03,Hubballi Junction 3,18:42,18:51,2,5,1963,13
11024,1024,13024,SR02,Chennai Junction 2,21:53,21:59,12,6,1402,14
11025,1025,13025,WC01,Jabalpur Junction 1,00:04,00:11,7,7,1210,15
11026,1026,13026,WC08,Jabalpur Junction 8,03:15,03:22,4,1,1590,16
11027,1027,13027,WR07,Mumbai Junction 7,06:26,06:37,10,2,1631,17
11028,1028,13028,CR06,Mumbai Junction 6,09:37,09:46,14,3,1949,18
11029,1029,13029,ER05,Kolkata Junction 5,12:48,12:03,3,4,224,19
11030,1030,13030,EC04,Hajipur Junction 4,15:59,15:07,11,5,525,20
11031,1031,13031,EC03,Bhubaneswar Junction 3,18:10,18:13,2,6,1220,21
11032,1032,13032,NR02,New Delhi Junction 2,21:21,21:36,8,7,1614,22
11033,1033,13033,NC01,Prayagraj Junction 1,00:32,00:34,5,1,1496,23
11034,1034,13034,NC08,Prayagraj Junction 8,03:43,03:50,2,2,497,24
11035,1035,13035,NE07,Gorakhpur Junction 7,06:54,06:07,11,3,1780,25
11036,1036,13036,NF06,Guwahati Junction 6,09:05,09:11,15,4,2023,26
11037,1037,13037,NW05,Jaipur Junction 5,12:16,12:23,4,5,2115,27
11038,1038,13038,SC04,Secunderabad Junction 4,15:27,15:33,8,6,2049,28
11039,1039,13039,SE03,Bilaspur Junction 3,18:38,18:43,14,7,353,29
11040,1040,13040,SE02,Kolkata Junction 2,21:49,21:55,7,1,1062,30
11041,1041,13041,SW01,Hubballi Junction 1,00:00,00:05,14,2,1462,1
11042,1042,13042,SW08,Hubballi Junction 8,03:11,03:22,12,3,1402,2
11043,1043,13043,SR07,Chennai Junction 7,06:22,06:33,11,4,1585,3
11044,1044,13044,WC06,Jabalpur Junction 6,09:33,09:47,4,5,1137,4
11045,1045,13045,WR05,Mumbai Junction 5,12:44,12:48,4,6,2089,5
11046,1046,13046,CR04,Mumbai Junction 4,15:55,15:03,11,7,1603,6
11047,1047,13047,ER03,Kolkata Junction 3,18:06,18:08,8,1,396,7
11048,1048,13048,EC02,Hajipur Junction 2,21:17,21:23,4,2,1465,8
11049,1049,13049,EC01,Bhubaneswar Junction 1,00:28,00:31,8,3,672,9
11050,1050,13050,EC08,Bhubaneswar Junction 8,03:39,03:54,13,4,774,10
11051,1051,13051,NR07,New Delhi Junction 7,06:50,06:56,12,5,1389,11
11052,1052,13052,NC06,Prayagraj Junction 6,09:01,09:10,3,6,170,12
11053,1053,13053,NE05,Gorakhpur Junction 5,12:12,12:22,8,7,1825,13
11054,1054,13054,NF04,Guwahati Junction 4,15:23,15:25,4,1,1737,14
11055,1055,13055,NW03,Jaipur Junction 3,18:34,18:49,12,2,28,15
11056,1056,13056,SC02,Secunderabad Junction 2,21:45,21:47,14,3,1099,16
11057,1057,13057,SE01,Bilaspur Junction 1,00:56,00:04,15,4,545,17
11058,1058,13058,SE08,Bilaspur Junction 8,03:07,03:12,11,5,1989,18
11059,1059,13059,SE07,Kolkata Junction 7,06:18,06:25,4,6,123,19
11060,1060,13060,SW06,Hubballi Junction 6,09:29,09:31,7,7,1167,20
11061,1061,13061,SR05,Chennai Junction 5,12:40,12:48,5,1,1488,21
11062,1062,13062,WC04,Jabalpur Junction 4,15:51,15:05,5,2,1482,22
11063,1063,13063,WR03,Mumbai Junction 3,18:02,18:11,11,3,32,23
11064,1064,13064,CR02,Mumbai Junction 2,21:13,21:24,12,4,1493,24
11065,1065,13065,ER01,Kolkata Junction 1,00:24,00:37,12,5,2166,25
11066,1066,13066,ER08,Kolkata Junction 8,03:35,03:46,8,6,1835,26
11067,1067,13067,EC07,Hajipur Junction 7,06:46,06:57,9,7,1272,27
11068,1068,13068,EC06,Bhubaneswar Junction 6,09:57,09:03,10,1,1027,28
11069,1069,13069,NR05,New Delhi Junction 5,12:08,12:11,8,2,2089,29
11070,1070,13070,NC04,Prayagraj Junction 4,15:19,15:25,11,3,914,30
11071,1071,13071,NE03,Gorakhpur Junction 3,18:30,18:35,7,4,2110,1
11072,1072,13072,NF02,Guwahati Junction 2,21:41,21:44,11,5,1827,2
11073,1073,13073,NW01,Jaipur Junction 1,00:52,00:56,12,6,1400,3
11074,1074,13074,NW08,Jaipur Junction 8,03:03,03:09,4,7,2079,4
11075,1075,13075,SC07,Secunderabad Junction 7,06:14,06:18,15,1,1425,5
11076,1076,13076,SE06,Bilaspur Junction 6,09:25,09:38,6,2,64,6
11077,1077,13077,SE05,Kolkata Junction 5,12:36,12:47,7,3,1210,7
11078,1078,13078,SW04,Hubballi Junction 4,15:47,15:55,6,4,1581,8
11079,1079,13079,SR03,Chennai Junction 3,18:58,18:07,10,5,1478,9
11080,1080,13080,WC02,Jabalpur Junction 2,21:09,21:20,6,6,1687,10
11081,1081,13081,WR01,Mumbai Junction 1,00:20,00:25,15,7,1780,11
11082,1082,13082,WR08,Mumbai Junction 8,03:31,03:40,4,1,1988,12
11083,1083,13083,CR07,Mumbai Junction 7,06:42,06:51,13,2,60,13
11084,1084,13084,ER06,Kolkata Junction 6,09:53,09:59,6,3,1790,14
11085,1085,13085,EC05,Hajipur Junction 5,12:04,12:12,3,4,1353,15
11086,1086,13086,EC04,Bhubaneswar Junction 4,15:15,15:19,8,5,2183,16
11087,1087,13087,NR03,New Delhi Junction 3,18:26,18:34,8,6,88,17
11088,1088,13088,NC02,Prayagraj Junction 2,21:37,21:45,15,7,2092,18
11089,1089,13089,NE01,Gorakhpur Junction 1,00:48,00:03,7,1,143,19
11090,1090,13090,NE08,Gorakhpur Junction 8,03:59,03:04,4,2,171,20
11091,1091,13091,NF07,Guwahati Junction 7,06:10,06:21,9,3,1587,21
11092,1092,13092,NW06,Jaipur Junction 6,09:21,09:25,11,4,142,22
11093,1093,13093,SC05,Secunderabad Junction 5,12:32,12:44,13,5,557,23
11094,1094,13094,SE04,Bilaspur Junction 4,15:43,15:49,8,6,1274,24
11095,1095,13095,SE03,Kolkata Junction 3,18:54,18:03,3,7,833,25
11096,1096,13096,SW02,Hubballi Junction 2,21:05,21:14,10,1,1390,26
11097,1097,13097,SR01,Chennai Junction 1,00:16,00:27,8,2,1105,27
11098,1098,13098,SR08,Chennai Junction 8,03:27,03:33,5,3,684,28
11099,1099,13099,WC07,Jabalpur Junction 7,06:38,06:46,3,4,481,29
11100,1100,13100,WR06,Mumbai Junction 6,09:49,09:52,7,5,1090,30
11101,1101,13101,CR05,Mumbai Junction 5,12:00,12:04,3,6,1156,1
11102,1102,13102,ER04,Kolkata Junction 4,15:11,15:16,14,7,362,2
11103,1103,13103,EC03,Hajipur Junction 3,18:22,18:30,13,1,228,3
11104,1104,13104,EC02,Bhubaneswar Junction 2,21:33,21:41,8,2,1215,4
11105,1105,13105,NR01,New Delhi Junction 1,00:44,00:58,10,3,829,5
11106,1106,13106,NR08,New Delhi Junction 8,03:55,03:02,10,4,656,6
11107,1107,13107,NC07,Prayagraj Junction 7,06:06,06:17,7,5,132,7
11108,1108,13108,NE06,Gorakhpur Junction 6,09:17,09:26,5,6,788,8
11109,1109,13109,NF05,Guwahati Junction 5,12:28,12:34,3,7,636,9
11110,1110,13110,NW04,Jaipur Junction 4,15:39,15:53,6,1,1611,10
11111,1111,13111,SC03,Secunderabad Junction 3,18:50,18:57,2,2,1842,11
11112,1112,13112,SE02,Bilaspur Junction 2,21:01,21:15,5,3,375,12
11113,1113,13113,SE01,Kolkata Junction 1,00:12,00:27,3,4,1955,13
11114,1114,13114,SE08,Kolkata Junction 8,03:23,03:27,14,5,2052,14
11115,1115,13115,SW07,Hubballi Junction 7,06:34,06:39,5,6,233,15
11116,1116,13116,SR06,Chennai Junction 6,09:45,09:58,6,7,1414,16
11117,1117,13117,WC05,Jabalpur Junction 5,12:56,12:06,9,1,533,17
11118,1118,13118,WR04,Mumbai Junction 4,15:07,15:14,9,2,204,18
11119,1119,13119,CR03,Mumbai Junction 3,18:18,18:25,11,3,927,19
11120,1120,13120,ER02,Kolkata Junction 2,21:29,21:36,13,4,1176,20
11121,1121,13121,EC01,Hajipur Junction 1,00:40,00:52,2,5,2042,21
11122,1122,13122,EC08,Hajipur Junction 8,03:51,03:03,13,6,1522,22
11123,1123,13123,EC07,Bhubaneswar Junction 7,06:02,06:11,9,7,1373,23
11124,1124,13124,NR06,New Delhi Junction 6,09:13,09:21,12,1,741,24
11125,1125,13125,NC05,Prayagraj Junction 5,12:24,12:36,6,2,1046,25
11126,1126,13126,NE04,Gorakhpur Junction 4,15:35,15:37,14,3,1510,26
11127,1127,13127,NF03,Guwahati Junction 3,18:46,18:51,2,4,1874,27
11128,1128,13128,NW02,Jaipur Junction 2,21:57,21:59,8,5,68,28
11129,1129,13129,SC01,Secunderabad Junction 1,00:08,00:19,4,6,939,29
11130,1130,13130,SC08,Secunderabad Junction 8,03:19,03:28,7,7,1498,30
11131,1131,13131,SE07,Bilaspur Junction 7,06:30,06:39,7,1,708,1
11132,1132,13132,SE06,Kolkata Junction 6,09:41,09:48,6,2,1268,2
11133,1133,13133,SW05,Hubballi Junction 5,12:52,12:04,10,3,70,3
11134,1134,13134,SR04,Chennai Junction 4,15:03,15:16,13,4,1801,4
11135,1135,13135,WC03,Jabalpur Junction 3,18:14,18:16,13,5,1027,5
11136,1136,13136,WR02,Mumbai Junction 2,21:25,21:38,12,6,1935,6
11137,1137,13137,CR01,Mumbai Junction 1,00:36,00:39,9,7,1602,7
11138,1138,13138,CR08,Mumbai Junction 8,03:47,03:57,13,1,1599,8
11139,1139,13139,ER07,Kolkata Junction 7,06:58,06:00,4,2,1395,9
11140,1140,13140,EC06,Hajipur Junction 6,09:09,09:16,6,3,2007,10
11141,1141,13141,EC05,Bhubaneswar Junction 5,12:20,12:23,9,4,685,11
11142,1142,13142,NR04,New Delhi Junction 4,15:31,15:33,7,5,892,12
11143,1143,13143,NC03,Prayagraj Junction 3,18:42,18:50,4,6,1601,13
11144,1144,13144,NE02,Gorakhpur Junction 2,21:53,21:59,10,7,1198,14
11145,1145,13145,NF01,Guwahati Junction 1,00:04,00:13,9,1,662,15
11146,1146,13146,NF08,Guwahati Junction 8,03:15,03:23,9,2,40,16
11147,1147,13147,NW07,Jaipur Junction 7,06:26,06:38,8,3,644,17
11148,1148,13148,SC06,Secunderabad Junction 6,09:37,09:39,6,4,890,18
11149,1149,13149,SE05,Bilaspur Junction 5,12:48,12:01,11,5,920,19
11150,1150,13150,SE04,Kolkata Junction 4,15:59,15:02,5,6,2016,20
11151,1151,13151,SW03,Hubballi Junction 3,18:10,18:13,10,7,1137,21
11152,1152,13152,SR02,Chennai Junction 2,21:21,21:26,14,1,866,22
11153,1153,13153,WC01,Jabalpur Junction 1,00:32,00:43,3,2,2124,23
11154,1154,13154,WC08,Jabalpur Junction 8,03:43,03:45,6,3,2014,24
11155,1155,13155,WR07,Mumbai Junction 7,06:54,06:04,11,4,691,25
11156,1156,13156,CR06,Mumbai Junction 6,09:05,09:17,15,5,1368,26
11157,1157,13157,ER05,Kolkata Junction 5,12:16,12:21,14,6,9,27
11158,1158,13158,EC04,Hajipur Junction 4,15:27,15:41,2,7,127,28
11159,1159,13159,EC03,Bhubaneswar Junction 3,18:38,18:40,4,1,1600,29
11160,1160,13160,NR02,New Delhi Junction 2,21:49,21:56,3,2,750,30
11161,1161,13161,NC01,Prayagraj Junction 1,00:00,00:15,9,3,1604,1
11162,1162,13162,NC08,Prayagraj Junction 8,03:11,03:16,9,4,1754,2
11163,1163,13163,NE07,Gorakhpur Junction 7,06:22,06:33,2,5,1335,3
11164,1164,13164,NF06,Guwahati Junction 6,09:33,09:46,3,6,865,4
11165,1165,13165,NW05,Jaipur Junction 5,12:44,12:55,2,7,1563,5
11166,1166,13166,SC04,Secunderabad Junction 4,15:55,15:08,9,1,982,6
11167,1167,13167,SE03,Bilaspur Junction 3,18:06,18:09,12,2,2075,7
11168,1168,13168,SE02,Kolkata Junction 2,21:17,21:31,9,3,75,8
11169,1169,13169,SW01,Hubballi Junction 1,00:28,00:34,5,4,16,9
11170,1170,13170,SW08,Hubballi Junction 8,03:39,03:42,10,5,215,10
11171,1171,13171,SR07,Chennai Junction 7,06:50,06:52,15,6,1330,11
11172,1172,13172,WC06,Jabalpur Junction 6,09:01,09:14,5,7,802,12
11173,1173,13173,WR05,Mumbai Junction 5,12:12,12:22,11,1,810,13
11174,1174,13174,CR04,Mumbai Junction 4,15:23,15:37,11,2,485,14
11175,1175,13175,ER03,Kolkata Junction 3,18:34,18:37,2,3,1858,15
11176,1176,13176,EC02,Hajipur Junction 2,21:45,21:58,8,4,1589,16
11177,1177,13177,EC01,Bhubaneswar Junction 1,00:56,00:10,4,5,2157,17
11178,1178,13178,EC08,Bhubaneswar Junction 8,03:07,03:15,8,6,352,18
11179,1179,13179,NR07,New Delhi Junction 7,06:18,06:29,10,7,65,19
11180,1180,13180,NC06,Prayagraj Junction 6,09:29,09:40,3,1,608,20
11181,1181,13181,NE05,Gorakhpur Junction 5,12:40,12:50,12,2,295,21
11182,1182,13182,NF04,Guwahati Junction 4,15:51,15:59,5,3,1553,22
11183,1183,13183,NW03,Jaipur Junction 3,18:02,18:15,10,4,1748,23
11184,1184,13184,SC02,Secunderabad Junction 2,21:13,21:21,10,5,643,24
11185,1185,13185,SE01,Bilaspur Junction 1,00:24,00:39,4,6,2026,25
11186,1186,13186,SE08,Bilaspur Junction 8,03:35,03:47,15,7,1412,26
11187,1187,13187,SE07,Kolkata Junction 7,06:46,06:52,5,1,395,27
11188,1188,13188,SW06,Hubballi Junction 6,09:57,09:12,3,2,1782,28
11189,1189,13189,SR05,Chennai Junction 5,12:08,12:19,3,3,2014,29
11190,1190,13190,WC04,Jabalpur Junction 4,15:19,15:23,4,4,1196,30
11191,1191,13191,WR03,Mumbai Junction 3,18:30,18:33,3,5,1373,1
11192,1192,13192,CR02,Mumbai Junction 2,21:41,21:56,2,6,1403,2
11193,1193,13193,ER01,Kolkata Junction 1,00:52,00:02,2,7,329,3
11194,1194,13194,ER08,Kolkata Junction 8,03:03,03:11,11,1,488,4
11195,1195,13195,EC07,Hajipur Junction 7,06:14,06:22,8,2,1566,5
11196,1196,13196,EC06,Bhubaneswar Junction 6,09:25,09:30,11,3,1829,6
11197,1197,13197,NR05,New Delhi Junction 5,12:36,12:46,12,4,368,7
11198,1198,13198,NC04,Prayagraj Junction 4,15:47,15:01,6,5,435,8
11199,1199,13199,NE03,Gorakhpur Junction 3,18:58,18:07,7,6,1014,9
11200,1200,13200,NF02,Guwahati Junction 2,21:09,21:22,9,7,822,10
11201,1201,13201,NW01,Jaipur Junction 1,00:20,00:33,7,1,2108,11
11202,1202,13202,NW08,Jaipur Junction 8,03:31,03:46,8,2,1695,12
11203,1203,13203,SC07,Secunderabad Junction 7,06:42,06:53,14,3,1014,13
11204,1204,13204,SE06,Bilaspur Junction 6,09:53,09:00,5,4,1289,14
11205,1205,13205,SE05,Kolkata Junction 5,12:04,12:14,8,5,682,15
11206,1206,13206,SW04,Hubballi Junction 4,15:15,15:23,9,6,280,16
11207,1207,13207,SR03,Chennai Junction 3,18:26,18:37,13,7,708,17
11208,1208,13208,WC02,Jabalpur Junction 2,21:37,21:44,3,1,1280,18
11209,1209,13209,WR01,Mumbai Junction 1,00:48,00:55,13,2,1995,19
11210,1210,13210,WR08,Mumbai Junction 8,03:59,03:11,4,3,436,20
11211,1211,13211,CR07,Mumbai Junction 7,06:10,06:18,10,4,69,21
11212,1212,13212,ER06,Kolkata Junction 6,09:21,09:29,3,5,572,22
11213,1213,13213,EC05,Hajipur Junction 5,12:32,12:39,2,6,577,23
11214,1214,13214,EC04,Bhubaneswar Junction 4,15:43,15:53,15,7,1715,24
11215,1215,13215,NR03,New Delhi Junction 3,18:54,18:00,15,1,968,25
11216,1216,13216,NC02,Prayagraj Junction 2,21:05,21:11,13,2,878,26
11217,1217,13217,NE01,Gorakhpur Junction 1,00:16,00:28,4,3,731,27
11218,1218,13218,NE08,Gorakhpur Junction 8,03:27,03:42,5,4,1869,28
11219,1219,13219,NF07,Guwahati Junction 7,06:38,06:46,15,5,915,29
11220,1220,13220,NW06,Jaipur Junction 6,09:49,09:57,7,6,461,30
11221,1221,13221,SC05,Secunderabad Junction 5,12:00,12:13,10,7,1111,1
11222,1222,13222,SE04,Bilaspur Junction 4,15:11,15:18,12,1,765,2
11223,1223,13223,SE03,Kolkata Junction 3,18:22,18:27,3,2,1921,3
11224,1224,13224,SW02,Hubballi Junction 2,21:33,21:36,13,3,833,4
11225,1225,13225,SR01,Chennai Junction 1,00:44,00:46,14,4,1629,5
11226,1226,13226,SR08,Chennai Junction 8,03:55,03:07,9,5,1673,6
11227,1227,13227,WC07,Jabalpur Junction 7,06:06,06:09,5,6,1196,7
11228,1228,13228,WR06,Mumbai Junction 6,09:17,09:29,10,7,893,8
11229,1229,13229,CR05,Mumbai Junction 5,12:28,12:39,2,1,1118,9
11230,1230,13230,ER04,Kolkata Junction 4,15:39,15:46,8,2,288,10
11231,1231,13231,EC03,Hajipur Junction 3,18:50,18:04,13,3,2073,11
11232,1232,13232,EC02,Bhubaneswar Junction 2,21:01,21:14,11,4,632,12
11233,1233,13233,NR01,New Delhi Junction 1,00:12,00:15,10,5,2082,13
11234,1234,13234,NR08,New Delhi Junction 8,03:23,03:30,15,6,339,14
11235,1235,13235,NC07,Prayagraj Junction 7,06:34,06:39,11,7,1084,15
11236,1236,13236,NE06,Gorakhpur Junction 6,09:45,09:57,6,1,1704,16
11237,1237,13237,NF05,Guwahati Junction 5,12:56,12:02,4,2,1251,17
11238,1238,13238,NW04,Jaipur Junction 4,15:07,15:16,9,3,52,18
11239,1239,13239,SC03,Secunderabad Junction 3,18:18,18:25,3,4,1770,19
11240,1240,13240,SE02,Bilaspur Junction 2,21:29,21:32,15,5,125,20
11241,1241,13241,SE01,Kolkata Junction 1,00:40,00:50,6,6,243,21
11242,1242,13242,SE08,Kolkata Junction 8,03:51,03:58,2,7,1535,22
11243,1243,13243,SW07,Hubballi Junction 7,06:02,06:16,6,1,965,23
11244,1244,13244,SR06,Chennai Junction 6,09:13,09:16,8,2,2083,24
11245,1245,13245,WC05,Jabalpur Junction 5,12:24,12:33,14,3,1716,25
11246,1246,13246,WR04,Mumbai Junction 4,15:35,15:38,2,4,798,26
11247,1247,13247,CR03,Mumbai Junction 3,18:46,18:01,4,5,97,27
11248,1248,13248,ER02,Kolkata Junction 2,21:57,21:12,4,6,783,28
11249,1249,13249,EC01,Hajipur Junction 1,00:08,00:20,3,7,376,29
11250,1250,13250,EC08,Hajipur Junction 8,03:19,03:31,2,1,1565,30
11251,1251,13251,EC07,Bhubaneswar Junction 7,06:30,06:39,5,2,1349,1
11252,1252,13252,NR06,New Delhi Junction 6,09:41,09:47,15,3,913,2
11253,1253,13253,NC05,Prayagraj Junction 5,12:52,12:04,5,4,1833,3
11254,1254,13254,NE04,Gorakhpur Junction 4,15:03,15:09,9,5,1763,4
11255,1255,13255,NF03,Guwahati Junction 3,18:14,18:28,12,6,1468,5
11256,1256,13256,NW02,Jaipur Junction 2,21:25,21:36,7,7,1510,6
11257,1257,13257,SC01,Secunderabad Junction 1,00:36,00:46,9,1,689,7
11258,1258,13258,SC08,Secunderabad Junction 8,03:47,03:53,3,2,1585,8
11259,1259,13259,SE07,Bilaspur Junction 7,06:58,06:00,3,3,644,9
11260,1260,13260,SE06,Kolkata Junction 6,09:09,09:12,12,4,277,10
11261,1261,13261,SW05,Hubballi Junction 5,12:20,12:28,12,5,1295,11
11262,1262,13262,SR04,Chennai Junction 4,15:31,15:41,6,6,990,12
11263,1263,13263,WC03,Jabalpur Junction 3,18:42,18:54,8,7,1539,13
11264,1264,13264,WR02,Mumbai Junction 2,21:53,21:06,5,1,267,14
11265,1265,13265,CR01,Mumbai Junction 1,00:04,00:12,7,2,329,15
11266,1266,13266,CR08,Mumbai Junction 8,03:15,03:27,10,3,1447,16
11267,1267,13267,ER07,Kolkata Junction 7,06:26,06:37,8,4,1122,17
11268,1268,13268,EC06,Hajipur Junction 6,09:37,09:42,12,5,2082,18
11269,1269,13269,EC05,Bhubaneswar Junction 5,12:48,12:02,7,6,109,19
11270,1270,13270,NR04,New Delhi Junction 4,15:59,15:13,10,7,1711,20
11271,1271,13271,NC03,Prayagraj Junction 3,18:10,18:16,14,1,1844,21
11272,1272,13272,NE02,Gorakhpur Junction 2,21:21,21:23,9,2,1050,22
11273,1273,13273,NF01,Guwahati Junction 1,00:32,00:43,5,3,215,23
11274,1274,13274,NF08,Guwahati Junction 8,03:43,03:48,9,4,593,24
11275,1275,13275,NW07,Jaipur Junction 7,06:54,06:02,7,5,1527,25
11276,1276,13276,SC06,Secunderabad Junction 6,09:05,09:12,4,6,1394,26
11277,1277,13277,SE05,Bilaspur Junction 5,12:16,12:20,6,7,1554,27
11278,1278,13278,SE04,Kolkata Junction 4,15:27,15:32,2,1,793,28
11279,1279,13279,SW03,Hubballi Junction 3,18:38,18:45,11,2,1559,29
11280,1280,13280,SR02,Chennai Junction 2,21:49,21:51,12,3,1643,30
11281,1281,13281,WC01,Jabalpur Junction 1,00:00,00:04,6,4,1687,1
11282,1282,13282,WC08,Jabalpur Junction 8,03:11,03:21,6,5,1675,2
11283,1283,13283,WR07,Mumbai Junction 7,06:22,06:32,9,6,13,3
11284,1284,13284,CR06,Mumbai Junction 6,09:33,09:44,4,7,2023,4
11285,1285,13285,ER05,Kolkata Junction 5,12:44,12:48,2,1,827,5
11286,1286,13286,EC04,Hajipur Junction 4,15:55,15:01,6,2,2039,6
11287,1287,13287,EC03,Bhubaneswar Junction 3,18:06,18:11,13,3,357,7
11288,1288,13288,NR02,New Delhi Junction 2,21:17,21:27,3,4,504,8
11289,1289,13289,NC01,Prayagraj Junction 1,00:28,00:32,6,5,1011,9
11290,1290,13290,NC08,Prayagraj Junction 8,03:39,03:53,12,6,1536,10
11291,1291,13291,NE07,Gorakhpur Junction 7,06:50,06:58,5,7,652,11
11292,1292,13292,NF06,Guwahati Junction 6,09:01,09:04,11,1,1717,12
11293,1293,13293,NW05,Jaipur Junction 5,12:12,12:21,10,2,819,13
11294,1294,13294,SC04,Secunderabad Junction 4,15:23,15:38,14,3,894,14
11295,1295,13295,SE03,Bilaspur Junction 3,18:34,18:46,6,4,272,15
11296,1296,13296,SE02,Kolkata Junction 2,21:45,21:51,13,5,1060,16
11297,1297,13297,SW01,Hubballi Junction 1,00:56,00:10,6,6,1011,17
11298,1298,13298,SW08,Hubballi Junction 8,03:07,03:10,12,7,686,18
11299,1299,13299,SR07,Chennai Junction 7,06:18,06:21,5,1,1464,19
11300,1300,13300,WC06,Jabalpur Junction 6,09:29,09:42,15,2,518,20
11301,1301,13301,WR05,Mumbai Junction 5,12:40,12:50,8,3,1573,21
11302,1302,13302,CR04,Mumbai Junction 4,15:51,15:02,2,4,328,22
11303,1303,13303,ER03,Kolkata Junction 3,18:02,18:12,9,5,1948,23
11304,1304,13304,EC02,Hajipur Junction 2,21:13,21:26,2,6,1284,24
11305,1305,13305,EC01,Bhubaneswar Junction 1,00:24,00:31,8,7,142,25
11306,1306,13306,EC08,Bhubaneswar Junction 8,03:35,03:48,4,1,2083,26
11307,1307,13307,NR07,New Delhi Junction 7,06:46,06:01,13,2,258,27
11308,1308,13308,NC06,Prayagraj Junction 6,09:57,09:04,2,3,1345,28
11309,1309,13309,NE05,Gorakhpur Junction 5,12:08,12:22,9,4,50,29
11310,1310,13310,NF04,Guwahati Junction 4,15:19,15:25,4,5,957,30
11311,1311,13311,NW03,Jaipur Junction 3,18:30,18:37,13,6,486,1
11312,1312,13312,SC02,Secunderabad Junction 2,21:41,21:47,5,7,1957,2
11313,1313,13313,SE01,Bilaspur Junction 1,00:52,00:58,15,1,1465,3
11314,1314,13314,SE08,Bilaspur Junction 8,03:03,03:09,10,2,270,4
11315,1315,13315,SE07,Kolkata Junction 7,06:14,06:28,15,3,646,5
11316,1316,13316,SW06,Hubballi Junction 6,09:25,09:29,7,4,1697,6
11317,1317,13317,SR05,Chennai Junction 5,12:36,12:46,2,5,18,7
11318,1318,13318,WC04,Jabalpur Junction 4,15:47,15:52,12,6,572,8
11319,1319,13319,WR03,Mumbai Junction 3,18:58,18:12,6,7,1963,9
11320,1320,13320,CR02,Mumbai Junction 2,21:09,21:23,12,1,385,10
11321,1321,13321,ER01,Kolkata Junction 1,00:20,00:23,4,2,1392,11
11322,1322,13322,ER08,Kolkata Junction 8,03:31,03:42,15,3,2095,12
11323,1323,13323,EC07,Hajipur Junction 7,06:42,06:48,7,4,1699,13
11324,1324,13324,EC06,Bhubaneswar Junction 6,09:53,09:05,6,5,68,14
11325,1325,13325,NR05,New Delhi Junction 5,12:04,12:07,13,6,766,15
11326,1326,13326,NC04,Prayagraj Junction 4,15:15,15:27,13,7,1972,16
11327,1327,13327,NE03,Gorakhpur Junction 3,18:26,18:34,10,1,430,17
11328,1328,13328,NF02,Guwahati Junction 2,21:37,21:52,14,2,857,18
11329,1329,13329,NW01,Jaipur Junction 1,00:48,00:55,12,3,911,19
11330,1330,13330,NW08,Jaipur Junction 8,03:59,03:11,3,4,590,20
11331,1331,13331,SC07,Secunderabad Junction 7,06:10,06:22,14,5,57,21
11332,1332,13332,SE06,Bilaspur Junction 6,09:21,09:33,2,6,1905,22
11333,1333,13333,SE05,Kolkata Junction 5,12:32,12:37,7,7,1577,23
11334,1334,13334,SW04,Hubballi Junction 4,15:43,15:56,7,1,692,24
11335,1335,13335,SR03,Chennai Junction 3,18:54,18:09,15,2,1152,25
11336,1336,13336,WC02,Jabalpur Junction 2,21:05,21:07,15,3,1362,26
11337,1337,13337,WR01,Mumbai Junction 1,00:16,00:25,3,4,2185,27
11338,1338,13338,WR08,Mumbai Junction 8,03:27,03:39,5,5,800,28
11339,1339,13339,CR07,Mumbai Junction 7,06:38,06:44,14,6,1046,29
11340,1340,13340,ER06,Kolkata Junction 6,09:49,09:03,11,7,809,30
11341,1341,13341,EC05,Hajipur Junction 5,12:00,12:07,13,1,1098,1
11342,1342,13342,EC04,Bhubaneswar Junction 4,15:11,15:22,3,2,938,2
11343,1343,13343,NR03,New Delhi Junction 3,18:22,18:32,6,3,1865,3
11344,1344,13344,NC02,Prayagraj Junction 2,21:33,21:37,13,4,139,4
11345,1345,13345,NE01,Gorakhpur Junction 1,00:44,00:51,9,5,557,5
11346,1346,13346,NE08,Gorakhpur Junction 8,03:55,03:04,14,6,976,6
11347,1347,13347,NF07,Guwahati Junction 7,06:06,06:15,15,7,2032,7
11348,1348,13348,NW06,Jaipur Junction 6,09:17,09:19,12,1,1870,8
11349,1349,13349,SC05,Secunderabad Junction 5,12:28,12:43,13,2,181,9
11350,1350,13350,SE04,Bilaspur Junction 4,15:39,15:51,13,3,1154,10
11351,1351,13351,SE03,Kolkata Junction 3,18:50,18:52,4,4,605,11
11352,1352,13352,SW02,Hubballi Junction 2,21:01,21:15,3,5,1638,12
11353,1353,13353,SR01,Chennai Junction 1,00:12,00:16,13,6,24,13
11354,1354,13354,SR08,Chennai Junction 8,03:23,03:28,3,7,1219,14
11355,1355,13355,WC07,Jabalpur Junction 7,06:34,06:46,7,1,1173,15
11356,1356,13356,WR06,Mumbai Junction 6,09:45,09:55,8,2,1655,16
11357,1357,13357,CR05,Mumbai Junction 5,12:56,12:01,4,3,412,17
11358,1358,13358,ER04,Kolkata Junction 4,15:07,15:11,2,4,95,18
11359,1359,13359,EC03,Hajipur Junction 3,18:18,18:20,4,5,1395,19
11360,1360,13360,EC02,Bhubaneswar Junction 2,21:29,21:34,10,6,159,20
11361,1361,13361,NR01,New Delhi Junction 1,00:40,00:53,6,7,970,21
11362,1362,13362,NR08,New Delhi Junction 8,03:51,03:02,15,1,1744,22
11363,1363,13363,NC07,Prayagraj Junction 7,06:02,06:09,6,2,744,23
11364,1364,13364,NE06,Gorakhpur Junction 6,09:13,09:16,6,3,1670,24
11365,1365,13365,NF05,Guwahati Junction 5,12:24,12:29,7,4,152,25
11366,1366,13366,NW04,Jaipur Junction 4,15:35,15:40,2,5,1035,26
11367,1367,13367,SC03,Secunderabad Junction 3,18:46,18:52,15,6,1297,27
11368,1368,13368,SE02,Bilaspur Junction 2,21:57,21:04,9,7,2110,28
11369,1369,13369,SE01,Kolkata Junction 1,00:08,00:12,5,1,1199,29
11370,1370,13370,SE08,Kolkata Junction 8,03:19,03:22,9,2,345,30
11371,1371,13371,SW07,Hubballi Junction 7,06:30,06:44,12,3,107,1
11372,1372,13372,SR06,Chennai Junction 6,09:41,09:50,4,4,1280,2
11373,1373,13373,WC05,Jabalpur Junction 5,12:52,12:01,15,5,390,3
11374,1374,13374,WR04,Mumbai Junction 4,15:03,15:12,15,6,257,4
11375,1375,13375,CR03,Mumbai Junction 3,18:14,18:19,12,7,237,5
11376,1376,13376,ER02,Kolkata Junction 2,21:25,21:29,15,1,1279,6
11377,1377,13377,EC01,Hajipur Junction 1,00:36,00:38,13,2,1151,7
11378,1378,13378,EC08,Hajipur Junction 8,03:47,03:55,15,3,691,8
11379,1379,13379,EC07,Bhubaneswar Junction 7,06:58,06:05,10,4,531,9
11380,1380,13380,NR06,New Delhi Junction 6,09:09,09:12,3,5,676,10
11381,1381,13381,NC05,Prayagraj Junction 5,12:20,12:23,9,6,2185,11
11382,1382,13382,NE04,Gorakhpur Junction 4,15:31,15:36,2,7,86,12
11383,1383,13383,NF03,Guwahati Junction 3,18:42,18:46,10,1,1035,13
11384,1384,13384,NW02,Jaipur Junction 2,21:53,21:00,12,2,859,14
11385,1385,13385,SC01,Secunderabad Junction 1,00:04,00:14,15,3,372,15
11386,1386,13386,SC08,Secunderabad Junction 8,03:15,03:18,5,4,339,16
11387,1387,13387,SE07,Bilaspur Junction 7,06:26,06:39,14,5,1231,17
11388,1388,13388,SE06,Kolkata Junction 6,09:37,09:40,13,6,2018,18
11389,1389,13389,SW05,Hubballi Junction 5,12:48,12:55,11,7,1338,19
11390,1390,13390,SR04,Chennai Junction 4,15:59,15:08,6,1,612,20
11391,1391,13391,WC03,Jabalpur Junction 3,18:10,18:15,7,2,1671,21
11392,1392,13392,WR02,Mumbai Junction 2,21:21,21:34,3,3,126,22
11393,1393,13393,CR01,Mumbai Junction 1,00:32,00:40,12,4,1234,23
11394,1394,13394,CR08,Mumbai Junction 8,03:43,03:56,11,5,1553,24
11395,1395,13395,ER07,Kolkata Junction 7,06:54,06:03,2,6,395,25
11396,1396,13396,EC06,Hajipur Junction 6,09:05,09:17,6,7,1590,26
11397,1397,13397,EC05,Bhubaneswar Junction 5,12:16,12:22,2,1,1487,27
11398,1398,13398,NR04,New Delhi Junction 4,15:27,15:41,8,2,290,28
11399,1399,13399,NC03,Prayagraj Junction 3,18:38,18:45,15,3,700,29
11400,1400,13400,NE02,Gorakhpur Junction 2,21:49,21:51,12,4,523,30
11401,1401,13401,NF01,Guwahati Junction 1,00:00,00:02,11,5,744,1
11402,1402,13402,NF08,Guwahati Junction 8,03:11,03:14,2,6,406,2
11403,1403,13403,NW07,Jaipur Junction 7,06:22,06:26,2,7,815,3
11404,1404,13404,SC06,Secunderabad Junction 6,09:33,09:46,7,1,82,4
11405,1405,13405,SE05,Bilaspur Junction 5,12:44,12:58,10,2,2121,5
11406,1406,13406,SE04,Kolkata Junction 4,15:55,15:05,8,3,1124,6
11407,1407,13407,SW03,Hubballi Junction 3,18:06,18:08,7,4,972,7
11408,1408,13408,SR02,Chennai Junction 2,21:17,21:23,13,5,2105,8
11409,1409,13409,WC01,Jabalpur Junction 1,00:28,00:36,12,6,490,9
11410,1410,13410,WC08,Jabalpur Junction 8,03:39,03:53,11,7,1614,10
11411,1411,13411,WR07,Mumbai Junction 7,06:50,06:00,13,1,1175,11
11412,1412,13412,CR06,Mumbai Junction 6,09:01,09:16,11,2,998,12
11413,1413,13413,ER05,Kolkata Junction 5,12:12,12:16,14,3,123,13
11414,1414,13414,EC04,Hajipur Junction 4,15:23,15:25,2,4,237,14
11415,1415,13415,EC03,Bhubaneswar Junction 3,18:34,18:39,8,5,608,15
11416,1416,13416,NR02,New Delhi Junction 2,21:45,21:53,8,6,964,16
11417,1417,13417,NC01,Prayagraj Junction 1,00:56,00:58,9,7,659,17
11418,1418,13418,NC08,Prayagraj Junction 8,03:07,03:16,2,1,1915,18
11419,1419,13419,NE07,Gorakhpur Junction 7,06:18,06:30,6,2,791,19
11420,1420,13420,NF06,Guwahati Junction 6,09:29,09:35,15,3,1544,20
11421,1421,13421,NW05,Jaipur Junction 5,12:40,12:48,11,4,141,21
11422,1422,13422,SC04,Secunderabad Junction 4,15:51,15:04,10,5,680,22
11423,1423,13423,SE03,Bilaspur Junction 3,18:02,18:13,2,6,1078,23
11424,1424,13424,SE02,Kolkata Junction 2,21:13,21:28,12,7,97,24
11425,1425,13425,SW01,Hubballi Junction 1,00:24,00:34,11,1,1158,25
11426,1426,13426,SW08,Hubballi Junction 8,03:35,03:41,11,2,931,26
11427,1427,13427,SR07,Chennai Junction 7,06:46,06:01,13,3,2000,27
11428,1428,13428,WC06,Jabalpur Junction 6,09:57,09:04,11,4,317,28
11429,1429,13429,WR05,Mumbai Junction 5,12:08,12:20,12,5,1705,29
11430,1430,13430,CR04,Mumbai Junction 4,15:19,15:21,8,6,604,30
11431,1431,13431,ER03,Kolkata Junction 3,18:30,18:44,9,7,1345,1
11432,1432,13432,EC02,Hajipur Junction 2,21:41,21:49,3,1,1364,2
11433,1433,13433,EC01,Bhubaneswar Junction 1,00:52,00:02,7,2,1384,3
11434,1434,13434,EC08,Bhubaneswar Junction 8,03:03,03:10,11,3,767,4
11435,1435,13435,NR07,New Delhi Junction 7,06:14,06:26,14,4,1065,5
11436,1436,13436,NC06,Prayagraj Junction 6,09:25,09:27,11,5,2067,6
11437,1437,13437,NE05,Gorakhpur Junction 5,12:36,12:47,7,6,1241,7
11438,1438,13438,NF04,Guwahati Junction 4,15:47,15:54,12,7,1596,8
11439,1439,13439,NW03,Jaipur Junction 3,18:58,18:08,7,1,379,9
11440,1440,13440,SC02,Secunderabad Junction 2,21:09,21:19,6,2,1987,10
11441,1441,13441,SE01,Bilaspur Junction 1,00:20,00:22,13,3,1715,11
11442,1442,13442,SE08,Bilaspur Junction 8,03:31,03:40,15,4,1576,12
11443,1443,13443,SE07,Kolkata Junction 7,06:42,06:44,7,5,1848,13
11444,1444,13444,SW06,Hubballi Junction 6,09:53,09:05,4,6,374,14
11445,1445,13445,SR05,Chennai Junction 5,12:04,12:18,2,7,2089,15
11446,1446,13446,WC04,Jabalpur Junction 4,15:15,15:24,13,1,473,16
11447,1447,13447,WR03,Mumbai Junction 3,18:26,18:32,12,2,357,17
11448,1448,13448,CR02,Mumbai Junction 2,21:37,21:40,10,3,18,18
11449,1449,13449,ER01,Kolkata Junction 1,00:48,00:03,11,4,1570,19
11450,1450,13450,ER08,Kolkata Junction 8,03:59,03:08,10,5,2094,20
11451,1451,13451,EC07,Hajipur Junction 7,06:10,06:12,5,6,1533,21
11452,1452,13452,EC06,Bhubaneswar Junction 6,09:21,09:24,5,7,50,22
11453,1453,13453,NR05,New Delhi Junction 5,12:32,12:34,8,1,1452,23
11454,1454,13454,NC04,Prayagraj Junction 4,15:43,15:46,15,2,1706,24
11455,1455,13455,NE03,Gorakhpur Junction 3,18:54,18:05,3,3,1141,25
11456,1456,13456,NF02,Guwahati Junction 2,21:05,21:19,5,4,1189,26
11457,1457,13457,NW01,Jaipur Junction 1,00:16,00:25,11,5,2020,27
11458,1458,13458,NW08,Jaipur Junction 8,03:27,03:30,2,6,196,28
11459,1459,13459,SC07,Secunderabad Junction 7,06:38,06:43,6,7,1932,29
11460,1460,13460,SE06,Bilaspur Junction 6,09:49,09:58,12,1,1266,30
11461,1461,13461,SE05,Kolkata Junction 5,12:00,12:15,6,2,1471,1
11462,1462,13462,SW04,Hubballi Junction 4,15:11,15:16,5,3,2159,2
11463,1463,13463,SR03,Chennai Junction 3,18:22,18:24,5,4,849,3
11464,1464,13464,WC02,Jabalpur Junction 2,21:33,21:36,12,5,790,4
11465,1465,13465,WR01,Mumbai Junction 1,00:44,00:52,6,6,1962,5
11466,1466,13466,WR08,Mumbai Junction 8,03:55,03:02,13,7,1372,6
11467,1467,13467,CR07,Mumbai Junction 7,06:06,06:21,10,1,2168,7
11468,1468,13468,ER06,Kolkata Junction 6,09:17,09:28,2,2,344,8
11469,1469,13469,EC05,Hajipur Junction 5,12:28,12:41,2,3,418,9
11470,1470,13470,EC04,Bhubaneswar Junction 4,15:39,15:52,6,4,477,10
11471,1471,13471,NR03,New Delhi Junction 3,18:50,18:54,6,5,1843,11
11472,1472,13472,NC02,Prayagraj Junction 2,21:01,21:09,15,6,1575,12
11473,1473,13473,NE01,Gorakhpur Junction 1,00:12,00:17,4,7,2076,13
11474,1474,13474,NE08,Gorakhpur Junction 8,03:23,03:37,3,1,707,14
11475,1475,13475,NF07,Guwahati Junction 7,06:34,06:46,15,2,1988,15
11476,1476,13476,NW06,Jaipur Junction 6,09:45,09:50,14,3,1596,16
11477,1477,13477,SC05,Secunderabad Junction 5,12:56,12:04,7,4,1788,17
11478,1478,13478,SE04,Bilaspur Junction 4,15:07,15:20,14,5,1017,18
11479,1479,13479,SE03,Kolkata Junction 3,18:18,18:23,14,6,666,19
11480,1480,13480,SW02,Hubballi Junction 2,21:29,21:41,9,7,1289,20
11481,1481,13481,SR01,Chennai Junction 1,00:40,00:44,5,1,1435,21
11482,1482,13482,SR08,Chennai Junction 8,03:51,03:56,11,2,2181,22
11483,1483,13483,WC07,Jabalpur Junction 7,06:02,06:05,14,3,377,23
11484,1484,13484,WR06,Mumbai Junction 6,09:13,09:16,13,4,448,24
11485,1485,13485,CR05,Mumbai Junction 5,12:24,12:35,3,5,190,25
11486,1486,13486,ER04,Kolkata Junction 4,15:35,15:39,9,6,638,26
11487,1487,13487,EC03,Hajipur Junction 3,18:46,18:51,13,7,382,27
11488,1488,13488,EC02,Bhubaneswar Junction 2,21:57,21:00,3,1,1940,28
11489,1489,13489,NR01,New Delhi Junction 1,00:08,00:16,15,2,1775,29
11490,1490,13490,NR08,New Delhi Junction 8,03:19,03:24,13,3,1003,30
11491,1491,13491,NC07,Prayagraj Junction 7,06:30,06:39,9,4,1668,1
11492,1492,13492,NE06,Gorakhpur Junction 6,09:41,09:45,2,5,1609,2
11493,1493,13493,NF05,Guwahati Junction 5,12:52,12:07,10,6,258,3
11494,1494,13494,NW04,Jaipur Junction 4,15:03,15:06,9,7,1971,4
11495,1495,13495,SC03,Secunderabad Junction 3,18:14,18:24,6,1,1365,5
11496,1496,13496,SE02,Bilaspur Junction 2,21:25,21:29,8,2,2160,6
11497,1497,13497,SE01,Kolkata Junction 1,00:36,00:46,3,3,443,7
11498,1498,13498,SE08,Kolkata Junction 8,03:47,03:49,7,4,522,8
11499,1499,13499,SW07,Hubballi Junction 7,06:58,06:13,6,5,76,9
11500,1500,13500,SR06,Chennai Junction 6,09:09,09:17,12,6,1507,10
11501,1501,13501,WC05,Jabalpur Junction 5,12:20,12:35,7,7,1150,11
11502,1502,13502,WR04,Mumbai Junction 4,15:31,15:40,2,1,12,12
11503,1503,13503,CR03,Mumbai Junction 3,18:42,18:55,7,2,1514,13
11504,1504,13504,ER02,Kolkata Junction 2,21:53,21:08,5,3,1704,14
11505,1505,13505,EC01,Hajipur Junction 1,00:04,00:08,12,4,351,15
11506,1506,13506,EC08,Hajipur Junction 8,03:15,03:21,8,5,1073,16
11507,1507,13507,EC07,Bhubaneswar Junction 7,06:26,06:28,13,6,13,17
11508,1508,13508,NR06,New Delhi Junction 6,09:37,09:51,4,7,1563,18
11509,1509,13509,NC05,Prayagraj Junction 5,12:48,12:59,8,1,1182,19
11510,1510,13510,NE04,Gorakhpur Junction 4,15:59,15:02,14,2,262,20
11511,1511,13511,NF03,Guwahati Junction 3,18:10,18:21,2,3,1640,21
11512,1512,13512,NW02,Jaipur Junction 2,21:21,21:28,8,4,51,22
11513,1513,13513,SC01,Secunderabad Junction 1,00:32,00:37,8,5,1578,23
11514,1514,13514,SC08,Secunderabad Junction 8,03:43,03:53,5,6,1310,24
11515,1515,13515,SE07,Bilaspur Junction 7,06:54,06:59,9,7,1188,25
11516,1516,13516,SE06,Kolkata Junction 6,09:05,09:10,4,1,1142,26
11517,1517,13517,SW05,Hubballi Junction 5,12:16,12:26,15,2,1090,27
11518,1518,13518,SR04,Chennai Junction 4,15:27,15:35,8,3,1923,28
11519,1519,13519,WC03,Jabalpur Junction 3,18:38,18:44,7,4,811,29
11520,1520,13520,WR02,Mumbai Junction 2,21:49,21:59,11,5,1060,30
11521,1521,13521,CR01,Mumbai Junction 1,00:00,00:05,11,6,605,1
11522,1522,13522,CR08,Mumbai Junction 8,03:11,03:25,10,7,969,2
11523,1523,13523,ER07,Kolkata Junction 7,06:22,06:27,12,1,1341,3
11524,1524,13524,EC06,Hajipur Junction 6,09:33,09:47,11,2,1736,4
11525,1525,13525,EC05,Bhubaneswar Junction 5,12:44,12:47,2,3,1448,5
11526,1526,13526,NR04,New Delhi Junction 4,15:55,15:57,14,4,1942,6
11527,1527,13527,NC03,Prayagraj Junction 3,18:06,18:16,12,5,928,7
11528,1528,13528,NE02,Gorakhpur Junction 2,21:17,21:32,2,6,643,8
11529,1529,13529,NF01,Guwahati Junction 1,00:28,00:39,13,7,532,9
11530,1530,13530,NF08,Guwahati Junction 8,03:39,03:52,8,1,1886,10
11531,1531,13531,NW07,Jaipur Junction 7,06:50,06:55,11,2,456,11
11532,1532,13532,SC06,Secunderabad Junction 6,09:01,09:04,11,3,1498,12
11533,1533,13533,SE05,Bilaspur Junction 5,12:12,12:18,10,4,2071,13
11534,1534,13534,SE04,Kolkata Junction 4,15:23,15:29,9,5,458,14
11535,1535,13535,SW03,Hubballi Junction 3,18:34,18:43,14,6,1398,15
11536,1536,13536,SR02,Chennai Junction 2,21:45,21:48,12,7,928,16
11537,1537,13537,WC01,Jabalpur Junction 1,00:56,00:58,10,1,658,17
11538,1538,13538,WC08,Jabalpur Junction 8,03:07,03:22,15,2,1476,18
11539,1539,13539,WR07,Mumbai Junction 7,06:18,06:28,6,3,155,19
11540,1540,13540,CR06,Mumbai Junction 6,09:29,09:31,8,4,698,20
11541,1541,13541,ER05,Kolkata Junction 5,12:40,12:55,6,5,472,21
11542,1542,13542,EC04,Hajipur Junction 4,15:51,15:04,13,6,828,22
11543,1543,13543,EC03,Bhubaneswar Junction 3,18:02,18:05,3,7,1146,23
11544,1544,13544,NR02,New Delhi Junction 2,21:13,21:27,7,1,39,24
11545,1545,13545,NC01,Prayagraj Junction 1,00:24,00:31,2,2,931,25
11546,1546,13546,NC08,Prayagraj Junction 8,03:35,03:43,12,3,152,26
11547,1547,13547,NE07,Gorakhpur Junction 7,06:46,06:54,4,4,1026,27
11548,1548,13548,NF06,Guwahati Junction 6,09:57,09:12,12,5,1857,28
11549,1549,13549,NW05,Jaipur Junction 5,12:08,12:10,12,6,1905,29
11550,1550,13550,SC04,Secunderabad Junction 4,15:19,15:30,12,7,105,30
11551,1551,13551,SE03,Bilaspur Junction 3,18:30,18:42,13,1,507,1
11552,1552,13552,SE02,Kolkata Junction 2,21:41,21:49,7,2,216,2
11553,1553,13553,SW01,Hubballi Junction 1,00:52,00:55,6,3,240,3
11554,1554,13554,SW08,Hubballi Junction 8,03:03,03:12,2,4,30,4
11555,1555,13555,SR07,Chennai Junction 7,06:14,06:24,5,5,831,5
11556,1556,13556,WC06,Jabalpur Junction 6,09:25,09:31,8,6,1020,6
11557,1557,13557,WR05,Mumbai Junction 5,12:36,12:39,2,7,974,7
11558,1558,13558,CR04,Mumbai Junction 4,15:47,15:56,12,1,434,8
11559,1559,13559,ER03,Kolkata Junction 3,18:58,18:01,10,2,1985,9
11560,1560,13560,EC02,Hajipur Junction 2,21:09,21:14,3,3,885,10
11561,1561,13561,EC01,Bhubaneswar Junction 1,00:20,00:29,10,4,248,11
11562,1562,13562,EC08,Bhubaneswar Junction 8,03:31,03:42,6,5,67,12
11563,1563,13563,NR07,New Delhi Junction 7,06:42,06:56,9,6,671,13
11564,1564,13564,NC06,Prayagraj Junction 6,09:53,09:06,13,7,454,14
11565,1565,13565,NE05,Gorakhpur Junction 5,12:04,12:19,9,1,577,15
11566,1566,13566,NF04,Guwahati Junction 4,15:15,15:23,4,2,1869,16
11567,1567,13567,NW03,Jaipur Junction 3,18:26,18:31,8,3,150,17
11568,1568,13568,SC02,Secunderabad Junction 2,21:37,21:52,6,4,1435,18
11569,1569,13569,SE01,Bilaspur Junction 1,00:48,00:54,9,5,1232,19
11570,1570,13570,SE08,Bilaspur Junction 8,03:59,03:05,8,6,1312,20
11571,1571,13571,SE07,Kolkata Junction 7,06:10,06:15,3,7,392,21
11572,1572,13572,SW06,Hubballi Junction 6,09:21,09:28,4,1,625,22
11573,1573,13573,SR05,Chennai Junction 5,12:32,12:43,11,2,2075,23
11574,1574,13574,WC04,Jabalpur Junction 4,15:43,15:55,7,3,2042,24
11575,1575,13575,WR03,Mumbai Junction 3,18:54,18:08,5,4,377,25
11576,1576,13576,CR02,Mumbai Junction 2,21:05,21:19,14,5,1861,26
11577,1577,13577,ER01,Kolkata Junction 1,00:16,00:24,14,6,1691,27
11578,1578,13578,ER08,Kolkata Junction 8,03:27,03:39,10,7,588,28
11579,1579,13579,EC07,Hajipur Junction 7,06:38,06:50,14,1,1945,29
11580,1580,13580,EC06,Bhubaneswar Junction 6,09:49,09:59,2,2,1629,30
11581,1581,13581,NR05,New Delhi Junction 5,12:00,12:05,4,3,172,1
11582,1582,13582,NC04,Prayagraj Junction 4,15:11,15:15,8,4,609,2
11583,1583,13583,NE03,Gorakhpur Junction 3,18:22,18:29,9,5,1159,3
11584,1584,13584,NF02,Guwahati Junction 2,21:33,21:40,8,6,1952,4
11585,1585,13585,NW01,Jaipur Junction 1,00:44,00:49,2,7,1760,5
11586,1586,13586,NW08,Jaipur Junction 8,03:55,03:58,12,1,715,6
11587,1587,13587,SC07,Secunderabad Junction 7,06:06,06:19,4,2,361,7
11588,1588,13588,SE06,Bilaspur Junction 6,09:17,09:24,7,3,1578,8
11589,1589,13589,SE05,Kolkata Junction 5,12:28,12:39,15,4,1489,9
11590,1590,13590,SW04,Hubballi Junction 4,15:39,15:43,3,5,585,10
11591,1591,13591,SR03,Chennai Junction 3,18:50,18:05,12,6,1630,11
11592,1592,13592,WC02,Jabalpur Junction 2,21:01,21:06,8,7,1548,12
11593,1593,13593,WR01,Mumbai Junction 1,00:12,00:27,10,1,46,13
11594,1594,13594,WR08,Mumbai Junction 8,03:23,03:36,15,2,73,14
11595,1595,13595,CR07,Mumbai Junction 7,06:34,06:41,15,3,2097,15
11596,1596,13596,ER06,Kolkata Junction 6,09:45,09:00,15,4,49,16
11597,1597,13597,EC05,Hajipur Junction 5,12:56,12:00,8,5,1327,17
11598,1598,13598,EC04,Bhubaneswar Junction 4,15:07,15:14,5,6,559,18
11599,1599,13599,NR03,New Delhi Junction 3,18:18,18:28,15,7,1817,19
11600,1600,13600,NC02,Prayagraj Junction 2,21:29,21:33,4,1,579,20
11601,1601,13601,NE01,Gorakhpur Junction 1,00:40,00:52,2,2,1549,21
11602,1602,13602,NE08,Gorakhpur Junction 8,03:51,03:01,11,3,1893,22
11603,1603,13603,NF07,Guwahati Junction 7,06:02,06:12,10,4,1056,23
11604,1604,13604,NW06,Jaipur Junction 6,09:13,09:24,7,5,145,24
11605,1605,13605,SC05,Secunderabad Junction 5,12:24,12:26,12,6,1402,25
11606,1606,13606,SE04,Bilaspur Junction 4,15:35,15:42,12,7,1042,26
11607,1607,13607,SE03,Kolkata Junction 3,18:46,18:51,10,1,831,27
11608,1608,13608,SW02,Hubballi Junction 2,21:57,21:12,12,2,1646,28
11609,1609,13609,SR01,Chennai Junction 1,00:08,00:19,11,3,1700,29
11610,1610,13610,SR08,Chennai Junction 8,03:19,03:27,13,4,75,30
11611,1611,13611,WC07,Jabalpur Junction 7,06:30,06:41,9,5,18,1
11612,1612,13612,WR06,Mumbai Junction 6,09:41,09:52,2,6,1549,2
11613,1613,13613,CR05,Mumbai Junction 5,12:52,12:01,10,7,1341,3
11614,1614,13614,ER04,Kolkata Junction 4,15:03,15:09,10,1,486,4
11615,1615,13615,EC03,Hajipur Junction 3,18:14,18:26,3,2,311,5
11616,1616,13616,EC02,Bhubaneswar Junction 2,21:25,21:36,2,3,2135,6
11617,1617,13617,NR01,New Delhi Junction 1,00:36,00:38,9,4,2165,7
11618,1618,13618,NR08,New Delhi Junction 8,03:47,03:58,10,5,1523,8
11619,1619,13619,NC07,Prayagraj Junction 7,06:58,06:09,4,6,679,9
11620,1620,13620,NE06,Gorakhpur Junction 6,09:09,09:13,4,7,457,10
11621,1621,13621,NF05,Guwahati Junction 5,12:20,12:30,15,1,1229,11
11622,1622,13622,NW04,Jaipur Junction 4,15:31,15:33,11,2,1190,12
11623,1623,13623,SC03,Secunderabad Junction 3,18:42,18:54,7,3,943,13
11624,1624,13624,SE02,Bilaspur Junction 2,21:53,21:04,11,4,485,14
11625,1625,13625,SE01,Kolkata Junction 1,00:04,00:14,15,5,142,15
11626,1626,13626,SE08,Kolkata Junction 8,03:15,03:21,9,6,2037,16
11627,1627,13627,SW07,Hubballi Junction 7,06:26,06:41,10,7,1203,17
11628,1628,13628,SR06,Chennai Junction 6,09:37,09:44,8,1,1614,18
11629,1629,13629,WC05,Jabalpur Junction 5,12:48,12:57,9,2,1856,19
11630,1630,13630,WR04,Mumbai Junction 4,15:59,15:02,15,3,1549,20
11631,1631,13631,CR03,Mumbai Junction 3,18:10,18:20,10,4,1268,21
11632,1632,13632,ER02,Kolkata Junction 2,21:21,21:30,6,5,1623,22
11633,1633,13633,EC01,Hajipur Junction 1,00:32,00:37,11,6,1158,23
11634,1634,13634,EC08,Hajipur Junction 8,03:43,03:50,13,7,700,24
11635,1635,13635,EC07,Bhubaneswar Junction 7,06:54,06:05,5,1,441,25
11636,1636,13636,NR06,New Delhi Junction 6,09:05,09:15,15,2,659,26
11637,1637,13637,NC05,Prayagraj Junction 5,12:16,12:19,3,3,1081,27
11638,1638,13638,NE04,Gorakhpur Junction 4,15:27,15:39,11,4,460,28
11639,1639,13639,NF03,Guwahati Junction 3,18:38,18:51,4,5,1230,29
11640,1640,13640,NW02,Jaipur Junction 2,21:49,21:02,13,6,1544,30
11641,1641,13641,SC01,Secunderabad Junction 1,00:00,00:06,12,7,850,1
11642,1642,13642,SC08,Secunderabad Junction 8,03:11,03:17,9,1,1358,2
11643,1643,13643,SE07,Bilaspur Junction 7,06:22,06:26,15,2,1907,3
11644,1644,13644,SE06,Kolkata Junction 6,09:33,09:38,5,3,151,4
11645,1645,13645,SW05,Hubballi Junction 5,12:44,12:51,4,4,2046,5
11646,1646,13646,SR04,Chennai Junction 4,15:55,15:09,13,5,619,6
11647,1647,13647,WC03,Jabalpur Junction 3,18:06,18:17,8,6,601,7
11648,1648,13648,WR02,Mumbai Junction 2,21:17,21:26,4,7,2112,8
11649,1649,13649,CR01,Mumbai Junction 1,00:28,00:32,6,1,487,9
11650,1650,13650,CR08,Mumbai Junction 8,03:39,03:48,11,2,2107,10
11651,1651,13651,ER07,Kolkata Junction 7,06:50,06:57,4,3,47,11
11652,1652,13652,EC06,Hajipur Junction 6,09:01,09:11,15,4,139,12
11653,1653,13653,EC05,Bhubaneswar Junction 5,12:12,12:27,5,5,1998,13
11654,1654,13654,NR04,New Delhi Junction 4,15:23,15:25,14,6,726,14
11655,1655,13655,NC03,Prayagraj Junction 3,18:34,18:39,4,7,294,15
11656,1656,13656,NE02,Gorakhpur Junction 2,21:45,21:58,2,1,1019,16
11657,1657,13657,NF01,Guwahati Junction 1,00:56,00:11,7,2,1819,17
11658,1658,13658,NF08,Guwahati Junction 8,03:07,03:18,13,3,2083,18
11659,1659,13659,NW07,Jaipur Junction 7,06:18,06:21,6,4,707,19
11660,1660,13660,SC06,Secunderabad Junction 6,09:29,09:31,3,5,241,20
11661,1661,13661,SE05,Bilaspur Junction 5,12:40,12:55,14,6,1294,21
11662,1662,13662,SE04,Kolkata Junction 4,15:51,15:04,6,7,1045,22
11663,1663,13663,SW03,Hubballi Junction 3,18:02,18:16,4,1,321,23
11664,1664,13664,SR02,Chennai Junction 2,21:13,21:22,5,2,1470,24
11665,1665,13665,WC01,Jabalpur Junction 1,00:24,00:34,6,3,254,25
11666,1666,13666,WC08,Jabalpur Junction 8,03:35,03:38,8,4,708,26
11667,1667,13667,WR07,Mumbai Junction 7,06:46,06:48,11,5,2105,27
11668,1668,13668,CR06,Mumbai Junction 6,09:57,09:12,3,6,418,28
11669,1669,13669,ER05,Kolkata Junction 5,12:08,12:16,14,7,1264,29
11670,1670,13670,EC04,Hajipur Junction 4,15:19,15:27,14,1,1459,30
11671,1671,13671,EC03,Bhubaneswar Junction 3,18:30,18:45,14,2,2196,1
11672,1672,13672,NR02,New Delhi Junction 2,21:41,21:50,7,3,135,2
11673,1673,13673,NC01,Prayagraj Junction 1,00:52,00:04,5,4,24,3
11674,1674,13674,NC08,Prayagraj Junction 8,03:03,03:16,7,5,1216,4
11675,1675,13675,NE07,Gorakhpur Junction 7,06:14,06:26,6,6,1796,5
11676,1676,13676,NF06,Guwahati Junction 6,09:25,09:35,9,7,590,6
11677,1677,13677,NW05,Jaipur Junction 5,12:36,12:49,5,1,1362,7
11678,1678,13678,SC04,Secunderabad Junction 4,15:47,15:00,3,2,880,8
11679,1679,13679,SE03,Bilaspur Junction 3,18:58,18:09,5,3,61,9
11680,1680,13680,SE02,Kolkata Junction 2,21:09,21:16,8,4,2025,10
11681,1681,13681,SW01,Hubballi Junction 1,00:20,00:33,4,5,609,11
11682,1682,13682,SW08,Hubballi Junction 8,03:31,03:35,14,6,778,12
11683,1683,13683,SR07,Chennai Junction 7,06:42,06:56,2,7,1229,13
11684,1684,13684,WC06,Jabalpur Junction 6,09:53,09:56,9,1,24,14
11685,1685,13685,WR05,Mumbai Junction 5,12:04,12:08,4,2,1559,15
11686,1686,13686,CR04,Mumbai Junction 4,15:15,15:25,9,3,432,16
11687,1687,13687,ER03,Kolkata Junction 3,18:26,18:31,7,4,2153,17
11688,1688,13688,EC02,Hajipur Junction 2,21:37,21:48,2,5,70,18
11689,1689,13689,EC01,Bhubaneswar Junction 1,00:48,00:54,4,6,895,19
11690,1690,13690,EC08,Bhubaneswar Junction 8,03:59,03:14,4,7,1313,20
11691,1691,13691,NR07,New Delhi Junction 7,06:10,06:18,11,1,1202,21
11692,1692,13692,NC06,Prayagraj Junction 6,09:21,09:30,5,2,2124,22
11693,1693,13693,NE05,Gorakhpur Junction 5,12:32,12:37,4,3,211,23
11694,1694,13694,NF04,Guwahati Junction 4,15:43,15:45,6,4,1795,24
11695,1695,13695,NW03,Jaipur Junction 3,18:54,18:58,2,5,1165,25
11696,1696,13696,SC02,Secunderabad Junction 2,21:05,21:14,9,6,3,26
11697,1697,13697,SE01,Bilaspur Junction 1,00:16,00:20,6,7,1627,27
11698,1698,13698,SE08,Bilaspur Junction 8,03:27,03:38,13,1,1204,28
11699,1699,13699,SE07,Kolkata Junction 7,06:38,06:45,9,2,846,29
11700,1700,13700,SW06,Hubballi Junction 6,09:49,09:53,10,3,648,30
11701,1701,13701,SR05,Chennai Junction 5,12:00,12:05,11,4,145,1
11702,1702,13702,WC04,Jabalpur Junction 4,15:11,15:13,6,5,1309,2
11703,1703,13703,WR03,Mumbai Junction 3,18:22,18:35,9,6,569,3
11704,1704,13704,CR02,Mumbai Junction 2,21:33,21:39,7,7,736,4
11705,1705,13705,ER01,Kolkata Junction 1,00:44,00:55,13,1,1559,5
11706,1706,13706,ER08,Kolkata Junction 8,03:55,03:02,6,2,175,6
11707,1707,13707,EC07,Hajipur Junction 7,06:06,06:19,15,3,120,7
11708,1708,13708,EC06,Bhubaneswar Junction 6,09:17,09:20,5,4,1754,8
11709,1709,13709,NR05,New Delhi Junction 5,12:28,12:33,2,5,738,9
11710,1710,13710,NC04,Prayagraj Junction 4,15:39,15:46,7,6,1133,10
11711,1711,13711,NE03,Gorakhpur Junction 3,18:50,18:55,2,7,236,11
11712,1712,13712,NF02,Guwahati Junction 2,21:01,21:13,11,1,573,12
11713,1713,13713,NW01,Jaipur Junction 1,00:12,00:27,9,2,1753,13
11714,1714,13714,NW08,Jaipur Junction 8,03:23,03:36,6,3,1300,14
11715,1715,13715,SC07,Secunderabad Junction 7,06:34,06:44,8,4,1397,15
11716,1716,13716,SE06,Bilaspur Junction 6,09:45,09:51,3,5,99,16
11717,1717,13717,SE05,Kolkata Junction 5,12:56,12:04,14,6,471,17
11718,1718,13718,SW04,Hubballi Junction 4,15:07,15:17,4,7,1389,18
11719,1719,13719,SR03,Chennai Junction 3,18:18,18:22,8,1,1778,19
11720,1720,13720,WC02,Jabalpur Junction 2,21:29,21:36,15,2,102,20
11721,1721,13721,WR01,Mumbai Junction 1,00:40,00:43,4,3,536,21
11722,1722,13722,WR08,Mumbai Junction 8,03:51,03:58,14,4,531,22
11723,1723,13723,CR07,Mumbai Junction 7,06:02,06:08,2,5,1572,23
11724,1724,13724,ER06,Kolkata Junction 6,09:13,09:22,2,6,1021,24
11725,1725,13725,EC05,Hajipur Junction 5,12:24,12:29,7,7,625,25
11726,1726,13726,EC04,Bhubaneswar Junction 4,15:35,15:47,2,1,1318,26
11727,1727,13727,NR03,New Delhi Junction 3,18:46,18:59,2,2,1989,27
11728,1728,13728,NC02,Prayagraj Junction 2,21:57,21:09,5,3,1061,28
11729,1729,13729,NE01,Gorakhpur Junction 1,00:08,00:19,9,4,1664,29
11730,1730,13730,NE08,Gorakhpur Junction 8,03:19,03:33,7,5,240,30
11731,1731,13731,NF07,Guwahati Junction 7,06:30,06:38,10,6,1705,1
11732,1732,13732,NW06,Jaipur Junction 6,09:41,09:46,14,7,80,2
11733,1733,13733,SC05,Secunderabad Junction 5,12:52,12:02,8,1,1528,3
11734,1734,13734,SE04,Bilaspur Junction 4,15:03,15:08,15,2,3,4
11735,1735,13735,SE03,Kolkata Junction 3,18:14,18:27,8,3,1135,5
11736,1736,13736,SW02,Hubballi Junction 2,21:25,21:31,7,4,955,6
11737,1737,13737,SR01,Chennai Junction 1,00:36,00:42,2,5,881,7
11738,1738,13738,SR08,Chennai Junction 8,03:47,03:54,12,6,1034,8
11739,1739,13739,WC07,Jabalpur Junction 7,06:58,06:07,8,7,932,9
11740,1740,13740,WR06,Mumbai Junction 6,09:09,09:21,11,1,2180,10
11741,1741,13741,CR05,Mumbai Junction 5,12:20,12:28,2,2,1287,11
11742,1742,13742,ER04,Kolkata Junction 4,15:31,15:38,3,3,1884,12
11743,1743,13743,EC03,Hajipur Junction 3,18:42,18:52,10,4,1400,13
11744,1744,13744,EC02,Bhubaneswar Junction 2,21:53,21:08,11,5,1569,14
11745,1745,13745,NR01,New Delhi Junction 1,00:04,00:16,12,6,1548,15
11746,1746,13746,NR08,New Delhi Junction 8,03:15,03:18,7,7,605,16
11747,1747,13747,NC07,Prayagraj Junction 7,06:26,06:40,10,1,1134,17
11748,1748,13748,NE06,Gorakhpur Junction 6,09:37,09:46,11,2,1677,18
11749,1749,13749,NF05,Guwahati Junction 5,12:48,12:52,15,3,1676,19
11750,1750,13750,NW04,Jaipur Junction 4,15:59,15:03,10,4,942,20
11751,1751,13751,SC03,Secunderabad Junction 3,18:10,18:17,14,5,628,21
11752,1752,13752,SE02,Bilaspur Junction 2,21:21,21:34,10,6,1797,22
11753,1753,13753,SE01,Kolkata Junction 1,00:32,00:44,10,7,419,23
11754,1754,13754,SE08,Kolkata Junction 8,03:43,03:58,10,1,787,24
11755,1755,13755,SW07,Hubballi Junction 7,06:54,06:59,3,2,694,25
11756,1756,13756,SR06,Chennai Junction 6,09:05,09:08,14,3,958,26
11757,1757,13757,WC05,Jabalpur Junction 5,12:16,12:26,13,4,2115,27
11758,1758,13758,WR04,Mumbai Junction 4,15:27,15:35,2,5,1345,28
11759,1759,13759,CR03,Mumbai Junction 3,18:38,18:53,7,6,225,29
11760,1760,13760,ER02,Kolkata Junction 2,21:49,21:01,10,7,336,30
11761,1761,13761,EC01,Hajipur Junction 1,00:00,00:02,9,1,326,1
11762,1762,13762,EC08,Hajipur Junction 8,03:11,03:15,6,2,1030,2
11763,1763,13763,EC07,Bhubaneswar Junction 7,06:22,06:35,8,3,1839,3
11764,1764,13764,NR06,New Delhi Junction 6,09:33,09:43,7,4,1120,4
11765,1765,13765,NC05,Prayagraj Junction 5,12:44,12:47,15,5,664,5
11766,1766,13766,NE04,Gorakhpur Junction 4,15:55,15:09,11,6,646,6
11767,1767,13767,NF03,Guwahati Junction 3,18:06,18:14,3,7,1354,7
11768,1768,13768,NW02,Jaipur Junction 2,21:17,21:19,10,1,435,8
11769,1769,13769,SC01,Secunderabad Junction 1,00:28,00:31,5,2,196,9
11770,1770,13770,SC08,Secunderabad Junction 8,03:39,03:53,15,3,2034,10
11771,1771,13771,SE07,Bilaspur Junction 7,06:50,06:02,5,4,1669,11
11772,1772,13772,SE06,Kolkata Junction 6,09:01,09:13,5,5,1838,12
11773,1773,13773,SW05,Hubballi Junction 5,12:12,12:27,7,6,1294,13
11774,1774,13774,SR04,Chennai Junction 4,15:23,15:37,5,7,2175,14
11775,1775,13775,WC03,Jabalpur Junction 3,18:34,18:40,15,1,514,15
11776,1776,13776,WR02,Mumbai Junction 2,21:45,21:57,9,2,817,16
11777,1777,13777,CR01,Mumbai Junction 1,00:56,00:04,5,3,1478,17
11778,1778,13778,CR08,Mumbai Junction 8,03:07,03:22,10,4,607,18
11779,1779,13779,ER07,Kolkata Junction 7,06:18,06:29,8,5,2026,19
11780,1780,13780,EC06,Hajipur Junction 6,09:29,09:34,9,6,1091,20
11781,1781,13781,EC05,Bhubaneswar Junction 5,12:40,12:54,3,7,1359,21
11782,1782,13782,NR04,New Delhi Junction 4,15:51,15:04,7,1,1111,22
11783,1783,13783,NC03,Prayagraj Junction 3,18:02,18:08,7,2,2090,23
11784,1784,13784,NE02,Gorakhpur Junction 2,21:13,21:20,4,3,1275,24
11785,1785,13785,NF01,Guwahati Junction 1,00:24,00:32,12,4,80,25
11786,1786,13786,NF08,Guwahati Junction 8,03:35,03:49,11,5,1851,26
11787,1787,13787,NW07,Jaipur Junction 7,06:46,06:53,8,6,735,27
11788,1788,13788,SC06,Secunderabad Junction 6,09:57,09:10,2,7,1162,28
11789,1789,13789,SE05,Bilaspur Junction 5,12:08,12:13,10,1,2120,29
11790,1790,13790,SE04,Kolkata Junction 4,15:19,15:30,2,2,879,30
11791,1791,13791,SW03,Hubballi Junction 3,18:30,18:32,8,3,382,1
11792,1792,13792,SR02,Chennai Junction 2,21:41,21:52,9,4,677,2
11793,1793,13793,WC01,Jabalpur Junction 1,00:52,00:06,12,5,1379,3
11794,1794,13794,WC08,Jabalpur Junction 8,03:03,03:09,5,6,1288,4
11795,1795,13795,WR07,Mumbai Junction 7,06:14,06:27,13,7,1710,5
11796,1796,13796,CR06,Mumbai Junction 6,09:25,09:27,15,1,528,6
11797,1797,13797,ER05,Kolkata Junction 5,12:36,12:38,9,2,1001,7
11798,1798,13798,EC04,Hajipur Junction 4,15:47,15:50,5,3,452,8
11799,1799,13799,EC03,Bhubaneswar Junction 3,18:58,18:06,12,4,1500,9
11800,1800,13800,NR02,New Delhi Junction 2,21:09,21:11,4,5,1342,10
11801,1801,13801,NC01,Prayagraj Junction 1,00:20,00:33,2,6,738,11
11802,1802,13802,NC08,Prayagraj Junction 8,03:31,03:34,8,7,858,12
11803,1803,13803,NE07,Gorakhpur Junction 7,06:42,06:46,15,1,1677,13
11804,1804,13804,NF06,Guwahati Junction 6,09:53,09:02,12,2,686,14
11805,1805,13805,NW05,Jaipur Junction 5,12:04,12:19,7,3,849,15
11806,1806,13806,SC04,Secunderabad Junction 4,15:15,15:24,10,4,1362,16
11807,1807,13807,SE03,Bilaspur Junction 3,18:26,18:39,5,5,1555,17
11808,1808,13808,SE02,Kolkata Junction 2,21:37,21:41,5,6,1089,18
11809,1809,13809,SW01,Hubballi Junction 1,00:48,00:57,11,7,306,19
11810,1810,13810,SW08,Hubballi Junction 8,03:59,03:12,9,1,1304,20
11811,1811,13811,SR07,Chennai Junction 7,06:10,06:22,11,2,943,21
11812,1812,13812,WC06,Jabalpur Junction 6,09:21,09:29,5,3,1246,22
11813,1813,13813,WR05,Mumbai Junction 5,12:32,12:36,10,4,919,23
11814,1814,13814,CR04,Mumbai Junction 4,15:43,15:48,8,5,2054,24
11815,1815,13815,ER03,Kolkata Junction 3,18:54,18:03,6,6,990,25
11816,1816,13816,EC02,Hajipur Junction 2,21:05,21:15,4,7,1234,26
11817,1817,13817,EC01,Bhubaneswar Junction 1,00:16,00:18,13,1,1341,27
11818,1818,13818,EC08,Bhubaneswar Junction 8,03:27,03:30,8,2,1945,28
11819,1819,13819,NR07,New Delhi Junction 7,06:38,06:53,3,3,595,29
11820,1820,13820,NC06,Prayagraj Junction 6,09:49,09:53,7,4,1896,30
11821,1821,13821,NE05,Gorakhpur Junction 5,12:00,12:11,5,5,715,1
11822,1822,13822,NF04,Guwahati Junction 4,15:11,15:21,10,6,1019,2
11823,1823,13823,NW03,Jaipur Junction 3,18:22,18:29,15,7,1107,3
11824,1824,13824,SC02,Secunderabad Junction 2,21:33,21:45,15,1,736,4
11825,1825,13825,SE01,Bilaspur Junction 1,00:44,00:56,13,2,482,5
11826,1826,13826,SE08,Bilaspur Junction 8,03:55,03:00,4,3,1354,6
11827,1827,13827,SE07,Kolkata Junction 7,06:06,06:18,12,4,852,7
11828,1828,13828,SW06,Hubballi Junction 6,09:17,09:28,2,5,1444,8
11829,1829,13829,SR05,Chennai Junction 5,12:28,12:36,13,6,2128,9
11830,1830,13830,WC04,Jabalpur Junction 4,15:39,15:48,10,7,2042,10
11831,1831,13831,WR03,Mumbai Junction 3,18:50,18:56,4,1,1114,11
11832,1832,13832,CR02,Mumbai Junction 2,21:01,21:07,10,2,1722,12
11833,1833,13833,ER01,Kolkata Junction 1,00:12,00:21,6,3,1242,13
11834,1834,13834,ER08,Kolkata Junction 8,03:23,03:31,4,4,1700,14
11835,1835,13835,EC07,Hajipur Junction 7,06:34,06:40,9,5,1998,15
11836,1836,13836,EC06,Bhubaneswar Junction 6,09:45,09:49,7,6,384,16
11837,1837,13837,NR05,New Delhi Junction 5,12:56,12:04,6,7,2014,17
11838,1838,13838,NC04,Prayagraj Junction 4,15:07,15:13,10,1,300,18
11839,1839,13839,NE03,Gorakhpur Junction 3,18:18,18:26,13,2,1478,19
11840,1840,13840,NF02,Guwahati Junction 2,21:29,21:34,15,3,1764,20
11841,1841,13841,NW01,Jaipur Junction 1,00:40,00:47,15,4,412,21
11842,1842,13842,NW08,Jaipur Junction 8,03:51,03:57,15,5,2134,22
11843,1843,13843,SC07,Secunderabad Junction 7,06:02,06:15,4,6,480,23
11844,1844,13844,SE06,Bilaspur Junction 6,09:13,09:24,2,7,2180,24
11845,1845,13845,SE05,Kolkata Junction 5,12:24,12:39,13,1,2129,25
11846,1846,13846,SW04,Hubballi Junction 4,15:35,15:40,14,2,566,26
11847,1847,13847,SR03,Chennai Junction 3,18:46,18:49,5,3,1704,27
11848,1848,13848,WC02,Jabalpur Junction 2,21:57,21:12,10,4,539,28
11849,1849,13849,WR01,Mumbai Junction 1,00:08,00:18,9,5,1139,29
11850,1850,13850,WR08,Mumbai Junction 8,03:19,03:25,3,6,794,30
11851,1851,13851,CR07,Mumbai Junction 7,06:30,06:44,7,7,45,1
11852,1852,13852,ER06,Kolkata Junction 6,09:41,09:47,8,1,1319,2
11853,1853,13853,EC05,Hajipur Junction 5,12:52,12:02,7,2,315,3
11854,1854,13854,EC04,Bhubaneswar Junction 4,15:03,15:11,2,3,1113,4
11855,1855,13855,NR03,New Delhi Junction 3,18:14,18:22,6,4,1456,5
11856,1856,13856,NC02,Prayagraj Junction 2,21:25,21:37,5,5,1107,6
11857,1857,13857,NE01,Gorakhpur Junction 1,00:36,00:45,9,6,887,7
11858,1858,13858,NE08,Gorakhpur Junction 8,03:47,03:51,4,7,67,8
11859,1859,13859,NF07,Guwahati Junction 7,06:58,06:00,13,1,153,9
11860,1860,13860,NW06,Jaipur Junction 6,09:09,09:22,14,2,530,10
11861,1861,13861,SC05,Secunderabad Junction 5,12:20,12:28,7,3,866,11
11862,1862,13862,SE04,Bilaspur Junction 4,15:31,15:38,6,4,1505,12
11863,1863,13863,SE03,Kolkata Junction 3,18:42,18:49,4,5,833,13
11864,1864,13864,SW02,Hubballi Junction 2,21:53,21:08,15,6,136,14
11865,1865,13865,SR01,Chennai Junction 1,00:04,00:14,15,7,426,15
11866,1866,13866,SR08,Chennai Junction 8,03:15,03:17,4,1,698,16
11867,1867,13867,WC07,Jabalpur Junction 7,06:26,06:41,5,2,730,17
11868,1868,13868,WR06,Mumbai Junction 6,09:37,09:42,7,3,2188,18
11869,1869,13869,CR05,Mumbai Junction 5,12:48,12:51,8,4,1350,19
11870,1870,13870,ER04,Kolkata Junction 4,15:59,15:02,2,5,2161,20
11871,1871,13871,EC03,Hajipur Junction 3,18:10,18:15,5,6,767,21
11872,1872,13872,EC02,Bhubaneswar Junction 2,21:21,21:24,4,7,53,22
11873,1873,13873,NR01,New Delhi Junction 1,00:32,00:41,8,1,602,23
11874,1874,13874,NR08,New Delhi Junction 8,03:43,03:57,6,2,37,24
11875,1875,13875,NC07,Prayagraj Junction 7,06:54,06:57,12,3,1173,25
11876,1876,13876,NE06,Gorakhpur Junction 6,09:05,09:10,5,4,481,26
11877,1877,13877,NF05,Guwahati Junction 5,12:16,12:23,11,5,1403,27
11878,1878,13878,NW04,Jaipur Junction 4,15:27,15:39,2,6,1229,28
11879,1879,13879,SC03,Secunderabad Junction 3,18:38,18:50,4,7,1282,29
11880,1880,13880,SE02,Bilaspur Junction 2,21:49,21:51,14,1,1622,30
11881,1881,13881,SE01,Kolkata Junction 1,00:00,00:10,10,2,1473,1
11882,1882,13882,SE08,Kolkata Junction 8,03:11,03:18,15,3,469,2
11883,1883,13883,SW07,Hubballi Junction 7,06:22,06:35,12,4,1842,3
11884,1884,13884,SR06,Chennai Junction 6,09:33,09:35,8,5,1413,4
11885,1885,13885,WC05,Jabalpur Junction 5,12:44,12:54,11,6,1395,5
11886,1886,13886,WR04,Mumbai Junction 4,15:55,15:00,13,7,1063,6
11887,1887,13887,CR03,Mumbai Junction 3,18:06,18:21,9,1,1182,7
11888,1888,13888,ER02,Kolkata Junction 2,21:17,21:27,14,2,1982,8
11889,1889,13889,EC01,Hajipur Junction 1,00:28,00:38,9,3,119,9
11890,1890,13890,EC08,Hajipur Junction 8,03:39,03:41,12,4,758,10
11891,1891,13891,EC07,Bhubaneswar Junction 7,06:50,06:58,10,5,488,11
11892,1892,13892,NR06,New Delhi Junction 6,09:01,09:07,2,6,1689,12
11893,1893,13893,NC05,Prayagraj Junction 5,12:12,12:21,4,7,1311,13
11894,1894,13894,NE04,Gorakhpur Junction 4,15:23,15:27,12,1,508,14
11895,1895,13895,NF03,Guwahati Junction 3,18:34,18:39,14,2,1634,15
11896,1896,13896,NW02,Jaipur Junction 2,21:45,21:56,10,3,1144,16
11897,1897,13897,SC01,Secunderabad Junction 1,00:56,00:00,6,4,2117,17
11898,1898,13898,SC08,Secunderabad Junction 8,03:07,03:21,12,5,1955,18
11899,1899,13899,SE07,Bilaspur Junction 7,06:18,06:31,7,6,1574,19
11900,1900,13900,SE06,Kolkata Junction 6,09:29,09:41,3,7,2009,20
11901,1901,13901,SW05,Hubballi Junction 5,12:40,12:48,6,1,1043,21
11902,1902,13902,SR04,Chennai Junction 4,15:51,15:57,6,2,1200,22
11903,1903,13903,WC03,Jabalpur Junction 3,18:02,18:17,7,3,472,23
11904,1904,13904,WR02,Mumbai Junction 2,21:13,21:25,6,4,1181,24
11905,1905,13905,CR01,Mumbai Junction 1,00:24,00:29,4,5,554,25
11906,1906,13906,CR08,Mumbai Junction 8,03:35,03:41,15,6,1476,26
11907,1907,13907,ER07,Kolkata Junction 7,06:46,06:57,2,7,23,27
11908,1908,13908,EC06,Hajipur Junction 6,09:57,09:03,14,1,35,28
11909,1909,13909,EC05,Bhubaneswar Junction 5,12:08,12:20,13,2,611,29
11910,1910,13910,NR04,New Delhi Junction 4,15:19,15:22,4,3,169,30
11911,1911,13911,NC03,Prayagraj Junction 3,18:30,18:43,13,4,1480,1
11912,1912,13912,NE02,Gorakhpur Junction 2,21:41,21:44,15,5,1505,2
11913,1913,13913,NF01,Guwahati Junction 1,00:52,00:05,7,6,435,3
11914,1914,13914,NF08,Guwahati Junction 8,03:03,03:16,2,7,402,4
11915,1915,13915,NW07,Jaipur Junction 7,06:14,06:18,3,1,1212,5
11916,1916,13916,SC06,Secunderabad Junction 6,09:25,09:30,15,2,2050,6
11917,1917,13917,SE05,Bilaspur Junction 5,12:36,12:40,13,3,85,7
11918,1918,13918,SE04,Kolkata Junction 4,15:47,15:53,11,4,453,8
11919,1919,13919,SW03,Hubballi Junction 3,18:58,18:01,4,5,1448,9
11920,1920,13920,SR02,Chennai Junction 2,21:09,21:14,5,6,451,10
11921,1921,13921,WC01,Jabalpur Junction 1,00:20,00:34,14,7,1770,11
11922,1922,13922,WC08,Jabalpur Junction 8,03:31,03:33,5,1,1936,12
11923,1923,13923,WR07,Mumbai Junction 7,06:42,06:51,2,2,547,13
11924,1924,13924,CR06,Mumbai Junction 6,09:53,09:06,14,3,936,14
11925,1925,13925,ER05,Kolkata Junction 5,12:04,12:08,3,4,495,15
11926,1926,13926,EC04,Hajipur Junction 4,15:15,15:28,13,5,564,16
11927,1927,13927,EC03,Bhubaneswar Junction 3,18:26,18:41,14,6,2172,17
11928,1928,13928,NR02,New Delhi Junction 2,21:37,21:49,10,7,2159,18
11929,1929,13929,NC01,Prayagraj Junction 1,00:48,00:59,13,1,886,19
11930,1930,13930,NC08,Prayagraj Junction 8,03:59,03:04,10,2,900,20
11931,1931,13931,NE07,Gorakhpur Junction 7,06:10,06:16,11,3,1343,21
11932,1932,13932,NF06,Guwahati Junction 6,09:21,09:27,5,4,1202,22
11933,1933,13933,NW05,Jaipur Junction 5,12:32,12:38,5,5,488,23
11934,1934,13934,SC04,Secunderabad Junction 4,15:43,15:54,7,6,752,24
11935,1935,13935,SE03,Bilaspur Junction 3,18:54,18:57,2,7,1528,25
11936,1936,13936,SE02,Kolkata Junction 2,21:05,21:20,6,1,1856,26
11937,1937,13937,SW01,Hubballi Junction 1,00:16,00:26,6,2,1246,27
11938,1938,13938,SW08,Hubballi Junction 8,03:27,03:30,6,3,1617,28
11939,1939,13939,SR07,Chennai Junction 7,06:38,06:51,5,4,2003,29
11940,1940,13940,WC06,Jabalpur Junction 6,09:49,09:59,5,5,1713,30
11941,1941,13941,WR05,Mumbai Junction 5,12:00,12:14,5,6,232,1
11942,1942,13942,CR04,Mumbai Junction 4,15:11,15:16,12,7,135,2
11943,1943,13943,ER03,Kolkata Junction 3,18:22,18:28,6,1,36,3
11944,1944,13944,EC02,Hajipur Junction 2,21:33,21:43,13,2,342,4
11945,1945,13945,EC01,Bhubaneswar Junction 1,00:44,00:58,15,3,1915,5
11946,1946,13946,EC08,Bhubaneswar Junction 8,03:55,03:07,8,4,448,6
11947,1947,13947,NR07,New Delhi Junction 7,06:06,06:20,9,5,994,7
11948,1948,13948,NC06,Prayagraj Junction 6,09:17,09:24,5,6,841,8
11949,1949,13949,NE05,Gorakhpur Junction 5,12:28,12:41,9,7,870,9
11950,1950,13950,NF04,Guwahati Junction 4,15:39,15:42,7,1,473,10
11951,1951,13951,NW03,Jaipur Junction 3,18:50,18:57,4,2,2085,11
11952,1952,13952,SC02,Secunderabad Junction 2,21:01,21:05,3,3,1441,12
11953,1953,13953,SE01,Bilaspur Junction 1,00:12,00:18,15,4,888,13
11954,1954,13954,SE08,Bilaspur Junction 8,03:23,03:34,13,5,2166,14
11955,1955,13955,SE07,Kolkata Junction 7,06:34,06:47,10,6,1791,15
11956,1956,13956,SW06,Hubballi Junction 6,09:45,09:50,14,7,1919,16
11957,1957,13957,SR05,Chennai Junction 5,12:56,12:03,2,1,1506,17
11958,1958,13958,WC04,Jabalpur Junction 4,15:07,15:10,2,2,2084,18
11959,1959,13959,WR03,Mumbai Junction 3,18:18,18:27,11,3,1937,19
11960,1960,13960,CR02,Mumbai Junction 2,21:29,21:44,15,4,292,20
11961,1961,13961,ER01,Kolkata Junction 1,00:40,00:46,12,5,63,21
11962,1962,13962,ER08,Kolkata Junction 8,03:51,03:56,9,6,755,22
11963,1963,13963,EC07,Hajipur Junction 7,06:02,06:06,14,7,985,23
11964,1964,13964,EC06,Bhubaneswar Junction 6,09:13,09:20,11,1,1475,24
11965,1965,13965,NR05,New Delhi Junction 5,12:24,12:32,14,2,651,25
11966,1966,13966,NC04,Prayagraj Junction 4,15:35,15:49,14,3,19,26
11967,1967,13967,NE03,Gorakhpur Junction 3,18:46,18:58,4,4,1068,27
11968,1968,13968,NF02,Guwahati Junction 2,21:57,21:11,4,5,1237,28
11969,1969,13969,NW01,Jaipur Junction 1,00:08,00:20,8,6,171,29
11970,1970,13970,NW08,Jaipur Junction 8,03:19,03:21,9,7,55,30
11971,1971,13971,SC07,Secunderabad Junction 7,06:30,06:32,15,1,1172,1
11972,1972,13972,SE06,Bilaspur Junction 6,09:41,09:49,3,2,1730,2
11973,1973,13973,SE05,Kolkata Junction 5,12:52,12:01,5,3,1656,3
11974,1974,13974,SW04,Hubballi Junction 4,15:03,15:08,9,4,1232,4
11975,1975,13975,SR03,Chennai Junction 3,18:14,18:19,14,5,1547,5
11976,1976,13976,WC02,Jabalpur Junction 2,21:25,21:31,4,6,723,6
11977,1977,13977,WR01,Mumbai Junction 1,00:36,00:44,9,7,880,7
11978,1978,13978,WR08,Mumbai Junction 8,03:47,03:49,11,1,833,8
11979,1979,13979,CR07,Mumbai Junction 7,06:58,06:04,9,2,1837,9
11980,1980,13980,ER06,Kolkata Junction 6,09:09,09:11,15,3,1403,10
11981,1981,13981,EC05,Hajipur Junction 5,12:20,12:29,2,4,1564,11
11982,1982,13982,EC04,Bhubaneswar Junction 4,15:31,15:43,9,5,1763,12
11983,1983,13983,NR03,New Delhi Junction 3,18:42,18:55,13,6,718,13
11984,1984,13984,NC02,Prayagraj Junction 2,21:53,21:04,2,7,1235,14
11985,1985,13985,NE01,Gorakhpur Junction 1,00:04,00:08,6,1,1488,15
11986,1986,13986,NE08,Gorakhpur Junction 8,03:15,03:22,14,2,191,16
11987,1987,13987,NF07,Guwahati Junction 7,06:26,06:41,11,3,947,17
11988,1988,13988,NW06,Jaipur Junction 6,09:37,09:39,2,4,909,18
11989,1989,13989,SC05,Secunderabad Junction 5,12:48,12:58,9,5,654,19
11990,1990,13990,SE04,Bilaspur Junction 4,15:59,15:10,10,6,755,20
11991,1991,13991,SE03,Kolkata Junction 3,18:10,18:16,8,7,1635,21
11992,1992,13992,SW02,Hubballi Junction 2,21:21,21:31,3,1,2030,22
11993,1993,13993,SR01,Chennai Junction 1,00:32,00:36,11,2,36,23
11994,1994,13994,SR08,Chennai Junction 8,03:43,03:48,9,3,1863,24
11995,1995,13995,WC07,Jabalpur Junction 7,06:54,06:03,2,4,2102,25
11996,1996,13996,WR06,Mumbai Junction 6,09:05,09:10,7,5,237,26
11997,1997,13997,CR05,Mumbai Junction 5,12:16,12:27,8,6,483,27
11998,1998,13998,ER04,Kolkata Junction 4,15:27,15:37,4,7,1168,28
11999,1999,13999,EC03,Hajipur Junction 3,18:38,18:49,13,1,1528,29
12000,2000,14000,EC02,Bhubaneswar Junction 2,21:49,21:58,2,2,511,30
